,$U_\mathrm{SE}$,$\tau_\mathrm{dep}$ (ms),$\tau_\mathrm{fac}$ (ms),$N_\mathrm{RRP}$,$\hat G_\mathrm{AMPAR}$ (nS),$\hat G_\mathrm{NMDAR}$ (nS),$X$ ($\mu m^3$),$\theta_d$,$\theta_p$
0,0.1908749379073061,671.8517332486645,0.0018997826306148256,1.0,0.24575982370085953,0.09830392948034382,0.017378734323028527,0.1756341714771598,0.3024398237462121
1,0.474093081152318,578.0549414184976,0.8208286207864048,1.0,0.5564822579682402,0.2225929031872961,0.020343165919032482,0.36817139262833926,0.599792999579063
2,0.7145402147943358,705.1458210489563,4.996640973808789,2.0,1.3171570168286661,0.5268628067314665,0.10946662289161915,0.3135853640352191,0.374300643495855
3,0.26555987646976337,783.6408914482948,0.0006862198161421437,1.0,0.2839011294254947,0.1135604517701979,0.014837909610444214,0.37183472667323053,0.5211184978527719
4,0.8390991599030965,580.4672918556813,21.064050625048726,2.0,1.3933375515636202,0.557335020625448,0.12681583239098268,0.17359728636698812,0.26735759829127503
5,0.19743618823146605,681.4601335418225,4.103102291550554,1.0,0.21912244359776759,0.08764897743910705,0.02453898274344692,0.2530269347608967,0.29867419897580627
6,0.4592997106447157,591.0813014626658,1.5579268891692002,1.0,0.7453317659824261,0.29813270639297046,0.08323704488509936,0.21543251507544908,0.2739449836220792
7,0.5417612222709156,630.0913757528587,5.417119574747092e-08,1.0,0.8242537114969866,0.32970148459879467,0.06285526523569535,0.31092892187980753,0.40647122420528026
8,0.6298893676536437,865.2735120920237,0.006625235351487826,1.0,0.6145954676198915,0.2458381870479566,0.025464082156798833,0.3493926317483903,0.5616620477939471
9,0.35193106634613114,766.288685245006,1.0209536429511326,1.0,0.8290252446090667,0.3316100978436267,0.04032531769411861,0.1897196362810667,0.40340003579039524
10,0.2925529181143106,694.5356932394528,24.165465238065345,1.0,0.347699177555112,0.1390796710220448,0.04709329170857309,0.284741689173484,0.30715335078952954
11,0.7785641269622201,889.995289466714,8.147498654187409,1.0,1.0193299432610698,0.40773197730442795,0.06053637677144173,0.33137713508609695,0.4746684037732015
12,0.3367968857781512,727.5547460231938,26.667625228777922,1.0,0.38163703373630703,0.1526548134945228,0.02409235116509368,0.061661115632647916,0.2682660219842259
13,0.6649947775089597,800.1626680326351,0.004576337567568023,1.0,0.6384018208301747,0.2553607283320699,0.05650252114829295,0.0483484215771747,0.05792963380927038
14,0.6881845707506736,563.2876871076451,11.086258713344781,1.0,1.1063201348878267,0.4425280539551307,0.04815770609813966,0.4781416940541496,0.6589680475817479
15,0.5342582750180911,481.91429750854735,0.3639904767990423,1.0,0.4503907287982548,0.18015629151930193,0.012113446628038853,0.3385449785777061,0.6977460880463086
16,0.32588686945705203,900.0114671818861,5.008799083782189,1.0,0.4044076713244101,0.16176306852976405,0.020611619825219713,0.29709619704005646,0.4641743671300526
17,0.21575780529923327,566.3968428684268,8.466723925372648,1.0,0.2047322711284811,0.08189290845139245,0.016810090988334036,0.28753293491524384,0.3630706941572198
18,0.5316604419670988,671.5700936579452,0.7541022432124034,1.0,0.6039527619673762,0.2415811047869505,0.029133913740202008,0.2407354804232278,0.43270252794527664
19,0.6702191657404775,622.7537501172928,30.7141606033096,1.0,1.0396233617685635,0.4158493447074254,0.04745489954608864,0.25346800944399617,0.46137242362412856
20,0.269585045816007,731.0726121849278,14.334525970029226,1.0,0.17037723039499147,0.06815089215799659,0.014117513304963872,0.03413458194470063,0.03956536054471774
21,0.8077613071952954,693.9505253222264,19.615761230188113,2.0,1.5405678052013525,0.6162271220805411,0.1126795763841227,0.34810494756202015,0.5871819102491003
22,0.41866837823371317,652.203782565267,0.0008319736962604206,1.0,0.5246139549598298,0.2098455819839319,0.04468291230297099,0.06491944997798116,0.07854631170877807
23,0.3126251996468696,576.1860087685554,16.14898904857707,1.0,0.21308097361685246,0.085232389446741,0.006480846730609582,0.15185616852524583,0.1819114837415709
24,0.4342828101520286,702.7182839899867,0.2017799042907947,1.0,0.7308856310097814,0.2923542524039126,0.03518125955840314,0.4976350175887197,0.8683238842913176
25,0.7181343624561276,607.123500568487,5.94772821259042,1.0,0.9071366209947436,0.36285464839789744,0.07698663354575935,0.0696534442926978,0.2771960317847534
26,0.7024753343893451,689.1951825691614,0.07946914822756179,2.0,1.957015408545675,0.78280616341827,0.13127273807472067,0.08295841236359255,0.3462127581928324
27,0.6247883679578963,563.2359878925816,12.628536488269939,1.0,0.7792204539504495,0.3116881815801798,0.03984090744897075,0.1076517540956316,0.4241646826271693
28,0.4386291871524112,630.4629670648076,0.10670836316104577,1.0,0.5159748161964031,0.20638992647856125,0.041431077693644895,0.09883228529443491,0.12165050854568635
29,0.04735447824612633,751.7816963038413,14.325457394298672,1.0,0.02793237190445013,0.011172948761780052,0.0007352151938044398,0.30777632131101423,0.3790578508822084
30,0.748522665490439,670.3645326807278,12.288288557341268,1.0,0.8597376425553513,0.34389505702214057,0.06724357895032591,0.04188112135792681,0.04856172997940108
31,0.9370490383113762,620.1177913312015,0.03161460932463058,2.0,1.710775512977046,0.6843102051908185,0.07440084966075865,0.3195462634251362,0.5735529834656411
32,0.6830039051250854,698.0641683581636,6.398129794522585,1.0,1.2306718777561207,0.49226875110244833,0.09256309447973426,0.268388180836045,0.39240452984228613
33,0.6284858960611939,502.1388461627441,0.2850855673008943,1.0,0.8342817351868841,0.3337126940747537,0.0707589893067099,0.3352380397748259,0.40609572162444785
34,0.8185304092131541,715.7843981644203,2.41019395781164,2.0,1.8039330447627595,0.7215732179051039,0.09476539568461817,0.15365961223612531,0.343133029090246
35,0.18579120814485026,673.5539681685069,7.018774020435859,1.0,0.17367318687858785,0.06946927475143515,0.0063618300469151,0.29724310987300884,0.5480380146253814
36,0.5687072036548586,648.5015461280559,2.1097830080553033,1.0,0.708814013510172,0.28352560540406885,0.07072032046864539,0.28804233636963755,0.33997769673823963
37,0.6900904474939431,736.7123981843953,83.06609180619073,2.0,1.1120541864770257,0.4448216745908103,0.07638532184890033,0.18206540145539568,0.31046704507486295
38,0.47973231867517846,755.5266701342865,7.444763454126476,1.0,0.4602551037649184,0.18410204150596737,0.04702494654792054,0.1727360798722268,0.24467908511979863
39,0.7164982352381072,560.2468676027461,0.23975900334716949,2.0,1.3144052749008948,0.5257621099603579,0.10316736208085427,0.05035035196432396,0.22174002390069544
40,0.2280792721786216,568.8282758236389,0.14675991745608627,1.0,0.2951888837071627,0.11807555348286508,0.03240946832473479,0.061631349015698195,0.1708869554478388
41,0.7409143372793924,668.3784100925866,26.84826736472866,2.0,1.530849981364423,0.6123399925457692,0.0548274187447287,0.1358289556891152,0.6274904755639371
42,0.7402623848834649,679.6790890582572,0.0029526322878924752,2.0,1.3331937397943474,0.533277495917739,0.09038113019092463,0.29117319057892377,0.40105064127384493
43,0.6478219631729716,731.532279031594,53.83612331644809,1.0,0.5523082956011751,0.22092331824047007,0.043752360321393305,0.36803235708118315,0.42216046560619436
44,0.19787661695259365,727.9755518725874,0.1032269389511108,1.0,0.1497553334716508,0.05990213338866032,0.017696896108499335,0.022827223091514706,0.026437554816398486
45,0.5778605792223702,586.3029265264652,0.000455500848991241,1.0,0.4680204557628338,0.18720818230513353,0.04850973180019964,0.025860938282366835,0.029943098091587114
46,0.04076405607208502,899.9282479624355,0.4410991638445538,1.0,0.1339329694645054,0.05357318778580216,0.01443600735406099,0.19940823734218155,0.2499834399262128
47,0.721662029471152,785.3640216767604,26.447461716946187,2.0,1.385846789851426,0.5543387159405704,0.09964331928931981,0.21320130175199772,0.3348384873841612
48,0.3641359923625523,744.8604531366436,0.021304299372825315,1.0,0.4899649048167732,0.19598596192670928,0.07707219182148109,0.3110320530155979,0.30216578256090654
49,0.6477495061640759,1017.7496124516949,0.087379131955768,1.0,0.8977662902661155,0.3591065161064462,0.07243822145354165,0.3647376102038875,0.4162694493589927
50,0.937047654182887,841.3294861073679,210.63103543254735,2.0,1.7700560407090553,0.7080224162836222,0.09010562319224487,0.2889083437429805,0.4617347785377368
51,0.4491803991157686,617.8292206439221,6.481992540280752e-05,1.0,0.5780487886065306,0.23121951544261227,0.05429722988467642,0.040351431321606825,0.04805611017154446
52,0.4597904052390586,707.6753134510526,6.758255106101087,1.0,0.7879407510082795,0.31517630040331185,0.031053595112063532,0.09783503891523862,0.40511264113965106
53,0.9841590608196573,520.6132818789645,6.608153852043672,4.0,3.8751414892949745,1.55005659571799,0.30062041096357006,0.10699540127310007,0.24235774394464482
54,0.46428809702291823,749.7677702518075,17.642218077459084,1.0,0.43970908422237576,0.17588363368895032,0.05402077181246938,0.16165122910463212,0.22139653132851844
55,0.14487804659256887,762.2180423645508,0.006047218258458254,1.0,0.1059898886335149,0.042395955453405965,0.01321149929199184,0.0252933106797345,0.029381018426688756
56,0.6433702321074717,726.1447998848447,2.5951256040669732,1.0,0.9609272401825285,0.38437089607301145,0.04417366899404285,0.07622594068213837,0.08949513829286515
57,0.5151439422834236,723.9755810981583,17.85589099705098,1.0,0.7709125754041026,0.3083650301616411,0.03935378423195492,0.05984848475804548,0.06931250336031067
58,0.6305947837703714,732.1531879983437,22.497914061059156,1.0,0.8960479762148721,0.35841919048594884,0.06651731031998762,0.04133091032661285,0.04789603794175537
59,0.6078252520205489,641.6754223407972,0.0035692745454387344,1.0,0.8362835567977627,0.3345134227191051,0.04361552934556476,0.18734789988544454,0.3809735837914322
60,0.4879773622892412,475.5042601986364,12.345518261691293,1.0,0.6192197914826199,0.24768791659304795,0.034384311825804634,0.1906351863056294,0.36858549607899027
61,0.6664940157929987,654.4567019520923,0.004065908323480151,1.0,0.6296099362811196,0.25184397451244783,0.08103322888474776,0.043475422863349864,0.2007341457659773
62,0.8185920725092336,512.154637084475,0.6046574935645801,2.0,1.6312412117527675,0.652496484701107,0.1146115643502856,0.06178155964369756,0.2849404478568963
63,0.762721689014978,686.2196512181872,6.418098088960278,2.0,2.040047813874047,0.816019125549619,0.10170611230784489,0.08865238965375528,0.409886090100193
64,0.8437554244586069,599.0647441879929,11.1208327345698,2.0,1.3336804275764915,0.5334721710305966,0.1074762682973697,0.22025969267810686,0.32235867862250706
65,0.692928438498279,712.5158212889498,17.025219281415293,1.0,0.8870991158491086,0.3548396463396435,0.05101161042134258,0.2080766888450418,0.3641732174479205
66,0.2246747896023909,561.6037033580126,0.48087778848767126,1.0,0.22764645584625912,0.09105858233850365,0.051992116318844483,0.4241837627882481,0.36219848917214803
67,0.8697564300440577,698.3507436047865,6.782782831785167e-12,2.0,1.7498360883575599,0.699934435343024,0.1265679073077206,0.06294244105105005,0.07565951286801603
68,0.4863180897449163,546.347483235602,0.08532273633225422,1.0,0.5369553147661302,0.2147821259064521,0.04531335447533257,0.03895909247317574,0.04573935627918151
69,0.32002557735329706,444.2143422969644,0.11273561815011092,1.0,0.4279953140530104,0.17119812562120418,0.024147438236193787,0.38196060125250747,0.4978317539999194
70,0.2912543162451003,696.0533175942109,2.551360458116778,1.0,0.4154306735777831,0.16617226943111327,0.026352233694373468,0.30071633516813634,0.4233209779214643
71,0.7445394717126368,607.6854480169219,142.44711670293344,1.0,0.8360221757512636,0.3344088703005055,0.06927624587419401,0.2075832255530149,0.29954262645475094
72,0.7515442696424804,566.4558391962041,6.290913285591112,2.0,1.2669338043745286,0.5067735217498115,0.1031682469073685,0.18396123398255657,0.2840436423293
73,0.3399537038635253,631.5456793902001,121.9581300550276,2.0,0.8815776150733184,0.3526310460293274,0.10710536190430951,0.031372857914417865,0.03731479828796187
74,0.08404407308005374,566.3363508280675,0.0201114834066095,1.0,0.1575771233529272,0.06303084934117088,0.029563726665495074,0.017346589838471933,0.020392111393561937
75,0.28413902218888326,603.7875829436422,68.31409819246602,1.0,0.21663827662879215,0.08665531065151687,0.03271671063879233,0.36733525907823567,0.35046456230289447
76,0.5215784231011029,705.498837195446,0.08158692131154173,1.0,0.8632809811223875,0.345312392448955,0.055466944328338305,0.2128562949831715,0.38568601445348016
77,0.7130612703142711,718.147987715365,12.746635657779645,2.0,0.8418542476149472,0.3367416990459789,0.09921618527461436,0.032714125557502687,0.14493767831809604
78,0.9600329437004292,455.3182971251839,0.00036205231689255036,2.0,2.2244386046741114,0.8897754418696446,0.12812683104869826,0.10305264939178274,0.477960925925126
79,0.7695789659249862,556.2796619364037,0.00019237307001937116,1.0,0.9458903048624325,0.37835612194497303,0.06522187756760366,0.2412623871288249,0.3641245076240698
80,0.8284360751350042,658.2921049955456,59.09410120733414,2.0,1.8569094925227976,0.7427637970091191,0.10978260704255112,0.0813383742766997,0.09776594834868899
81,0.8085736992832843,630.1445762212892,7.358836294975266,2.0,1.6818434426928226,0.6727373770771291,0.11018579048546305,0.08393224741049307,0.10159295951905481
82,0.06920788230356789,669.6150718585694,47.82256190776762,1.0,0.12097553895913847,0.04839021558365539,0.019268827018059608,0.410634009669814,0.38653142181271305
83,0.7729540068486516,624.0637313770308,1.5405651237590564e-06,2.0,1.6022953464007619,0.6409181385603048,0.10559875791756808,0.29114637968567714,0.42454857386603057
84,0.836309222156803,655.8761185928722,58.40929783438992,3.0,1.8293237092430055,0.7317294836972023,0.17924174268533344,0.24861952332413148,0.3321817363063835
85,0.536119880240109,630.2471845692538,2.099014890834611,1.0,0.7693537684125117,0.3077415073650047,0.05401281145093677,0.3915491331330974,0.4783554716434052
86,0.6012347906727306,699.7569686776324,238.13698042499135,1.0,0.806191644032851,0.3224766576131404,0.025101153516799667,0.6568941561994106,1.2692113560463403
87,0.5167960694801048,703.9036417733354,5.4012558034667855,1.0,0.5120555991269512,0.2048222396507805,0.013880107739819608,0.7715717269308486,1.4719678792040534
88,0.5767957238962316,634.8407286511241,15.28541527601112,1.0,0.48865969516880575,0.1954638780675223,0.028854952431110425,0.6076768024147023,1.0503234491316944
89,0.964161686564534,860.6795805625654,0.00408739748293441,3.0,2.6584790208523037,1.0633916083409216,0.18873287076251452,0.4104037886860724,0.8567324440227659
90,0.1324877569179292,633.1346230106338,0.771049861845243,1.0,0.19634835681103194,0.07853934272441278,0.028177967654177027,0.025171443676481,0.029149983425382327
91,0.5438382863425993,640.1673862529932,1.0112053814943227,1.0,0.5133978169370818,0.2053591267748327,0.044325434977563825,0.04059841952237621,0.04700096058657197
92,0.6000728181130426,791.5161609292505,71.6259875225785,2.0,1.046447605243245,0.418579042097298,0.08206861223105803,0.04852853231072905,0.2126435804740866
93,0.07083685948432113,840.5214136830832,0.10343015488973892,1.0,0.08495988332085735,0.03398395332834294,0.010406823994151661,0.4434749873867934,0.4172633566173189
94,0.7511539777025619,707.2505224771909,1.122888280684469,1.0,1.148645352327698,0.45945814093107923,0.04900338689591863,0.3400737627754583,0.5217240169458519
95,0.5253068824293279,632.5142326067865,76.28194015613045,1.0,0.5247564468340686,0.20990257873362747,0.04258777247707605,0.045998349818200626,0.2075241678757497
96,0.9489911009206574,744.9782912909835,2.820002771932161,3.0,1.730225506453859,0.6920902025815436,0.1043383416276562,0.06089768743175109,0.278346895667507
97,0.4277539697896441,741.0117781821227,0.020473875390719445,1.0,0.4592928326456113,0.18371713305824455,0.04137021724686115,0.14163549191731595,0.24604040002844718
98,0.6118281199890556,658.2475001900939,1.2582524846829106,1.0,0.6079642414115944,0.2431856965646378,0.043978176871744754,0.1486640562303654,0.2861997003663119
99,0.7078970591504385,711.8870303095928,0.5454520861938393,1.0,0.8729487688965145,0.34917950755860583,0.06252418222561949,0.09481505203346505,0.24509637767964082
100,0.513545452474546,592.3843922977472,7.415301030734565,1.0,0.6273913724974672,0.2509565489989869,0.05216803123515578,0.09142922232692371,0.21824303501707404
101,0.5139905360366197,591.9887409030525,2.4721639282993593,2.0,0.9264511577370388,0.3705804630948155,0.07513693760672158,0.03799440209196913,0.04426401980658709
102,0.6899560211110649,661.2415016502365,3.4540434642199473e-06,2.0,1.5466922374106715,0.6186768949642687,0.05849334503754648,0.07636680759796588,0.08841078436775916
103,0.40107790003388694,666.0666591030307,1.8180026485775045,1.0,0.2823112640272272,0.1129245056108909,0.031151843314840954,0.04117246225778598,0.049410433376372964
104,0.7338388667770429,653.4998585082768,43.22663501369012,1.0,1.5410301543203568,0.6164120617281428,0.0672545955799799,0.27033914506946116,0.49231624204833074
105,0.18598919302951222,631.8230943704548,0.0006927807309292642,1.0,0.44469442550774463,0.17787777020309786,0.021021693542674535,0.06143256548595403,0.07121798754245617
106,0.19144745922195622,785.9792470537443,47.348959333372584,1.0,0.2724636115178796,0.10898544460715186,0.05332814307153915,0.19769367867358772,0.20331562949421947
107,0.5249451262183283,523.7118737888832,0.06746334416420646,1.0,0.6913356657779397,0.2765342663111759,0.06296634706400532,0.06396882545934204,0.2791552108257971
108,0.4524927706729988,558.3707659901484,0.9208510369393025,1.0,0.6762391852720054,0.2704956741088022,0.054195745794809916,0.4126965281581892,0.5033613759619681
109,0.7495973534544063,800.3772575345313,0.10566091818580975,2.0,1.4304504916232061,0.5721801966492824,0.12369385058047142,0.06895218562074419,0.2114672052419598
110,0.36572263467166877,509.6905548650332,3.2845321495267124,1.0,0.5179310427614208,0.20717241710456832,0.05205320497007256,0.3421334167013387,0.37392829468620975
111,0.6176053046751446,775.2711064817928,50.40101804044174,1.0,0.7329144612289523,0.2931657844915809,0.025409861068013833,0.12403121326518986,0.5741120262999465
112,0.11023613051350452,677.3277404799461,3.2499688348259976,1.0,0.21149680983133137,0.08459872393253255,0.019641876883677783,0.057963489141363976,0.2669620917518639
113,0.4190722059816768,551.5911913339835,52.35460803669013,1.0,0.6865978002904325,0.27463912011617303,0.02660028181873928,0.13760676131427163,0.6372738700937474
114,0.6951559901980935,483.82661649659906,0.10449679135213363,2.0,1.3229618721962844,0.5291847488785137,0.12178721985172473,0.059033160876941826,0.27300829178364827
115,0.30116761047859014,809.6987607081686,9.00724939057686,1.0,0.2675575478199541,0.10702301912798165,0.029537367515319952,0.04959205609791251,0.2283339393385803
116,0.7377258368252648,756.7051057669379,0.005781744657566099,2.0,1.721361070087166,0.6885444280348665,0.1658869810289577,0.06451865398137974,0.078725861517187
117,0.7317096471582305,803.3726185117536,3.958681239493915,1.0,1.1649662168321917,0.4659864867328767,0.06710462307695067,0.06400061781143568,0.07546545176338823
118,0.7313558451317477,621.0219081363235,0.04236097939229197,2.0,0.9858892094653307,0.3943556837861323,0.07828057496302059,0.04312518849866759,0.050409727171857044
119,0.6689773124830356,675.338764324004,0.0329842125612942,1.0,0.751424866205364,0.30056994648214563,0.06442414837767754,0.13506047741632127,0.24114454552269604
120,0.38186724471914385,643.8017153548989,205.49059800674655,1.0,0.16229844111691402,0.06491937644676561,0.01798663714429639,0.22340500355914178,0.27316651753328447
121,0.5162775643208759,843.8016346750243,25.098141047011968,1.0,0.4444421245436619,0.17777684981746478,0.025567257925404537,0.32622072540109026,0.45618369843678735
122,0.42812317519103,798.4442620943069,0.7733801540413942,1.0,0.46806497536118524,0.1872259901444741,0.03247088733032718,0.3060100056697979,0.40478568217241934
123,0.6053668018860002,929.6633745990215,2.050501294595856e-09,1.0,1.0921069907208,0.43684279628832007,0.08954279542245229,0.18403298448916378,0.28557625350824534
124,0.8116878657590764,696.548466851222,12.626186051142072,1.0,0.9998082137974547,0.3999232855189819,0.043285789313442166,0.25361770980917137,0.47183868019524744
125,0.7883133886637474,781.849123755169,1.081473229266145,2.0,1.533804127345485,0.613521650938194,0.13379913537003893,0.10033807660282959,0.2168842534373
126,0.24528749502613215,651.985154180533,9.898726153737334,1.0,0.20104140818464186,0.08041656327385675,0.02928862274122746,0.19217891733247888,0.22358499977135757
127,0.47805278976378435,695.5504248154261,5.704534186434131e-06,1.0,0.8926825374612101,0.35707301498448407,0.07044004674089073,0.06899359107933198,0.0837561876648152
128,0.149701776177306,817.5600668375043,8.693666921253426,1.0,0.3758188457686977,0.15032753830747908,0.04444552050044357,0.039273028052417905,0.141911149988382
129,0.5259737905350377,718.7485766315713,0.0013672550951997222,2.0,1.107034061077989,0.4428136244311956,0.07116982383397433,0.547713728392796,1.0096207063477802
130,0.5601433650255405,644.463804401109,11.54922088225482,1.0,0.3323653660256645,0.1329461464102658,0.02802064806593356,0.03706664752274485,0.04291466597748817
131,0.5426598127003046,986.9292971562421,2.1028143923613154,1.0,0.7204978157712761,0.28819912630851047,0.03527472807372654,0.34037733902258754,0.48998656395257745
132,0.730848322258407,731.0846596915321,4.626491201846752,1.0,1.2336455357033294,0.49345821428133174,0.06409397592998008,0.37481706197437525,0.5502435998578254
133,0.4498488769996633,687.2074531626787,2.7997284630728214,2.0,0.6538212133497172,0.2615284853398869,0.046898765488504635,0.07023225989413767,0.0849573465703225
134,0.6276376873589857,607.5597232223523,2.4742931407444377,2.0,0.9887129417375689,0.3954851766950276,0.10278867576887983,0.03998159530152417,0.18468755800650705
135,0.4108979882660117,694.0257233233821,0.0030750679260193622,1.0,0.36559598025804585,0.14623839210321835,0.02241203464083555,0.39229046829712116,0.4991790218215418
136,0.38621467558136985,624.2520329992701,20.670633356425828,1.0,0.470101172958216,0.18804046918328643,0.08012118061139879,0.02758606979483022,0.03266200772991654
137,0.45329349142997544,619.4938299546751,0.036615470627506225,1.0,0.6490986449730931,0.25963945798923727,0.03903524097992585,0.06764715801368906,0.07921264820872027
138,0.2643714820453914,775.1398874796689,0.3090588141841946,1.0,0.18332153510060703,0.07332861404024281,0.02462419549944224,0.0481538567362433,0.05876970187561908
139,0.5803972191472971,679.3229338955431,0.3044402932348451,1.0,0.8060231174044057,0.3224092469617623,0.04413786069977981,0.07544633594447823,0.32612242802364233
140,0.22523132736316243,516.1755198338745,0.3005899144555772,1.0,0.4152343401572281,0.16609373606289124,0.02700595893623967,0.06352937292201177,0.276426765986941
141,0.51128600817517,596.23785199848,170.9156511447446,2.0,0.889810962226633,0.35592438489065326,0.07047886074537378,0.08533057918731585,0.24251799329471588
142,0.2914813126668106,828.2635417846822,26.097794681438813,1.0,0.2393147203430303,0.09572588813721213,0.022630897938944888,0.02929536756476879,0.033950566777988994
143,0.5486321162890841,823.256230136741,7.221870412845052,2.0,1.032304074543268,0.4129216298173072,0.08715865023260985,0.05928242356453807,0.06861776883605371
144,0.170168057618559,612.3553803058008,141.06808877176377,1.0,0.18256581947481582,0.07302632778992633,0.017166456492825576,0.054925129860308654,0.06358277050874099
145,0.6622773551989996,911.0907939351276,11.260399302091246,1.0,0.8116120376329754,0.3246448150531902,0.05663225188623127,0.06605634121411805,0.07961818300576336
146,0.6853775831573607,818.8283630262825,2.5838919023118923,1.0,1.1681695464991333,0.46726781859965333,0.04783707667721973,0.11029564684779182,0.5117581301025532
147,0.6699545150573263,752.6763737000986,0.0006932942534398261,1.0,0.7807696325708661,0.31230785302834646,0.04648430853429898,0.07124805914039599,0.3302993032166987
148,0.42900306588504966,533.9926856705277,5.853439493996573,1.0,0.6740264663478591,0.26961058653914366,0.044401778044426285,0.055393023959369556,0.256584882852577
149,0.889420766538904,661.0763487590672,0.007116480733843838,1.0,1.069566249669506,0.4278264998678024,0.08343379241675822,0.03762150919515169,0.04361687457951177
150,0.5164596283752372,603.4966430614942,51.29130252079039,1.0,0.5599619553073341,0.22398478212293363,0.03060720602056649,0.14932388756185178,0.34489032353526056
151,0.06910033803929944,598.7415384332584,0.011763517596062707,1.0,0.14009443780986316,0.05603777512394527,0.00497252978885135,0.10622141089566944,0.4558947722864317
152,0.9340309932134184,804.6277757876221,20.206065665548582,3.0,2.2324560050900892,0.8929824020360357,0.18295059838424826,0.05244204403084669,0.1998573240109523
153,0.18784085258100097,724.8173129184336,0.5999907806900465,1.0,0.2468000149201079,0.09872000596804316,0.024552358051879282,0.3451868504250897,0.3756039236072777
154,0.5887938818199479,523.9596642469513,1.5961886683519975,1.0,0.6418521311241546,0.2567408524496619,0.06881814834337244,0.30232908764702077,0.33910228456640656
155,0.037565918998565324,626.217231485752,0.004876741536044183,1.0,0.028829543547516635,0.011531817419006656,0.0029327489415549757,0.5777841467209242,0.5422312707573615
156,0.7635410536838378,547.4407651060117,0.009897627636019297,2.0,1.4371504027078756,0.5748601610831503,0.10695059169999083,0.16647854420282965,0.28697296427245844
157,0.6590544633039401,786.9100849567202,61.86184244732239,1.0,1.046308814715829,0.4185235258863316,0.0566220978804012,0.08011763795143823,0.09596590644883643
158,0.6986199171986058,716.1578529611356,6.243228872061019,2.0,0.5143941723175628,0.20575766892702513,0.05838683874525485,0.03078844802877933,0.03630833968886915
159,0.3321713414486785,555.0371981016183,13.406955332477365,1.0,0.7620244816272422,0.3048097926508969,0.055635650749149376,0.05578456430959088,0.24935231461077367
160,0.6915836672862705,428.26612176445366,12.852050500903273,2.0,1.3078231546230734,0.5231292618492294,0.1034601086949506,0.051206945924687775,0.2298876636463613
161,0.5377867321092171,742.4011612127476,0.0006399331239214087,1.0,0.4210370518795772,0.1684148207518309,0.014204923293995255,0.12588493567795556,0.5825169004512882
162,0.4795703264127628,823.0279592913595,35.235086953879126,1.0,0.9442038884760641,0.37768155539042564,0.06348274792966352,0.06388977235699257,0.2954147347330404
163,0.29152817984866214,713.4563348611115,0.02225217035199191,1.0,0.21773720570481636,0.08709488228192655,0.027023213060659683,0.03672969510404324,0.16877909001893754
164,0.9223618658092302,844.5850929619236,0.009017858951111816,3.0,2.24884796463605,0.8995391858544202,0.19931487414565882,0.05084000836287263,0.2352673960612187
165,0.18650139054537315,593.5889830994726,0.002699526838567428,1.0,0.3753699878173008,0.15014799512692034,0.03199860886192291,0.27563676309197743,0.3520681381666546
166,0.6041952806352946,632.0795248023628,1.2529375009533903,2.0,0.9673467364784955,0.3869386945913982,0.08701192917871303,0.2513325255404471,0.33680901511799605
167,0.8137090113279383,1107.2215238487001,33.31267463272041,2.0,1.9647225181199794,0.7858890072479918,0.21139342570322142,0.2305338139378369,0.3031216529639427
168,0.5206432094752278,823.6553984081756,0.46671232338930396,1.0,0.7396122802090532,0.2958449120836213,0.02747864240440965,0.5001164455969558,0.7637550220754394
169,0.6150059894272455,590.7883154989916,39.20401018500868,1.0,0.9363949268045415,0.3745579707218166,0.07362584093619924,0.058324531414659896,0.26963757576819253
170,0.15203614839182933,578.6119897201305,1.3163941046863499e-05,1.0,0.08819575045675436,0.03527830018270175,0.007524107082646751,0.28484252301069374,0.3532488892466952
171,0.6379257441061716,568.1111785041282,0.0996648294740015,1.0,0.5457405890232179,0.21829623560928715,0.019171472516629623,0.2497815310589663,0.5347487004925792
172,0.27248191091052326,916.9774962479175,0.02478657777940099,1.0,0.4871661439186424,0.19486645756745696,0.04267133355682634,0.035314222712468785,0.041242627051862615
173,0.38687790423283186,532.5610406415558,7.028985379911352,1.0,0.6518418015068084,0.26073672060272335,0.053229385944578024,0.037405595818310856,0.04363727327652685
174,0.568798934605741,741.9789381883567,9.171750970299014,1.0,0.3384046619685827,0.1353618647874331,0.04141942759944828,0.1299408561234205,0.19484754902024348
175,0.1370246600693291,670.5205335328219,9.70472893323434,1.0,0.13229626096634667,0.05291850438653867,0.019783636107978588,0.35137176934656233,0.3388591759747541
176,0.45011154819531995,604.5748263787839,0.050706573275426645,1.0,0.5920804475015373,0.23683217900061493,0.03270672053207767,0.19346225435991007,0.36523992459121346
177,0.29650026472732555,768.2126869899307,0.9516518665915404,1.0,0.5668385168380815,0.22673540673523263,0.021758772375819857,0.23622305103200197,0.4949181344861971
178,0.7245706189772008,722.9910289235181,30.495846220966992,3.0,1.8474571443419112,0.7389828577367645,0.15116077547792062,0.13160797861163395,0.24773845426815755
179,0.3513435592064904,409.03631002533,0.5751578422327746,1.0,0.42102314077894054,0.16840925631157622,0.039352332515718375,0.16271049923676562,0.25104646387610474
180,0.1696054951545318,490.19064906792346,0.37997393266336565,1.0,0.3432943497277107,0.13731773989108428,0.014070561453886353,0.26795701889339707,0.4981085575913078
181,0.44619247704173004,610.6738448764285,3.1625629552681715,1.0,0.30769925985934726,0.1230797039437389,0.016002800323356495,0.07469354873701188,0.33891504116927007
182,0.4553045160181653,697.981587965829,12.046051391613295,1.0,0.42197654418051334,0.16879061767220535,0.014194936318250428,0.4038616380342736,0.6567518828521209
183,0.486420633300072,768.4244225811494,0.6275093745058486,1.0,0.7713738721708023,0.308549548868321,0.0565445662322913,0.21237151025494003,0.3344852900968014
184,0.326586897203401,606.3353777068397,0.0511235276241412,1.0,0.22545567758983687,0.09018227103593475,0.008436856471958052,0.5210498742834162,0.7234260752714792
185,0.9301277748264335,684.9497230355449,21.170923629409824,3.0,2.5862973932445863,1.0345189572978346,0.21729349350768393,0.18899142935106378,0.2954792111315881
186,0.2619093269310924,640.9629051824317,78.81460876321941,1.0,0.36684788340681007,0.14673915336272403,0.01405494581254164,0.09987688247243379,0.11840614698395198
187,0.29020292762921623,637.4533730881842,0.0008804893979017927,1.0,0.23383071924200102,0.09353228769680041,0.01685402589150938,0.051043737357681744,0.06032400770362158
188,0.423800825395427,670.8987049337078,0.6538917147343232,1.0,0.24662519834132168,0.09865007933652868,0.015177852043699773,0.05825557259739167,0.06871207584232805
189,0.8394302632839046,540.6448760396314,0.00269405931275129,3.0,1.8494039675983198,0.7397615870393279,0.2259626355670655,0.03403386447992766,0.040527286229548
190,0.6578921015882895,597.7141886792515,0.08904921436277391,1.0,1.078950380121466,0.4315801520485864,0.04164193253590511,0.10676635750405931,0.12724540692608688
191,0.5028625177951856,509.3162450678414,59.86665678453711,1.0,0.7113666673095044,0.28454666692380176,0.04508492095082818,0.26520307106908614,0.39682820993998674
192,0.6230598704880806,734.239961438552,0.0027300336310410746,2.0,0.9882909091809859,0.3953163636723944,0.09890342312751528,0.2010632042193658,0.2853827721576947
193,0.19051793108077242,572.593608968918,6.952591281632704e-06,1.0,0.2812673892672128,0.11250695570688513,0.021037322057841527,0.03965099265130537,0.04593556078540186
194,0.5660952628670916,854.719207819135,11.78619630872064,1.0,0.5614416082126368,0.22457664328505472,0.0400792017474963,0.04162249552687227,0.04820788536376915
195,0.37130052554123255,558.4302672522708,90.17256046557013,2.0,1.1342264211726123,0.45369056846904493,0.11931849736394708,0.14532930209111117,0.22081880485249458
196,0.1776176792635786,714.5689737797215,0.05014724746808372,1.0,0.25415813959751365,0.10166325583900547,0.015362597123161828,0.18106348267632594,0.3393782655042652
197,0.37154605459991186,738.7260118945521,0.05373292127915804,1.0,0.3918675856674356,0.15674703426697426,0.026302917468362972,0.04741455879306813,0.05569305426405958
198,0.1622504317899063,603.4495168219566,9.381155811760937,1.0,0.17118600036520723,0.0684744001460829,0.031030613195013768,0.019627336283140277,0.023250044249781332
199,0.35537096582193745,685.3591184374511,0.003456862547238361,1.0,0.4628864320097284,0.18515457280389136,0.04369994822814326,0.030608717672815925,0.035470319597234415
200,0.8499246210541882,756.6596301102843,78.01483403118112,2.0,1.517504573002372,0.6070018292009488,0.11629613021586828,0.10249724782944777,0.22782240117843994
201,0.738133187641845,695.3256601387494,3.492728676855175,1.0,1.3953354547338614,0.5581341818935446,0.0414225318292975,0.10073084225775296,0.11696153762409428
202,0.6085815276763802,510.74775295564575,5.07571605326451,2.0,0.9887845593562583,0.3955138237425033,0.07815088404698255,0.04602833107068735,0.05462786002826991
203,0.28978050066671746,655.3659361553156,76.04178283749633,1.0,0.35889390344722394,0.1435575613788896,0.05038798833192267,0.058844479251771276,0.13728550056453845
204,0.38616855343597334,621.3637493949101,23.78325266355456,1.0,0.295318617935498,0.11812744717419921,0.02909889257143366,0.47683165669371275,0.4753503332322395
205,0.4906223005235264,772.3591307375823,41.95142929022134,1.0,0.29194829418468726,0.11677931767387491,0.03596804926918142,0.03559697506296431,0.04266268030824787
206,0.5967119078984393,620.5315771827737,9.571211910636983,2.0,1.332645392072599,0.5330581568290396,0.08548523163765748,0.08554276385343429,0.10025012061259742
207,0.49901478445957415,800.4752701939441,0.23827284702676874,1.0,0.6997041800442665,0.2798816720177066,0.06849658424633462,0.1513813423672881,0.23499626013093394
208,0.4248267196540827,604.695981140485,23.56881286758667,1.0,0.6753571930161221,0.27014287720644886,0.06595212374726526,0.152819640984144,0.23634676505015448
209,0.708792550102616,531.6602993398492,4.0056904439334735,1.0,1.1931873639486206,0.4772749455794483,0.051133841556189295,0.10284627387101049,0.3905510523518993
210,0.12315275618962873,602.241096837046,14.668547255451255,1.0,0.2070409856156156,0.08281639424624625,0.012106252258485673,0.048092151039665146,0.0556844446330598
211,0.7222314206202349,562.5480255168115,3.565518696556857,2.0,1.3969181997117917,0.5587672798847166,0.12443590017232192,0.43576157612166,1.0445954138718527
212,0.7886595670897184,869.1115616694601,0.0028455595636965284,2.0,1.4322131769120576,0.5728852707648231,0.14336126686953882,0.05845190730091758,0.07120331232850281
213,0.6476511324320167,543.007621363734,0.9898076156566776,1.0,0.7577672047468157,0.3031068818987263,0.07280615082605088,0.06949612167331962,0.0851293952246281
214,0.8304551939741791,446.5567053342897,0.6241883281563767,2.0,2.235749840657655,0.8942999362630619,0.1260826067387213,0.0776215700079702,0.3162734627911498
215,0.3909458699593717,650.470739341759,18.106497333177632,1.0,0.6343450610404695,0.2537380244161878,0.05766409993289339,0.05565146380208957,0.20180970178541657
216,0.2479901604860498,877.5655301973065,3.0436703152961067,1.0,0.5537094169565078,0.22148376678260312,0.041258575578335226,0.0662980736945926,0.24500538011170045
217,0.7208425089062485,871.0393915463457,0.49732138155443556,1.0,1.0705540775962819,0.42822163103851274,0.055396879095312046,0.4324003388608416,0.6071230490335937
218,0.38778639618154015,859.877824845184,0.2616832582283636,1.0,0.3946725241807546,0.15786900967230186,0.009289874095827256,0.6071554337596525,0.9892967150424983
219,0.3951096409109307,654.6300784193,44.57431951582968,1.0,0.46956278646884214,0.18782511458753687,0.04970474528156399,0.3168666674970289,0.34698636530797766
220,0.8397923531189323,422.55872579485737,48.193205461335204,1.0,1.3118804450115589,0.5247521780046236,0.10405219962205942,0.25086613376682193,0.33867092880343386
221,0.6765989226386203,713.5117167042278,0.00150522259505583,1.0,1.1439312393623733,0.45757249574494935,0.12377403641558882,0.1454280815819979,0.21939298624848871
222,0.20555889826996096,433.7324704165851,23.87937235583673,2.0,0.6518815704156722,0.2607526281662689,0.085358886440877,0.25803317107172175,0.2856516347728765
223,0.4186254717720251,894.0674937605474,189.08782492915347,1.0,0.36358926147482673,0.1454357045899307,0.017641435144833965,0.22778360162632488,0.4511980041074123
224,0.18532149033231843,558.8544694507505,1.0487094382923527,1.0,0.2718041955667102,0.10872167822668409,0.026307702734164624,0.17404685382662455,0.26975532672715025
225,0.5441686183236034,785.3875647207386,0.08700501013170125,1.0,0.7546643735002386,0.3018657494000955,0.04706511262778954,0.1722307482085094,0.3473925123510536
226,0.41615738531159735,823.5067791257663,7.19377091078718,1.0,0.6795119524185601,0.27180478096742405,0.03718790094713166,0.17831917815012555,0.38438137841421854
227,0.8676525167952046,898.1229254128665,1.8568955833573442,2.0,2.078231678752429,0.8312926715009716,0.15762179502681445,0.12027185060490796,0.27123595362955244
228,0.6821177841187129,731.840231075463,23.998802105690796,1.0,0.8290997866771704,0.3316399146708682,0.0759406567659556,0.13028904404133057,0.24694682272816304
229,0.4994831035582155,849.3241760151672,1.26777288110182,1.0,0.8701115367089359,0.3480446146835744,0.07205601862511607,0.12900868824513959,0.26289477800888367
230,0.4032151050760929,726.5784088095398,30.271459687146724,1.0,0.5545939267830307,0.22183757071321228,0.06335539121322807,0.12054343129324288,0.21025214580032625
231,0.4462784560790765,756.89241922837,2.4108338183083724,2.0,0.8135751629642072,0.3254300651856829,0.05902407199558042,0.12914943936637652,0.2874717799330823
232,0.6760259191540998,666.8119620943222,68.2715169209249,2.0,0.8002234925552542,0.3200893970221017,0.09378519835740422,0.0999203945098948,0.19250316032028092
233,0.7259117958969799,788.757477221161,0.7358368887489105,1.0,1.0263752175872263,0.41055008703489054,0.06444420095031335,0.1347279955608639,0.32158300694426784
234,0.8218615793713495,726.031996508529,17.046728756504887,1.0,1.4513740433165867,0.5805496173266347,0.07668006971096264,0.14603883817060748,0.37470732223932957
235,0.9083874660828212,668.2155177507148,0.32509894936233535,2.0,1.520787482067547,0.6083149928270188,0.09538949669619416,0.13028385638967818,0.3209033369130892
236,0.733310390475451,488.2554569143006,116.72427700135896,1.0,1.0563675374264505,0.4225470149705802,0.0735790648829465,0.20652902945900856,0.34277995784463744
237,0.6689735108498145,931.9638455087337,9.159552288795643,1.0,0.9954049672352596,0.39816198689410387,0.09246353344347895,0.20765493516451114,0.29630519487035717
238,0.20661663167090186,454.45298087504915,0.9926007987227856,1.0,0.23370350696310516,0.09348140278524207,0.02227477934210878,0.41853050384766555,0.4428560935339436
239,0.39555872674106535,575.0657748969057,0.8596460205584727,1.0,0.44860056768024836,0.17944022707209936,0.036500474485713384,0.22461086411043707,0.326422088319118
240,0.4301217459370005,757.674678298424,2.7677111304698445,1.0,0.5610602330582245,0.22442409322328982,0.05279668698874409,0.06570357882697142,0.08024748454608488
241,0.4196481829730012,681.1993474358402,1.0103022621500812,1.0,0.20511141285207032,0.08204456514082814,0.025048308783491947,0.09182256327723452,0.11419332790229896
242,0.4734502637944507,528.9105166766958,1.6991462950351566e-06,1.0,0.5147941179009606,0.20591764716038427,0.04685979479687115,0.2065605514958446,0.2807430770672009
243,0.46374212284197824,582.805161155217,8.363996821455482,1.0,0.3008383852341192,0.12033535409364769,0.016628646032769746,0.05072647859771026,0.05876243154423332
244,0.4889971934785057,944.7332583614128,5.129493651573656,1.0,0.5817569977909754,0.2327027991163902,0.02414294272487359,0.09057257091362922,0.41570976721729486
245,0.4650642944304133,533.879089799001,19.741963456609284,1.0,0.3766200909220505,0.1506480363688202,0.05018533690815441,0.2432809241003065,0.26649559995995586
246,0.28723569097962676,772.1305171494522,3.8502644713094285,1.0,0.676998116138573,0.2707992464554292,0.07867772306478987,0.033570371376397054,0.03997209781585217
247,0.6297722381490783,761.2084542429209,0.00064871442675451,1.0,0.41399624482023184,0.16559849792809275,0.028307751168375944,0.04936560522867092,0.058123260335466234
248,0.6005729638884636,725.8479504271122,45.684884871429865,2.0,1.1326836581429032,0.4530734632571613,0.1464829583260941,0.166137174330287,0.21434334176136874
249,0.08007968378135231,723.3773839565039,6.171734748496319,1.0,0.2028602294653623,0.08114409178614493,0.020627979014117413,0.3743395688282366,0.3903193615432534
250,0.0903631308198247,544.9149135216537,9.99573515886304,1.0,0.08532340090301077,0.03412936036120431,0.022826154372340295,0.5438875342580295,0.4426978731770833
251,0.4049145501372237,488.4350171137038,2.930077177974285e-10,1.0,0.6071494148839537,0.2428597659535815,0.040301157083413836,0.17300556377307788,0.31705642292765107
252,0.39208642974265295,690.2433708165637,14.720169414510384,1.0,0.5895647546273397,0.23582590185093588,0.037181284697100275,0.3807993151167331,0.4793426625982685
253,0.3712872387057104,774.4142617968351,0.12104460083154955,1.0,0.2951387767308913,0.11805551069235652,0.02126542627565266,0.18399885457863127,0.3104866616896493
254,0.5316670061276636,656.0995201792039,18.76071889398945,1.0,0.5861453543827968,0.23445814175311874,0.028792983891126313,0.0796855026228045,0.34951838204143487
255,0.5000463397593289,645.3691284925956,18.971451002181922,1.0,0.8186172717992158,0.32744690871968635,0.054870270296205705,0.05883221048954868,0.2565070823835634
256,0.23940733537485243,807.534367468723,1.6539921136069389,1.0,0.3542745742185401,0.14170982968741605,0.01900621695856374,0.07646216866334074,0.31895125261171303
257,0.44197676533271807,459.5848249487026,0.0353132382966236,1.0,0.30772997693212556,0.12309199077285023,0.014909631660003668,0.07760254144468409,0.3450487157284076
258,0.5752963682811838,851.4939448433591,71.05950097163522,1.0,0.9872478940792416,0.3948991576316967,0.037678176695482256,0.10071218582643747,0.46511557859268926
259,0.7209297575082828,660.1845757078031,3.206119357012904,1.0,1.144939719512548,0.4579758878050192,0.05398464807389965,0.08619144561879939,0.3638296969925402
260,0.4128256272447053,600.1664987952847,24.667528511947964,1.0,0.44379871200741966,0.17751948480296786,0.04733732233507589,0.03516865774361059,0.15820033220928276
261,0.1301429121268118,528.2967694484695,0.0074087721790640805,1.0,0.13072656373138708,0.05229062549255484,0.02555057402955146,0.01411327297512204,0.016392342153460717
262,0.1619792743115929,751.531662677464,3.122523502147229e-10,1.0,0.2347281574000611,0.09389126296002444,0.0202874290341247,0.10911935720371652,0.13502457284186137
263,0.2087601476173681,496.3927309402124,19.177962722537192,1.0,0.2838524328577908,0.11354097314311634,0.024899534188064832,0.035491361175880504,0.04138330630876594
264,0.6048043664715751,750.0084183551239,26.637258846290116,1.0,1.0460816362488299,0.418432654499532,0.05184634467384917,0.06338243105119733,0.07349112468476277
265,0.4541019844201399,733.3264459161762,1.3385877388188907,1.0,0.6053334690915915,0.2421333876366366,0.05008179399402741,0.04268311991637437,0.050363387751481956
266,0.26050043207590684,874.3403760020667,80.35548363124671,1.0,0.32248461059461747,0.128993844237847,0.03763700976678945,0.046859186185048765,0.056836332978932314
267,0.5548131413335979,509.7921452921667,0.1729557333077146,2.0,0.856243067441435,0.34249722697657403,0.10258482876277351,0.04858945135852352,0.0590132759729636
268,0.910368067498765,860.737797327768,1.9296681996113123,2.0,1.9944871176524157,0.7977948470609664,0.09137695217826593,0.08500143856772624,0.10101140712087375
269,0.25724896447448414,897.9395097065659,27.186489705394457,1.0,0.2939591071372854,0.11758364285491417,0.025071222694207144,0.1853566084289599,0.27898328984336646
270,0.5333508675024674,452.487314270045,2.613289420255681,1.0,0.7858802170886603,0.3143520868354641,0.04117616586861568,0.1879520510275574,0.37137780266952714
271,0.4219745831078937,713.7494022024767,4.50400821317137,1.0,0.5125980921783164,0.20503923687132658,0.04206939592751307,0.16548080510421914,0.27017643726813895
272,0.3902800848926322,536.8823516930531,7.233121082952048,1.0,0.5048863661548169,0.20195454646192676,0.06566540881295704,0.19562637265584085,0.23707876213023432
273,0.6443398396634588,734.5437825420082,0.2586437471319143,1.0,0.961156907142655,0.38446276285706205,0.072012365947461,0.061685298338731126,0.0740848184790767
274,0.4653944705491961,638.350479697006,3.3756617733261014,1.0,0.3526285786171541,0.14105143144686164,0.010257821378809352,0.11710374203050777,0.13771176304222874
275,0.2852136961847202,549.7603179065113,20.843445300747575,1.0,0.28394039284245853,0.11357615713698342,0.04382127736235474,0.0723377601570286,0.13980956887571033
276,0.6860150215645733,744.7034693681924,45.843609145001004,2.0,1.355501043647612,0.5422004174590448,0.05971791687656933,0.12337269300917084,0.3946680515577729
277,0.5822685470082948,634.9669856398673,52.84483668148288,1.0,0.6339768432145984,0.25359073728583936,0.05516956105867537,0.08609849738241357,0.21708618618336292
278,0.6682116717201201,770.2493161328771,1.7533596308003967,1.0,0.5379865432468783,0.21519461729875133,0.045185565661239255,0.08169385075208269,0.22014537976283483
279,0.5584266011167425,666.042783109564,39.19216989216987,1.0,0.6569534425209724,0.262781377008389,0.043966792226821295,0.2632603874826136,0.38131509112717554
280,0.8581063444505397,684.1056778194803,6.517396007550273,1.0,1.1594006930254714,0.4637602772101886,0.07010003594897497,0.17104056861954114,0.3342917087820786
281,0.44078375270656744,790.4895625279112,2.885230192910937,1.0,0.635121660804281,0.2540486643217124,0.07731381829228579,0.14069471347587975,0.20658285847772265
282,0.8944194604921518,670.8947561686916,0.34450058957427965,2.0,1.1533790763182183,0.46135163052728734,0.08191621520699616,0.2653140856485889,0.36127259322876837
283,0.3321434082762155,584.1999584584053,71.23319237872371,1.0,0.8899249553908116,0.3559699821563247,0.03648311109449139,0.3723829557197696,0.5649670101263922
284,0.4556985536178392,597.0143197641028,0.2131943253055166,1.0,0.21531381657830465,0.08612552663132186,0.024476525481395835,0.18214279861952223,0.2419467159501592
285,0.5050911820765009,634.0274389440286,0.006756329997429428,1.0,0.4446114976532978,0.17784459906131914,0.045826991310230554,0.15867377620217057,0.236125978184685
286,0.25315826367923544,637.7580838094161,20.97235544333764,1.0,0.1486564767252643,0.059462590690105725,0.013303099618153834,0.22038709810180926,0.29935680313904434
287,0.14769641256641344,673.8749626303953,0.8219558003084928,1.0,0.34240611172608476,0.13696244469043392,0.01273377989069268,0.46592560661220594,0.6541261162524594
288,0.6135047095074749,661.121320054538,19.57790285147652,1.0,0.7645996738713444,0.3058398695485378,0.06041909373258761,0.04431870101064302,0.052145493954456196
289,0.4534943071870076,563.6974294835248,0.004496664392962335,1.0,0.506201751934278,0.2024807007737112,0.03030964445183382,0.1772857810063368,0.3391748888681203
290,0.45563383437746774,623.5129997761617,15.876685457327696,1.0,0.5315009630479692,0.2126003852191877,0.042038562090603034,0.15266559220785525,0.2701945348012673
291,0.4146586788998077,790.6837555620928,10.989277309737668,1.0,0.31875022277704523,0.1275000891108181,0.0319411466175598,0.23638482908203662,0.30427327427068823
292,0.6260697728403982,670.2135351988676,0.03780375208446073,1.0,1.2331823111055658,0.4932729244422263,0.09304438243400537,0.11940247463976567,0.25337082503467817
293,0.6432881005126877,732.5338647404851,38.01304316354609,1.0,0.5728057396482453,0.22912229585929814,0.045645936940228574,0.14961598942391727,0.26677895414990205
294,0.927126547019828,650.129328784901,3.609340492921807,3.0,1.9467784180325125,0.778711367213005,0.12011832861416369,0.13366743205920573,0.3012010493925108
295,0.6411914514422883,623.0036396292192,26.18950254919341,1.0,0.8247322492333689,0.32989289969334756,0.06778692848242665,0.38833778557344684,0.6147213639293994
296,0.29125688571736513,543.8296920821984,0.1529930670287497,1.0,0.6529886192962098,0.2611954477184839,0.04470964347397362,0.2860901278507957,0.4123950149234101
297,0.3254989402759809,605.1223824225788,0.32855583263782395,1.0,0.4332005511804586,0.17328022047218344,0.03382919734657089,0.3091032352461557,0.40418640219060237
298,0.42542823932208984,734.7119987441421,0.010608822361152086,2.0,0.9314565294179072,0.3725826117671629,0.09032981980804522,0.13955757189945492,0.23669878900076874
299,0.5343706926874874,618.523045390463,6.476658172975949,1.0,0.8751276592580938,0.3500510637032375,0.10030356965389023,0.16839489316160272,0.23513392986597237
300,0.2417917434898818,611.16510112855,15.93160901123767,1.0,0.3048706464407618,0.12194825857630472,0.030076171906339145,0.20690684676967325,0.28247398937030466
301,0.08612656184283031,759.8912973510319,19.61039876847391,1.0,0.13315152683863188,0.053260610735452754,0.008981951935420717,0.06432461344915433,0.29643469658772226
302,0.39255792544466794,583.824512593676,0.003118223508239938,1.0,0.6738374473109375,0.269534978924375,0.06944358032972682,0.04812626177761615,0.22239772230503713
303,0.21714670739004455,714.6765471565596,1.3796846317360518,1.0,0.3244766826615811,0.12979067306463243,0.017119321901153554,0.0796057406127798,0.36772469191346385
304,0.8078592466000188,669.285917437792,7.41231115334457,1.0,1.2371043248919842,0.4948417299567937,0.055761773518048174,0.11539749105269088,0.5348917394764537
305,0.7545815916340811,779.6143679220916,10.601349246456937,2.0,1.1601707214836094,0.4640682885934438,0.08135807401777982,0.0631034749604314,0.25861330414351397
306,0.8349728705888803,467.78912257497655,1.2146417475821671,1.0,0.6967356216721798,0.27869424866887194,0.07073973595307864,0.04673980639159468,0.1810087011938415
307,0.15955724359896148,744.7226047819975,16.999980716478312,1.0,0.27531663474200724,0.1101266538968029,0.04121060397584404,0.028976653251779477,0.12217454756398625
308,0.1295265742191149,559.7896887092161,0.006624305928587399,1.0,0.2394626445053609,0.09578505780214436,0.018876686595804736,0.0570818944927189,0.2320480055711099
309,0.7140169474810747,777.1218414916515,2.731529166180023,1.0,0.8523680419700427,0.3409472167880171,0.05896756224413576,0.061232978013554915,0.2614401328860978
310,0.5816485520646615,751.7829387907503,0.0006586298364462533,1.0,0.885169963754335,0.354067985501734,0.07154828520012861,0.3289702410159961,0.4083242361539065
311,0.42390584333546777,715.7083477913784,14.331083387908182,1.0,0.7268037197737414,0.29072148790949653,0.05066710787948718,0.2943741558547812,0.3951391856286618
312,0.5207873543248713,827.9878949793107,0.0527789419429063,1.0,0.6294851175901034,0.25179404703604136,0.08034400370411698,0.2420527404338381,0.2748667184772514
313,0.5850615662546319,768.7492001673937,4.536048562163581,2.0,0.8319876485448121,0.33279505941792487,0.06014146812192141,0.05710165730647374,0.23198559946914857
314,0.7715587843266064,599.8993685907004,0.0002480932991857134,3.0,1.7265184281680086,0.6906073712672035,0.17449586933301722,0.19718586353822362,0.2685481134501947
315,0.25178675041296306,777.940260075858,94.73426673947186,1.0,0.4241867468608597,0.1696746987443439,0.018681352738715126,0.08625991542217068,0.3786705420049798
316,0.26809502928769646,614.7419350607099,14.172946439955357,1.0,0.7579514626664552,0.3031805850665821,0.06742468613335031,0.15565098449892115,0.25273652254629536
317,0.6794884360629265,645.8684014002403,12.354940592803478,1.0,0.997292386625784,0.3989169546503136,0.05541598000551658,0.21408090135079783,0.3778515154939244
318,0.957818386999886,783.877712371336,1.4451502847851785,3.0,2.6518985906076047,1.060759436243042,0.19124791292098614,0.05498587116557696,0.06545639992802209
319,0.3990088120662435,792.7952030821614,2.248350672125968,1.0,0.35356965406277563,0.14142786162511026,0.022145330770190808,0.32505307965049446,0.4347389299397011
320,0.231256389600658,575.0550752730129,0.03034511597685226,1.0,0.20576921766169123,0.0823076870646765,0.010193512266278036,0.25908569153862626,0.4380394524631517
321,0.6922598402739031,679.4383600482228,0.9595350737461297,2.0,1.3374688405974848,0.534987536238994,0.14058752362022348,0.11923654963816195,0.2043430760257854
322,0.6527275368874287,682.4248544410074,4.6742444045141776,2.0,1.1323782482987663,0.45295129931950656,0.0855342493852372,0.5048941719188075,1.0779865817572343
323,0.20401610592548045,569.5923856768661,69.7800878997031,1.0,0.2912077505417564,0.11648310021670256,0.02186933898102793,0.5348597510651749,0.5776078662072336
324,0.6636221154159658,881.8547946839932,0.11754306498113772,2.0,0.9897654040558294,0.3959061616223318,0.0561580274437443,0.049605333758465514,0.0574490210143841
325,0.7070885307810066,707.7022152143077,149.8107030336974,1.0,0.7711838747928429,0.30847354991713716,0.03686365080897613,0.05864769728964951,0.06793158436147448
326,0.9227357178257376,644.4376635958668,0.029313473989462255,2.0,1.6734055490635495,0.6693622196254199,0.14265845242608907,0.22762085143140895,0.3080527686682414
327,0.6471656086444139,523.9885024506407,0.7758679819761524,2.0,0.8163269651481436,0.32653078605925745,0.1285888364291603,0.20653378697098457,0.22641855092941005
328,0.3487410264754894,518.4351603132942,0.7471263053314637,1.0,0.21210217910130766,0.08484087164052306,0.013084582810911778,0.7227349372280678,0.7839549226745947
329,0.740436284320309,685.697683574352,0.6716269260140949,2.0,1.1809044811039362,0.4723617924415745,0.08997641132333684,0.4319872678783737,0.5232396045048205
330,0.583774126298369,679.3921417108984,2.0519612936306477,1.0,0.5150472538004061,0.20601890152016245,0.022980424678032612,0.4470263439565556,0.5906982905864984
331,0.6730562784528944,622.4621064982766,4.691074210595374,1.0,0.9547994977884975,0.38191979911539903,0.08316871352257617,0.4339695223274149,0.49848642103426477
332,0.6582717378263723,621.0535304570113,0.028068565361079434,2.0,1.0259661722365074,0.410386468894603,0.06376833895914437,0.06627092654049747,0.30313723208113613
333,0.3446197250391668,609.4802992964725,13.523775695246774,1.0,0.38696165985200565,0.15478466394080226,0.037148249773342995,0.17420526383779664,0.26691291340815143
334,0.31733190680888046,615.324554227389,7.053298946540727e-05,1.0,0.3059228690306621,0.12236914761226486,0.04043944344131477,0.20991262613445738,0.25306512012406157
335,0.9220239117981988,620.0037146787743,14.610256880135948,2.0,1.859179946687098,0.7436719786748393,0.1432485206542714,0.1912007310375134,0.31070837502315357
336,0.5402123599116688,603.1584199242218,0.04441576186583325,1.0,0.6009836814125016,0.24039347256500065,0.03626654893818167,0.2434684179907724,0.3934097664354669
337,0.7090671191467679,695.3553319444612,12.52782931200856,2.0,1.457378124333874,0.5829512497335496,0.12872829814145312,0.15228447329928152,0.25840102689623184
338,0.9053961752453582,563.0694611607171,44.04532490360569,3.0,1.9514260054273562,0.7805704021709425,0.20132179891152574,0.12833110695233743,0.21903508649032483
339,0.4571120326345643,638.134743045933,0.46810928316893646,1.0,0.5903680229221326,0.23614720916885307,0.029017665869474903,0.2397059026451249,0.4391627030463633
340,0.2688240456362588,852.4859383392151,2.583956306004958,1.0,0.4690090364805939,0.18760361459223757,0.019736662533789057,0.29476382111263455,0.5250892051903118
341,0.9447121316555342,462.9195187980705,18.076740046440058,3.0,2.3386548401545695,0.9354619360618278,0.21242044351275857,0.13159929791426733,0.2390097846259464
342,0.4690069995792728,810.0026085722574,17.803082987727688,1.0,0.47756887374127854,0.19102754949651143,0.02445559941769692,0.3243192407558372,0.4892617204743155
343,0.037921803890372315,641.581233469884,0.08944286745865358,1.0,0.06781840231850361,0.027127360927401447,0.003906185972834737,0.34923424951942067,0.47427021166955063
344,0.15982258255586765,683.492502245909,0.2551297729216646,1.0,0.18616805534291564,0.07446722213716626,0.018362282487663008,0.23700600762847268,0.3017267963982607
345,0.6585427526478536,594.9406118757157,27.09881581681156,1.0,0.6952306639189838,0.27809226556759353,0.02530046238750618,0.2914052659700238,0.5663324124844136
346,0.6001038940717791,959.7874760584598,164.39604207527063,2.0,0.79699909162321,0.318799636649284,0.06325919640502149,0.1823164809576788,0.2933263402484381
347,0.3982121207646997,633.434903673946,6.916467504334904,1.0,0.5458879456331797,0.2183551782532719,0.04504953236081811,0.0912221997088079,0.11209468193286704
348,0.8803124287956275,848.2801055261699,16.71944109836266,3.0,1.6190190914625426,0.6476076365850171,0.09628254827885849,0.1794072123684412,0.3450000780086014
349,0.4397443643622909,787.1949343066291,377.81321265121977,1.0,0.6140077729384644,0.24560310917538578,0.04009269106819334,0.060752064159615746,0.28034634550166726
350,0.11859239596340865,664.1019385164758,5.291664503079255,1.0,0.41467858275555003,0.16587143310222002,0.02068813880764372,0.07977862426664105,0.36832732731682516
351,0.37984086636295417,607.9038712374493,0.0010798249462831372,1.0,0.5044847176562766,0.20179388706251064,0.036120413711232056,0.05463284551357483,0.2386636849554572
352,0.4368304246601595,696.4780823529002,0.1153002520278787,1.0,0.2729571759870073,0.10918287039480293,0.009058917017823862,0.1042520481310624,0.476520605153954
353,0.5947376259744852,715.2227342275072,0.6839831361750475,2.0,0.7795351766454799,0.311814070658192,0.10155954313222529,0.19161173032638554,0.24273076392159604
354,0.8713212854770274,736.9327995213594,6.4509615815104455,2.0,1.8473797867996835,0.7389519147198734,0.11559351524456257,0.04723515534249363,0.05497982783417816
355,0.5128748785379758,551.3390388527403,1.1437422712621192,1.0,0.7417084033883745,0.29668336135534984,0.07814605452129521,0.21083518666345472,0.27984747044772285
356,0.636385985864041,982.8932917560203,4.222358438771002,1.0,0.6602973061564025,0.264118922462561,0.03885895305103585,0.0776101312820757,0.09343575314280059
357,0.7476420885212061,509.9918928763366,5.5827929953328805,2.0,1.6122898401452326,0.644915936058093,0.12139685547819355,0.040887967846124335,0.04774519455135802
358,0.6079679650381342,530.2477156137288,0.0038325082486674656,2.0,0.985436130960571,0.39417445238422844,0.07122659067464951,0.041827021831782836,0.0487147080465905
359,0.6260693636653278,546.1126219666177,0.003039700259513113,2.0,1.1363227051785036,0.45452908207140147,0.10773774807590522,0.06765639673645363,0.08278375059152221
360,0.915495373002486,692.1065995690896,0.002113516483636816,2.0,1.8747493536085624,0.749899741443425,0.12533229235926632,0.34753373905201324,0.6051877744425384
361,0.2631832208298525,655.1155535571536,47.328402046943275,1.0,0.06804248690296262,0.02721699476118505,0.006858556774849299,0.5818441931105717,0.5465882839324829
362,0.1101680880823536,484.8548972516717,5.0323439450106,1.0,0.15753356876718874,0.0630134275068755,0.03211309099906955,0.014766980436887725,0.017203548418652154
363,0.7845324378483249,726.5135938432076,3.37017292660089e-11,2.0,1.785703526023071,0.7142814104092284,0.09384383631276892,0.2838690930065128,0.45242790740950317
364,0.34636979792257555,603.4107834377713,0.21753507469585676,1.0,0.30256650076622105,0.12102660030648843,0.06743047805826304,0.330461327434007,0.297492027773704
365,0.39549318993661176,556.7416454348913,1.47001401680282,1.0,0.3616792355359221,0.14467169421436885,0.016879228318401336,0.08851362535359691,0.4091330414471897
366,0.6897183157465238,717.0676067376417,0.0467092934458021,1.0,0.49899044322098873,0.19959617728839552,0.03777822067144106,0.037725086201928354,0.04375119622518731
367,0.19145057420515205,618.5382361898484,0.332624560959716,1.0,0.34011704845448953,0.13604681938179583,0.018475412029205402,0.05610702539848237,0.06533386813986257
368,0.6529572361159153,715.1670726144306,4.015618515247336,2.0,1.2499961408654543,0.49999845634618173,0.10698501694796503,0.27478572873179374,0.34696309252182433
369,0.35763297856365184,611.5196284180528,0.008217821833773899,1.0,0.6163897326489016,0.24655589305956066,0.10167226829075546,0.0494547026636272,0.06097675819221006
370,0.4088913930989432,539.272649881776,0.19098503179187293,1.0,0.3109971707763465,0.12439886831053859,0.020619551338177482,0.08656261390373385,0.10535458633289183
371,0.25552191032641386,641.6929601382625,11.076563980713729,1.0,0.29419530756404766,0.11767812302561907,0.02995412483554634,0.07622011829711794,0.09382606820214381
372,0.06838993207517484,500.4398205382446,2.533167636892388,1.0,0.15158132900437818,0.06063253160175128,0.018884844033562432,0.025715618697552102,0.030203940295496428
373,0.7151311758871559,614.3225611328759,16.19595701058149,1.0,0.8903983667835208,0.3561593467134083,0.1029546025603042,0.025940691545707766,0.030264698357444504
374,0.6413587026757432,497.83760568567885,0.12538620066464037,1.0,0.7912666129483036,0.3165066451793215,0.0611527868644126,0.0949539516351586,0.23623917881249315
375,0.5702845851180887,592.2172522124914,0.23279706740085804,1.0,0.8845809312123945,0.3538323724849578,0.07093962848669627,0.37181988527582427,0.42496315228461484
376,0.7405410198863616,585.7158206294787,0.017622536701132417,2.0,1.1093207064821047,0.4437282825928419,0.10692696695782333,0.03055869145186296,0.03552409571460593
377,0.30596599421757104,477.1592684229444,0.012189562202965727,1.0,0.3262013366835704,0.13048053467342816,0.0246304537618713,0.035815686001275805,0.041531836688486666
378,0.3517933524806402,390.4153264686397,4.151047533382136,1.0,0.23132862333973023,0.0925314493358921,0.017732360023612406,0.03551416784540825,0.041188511925727214
379,0.26432320597623404,623.8596034557796,9.501087834168727,1.0,0.4039263923824994,0.16157055695299977,0.017525856383245244,0.06901433903766203,0.07995331389058369
380,0.3373081861949425,746.2474269545727,1.1097557240788225,1.0,0.6917884964295077,0.2767153985718031,0.06609476153205229,0.10852689005966067,0.21828333006233774
381,0.3144073145485086,629.3628529040687,2.0227627515105686,1.0,0.3408946320576771,0.13635785282307086,0.026926513184940295,0.1387080500718728,0.2694546393828645
382,0.21393590304760068,711.346844154116,21.32224367626054,1.0,0.21457239612904044,0.08582895845161619,0.01788016741536743,0.161652163914491,0.2767455999727188
383,0.32889771300880555,704.704632726929,2.425008619991139,1.0,0.29884473054307575,0.11953789221723031,0.03168471431856511,0.0498868077425029,0.16366627512206225
384,0.7475171281974358,641.8686019866925,3.14893587317587e-07,1.0,1.2556213342201072,0.5022485336880429,0.052013556646687956,0.1898533137827479,0.4705711106059692
385,0.9047261739295906,660.0676830644388,0.49732060450844706,2.0,2.033406023104318,0.8133624092417272,0.2001121190596812,0.10569185292441807,0.21681984956981126
386,0.9062912411313323,504.16133289562623,0.07811074986913857,2.0,1.995977786061116,0.7983911144244464,0.11457168030454613,0.14944708126044653,0.3489948585266092
387,0.771109011559807,677.8370638887598,5.205019072515766e-06,2.0,1.3931509005056404,0.5572603602022562,0.03604082390556602,0.25306703711262124,0.7164279583606159
388,0.7475606719263296,876.8188623830825,5.257614600878976,2.0,1.4389112228733556,0.5755644891493422,0.07896591894564767,0.13793134464233525,0.3431147969516395
389,0.3026517235325559,662.879458409086,6.632806286589126,1.0,0.32452863565629747,0.129811454262519,0.0414396328863734,0.029364657643072428,0.13153637661071504
390,0.2960083257861927,522.2656164815987,12.582336260805073,1.0,0.31985724014493494,0.127942896057974,0.020941473571924815,0.045485110753686074,0.053015321745935116
391,0.7320136592873869,508.79483711500757,13.425824942043578,1.0,1.1717636839944205,0.46870547359776826,0.06235218878688178,0.39881691990162743,0.5373006123734334
392,0.9183465557649415,851.1035641016799,0.2636364285620188,2.0,1.494888333843642,0.5979553335374569,0.10422492773922329,0.06318391085279311,0.07586842455309059
393,0.6145807947904736,748.4949171763991,3.958567375548509,2.0,1.5495457631631886,0.6198183052652755,0.12473002129699573,0.04232821128383026,0.04992407520925683
394,0.6303409352408271,804.93755686258,7.803530744832217,1.0,0.593627452180455,0.237450980872182,0.030272212545414942,0.2527144078473313,0.41861636891440523
395,0.3428480835445351,510.99199444542046,34.602576153599145,1.0,0.3586203536531267,0.1434481414612507,0.021119285315086837,0.049509745615165676,0.05762447184312705
396,0.2933630980829132,732.165039112894,0.9674669545425669,1.0,0.4915106850457914,0.19660427401831657,0.05713749035946352,0.33343230078746644,0.3485638719984099
397,0.8139179334549005,856.4654365401043,0.7882473301422354,1.0,1.4033640867953738,0.5613456347181496,0.08047853149459018,0.0811459639415783,0.3753721076073885
398,0.3610145348798757,710.0339890449479,0.0005184575147308815,1.0,0.428746460030678,0.17149858401227122,0.04252099946818215,0.04729716460719819,0.21768400727913312
399,0.19861351121501244,708.8237933467706,8.974250015436475,1.0,0.4458048502896507,0.1783219401158603,0.04091996920834052,0.05104474238751931,0.23507116555416527
400,0.1499995986457386,523.0896705415998,2.0365392861958553,1.0,0.3958626186166754,0.15834504744667016,0.019935280130849626,0.09294480974746487,0.42922968398137096
401,0.09874253380689614,702.5460996891654,0.13205886337388967,1.0,0.12902426628371047,0.05160970651348419,0.029085458034967305,0.3813632226905608,0.3332876351695314
402,0.7949483452964737,521.970929350157,8.241970634051436,2.0,1.8375307015293272,0.735012280611731,0.161484505348146,0.10128539773420003,0.2155938006976159
403,0.541561322370757,738.9484682443541,64.08973256722413,2.0,0.8127791840305446,0.3251116736122179,0.09311958569587235,0.029360830688192868,0.03423423898546238
404,0.7606436520499918,620.6011176588202,51.46687137161552,2.0,0.9895090425385972,0.39580361701543887,0.0860126466853466,0.05805597998028233,0.2658890269512677
405,0.17296434427934482,550.2029072239816,0.5649957997468035,1.0,0.14799916019587475,0.0591996640783499,0.008574726357388662,0.08782794599197964,0.39981087519809777
406,0.2467265338037204,568.4020612802783,21.56112557788942,1.0,0.24584145965506615,0.09833658386202647,0.009582914866069778,0.13111658803109102,0.5989510799972352
407,0.6960621778101199,826.2871211999927,26.61600504843562,1.0,0.8522277726236538,0.3408911090494615,0.07849119091964724,0.055726193507608233,0.253774428602772
408,0.4348704787349936,735.8228485689638,0.04393796298220135,1.0,0.6251216934067894,0.25004867736271574,0.0788800848647344,0.04107469755551704,0.18570086351274276
409,0.6661429777923418,674.0381069778213,1.508773802180649,2.0,1.2655936558337733,0.5062374623335093,0.06709815702095587,0.0962828229278104,0.4393760480006472
410,0.927006409025859,415.53409627389397,51.5016590749551,2.0,2.1271595661614504,0.8508638264645803,0.1127241568254478,0.09595929799729169,0.43912740043380105
411,0.12033233737326042,495.84469742327815,7.335545625533094,1.0,0.13127304409383217,0.05250921763753287,0.009093216214309882,0.07628176622385219,0.3390693984976528
412,0.30223918216698664,744.6073786398356,7.236666574518784,1.0,0.5598277602214004,0.22393110408856015,0.01898333049427356,0.1487545374937701,0.6730681194586217
413,0.4409193391171452,809.6689879407348,0.02635773521674341,1.0,0.7110422416725358,0.2844168966690143,0.061950197232644805,0.05970017840616585,0.25902379246057894
414,0.686790548210027,898.344804948378,0.2284280871197776,2.0,1.1598042738130845,0.4639217095252338,0.06250974028537049,0.09347509968542426,0.416020862949953
415,0.34466433505445093,673.4605895202283,0.5613424433874926,1.0,0.3660380659249429,0.14641522636997717,0.03674136617788179,0.05447316991628104,0.22150193897934373
416,0.3728835674075377,767.8346493505558,0.48679829965320764,1.0,0.327022630954901,0.1308090523819604,0.03904452726877875,0.030217460952578438,0.13911335964731913
417,0.9403071431515146,829.0066793487434,89.38155707507651,2.0,1.4528090656451191,0.5811236262580477,0.12666323386641148,0.04912751030262262,0.05688235836962863
418,0.4642221006774581,548.6081396801708,1.4458731310802957,1.0,0.7236870536422636,0.28947482145690545,0.039235927055323874,0.19733384161766052,0.36399276018384064
419,0.5937900574737052,702.808562384429,1.4417014115485804,1.0,0.8241791575631786,0.32967166302527146,0.06957361699858192,0.15498911515866465,0.2543166649749009
420,0.7172810534644062,508.84189636928727,38.50610431888423,2.0,0.8357591782929135,0.33430367131716543,0.08634925227325649,0.062050898938577945,0.17172762489928287
421,0.6928650215600263,573.7062731392426,0.000502726069817962,2.0,1.3723250462460483,0.5489300184984194,0.10279299967764835,0.07272739277891288,0.22744441879166355
422,0.6319731747748188,649.0313146771203,0.13144621026951614,2.0,0.8140636844505971,0.32562547378023887,0.05990595764396196,0.07863401521368454,0.23488170394418384
423,0.7360013909048886,754.761155010662,2.0024561773747194,1.0,0.5848910949823319,0.23395643799293278,0.07353455011044695,0.05781252494199672,0.14611319946114695
424,0.1260477206330119,657.0162079363056,8.417493135597809,1.0,0.082597215266451,0.0330388861065804,0.01019716283554483,0.0843663083696359,0.16748963450243945
425,0.7666768638640757,763.7785648185279,3.062921921936244,1.0,0.989879864231713,0.3959519456926852,0.05731530416112211,0.09136193693756627,0.2922374759324498
426,0.6577344301475622,653.444869307632,0.01948917959406553,1.0,0.6745348289875003,0.2698139315950001,0.08399332262626757,0.2840932427196406,0.31048493269927624
427,0.563025198494009,718.6591548365212,0.03986165836693578,2.0,0.9406586472859193,0.37626345891436774,0.046893083733805366,0.39811586548912214,0.5821591190649902
428,0.4794822708039591,581.4111000564288,7.186144527976893,1.0,0.7081038136338704,0.2832415254535482,0.024146783870280693,0.5009498492652689,0.7920457284850951
429,0.47344968086954325,755.0050419546712,0.11573830182909564,1.0,0.6540630696561535,0.2616252278624614,0.028814599044825764,0.06650876266913455,0.07719525739083621
430,0.323666032065545,786.3552364247836,1.5151232794060854,1.0,0.40242340080989253,0.16096936032395703,0.03522985844213743,0.03449175164952581,0.0399974030554391
431,0.5096182430420948,702.8938486284563,21.898202088934177,1.0,0.6212770841164705,0.24851083364658821,0.06559861200427605,0.04289754336854514,0.19784409246020535
432,0.12214754382384009,505.5508038074496,3.3364605634319093,1.0,0.24945507501976466,0.09978203000790586,0.015086154021266666,0.07632496436272011,0.3522055533268104
433,0.23655985734524754,685.3848187750209,15.978195794117509,1.0,0.25508080118001314,0.10203232047200526,0.014792418358929183,0.0511775213524048,0.05948894022440404
434,0.2539831507625571,625.7220046406053,57.84163281677625,1.0,0.6800518432171427,0.2720207372868571,0.07563986093947103,0.2842393729244939,0.32341956083633006
435,0.3483544887613231,625.3733516668352,1.633089089031941,1.0,0.22049068348958586,0.08819627339583436,0.022855301483296515,0.029488267745373668,0.03416888683877412
436,0.5932868740418045,511.7193702421334,89.21842299724965,1.0,0.5469745469314355,0.21878981877257422,0.021480708179678426,0.4376879662412313,0.6561166608583624
437,0.7566876069222792,566.3259841728196,63.57100682013971,2.0,1.4651300223464037,0.5860520089385615,0.11502608221342175,0.16748691182426956,0.2868689776946505
438,0.6520261282436897,765.481386809529,0.0014532311103918315,1.0,0.8251131572993333,0.33004526291973335,0.044471571859819536,0.12088126474211536,0.14756149959952491
439,0.7078390293009451,509.1658169165501,0.08152665057069625,1.0,0.7845974628214496,0.3138389851285799,0.05089970008189725,0.10773299448737786,0.1318884310803473
440,0.11921531088252889,590.1998224966163,9.713315208405179,1.0,0.16614895876253044,0.06645958350501217,0.029822156259876206,0.022675324957666134,0.026981404051295843
441,0.37671758745511896,710.1809366094977,3.3229616001825457,1.0,0.4145630635982696,0.16582522543930786,0.042153952777667016,0.03458053967560124,0.04067659054636604
442,0.4325372784692846,837.5443650546365,8.45860457449253,1.0,0.40920279709166235,0.16368111883666495,0.033473147663373705,0.04031733469639112,0.04672668033021021
443,0.2684947325040742,665.9271129581887,0.2936865587106353,1.0,0.19047048755311843,0.07618819502124738,0.0551713270059704,0.011763896477827548,0.013671683733345076
444,0.8860769445374321,682.4544411706513,2.6456056043563936,2.0,1.8579233973333025,0.743169358933321,0.13915423467978713,0.1192651925410497,0.25589413193402283
445,0.4483172472736452,1101.3774450593016,66.74445978888828,1.0,0.4521176994118236,0.18084707976472947,0.04587679738504083,0.1491345389560254,0.233514858289866
446,0.6455479182417363,760.3255989168464,12.565781157560929,1.0,0.762119036343127,0.30484761453725084,0.08514490229915223,0.16673605564922894,0.2372378973012404
447,0.4667993192640523,558.0160629495092,0.015570515745780448,1.0,0.3679780717467792,0.14719122869871168,0.03504648182149012,0.19843321361054378,0.2778882302232471
448,0.5147457553909607,484.2003958591235,0.12721418986065605,1.0,0.39053672831786995,0.156214691327148,0.041557001230590654,0.1867308741456344,0.2553541820242171
449,0.2301433016625557,692.3224484110515,1.3892164954431334,1.0,0.4846489995754822,0.19385959983019288,0.032075577207726094,0.38785048497940033,0.4816650217279542
450,0.37951057489233136,662.8496654704079,13.275540604429192,1.0,0.6152922565087846,0.24611690260351385,0.029315984409527172,0.08987039237769122,0.415278202222384
451,0.15369878068951776,510.2136972739031,0.004018568218759008,1.0,0.205983651758746,0.0823934607034984,0.022893627890156282,0.039344250120099615,0.18031662292724496
452,0.6585632219189063,742.2983642765017,0.7261571128743113,2.0,0.9103408052873873,0.36413632211495495,0.08659144740231857,0.0403198049782904,0.1812497113904413
453,0.1386309935441609,568.079611134617,77.41865575207876,1.0,0.10305529335822992,0.041222117343291974,0.01013697839574066,0.04342572390021395,0.19846730507816482
454,0.3183499661901926,498.3949120113627,29.88416073135763,1.0,0.4921475696933968,0.19685902787735873,0.03421379773211667,0.06229425093733771,0.28727352686463836
455,0.5621652712317415,744.0909127654356,0.5607536603653179,1.0,0.7179855414246147,0.2871942165698459,0.0460032467503702,0.06746106436701571,0.31148830122663895
456,0.3344979994493673,736.9789253379876,4.294302268031621,1.0,0.39829876931102776,0.1593195077244111,0.03792576915804287,0.04631685921904875,0.21313315175150166
457,0.7615223439106602,522.7118352287499,44.1946102887412,1.0,0.5597997511659061,0.22391990046636245,0.03641919152553896,0.06747493228283048,0.3114212346410336
458,0.1678661946580467,554.5276258359673,0.49553566067338484,1.0,0.30833497810505955,0.12333399124202382,0.07442798294045828,0.0159184033953589,0.07203811904637691
459,0.23718483126417214,662.2885985346958,0.9386241828097208,1.0,0.2883330535363693,0.11533322141454772,0.031893917071058986,0.034512771307932545,0.1580782682426514
460,0.0461633164634876,633.4423562048582,8.317058191656919e-09,1.0,0.04094796977524115,0.01637918791009646,0.01200277261058068,0.009153960494454938,0.010616407321935925
461,0.014018575814638862,611.5574644904647,0.8393671849203097,1.0,0.03644964104110226,0.014579856416440905,0.0053755639038644,0.018193356470329023,0.02109700163215389
462,0.23959562670020756,468.28907827687414,0.027959241468776704,1.0,0.18002958774256667,0.07201183509702667,0.006108264899477295,0.15504309030792682,0.525097650037693
463,0.35979899332240184,522.4722910583823,37.957150012217255,2.0,0.7814961503844438,0.3125984601537775,0.0937959990377284,0.0596410449975254,0.15909028613060686
464,0.6871781980349579,511.3159351292353,0.243282912461543,1.0,1.1051707383831084,0.4420682953532434,0.07167174391361396,0.10136716582673477,0.28548561510533615
465,0.6622121977222346,495.3640663706105,0.44797307170248896,2.0,1.321492424731954,0.5285969698927816,0.05530533682498689,0.2733743044469093,0.5004705796843093
466,0.4022011793902554,759.0224090856793,7.834804729659219,1.0,0.3977195820794816,0.15908783283179265,0.013299431075429736,0.3897510081116911,0.6589856502840139
467,0.1657364408033911,529.2474775674783,0.3921131787033977,1.0,0.12254679121519912,0.04901871648607965,0.011636653085527542,0.1887984366181381,0.26423004775860537
468,0.7604951489329085,540.5805251058198,114.28136923311115,1.0,1.1240053773923417,0.44960215095693673,0.07145250303166348,0.13889123867917622,0.29052771967094015
469,0.7053794633569773,831.1210349065326,0.0250766475786761,2.0,1.1955650127679305,0.4782260051071722,0.10673551110155721,0.23554423980365077,0.31550110578090984
470,0.868478406900159,665.9262424711088,27.99596158963281,2.0,1.412378055280993,0.5649512221123972,0.09478776465338683,0.2547510755847263,0.3770894032547829
471,0.4196493023796709,841.2040650805275,0.9790352118430399,1.0,0.6172829071627582,0.24691316286510331,0.04234443200776026,0.05053574190534656,0.22717280804247986
472,0.553745739389755,602.6043039786402,0.4070124675749302,1.0,0.9998447017031581,0.39993788068126324,0.06690532297361546,0.051379176617973796,0.23319628631245193
473,0.8840648333775201,727.8357683821889,20.050838949854434,2.0,1.1040213669541283,0.44160854678165135,0.06689183071149134,0.06297029535933035,0.2738151698384723
474,0.90166713143668,490.10721930628614,114.65298514567638,2.0,1.5075714666650812,0.6030285866660325,0.08113712270282829,0.37235858639673486,0.4997963963161547
475,0.7595445841417642,505.36522716530305,0.4216669611536154,2.0,1.4948965438468333,0.5979586175387334,0.11084399124699643,0.038430472875334604,0.044796977951244675
476,0.4483693860992922,651.5880554221255,52.588356050784995,1.0,0.41704186253088044,0.1668167450123522,0.022504643231845773,0.05049942490977012,0.05846595153194568
477,0.3566594828379558,472.9483224164161,8.266093699819582,1.0,0.5002925438772752,0.20011701755091008,0.04329235978747625,0.040991388546372,0.18400292117171035
478,0.560026718270393,849.516823105198,0.013393709727261819,1.0,0.8283566844450431,0.33134267377801724,0.03561474948657,0.0814184575024812,0.372135834262984
479,0.7164160361030247,529.6104733844819,1.5193031894529778,2.0,1.3448258359966858,0.5379303343986743,0.08348050469418308,0.056492945114039475,0.2578262611154817
480,0.15121916015089543,661.8751212468718,2.524086661587054,1.0,0.12928346596598714,0.05171338638639486,0.006380254243103731,0.07023141605609158,0.32235082747025495
481,0.4524311687800403,674.3318415669632,4.9342034355298,1.0,0.41185592595137477,0.16474237038054992,0.04005012629684614,0.05934991213546557,0.17337131124352273
482,0.907970152360969,457.91118776498473,53.245411271574696,2.0,2.409539041682926,0.9638156166731705,0.1164167001266004,0.28789076784238243,0.4778513663829656
483,0.33486330599324693,675.1348846831112,75.09256098143003,1.0,0.15095932101394793,0.06038372840557918,0.011424373675001888,0.11520793936897178,0.1423522771075889
484,0.333866726397772,638.4761816747241,57.6749799628572,1.0,0.35227700398451006,0.14091080159380404,0.028016167967401497,0.036975239359674984,0.043119363144240246
485,0.16652524570172575,873.1808492849731,0.00043400532302141685,1.0,0.3660375580977763,0.14641502323911054,0.03344423483013913,0.04128305382258973,0.18838583462091357
486,0.17285111441162967,723.3458879505753,18.385766694344863,1.0,0.20232290170031397,0.0809291606801256,0.010856424028477309,0.07004666160807933,0.3204894117666281
487,0.3604478670706141,634.243863011395,1.4991453939399917,1.0,0.4646075897693506,0.18584303590774026,0.031692578119729024,0.10460172165207765,0.12871527673659813
488,0.4945656028744261,645.7280662587483,32.442264408581124,1.0,0.5059252099662209,0.20237008398648837,0.018736206738687967,0.09089482584616758,0.1076940513325977
489,0.30211117736426135,522.7546595304973,36.35535182178666,1.0,0.6488939882663541,0.25955759530654166,0.021525428886911915,0.08432253463910055,0.09767146780231682
490,0.24239490858640458,908.5619251845516,45.69381862438069,1.0,0.3167429701026641,0.12669718804106564,0.05021632228881814,0.26775819510693133,0.275318848354201
491,0.2373206548049498,630.112956111532,3.770341439328705,1.0,0.2496139868057774,0.09984559472231097,0.009248564801675928,0.43291755523073794,0.6401836438299198
492,0.6720484106132889,589.6911985557505,0.0007982785344284672,1.0,1.1046131576148914,0.4418452630459566,0.06578482255999399,0.3972823866236478,0.5105347559635642
493,0.02906733272199571,812.9863572445322,2.4130525443583744,1.0,0.040532080745552986,0.016212832298221194,0.008616745719152802,0.5130802789486413,0.4278736416542635
494,0.43140841173667416,760.1717621054646,5.856401500923527,1.0,0.824067207765611,0.32962688310624444,0.07068816469240326,0.043566852297420945,0.05175166206209143
495,0.16007008908743067,761.2515738398316,4.210412913383617,1.0,0.3457592107757155,0.1383036843102862,0.014488553737328493,0.08438182051684728,0.09983745811852884
496,0.2869349923557177,790.8400943236908,12.749842529138874,1.0,0.20574896099963202,0.08229958439985281,0.006645036581010988,0.10901169945525922,0.1289375185114812
497,0.49105080863340567,575.901326885153,0.01877465780419098,2.0,0.6251891591127338,0.25007566364509354,0.09171870792285498,0.029691751669753314,0.11310035095007992
498,0.8288215843280556,569.5097918074803,23.232206096299073,3.0,2.3912621742380953,0.9565048696952382,0.13081988900135566,0.08945507657532112,0.35521714523869596
499,0.9461484757785797,923.5467455318659,0.1123765936362929,2.0,2.092116188326313,0.8368464753305253,0.12751749161126844,0.05578778849529889,0.06462468549082237
500,0.6317685630390101,602.6673507570508,216.37677687065704,2.0,1.4061627570650002,0.562465102826,0.1693267472147424,0.028492337327119525,0.03303032273686121
501,0.4496469778345701,489.09191531999556,0.18740998798633987,1.0,0.5574236967488179,0.22296947869952716,0.03496379174413798,0.04445633255802491,0.05156402453882525
502,0.4473990902769294,532.8431269334071,64.1146058883542,1.0,0.365233449781006,0.14609337991240243,0.0265614720587038,0.03903524577629238,0.04531301245655833
503,0.3183874422937327,626.2091061629917,5.716786094385139,1.0,0.2581556824240644,0.10326227296962576,0.019110996698727636,0.046844679887780453,0.05546930520906851
504,0.26609852498798,784.9707070427161,5.886639316600779,1.0,0.24649195452251615,0.09859678180900647,0.016487938090056387,0.3349143202173582,0.42298035501457176
505,0.4205463837192854,595.3634259911254,32.03457676811102,1.0,0.6638042539514243,0.2655217015805697,0.06307136430544029,0.051884028554475256,0.18081942609096327
506,0.655050109131452,580.7678805479474,1.9909294270324684,1.0,0.825902025989294,0.33036081039571763,0.012912773856024736,0.4588452371670253,1.1094732480858602
507,0.08351218628782459,838.3763907813104,5.08383859484147,1.0,0.19866461692879192,0.07946584677151677,0.014991840937310185,0.2641097805874125,0.3518070865563041
508,0.49025286142823443,635.7389038341973,0.0008733941415128276,1.0,0.3356021927464176,0.13424087709856705,0.024322846084986787,0.2640236227955012,0.35687666507741006
509,0.43040852627705084,774.2447403815686,0.03990946915435651,1.0,0.43944173852003793,0.1757766954080152,0.03899229461514734,0.048405475627912156,0.18515693964034619
510,0.2181661907949518,648.0337221333509,24.55551943726747,1.0,0.28361576158000484,0.11344630463200195,0.03181502228874763,0.04914492851087346,0.15374951410959287
511,0.8130831054509011,772.6525555180713,1.5800201323906966,2.0,1.4866831978217783,0.5946732791287114,0.08669545006401846,0.1247636657751558,0.312360060881807
512,0.6354471409428522,724.4639590580853,0.5509332305270297,1.0,1.049701760496604,0.4198807041986416,0.06551594070803075,0.25099511600835744,0.39024666595341473
513,0.11704475814273348,696.1434527696017,5.859967662635664,1.0,0.11766332978828871,0.047065331915315485,0.0085003151474161,0.4065931363763559,0.47506695558968093
514,0.45933659984612246,613.5675456461535,1.578314173819165,1.0,0.4458317388016761,0.17833269552067044,0.023743323289620078,0.05759759377168787,0.06692442694670322
515,0.8168018130009309,562.9626060978544,0.0009397131792797345,2.0,1.2212548217022885,0.4885019286809154,0.09324172038569432,0.037546718368286686,0.04366913204375336
516,0.24171827755857672,466.49936545331747,2.0164262083804325,1.0,0.2659511287412722,0.10638045149650888,0.035734395598584295,0.02241594454909679,0.026200910262875732
517,0.3273790960319215,545.246384828571,0.11723324205998566,1.0,0.5521078949538746,0.22084315798154985,0.02425449423296037,0.09939985460020291,0.40569733443792
518,0.3456240419074654,675.8090998605858,11.021564438927427,1.0,0.33608247273551506,0.13443298909420603,0.04370154164996812,0.04070488635513896,0.14244908828901537
519,0.46496846108074863,706.7723968115353,0.00011620376937454454,1.0,0.9579529047028548,0.38318116188114193,0.0834538256334637,0.24693469192917744,0.32858304059700527
520,0.35267833472255194,598.4391830359375,4.647837337588791,1.0,0.3799651463061606,0.15198605852246425,0.036419214452725376,0.09663337338072064,0.11956737545855128
521,0.8661584002308711,812.4629790481704,16.082674784499215,2.0,1.0549109385160853,0.42196437540643417,0.11275452452567998,0.18915979728418655,0.2563888036770137
522,0.12165015787030391,469.56510399191893,14.06401304820837,1.0,0.13495128082775668,0.053980512331102674,0.012961450936012277,0.38417446847756415,0.4108002325212248
523,0.36079385905902794,933.2490839916261,12.395627648328732,1.0,0.24140164586052776,0.09656065834421111,0.024710527778944964,0.043406369391225406,0.17570619547761876
524,0.5463483904589063,580.9716272879333,1.0018473949632372,1.0,0.65859943280739,0.263439773122956,0.05318502835306892,0.054312580659170065,0.22292029323794266
525,0.4524651151845824,610.2833155802807,0.024843829462769442,1.0,0.7600297472143874,0.30401189888575497,0.09598910978296218,0.034577308829120856,0.143473377452273
526,0.8285896114265068,551.348118415829,0.014289744032802953,2.0,1.37070871926675,0.5482834877067,0.08789157995662358,0.0688773145130067,0.31886097460273627
527,0.5851981750093378,786.0631952668225,0.730630223698993,2.0,0.8474939448310249,0.33899757793241,0.06983020948589196,0.03990583629409477,0.046204821094395936
528,0.8149108563423959,617.8788595647478,38.913187049441184,2.0,0.9119534545738407,0.3647813818295363,0.059210990870105125,0.0505740530846945,0.05855231449197414
529,0.3883590298828822,535.897036539888,47.281903177402384,1.0,0.5291380709809181,0.21165522839236728,0.024024642859205265,0.12478496341063675,0.15201094325819298
530,0.17367311680041697,738.1944212354961,0.005623213485170045,1.0,0.2617983094495493,0.10471932377981973,0.02259514695370706,0.08605897894701645,0.10591650400804951
531,0.7884753572415848,653.8574591936878,0.08276970450552054,2.0,1.6602575374138417,0.6641030149655367,0.12881364826348715,0.32925322960353137,0.43286852395423303
532,0.1838897065570759,576.3109255339265,50.069004353821086,1.0,0.259090592734274,0.1036362370937096,0.02787003080162186,0.4733230888346177,0.49085301063816544
533,0.4810394968480825,670.0084594088327,2.422865978233644,1.0,0.5352654130535758,0.21410616522143033,0.05596980377312963,0.038202416103723574,0.045446034736536474
534,0.05373562801953867,611.1806521743824,1.3005398381200177,1.0,0.12573129704070915,0.05029251881628366,0.016218082265518435,0.053246576581026835,0.0652515095206948
535,0.38722676418604507,684.1809319010277,0.04058224541832033,1.0,0.8029985313773647,0.32119941255094586,0.08010217580055078,0.3019913021138157,0.3552276258869116
536,0.9086579693068902,773.8935466252914,0.06950863550958286,1.0,1.199683145839658,0.4798732583358632,0.07873887574379781,0.3167621323188085,0.4306351102229844
537,0.6850618048313863,787.8917696747247,2.8223374061867585,2.0,1.277146595548485,0.510858638219394,0.09165244305550489,0.052680463517526276,0.060987464675251256
538,0.8354039090948584,646.5041934615438,1.0947900831629855,3.0,2.3206480827992495,0.9282592331196998,0.23336134189232763,0.03047129766522217,0.0354743461132345
539,0.6194220402602741,692.1902326414748,0.005854821386188515,1.0,0.7359710333045583,0.2943884133218233,0.04172820645376976,0.05398307451658648,0.06284096621422838
540,0.6407345194996277,579.8446681291671,101.33763838755303,2.0,1.3242055860660695,0.5296822344264278,0.1032355434442518,0.2253573677994004,0.31442871986211474
541,0.3309378677849138,741.8524331761947,5.673432919766415,1.0,0.6568345589733583,0.26273382358934333,0.056373407448635185,0.19082032772686536,0.27438265457491895
542,0.6359763066139414,669.6995338064672,2.880575411068639,2.0,1.1305231659473582,0.4522092663789433,0.05464137018720952,0.05740525451286767,0.06666144568912731
543,0.13577725005672492,832.6458770963189,0.9210480611496518,1.0,0.09427176046574776,0.037708704186299104,0.010352977613122672,0.3937000374287871,0.39302110154141856
544,0.8329857134169371,515.3529455878628,0.002123318410755989,3.0,2.12634730296454,0.8505389211858161,0.19718337738180797,0.1545444824041331,0.24982589220668788
545,0.2842342913573132,539.4666650317954,169.69225007794688,1.0,0.34463723212963626,0.1378548928518545,0.015033943222370222,0.07235003879117918,0.08435804733204093
546,0.22292596075743698,664.167585964999,0.8172104636109184,1.0,0.2848970072949985,0.11395880291799941,0.020402913001765114,0.15331035419073283,0.2856081171506221
547,0.6919490078346632,660.4652229701959,3.7077392279513494e-07,2.0,0.9992415866056352,0.39969663464225413,0.0807330993942038,0.21497506110250095,0.3162607958966158
548,0.1796697303393448,661.8421190186143,6.012329595390385,1.0,0.24361394477395643,0.09744557790958258,0.027639465741646024,0.4155189211016012,0.42478375506249677
549,0.186586266177967,668.7900106774666,0.3753899255235759,1.0,0.28783031573801204,0.11513212629520482,0.007655928532431913,0.7017774542235813,1.0482671218895818
550,0.31150777342721464,456.0981110466124,0.006342739040808983,1.0,0.45955169324763817,0.18382067729905527,0.055312434287195275,0.35579897841883223,0.3841838732362569
551,0.889270934550771,756.7996414850155,0.8968422298972,2.0,1.746688535408627,0.6986754141634508,0.13223014952180537,0.06054014126733257,0.07297401223681216
552,0.12120869728701074,531.6735835121175,1.147506389840503,1.0,0.20264154287448413,0.08105661714979366,0.028110841201423292,0.04055813499058679,0.04938663261025464
553,0.06377544037455575,698.7834984091605,22.76113560826575,1.0,0.1470366930619008,0.05881467722476032,0.028925309752139895,0.4318502893715174,0.3770246651565433
554,0.32595145570171796,599.5052196827825,0.07759097462505371,1.0,0.2147446327588496,0.08589785310353985,0.004980047827958089,0.38828144862801783,0.8426622756715558
555,0.8205886138520955,609.3632174942281,1.8008153933952176,2.0,1.786569815975541,0.7146279263902164,0.10197957892330996,0.1578806925489994,0.34242788338955843
556,0.7089117338864392,753.0758219484916,14.175518777950677,1.0,0.8614243559493816,0.3445697423797527,0.0634028200863783,0.0657914524151047,0.22799971276004624
557,0.26267238550479116,557.3431700642122,23.32929218506523,1.0,0.25764460220272484,0.10305784088108993,0.023929725595109017,0.04097570583656632,0.1766552325332559
558,0.14519127989593072,692.3576794388578,0.31352221954403764,1.0,0.1768297817950042,0.07073191271800168,0.019589284091756802,0.02594924703106031,0.03012466853996948
559,0.4405923885039193,513.6984953333169,22.755722055329308,1.0,0.39417302672483445,0.15766921068993378,0.02902264594673281,0.039263111514996965,0.04546661996023906
560,0.834431668572926,798.1771701275508,1.027704071388332e-05,3.0,1.208472978946532,0.4833891915786128,0.15878065241289308,0.02362661908118236,0.027362175530896083
561,0.33287407738992786,865.128062180125,34.795641308474465,1.0,0.4583331294316554,0.18333325177266216,0.028497703411618402,0.06358857900432048,0.29091915770635457
562,0.31152874869932606,868.4184164898937,1.5986643365619406,1.0,0.36728612302373187,0.14691444920949276,0.035431504703156,0.041351719597335274,0.18790666160077044
563,0.3048018155186466,980.3151136450647,1.0313549744494666,1.0,0.5408077936562886,0.21632311746251545,0.039405574697819246,0.05431770187203068,0.2483030931453016
564,0.048649337364966336,729.948177772934,10.215961297470358,1.0,0.06954899904557561,0.027819599618230245,0.0030126288860665533,0.09211508128713379,0.418472938287149
565,0.8840018624965591,657.9071391713894,0.022827047317529204,2.0,1.222335733553461,0.48893429342138445,0.09847676381167682,0.05078324668245113,0.23461304928415325
566,0.15162747073017008,485.4739837054999,2.614442683795205,1.0,0.24232635497947344,0.09693054199178938,0.01865783685269445,0.05244545781242441,0.23337960549188005
567,0.4331720426875875,713.9092893733972,1.9952960614376125,1.0,0.44644455634148783,0.17857782253659515,0.05847520219176221,0.03052100638838875,0.13736302937689182
568,0.43622750926663817,723.2012032402536,19.76386119904069,1.0,0.5169578018089185,0.20678312072356742,0.021185616626775435,0.09533099811108109,0.4367462505748055
569,0.4185484249667157,715.171743764564,1.2653617088033658e-09,1.0,0.716987439324252,0.2867949757297008,0.03932611308725422,0.07174973431368846,0.32516186377764505
570,0.47767473916267594,597.7044397628623,0.3464929880475983,1.0,0.467278656061078,0.1869114624244312,0.03149705426157281,0.047003983437864584,0.05443771775923944
571,0.22551005814584563,679.8093339765635,37.18763554487516,1.0,0.1626822975652568,0.06507291902610272,0.0033445398293219506,0.14202667892404927,0.1650181770083637
572,0.5724381008165134,810.6929180465462,0.18257029376143993,2.0,0.9949888865717181,0.3979955546286873,0.0822328050523587,0.036237464393491604,0.042223543400158735
573,0.5984130200049225,718.0477563429096,6.408662912575852,1.0,1.005362034875238,0.40214481395009516,0.07895320412694319,0.21799834384654437,0.3154266452070402
574,0.2003573949475667,474.9083349226143,1.3784409671264135,1.0,0.21676808125265404,0.08670723250106162,0.018032709573168118,0.318412864821548,0.37991558664916064
575,0.19941059170265274,793.4507285695007,11.373104346877671,1.0,0.25548941022324706,0.10219576408929883,0.02587518367088944,0.07316712603466474,0.18376497628963737
576,0.0898070903897155,447.7902066598419,1.5947854387019433,1.0,0.05513901672833207,0.02205560669133283,0.0030423110035424483,0.1377806255910211,0.3398970844820342
577,0.6281554447698957,743.5402339253454,0.18953790758280264,1.0,0.849747279411536,0.33989891176461445,0.08677674051074155,0.19538891794245103,0.2599054867882652
578,0.3227454312449851,669.1828861941347,21.62356994642488,1.0,0.77918582434454,0.311674329737816,0.0626476921880495,0.22035552318724072,0.39491728038081536
579,0.7434357243121132,681.2400211476364,1.464191775855571,1.0,0.8256274527712234,0.3302509811084894,0.052599888001828146,0.3830171914611137,0.899463184077467
580,0.7329317235044019,684.0289501397423,0.00029380578663194324,2.0,1.0955929828452153,0.4382371931380862,0.09784061177751678,0.04972972899099887,0.05969183690276545
581,0.25854358472995287,724.7741082489573,0.013974042523458505,1.0,0.2212002172662706,0.08848008690650824,0.022027647570085258,0.4135164860793457,0.422935364536087
582,0.6649102818093144,471.03166876813145,2.9584082001894814,2.0,1.2635294232165284,0.5054117692866114,0.08844222103293552,0.3298050826058801,0.42816201532992193
583,0.5456210248032511,833.8959062105013,9.514738849115794,2.0,0.9060809951379684,0.36243239805518734,0.0973303642574304,0.038288726275343986,0.1590956144100407
584,0.537217971849142,572.3417011931847,0.08565526780031085,1.0,0.4856211044526667,0.1942484417810667,0.03182147572495562,0.37055500424477694,0.4654669068702061
585,0.4579946568701081,569.0336695590707,1.057064975803779,1.0,0.306383078275334,0.12255323131013361,0.028377616932964148,0.3421845120163115,0.3893947313792645
586,0.8176043526274186,745.9199551033695,26.60268844662844,1.0,0.9886092820360596,0.39544371281442386,0.09722267502226976,0.24727555443641108,0.3122322194740732
587,0.021085214200300288,544.2191595312015,8.773285633974137e-07,1.0,0.04996084601537632,0.01998433840615053,0.00448603561807742,0.6135269596610445,0.588102397741587
588,0.4246185600154893,884.644535765121,7.780894245563007,1.0,0.5279870766885928,0.21119483067543712,0.0366695238939828,0.36103243180160927,0.44631171944202197
589,0.6221285610614495,657.3287495162903,30.760729895886215,1.0,0.5772229515050404,0.2308891806020162,0.05602726936780168,0.31324156170156414,0.35716764307242777
590,0.8188834883604822,531.9535567342681,0.004403128872303456,2.0,1.290527525508433,0.5162110102033732,0.0697042313769392,0.23624578440504507,0.3978772869167587
591,0.5518903784188396,650.8995609614292,5.671451863847159,1.0,0.5250266053010746,0.21001064212042986,0.05728272524443677,0.02518571259572338,0.029180895410389766
592,0.16350665542583143,703.412751191428,0.08279013307256537,1.0,0.11495752039223273,0.045983008156893095,0.01814730207817672,0.017667252846587406,0.020495490411706632
593,0.7962275355391869,576.8215151160565,0.0004278089229246373,2.0,1.01065375921449,0.404261503685796,0.07679800554396343,0.21451221477536053,0.31666413811479766
594,0.35922307969809736,506.9521975300842,31.696717187416493,1.0,0.40899384937130023,0.1635975397485201,0.05653157170940407,0.07046448552375659,0.08735337019550642
595,0.3063505323926689,590.8747907165607,0.14961352313303136,1.0,0.3980333374767561,0.15921333499070245,0.025029381807371725,0.370602811794011,0.4766093447832577
596,0.1954800419110068,507.7733437321666,2.822331030218478,1.0,0.2588380562121961,0.10353522248487844,0.02737315888433674,0.14781720553418215,0.2315968080327671
597,0.30924326392059476,824.0773624129583,0.0006420559175897542,1.0,0.18182991678815358,0.07273196671526143,0.015231680416617266,0.17841858773942912,0.2864168664471035
598,0.7938597149576606,842.1385061109555,0.01376438565393108,2.0,1.6561453691670163,0.6624581476668066,0.09044466329274051,0.10769588770581953,0.31473549380741717
599,0.6725411300806777,704.7894598381548,4.502693076971209,1.0,0.9793303110310999,0.39173212441244,0.07378029954461796,0.09415126121678916,0.23988949919188662
600,0.37145917028003544,720.8804439559663,0.011093768875757765,1.0,0.2497184458945677,0.09988737835782709,0.02690540399851222,0.1135876652254536,0.2028993890050643
601,0.5441839154658784,622.0595251083321,0.4159397240035747,1.0,0.6855063593300674,0.27420254373202696,0.08931049703291744,0.09379687601831241,0.16862132614609193
602,0.3867794881023931,759.2135707329229,60.8694598647005,1.0,0.5640690301689825,0.225627612067593,0.056994652980048396,0.11113249699830838,0.21027385336500679
603,0.7614566545921969,587.3036498504187,1.4648994573823932,1.0,1.2240484019586766,0.4896193607834707,0.06602186763895312,0.054926280608699245,0.06360860201330444
604,0.8318319690777183,744.6499631290712,15.743775531575798,2.0,1.6769607571921015,0.6707843028768407,0.1653443306272174,0.030970207429413907,0.03585736226271294
605,0.5655087203438406,635.0745276779046,262.86197199065856,2.0,1.0441275850506098,0.41765103402024395,0.07371147639861335,0.04430036350979695,0.051316142525953894
606,0.58811558028826,878.3836295063531,0.6781493438031959,1.0,1.097598187521804,0.4390392750087216,0.09776813211933487,0.11676440253382137,0.23217499401317138
607,0.026926255891811197,655.0055034504137,22.60563127524749,1.0,0.08589189713761794,0.03435675885504718,0.006130265291799205,0.05183178910681872,0.2363103650009091
608,0.7305593953384366,529.4205720931884,0.00026825895543645354,1.0,1.023438193959631,0.40937527758385245,0.07888722488081895,0.24295077976243057,0.3655134521821075
609,0.7643904925857872,668.0081044193463,0.6530103283461058,1.0,0.9133268586201517,0.3653307434480607,0.05032564020577051,0.2914017538427733,0.4559886345297456
610,0.2470167077647189,607.810618614615,2.681172668827151,1.0,0.35357716280858287,0.14143086512343314,0.03387044946801168,0.050488931527579495,0.058442967155853655
611,0.552588692510392,627.1972210446121,8.788375722499782e-05,1.0,0.5549044962639327,0.22196179850557307,0.057162612725609706,0.04691308987245583,0.05430267044011909
612,0.036923900976582935,799.8699682423663,2.8021403882388567,1.0,0.04376877827993678,0.017507511311974713,0.004054456996027012,0.05438133383132962,0.06296045084120344
613,0.85924527250132,443.8410322349438,0.004840798093852239,2.0,1.674072087755003,0.6696288351020012,0.14086807843804525,0.060983788475707776,0.0705838385917193
614,0.8449684291573947,650.0685311515193,0.004645828027712999,3.0,2.657096823065422,1.062838729226169,0.18469907002782193,0.1647908237167545,0.3138358299790616
615,0.6784245841814692,678.563736147593,0.6956715090310888,1.0,0.9804064180023072,0.3921625672009229,0.08375674072893584,0.18230467369742295,0.29027135963342543
616,0.644625368016389,567.6190832511079,0.03383329065880327,2.0,1.1275238699872623,0.45100954799490495,0.07120305520723963,0.2001059537810116,0.3601618639275827
617,0.4847830761351891,798.8500653774274,0.6445310179496381,1.0,0.4242124985749243,0.16968499942996973,0.031130438802240055,0.47495144387363886,0.9578736347840879
618,0.5163936692483182,483.3185717380153,0.06981124395640385,1.0,0.7391584513991508,0.29566338055966035,0.05245013955521136,0.3315313015212296,0.44554780746597566
619,0.9843857110430636,780.3072595581443,0.7920798679003885,4.0,3.708604911251185,1.4834419645004742,0.2584024448759105,0.2317868852016603,0.380557064456687
620,0.18274253796002723,605.2365384451754,44.87759254441484,1.0,0.47104824894138275,0.18841929957655312,0.03240090267719692,0.3069488291371005,0.4345470111000077
621,0.6739019539214838,840.5556550046246,1.0697887857032238,1.0,1.0738244679056366,0.42952978716225465,0.05298995142747198,0.313345473143233,0.5119619591226547
622,0.3046209887617538,711.448273344398,41.00332989265653,1.0,0.2053207970722483,0.08212831882889932,0.019412186988558896,0.36080854850173666,0.41058068281902044
623,0.07131461256468097,438.28032351276585,8.642463070911175,1.0,0.08710325503460298,0.03484130201384119,0.00738154710171048,0.3544328588544874,0.4016512378565134
624,0.5844077725932871,664.6718324476267,3.0929864589614984,2.0,0.8705322639527738,0.34821290558110957,0.05618378214452998,0.07166713765595237,0.08616854991332246
625,0.22852524577232558,566.4565752471605,0.856887181276919,1.0,0.25978739122429356,0.10391495648971744,0.011881485168404145,0.08343525744872199,0.09915421668281055
626,0.08979872467035731,617.3040639272721,0.1483189680812108,1.0,0.06747412207304622,0.02698964882921849,0.009972221278196023,0.3037549387860736,0.3033800897324581
627,0.24528988668491847,886.5712005936679,0.0015450324831936776,1.0,0.34316942501597264,0.13726777000638907,0.014824423183977154,0.33388473446556033,0.5442170495137422
628,0.2591459830877324,582.4636838440737,0.04249240286592985,1.0,0.3078550628483396,0.12314202513933584,0.017931933156055048,0.49845968721759537,0.5766509967090695
629,0.6614528559443177,706.761823155999,13.60111842613602,1.0,0.7445887004189886,0.2978354801675955,0.05612861647640633,0.202554996439964,0.31381965312740934
630,0.35496263628949865,442.0347832448842,111.10327083074044,1.0,0.8939001761309927,0.3575600704523971,0.04517496123452478,0.23091020464390494,0.4151400236135673
631,0.33783856469496726,659.7898339263502,1.824983276895188e-06,1.0,0.7860886820690813,0.31443547282763257,0.04361648812173298,0.2270398569072332,0.390267616373954
632,0.34201862348704615,531.773531103467,2.1539645182006133,1.0,0.3520358645303927,0.1408143458121571,0.043972120286578195,0.037043193200663,0.044544226983889816
633,0.46077379038290733,790.8669092477828,0.0012757656714876677,1.0,0.6834888746389586,0.27339554985558345,0.05567416692091185,0.3352737526212841,0.40937774584517395
634,0.7118689792250585,805.6130060204371,7.480622009519711,1.0,0.6134028566530837,0.2453611426612335,0.08095881279928449,0.28882699400150375,0.3121539128484369
635,0.13818731630870543,505.1022667146606,3.100137390245999,1.0,0.09159578420653024,0.0366383136826121,0.02800164334475372,0.012771859467967796,0.05366022997646945
636,0.30041899934109645,754.2651623909911,1.4888757509374556e-06,1.0,0.5401452685549651,0.21605810742198606,0.0428451703479369,0.045865535856628725,0.19988767794086315
637,0.22285783064847234,732.3103956430789,6.94936764245833,1.0,0.5363460352262182,0.21453841409048727,0.050250884172008355,0.2573588124613543,0.31859522292482956
638,0.5490854369293632,972.7246734515954,2.4530099864456414,2.0,0.7735009226110234,0.3094003690444094,0.10141804367689716,0.02247359627065711,0.026137970407712246
639,0.5868259450910376,781.1611726769063,0.03552090738897398,2.0,1.0095365866829913,0.40381463467319656,0.0997434511311103,0.2508910737021187,0.3199502157814455
640,0.5522676148008838,635.352244030986,0.03809373426668711,1.0,0.4312178970439314,0.17248715881757257,0.04246663524158249,0.21497553455191706,0.2791777163407343
641,0.9588010887277395,802.4792877176474,8.45267148212708,3.0,2.8480602768205596,1.139224110728224,0.18953156962351175,0.05262548503395653,0.06181044976735975
642,0.5147825019821778,476.47819405057044,0.18376799703537794,1.0,0.37784712865077064,0.15113885146030825,0.019035585394922082,0.0768855288067568,0.35556418258944794
643,0.46095470777701764,687.6492567293936,0.11095368256308753,1.0,0.45753413816447536,0.18301365526579016,0.053401653405284334,0.031083163908054164,0.14270608932108575
644,0.4168144111417362,514.2314422914698,0.24085309094632484,1.0,0.21525679674972784,0.08610271869989114,0.012205361023746192,0.06375773984200855,0.29344165976346614
645,0.31179874518676987,629.5215105688765,10.217560699115053,1.0,0.24867824549497175,0.09947129819798871,0.05374986965388969,0.09003267711543601,0.1259764361970906
646,0.6227598296347308,680.2387023030636,14.11970626758832,2.0,0.9593704673997369,0.38374818695989477,0.06653170439155669,0.18198793075150366,0.31544201371417796
647,0.7167383575920899,721.9749538860583,0.014633460070703413,2.0,1.0819816854153466,0.43279267416613865,0.11729172256147727,0.3341567337258346,0.39187553983091966
648,0.7272418684686028,735.4893103757563,21.02911987560599,1.0,0.9669900775803543,0.3867960310321417,0.04292568258190951,0.08556500200012132,0.394849280277783
