,Use,Dep (ms),Fac (ms),Nrrp,gAMPAR (nS),gNMDAR (nS),Vspine ($\mu m^3$),$\theta_d$,$\theta_p$
0,0.6210105464344265,542.0339482709235,0.020825977071833795,2.0,1.727913443727211,0.9503523940499661,0.08733403319440199,0.16218355205981272,0.18772195825567353
1,0.9841065609231304,564.1830096665448,1.5693639473383796,5.0,3.352146766451395,1.8436807215482673,0.3158128581341005,0.06995063137488318,0.0825137686570377
2,0.6681721372493736,866.2110824138067,0.00022568560713912486,1.0,0.8696019757126044,0.4782810866419325,0.029082956169487705,0.27271371725977905,0.8899911488640078
3,0.9656455923984233,677.7149735513141,4.931653959047916e-09,5.0,3.196598756046913,1.7581293158258022,0.27725418446839173,0.13152069338181252,0.3675866028455845
4,0.43636144753574163,753.4484623957042,0.3639517133939419,4.0,1.2623088659050616,0.6942698762477839,0.2378946387268075,0.10541135271042629,0.20007630988094466
5,0.6347847372495596,799.2205237239325,94.23931217566921,3.0,1.5570301163896505,0.8563665640143079,0.13684673186661833,0.19995603002753376,0.416629456087656
6,0.7656946514801065,680.312293267891,41.075238211079956,3.0,1.6533475065775998,0.9093411286176799,0.12931752322773865,0.210743340390646,0.4580202562652968
7,0.8737610429236038,567.5212981360953,73.82506892708112,5.0,2.269336041715748,1.2481348229436615,0.12970163809816052,0.26169709605624025,0.6085609767904598
8,0.5895312146160685,794.6111840699118,0.07460209688435573,3.0,1.40737640886003,0.7740570248730165,0.14675238814126523,0.18637813852197857,0.36412521833408873
9,0.46708859754792553,752.6045985629955,12.869607164981018,2.0,1.2228143111154524,0.6725478711134989,0.0736833967792618,0.10297760974647925,0.11921015585911432
10,0.9522597646806895,857.8229013827405,13.096962388163366,6.0,3.9849388959889724,2.191716392793935,0.2911327728998069,0.08861013501899222,0.10266839345384374
11,0.25109649149307156,814.7387497031365,0.0015570184487292246,2.0,1.1849140234955147,0.6517027129225331,0.1529062210154163,0.29528934783339567,0.43248352778245647
12,0.8344092873537059,886.8217321898592,18.247416367308322,3.0,1.5188316963971327,0.835357433018423,0.14799509443588568,0.06468911380161632,0.07539811112859206
13,0.8662361668557023,552.2741946446216,14.2557496719444,3.0,2.0321823412696745,1.117700287698321,0.09664837164198874,0.22610572872854431,0.26168206440365194
14,0.4654678863036509,640.6369165131772,0.8290866129109593,4.0,1.706486514430946,0.9385675829370204,0.1972459883124519,0.07821712145678897,0.09454230141181463
15,0.24924195327470547,969.7860242237886,14.509300763172313,2.0,1.0285019730259786,0.5656760851642882,0.08314162839995935,0.14680557285762352,0.3752381583397473
16,0.6656082249324219,780.3356319113641,1.6606410914640897,4.0,1.726727726078666,0.9497002493432664,0.138611148792255,0.30410719632873456,0.5256251574742643
17,0.2554968952912389,722.5751150396344,3.0356011201906963,2.0,0.5401884130668644,0.2971036271867754,0.029765240508800875,0.44512412304231075,0.7731531901427017
18,0.5425638930534347,541.1221139973272,1.4610559998884163,5.0,2.0549150573145463,1.1302032815230005,0.3791393832169018,0.1902983333070789,0.2725573895561421
19,0.7834899086886525,653.0021657704036,2.1286291435899554e-07,4.0,1.5488468094627847,0.8518657452045317,0.21532394366314409,0.35020394763563617,0.44313600318807417
20,0.6235131801974015,756.2930263607464,2.6936990327406236,3.0,1.0034658199255997,0.5519062009590798,0.07253205662246347,0.07556554344262266,0.08811095862879943
21,0.07216133405677962,522.7846062101784,0.09615949349060396,1.0,0.08427714711147828,0.04635243091131306,0.0261239447585354,0.024342304416611223,0.029083057464617097
22,0.8392670215287309,510.94393392940924,24.774060728820324,3.0,2.313761248070083,1.2725686864385457,0.14606461836574836,0.08651776613620922,0.10088704822986014
23,0.9696053817776551,753.9352188901445,267.69934132549565,7.0,5.095617555540354,2.802589655547195,0.4043772561309605,0.3205933671654212,0.7560386579966984
24,0.31967589834321286,556.5574248520498,4.745505515294691e-08,1.0,0.4266107269948771,0.23463589984718244,0.05442045598941828,0.3928617037215235,0.46810500993052107
25,0.4941405699532503,814.5918193340868,0.21406851659893003,2.0,1.0117478380802283,0.5564613109441257,0.10854112376716347,0.34528474643014323,0.47440702113292144
26,0.4680108304530036,620.0270988196985,63.11486677231618,3.0,1.392229719851671,0.7657263459184191,0.08181866451706925,0.09233597840860167,0.10703705313253048
27,0.46109529301053936,475.9956979982386,23.085402211163586,2.0,1.5650196088919488,0.860760784890572,0.10169223981463768,0.10086396780050565,0.11677533015030091
28,0.569894289264631,606.4927539475815,15.475358315393569,3.0,1.5943852905058822,0.8769119097782353,0.16751219837409828,0.06610888304167485,0.07656752531473103
29,0.3023142749643678,527.2810963874177,2.246776996215545,2.0,0.6062884888314932,0.3334586688573213,0.05432460071127347,0.06878846984097385,0.08051346398653668
30,0.6113917826245243,915.8103680358771,49.85483892755209,3.0,1.4023503335657908,0.771292683461185,0.16813526302261142,0.05176104912363884,0.06016017816946443
31,0.5866501551318273,765.1544347063807,2.8503211738953445,3.0,1.9704303513579677,1.0837366932468824,0.1306574711781446,0.8806652427853708,2.4738431629763147
32,0.9434723822162238,753.0535855646452,19.103243663925703,4.0,3.522796451041739,1.9375380480729567,0.1583055982793857,0.16214118295831303,0.18766043671340596
33,0.7424962321158535,603.2665264606496,19.396598112504883,4.0,2.108192553786587,1.159505904582623,0.13579497498065424,0.09064593063982386,0.1052081966648616
34,0.3490552287295875,655.9729545874842,1.3709347629373596,3.0,0.9489982742767334,0.5219490508522034,0.05662709734191001,0.2423096013480096,0.5796167946850213
35,0.23437010263702682,620.7490271016494,53.97947835787709,2.0,0.5247129683359485,0.2885921325847717,0.10504255358909126,0.03148361916671634,0.03645167296558396
36,0.7021572168746627,530.3722418444426,50.51059708270905,4.0,2.7499059583242254,1.512448277078324,0.1635990145703174,0.15503079974033374,0.17946299757070977
37,0.6200973080074038,753.7263491268668,0.22911259518191815,2.0,1.4565366022458843,0.8010951312352365,0.11054452753155138,0.1022030777797161,0.11850362900335719
38,0.6719909799543521,858.9613941406574,0.012134341755064103,3.0,1.284552902560781,0.7065040964084296,0.09042816205807082,0.110050000312965,0.12759996648113192
39,0.25827021135413925,685.8170526232267,4.812625412565609,1.0,0.5069758334117721,0.2788367083764747,0.017781288487801132,0.18290699023861498,0.2117197049977387
40,0.874841469333273,785.8295401536277,13.982359988398224,5.0,3.0006165818553567,1.6503391200204462,0.26272726285816456,0.07328505233077573,0.0848297301733253
41,0.5502482495519931,812.9614791897445,28.079051692243013,2.0,0.9515770248771993,0.5233673636824596,0.054941448811971036,0.09675011405680195,0.11198188622532455
42,0.5461063451562498,658.4910370630273,0.01690558266035762,3.0,1.1181574866352824,0.6149866176494053,0.16470329985288037,0.03812251833465145,0.04423808850942752
43,0.15014716138550457,730.9761436957526,0.25300313531306284,2.0,0.47807649536197966,0.26294207244908885,0.042755652183265,0.07035843998710146,0.08147464036268304
44,0.8156119283387595,660.8679453415889,0.03609764152693771,3.0,1.220334304848376,0.6711838676666068,0.07017142325593756,0.15367872721844694,0.17788987393548295
45,0.24667984360824144,606.3450583667617,103.1841962591278,2.0,0.8193291327830676,0.45063102303068725,0.053781618371841255,0.4548903602136306,0.8029897000213985
46,0.5674236499335888,475.86064965273516,14.170316375035823,3.0,1.2421549790315793,0.6831852384673687,0.07982217529225927,0.3800122228613481,0.7324324975092344
47,0.6098680900477026,614.6644751533015,2.0991197815124614,3.0,1.990942129725711,1.0950181713491411,0.1781099737417752,0.08614256286028427,0.0997286313751888
48,0.38809030535595035,836.5669368202999,6.312297301570263e-06,2.0,0.9169995604770842,0.5043497582623964,0.0698366976891331,0.11324386651477142,0.13108162668235185
49,0.6599112219257414,640.8411639443308,21.432263909531034,2.0,1.4506643565441133,0.7978653960992623,0.07495370224518379,0.1343396693643354,0.15549734571188367
50,0.274940867121053,667.8786432781366,2.5999212805801704,2.0,0.7862557461195554,0.4324406603657555,0.06399469092956281,0.07517097578989154,0.08702208693128344
51,0.5530696893801521,488.94009215931624,14.46406035418719,3.0,1.4278364872469862,0.7853100679858425,0.10107396041833176,0.16372766987269838,0.18949771023276082
52,0.2560103327854,869.871696894054,0.04757429951017421,1.0,0.5805223917216071,0.31928731544688393,0.048654919318896,0.14045232720250106,0.16256599641605085
53,0.626774539399345,594.1571753668702,0.008061206326180721,3.0,1.7176481745585728,0.9447064960072151,0.10452126337739748,0.4770409689468335,1.0165443552386935
54,0.38053639664416844,660.8700322525732,104.99502631108157,2.0,0.7865844388539951,0.4326214413696973,0.09973893866316161,0.09384037790077768,0.10861775297307305
55,0.1654287483136452,933.6217321527502,5.997260170103585e-07,1.0,0.27584421125323033,0.1517143161892767,0.053030255508508525,0.0346789613340869,0.04016986169263067
56,0.7154600906350728,593.2158228668251,0.008938737441061207,3.0,2.137762922657773,1.1757696074617752,0.16107893414832442,0.09291045568061572,0.10805948448469875
57,0.6738341206309038,711.1529818680849,3.6689095795292612,2.0,1.3160875963218401,0.7238481779770122,0.05366881415874434,0.15929711984984257,0.18983355104030805
58,0.9903305922606753,674.5150987786841,10.455613288368669,5.0,3.3189507520736234,1.8254229136404931,0.2387887148911426,0.07101585118719697,0.08225211568663662
59,0.3607990466692831,877.2661048207585,3.427853938699425,2.0,0.7760220833653623,0.4268121458509493,0.05713297012776905,0.06585207271353267,0.07642067770796794
60,0.07289412009063986,874.8847717534318,3.30934592557253,1.0,0.11867710625686005,0.06527240844127304,0.027300908210111635,0.019862802711610585,0.02300358063047332
61,0.7372672278177377,575.3544210840438,0.002856086308080221,4.0,1.2586741400069135,0.6922707770038025,0.21578880177724177,0.14885535686428458,0.2242446564140991
62,0.6867049044536989,499.70300044892775,2.4362016340056334,4.0,1.9533338165001644,1.0743335990750904,0.14670412891766543,0.06618922298122304,0.07665973617410865
63,0.6177307460288409,624.669543025589,6.463658631716852,5.0,2.3536746231272776,1.2945210427200027,0.21418325067516772,0.0570727562972257,0.06609110317872102
64,0.6658318274933555,674.6697946317566,49.0731114341698,3.0,1.5887988646995121,0.8738393755847318,0.1684836086378198,0.08393409359407024,0.09715122337569336
65,0.49583774727635577,847.0687562663663,0.03683446057154856,4.0,1.7664901724652409,0.9715695948558826,0.16918564284801355,0.12063961813925408,0.13962650606557508
66,0.8303063798255169,748.7347161347551,0.6773854497948731,6.0,3.39171079991289,1.8654409399520897,0.3075107437228087,0.06386332201969688,0.07403214713585825
67,0.6426758390588776,643.1530282367199,0.08690755400636914,3.0,1.7691642585904934,0.9730403422247714,0.13124922065320607,0.2704558692525394,0.5101030986573525
68,0.4259213552824912,770.8836929825283,12.868465293636842,1.0,0.8707026997631448,0.4788864848697297,0.027498047071517075,0.1762157611118676,0.20566080843947535
69,0.2632552081299244,648.7263646651062,0.0011538202784186664,1.0,0.6212165266241106,0.34166908964326087,0.01446558817474415,0.28932467838643205,0.34317155923266013
70,0.6648039236598747,531.1100676247937,4.968995620138848,3.0,2.2810688861127444,1.2545878873620095,0.12772062154602037,0.0995796120716757,0.11541798772397015
71,0.11971108987152157,670.7821350886843,0.004456210914926464,2.0,0.3232868750873781,0.17780778129805797,0.04807859460856782,0.062184058838644585,0.07515244138757514
72,0.7230735724078293,800.2232919309167,1.5033287959928583,5.0,2.6265118381023265,1.4445815109562796,0.248377833497051,0.06448535762730412,0.07466055143590816
73,0.42422984760002463,872.8536958389014,2.337321679703701,2.0,0.795183220114163,0.4373507710627897,0.1139071491760946,0.04100661928775136,0.047587480342574096
74,0.39544761012126495,735.1786234548362,0.0001727287924199431,2.0,0.8126474604291034,0.44695610323600693,0.0502824355613397,0.09090032794952496,0.10553899489576964
75,0.12534645801219207,718.2073353258295,8.763732722384372,1.0,0.4772883874711286,0.26250861310912077,0.034542208294120184,0.08367848223398716,0.09820039530058225
76,0.6771222714926518,773.2098829585038,0.0012824827029602923,4.0,2.265420053592374,1.2459810294758058,0.102826799321328,0.15054703083548818,0.17442809700727355
77,0.3359859362039498,787.8609074152788,0.006794295922693378,1.0,0.2771573538696389,0.15243654462830142,0.029869149540862488,0.0538296140009196,0.06303807190519832
78,0.3474549538922746,760.4412830587945,0.264868560668565,3.0,1.2095460542116159,0.6652503298163888,0.07826158511718911,0.08047954264842314,0.09332475157818408
79,0.5390153123607002,907.4093410949826,3.388826994506441e-05,1.0,1.134507014873061,0.6239788581801836,0.027282365812962693,0.7448288097468914,1.6772115066741011
80,0.5798229116563917,672.3967675932806,0.4531553946919566,4.0,1.974076327212678,1.085741979966973,0.2193436360320211,0.05582127194355114,0.06463915827601681
81,0.8630142131079062,446.1786199186712,0.7471864285325575,4.0,3.721870024547492,2.047028513501121,0.2272963899206993,0.29150619062509575,0.337366770883343
82,0.24673047623837313,702.4107295432392,15.804159080178263,1.0,0.5092983286396617,0.280114080751814,0.034952463021777125,0.3075699920132739,0.35596134246944844
83,0.18700678885522679,678.4677951804322,1.217324042453724,1.0,0.24950616627394273,0.1372283914506685,0.025246250052663257,0.05588740282858489,0.06517137802133745
84,0.4794464093835877,593.1767297446575,85.4519391645281,2.0,1.11571170575031,0.6136414381626706,0.08732154395348567,0.07709527681208414,0.08966721037223145
85,0.5286378035151318,681.9447653627226,1.6047725726924131,3.0,1.2377289834393106,0.6807509408916209,0.1041948283112668,0.07924812704278844,0.09182825230550073
86,0.8362444585996356,643.3115000795269,7.652072687976316,3.0,2.273180858204627,1.250249472012545,0.16123630649957557,0.09862538940959187,0.11743896989892136
87,0.04359907530032676,914.7656480610909,8.968987050790767,1.0,0.14524659790253486,0.07988562884639418,0.0032348921068220235,0.25886667941011504,0.30294281147796087
88,0.5115100718007248,561.8828515930353,2.703142368000232,1.0,0.9079038938503127,0.499347141617672,0.03944603785430233,0.13110613922991687,0.15327146645380102
89,0.5549701595371396,595.5110528302005,0.006523456880980229,2.0,1.0737715895287407,0.5905743742408075,0.06627740020697695,0.11975182215775487,0.1407865020749121
90,0.3532484524937185,510.20453281135883,72.81852605483708,2.0,0.57862325668311,0.3182427911757105,0.06913451057477005,0.29859704543022697,0.4536198891903662
91,0.9976059566240927,923.9912739596126,17.274907674838687,6.0,3.572289556184945,1.9647592559017197,0.2734874563226529,0.25289223088823587,0.552649188272405
92,0.644820452756802,724.3070924076305,0.06231307284543652,3.0,1.6117143986685214,0.8864429192676868,0.06783138163925798,0.43225614629229137,0.995272619659737
93,0.5041374270694543,510.01685480261824,92.4498690302868,3.0,1.3640254296976817,0.750213986333725,0.15495634682131548,0.06754791252987224,0.08064891344543079
94,0.73045701381292,744.6957674332397,0.34210117259534906,3.0,1.927908053288098,1.0603494293084539,0.15746422880816052,0.09160790968457175,0.10906154621828196
95,0.8531261560955458,685.7875412358575,4.571402947290968,3.0,3.1526932042187643,1.7339812623203206,0.1933186377093726,0.12249284006779868,0.14613680370249862
96,0.8188363435091145,703.5078872687421,8.361172155941288,5.0,2.735206326758753,1.5043634797173144,0.2729415939475974,0.09049032289942693,0.10915827847940411
97,0.7739074815188238,667.693113742848,78.7922828813394,6.0,2.3289958484403654,1.2809477166422012,0.2315541896112304,0.07702486539943282,0.0918422348151273
98,0.4179845888019008,658.4116053309986,0.5246457315602813,3.0,1.5808906504935205,0.8694898577714364,0.17009853297924113,0.056096506920105524,0.0649538010739855
99,0.949565242758883,810.1621110325294,3.1338342625870896,6.0,5.21647434933909,2.8690608921364995,0.4251415464131249,0.08186008524602266,0.09477143942350204
100,0.41984939855112496,563.0500785160679,18.894583387784937,2.0,0.708786412989443,0.3898325271441937,0.04747201461767576,0.11904390435595313,0.1377958551239025
101,0.9088269131112645,526.4405156216384,0.3070098557780702,5.0,4.360144399638099,2.3980794198009545,0.2544145921158765,0.09622329980541564,0.11143933084383033
102,0.41525163558680694,491.8759511197516,0.007883139733810544,3.0,1.2380042984468689,0.680902364145778,0.09597007832737374,0.06433931405315119,0.07460006749151121
103,0.5945849609638523,607.016187948924,0.3679964113012915,2.0,1.4290336743277336,0.7859685208802536,0.10642944504843756,0.10216833867332048,0.11911644821445352
104,0.18583881582968242,750.6917159052915,98.61356039002764,2.0,0.8197288514991885,0.45085086832455373,0.10016188611060022,0.06567382256320309,0.07689863915732438
105,0.4807444627276342,768.5566365006069,9.743034481767937,1.0,0.7874323963309984,0.43308781798204915,0.01919949170523489,0.6024276373250732,0.6972077149015873
106,0.9162767085709275,598.7499142663594,4.1169158725485815,4.0,2.759672690442181,1.5178199797431997,0.1972343020229206,0.3493560526494521,0.6288223752165134
107,0.7885726307744739,728.5697871745174,68.58430198183568,5.0,2.8502459473291823,1.5676352710310504,0.3007222708425342,0.08003813214599137,0.09623812571259763
108,0.9200922886712841,747.4323018507976,29.28405070344053,4.0,2.36101281224746,1.2985570467361032,0.14126903774780425,0.10342646001391656,0.12150406145702301
109,0.03617652158532822,616.3492736396862,10.466296166375944,1.0,0.07289508251291739,0.04009229538210457,0.009509820277011772,0.8214381095466972,0.8606816607607699
110,0.37495689796556303,734.0153772700595,0.0069965625287168156,2.0,0.9826250805727818,0.54044379431503,0.18398227848867124,0.36959284200625947,0.45178096197906137
111,0.6927618636864289,728.7571797041636,0.05243297596673188,4.0,1.882680568759304,1.0354743128176174,0.16730832823675637,0.2091192144322615,0.24202429346205154
112,0.5769392629758486,575.8625631078094,69.46464549889299,2.0,0.8474547280787441,0.4661001004433093,0.07540874982229401,0.16558456603534838,0.19164974537232862
113,0.8941969524807978,589.7911690146004,3.187638614746162e-05,4.0,2.2735641624360228,1.2504602893398127,0.24852598078721194,0.049375530030327054,0.05787229151909692
114,0.4261970414665617,663.2282741540059,1.5269161276972753e-05,3.0,0.828900936171431,0.4558955148942871,0.1369583333172948,0.037063788858087074,0.042996106025728974
115,0.5555667507102473,799.8659111285314,57.404416305907034,2.0,1.1379907496848705,0.6258949123266788,0.08368790344632956,0.4031185900805682,0.6200056614805783
116,0.7808931932962959,538.7507647952945,52.32269878713934,3.0,1.6385499293871646,0.9012024611629406,0.1314125574821321,0.07048445430262007,0.08187846942336731
117,0.5018580077034038,501.0202896102458,24.187607252254075,2.0,1.1105815811099586,0.6108198696104773,0.0751311101199999,0.0835960160470724,0.09711311595569702
118,0.63198928033876,971.4953947729621,2.0167859530174,3.0,1.3285526548315616,0.730703960157359,0.08893867613028279,0.4038135386408428,0.7582653450235523
119,0.27299975646254904,729.37204255097,31.35451036718039,2.0,1.4018556068354833,0.7710205837595159,0.10948728090230442,0.09989129290268643,0.4629247047246133
120,0.2908080983873771,614.5567675302857,7.0894265835614336e-06,1.0,0.4649100889914596,0.2557005489453028,0.022188028539055802,0.2925529315916273,0.6892142814476769
121,0.45320811728431154,709.2331245801835,266.6651910401037,3.0,1.0379726942991163,0.570884981864514,0.10842466117622238,0.05013767577183884,0.05805768514182812
122,0.94005833008071,750.4205858361009,0.020539271064169848,4.0,3.060409240203122,1.6832250821117174,0.19354872322850344,0.2113570907060931,0.519806019920134
123,0.37473145237844924,646.5845368496811,150.4017040166079,2.0,1.082393390433349,0.5953163647383419,0.11836873067030401,0.04702907948155617,0.05446376291209356
124,0.5575321826336965,710.6422430171762,0.6480289051414665,3.0,1.219525241404059,0.6707388827722325,0.07484848653972265,0.31804421158102636,0.5819622996044789
125,0.21088721056452597,718.667351327415,0.3614278705958125,2.0,0.9377106943993364,0.5157408819196351,0.057930023705858535,0.10112239284504748,0.11973800833801536
126,0.7835556412261219,888.828797667825,4.290970959063767,4.0,1.518903845863994,0.8353971152251968,0.16830537301506854,0.04419253084423017,0.05117869304062309
127,0.8290326633074045,643.7528562445184,0.01344635188442459,6.0,3.211114519875929,1.7661129859317612,0.4088464113824634,0.14118029473463484,0.2839485333611071
128,0.10709799920613645,442.1866697880812,3.923175683693524,1.0,0.06923363901359869,0.038078501457479284,0.0025668369315281223,0.1285746813369206,0.148860382079426
129,0.44870931077034387,787.2443788053255,0.3273016474661954,3.0,0.7875772411444744,0.4331674826294609,0.10711264661247746,0.03612526963591301,0.04186033423769473
130,0.5770247461079401,673.9593709636018,0.2617071259259538,3.0,1.5619893108369756,0.8590941209603367,0.1641070129538104,0.10566384072692016,0.48990991538010475
131,0.7132322821962654,591.3153566192336,123.17759202915109,3.0,2.1255690281505513,1.1690629654828033,0.0946056189566774,0.25860417605117797,1.2003684521892317
132,0.9539211318994072,576.1788956634475,11.643825276424435,6.0,3.8947954010042243,2.1421374705523237,0.3221561584745653,0.11003097461518457,0.12734472588048013
133,0.25916046364774986,699.0894878451828,25.357086986224225,2.0,0.7315211416781195,0.40233662792296576,0.07405265328187867,0.05869000117589379,0.06794447164190921
134,0.5996740036753679,703.8195891734633,37.90677223118289,2.0,1.2712821167417925,0.699205164207986,0.06675914557663813,0.11629990564033944,0.13465597582377054
135,0.6609930188422155,780.351831648354,1.889961223839279,4.0,2.0984900634051153,1.1541695348728136,0.23381755055385683,0.05491662413550684,0.0635961819768301
136,0.6489006355455519,584.8440254606377,11.952711824023872,2.0,1.222592709088496,0.6724259899986729,0.10942361309937089,0.06269255887586793,0.0726245637178182
137,0.4568114597943719,570.0908510819299,0.0030396583168344764,3.0,0.9784409539555338,0.5381425246755436,0.10316987437047032,0.05353444377040574,0.06196373442665081
138,0.5711064195702339,718.675466118686,198.43759269334225,3.0,2.0389784080465976,1.1214381244256288,0.1977175959959428,0.0666828878748921,0.0771781015370411
139,0.1741015142267053,542.4734557575578,2.5665279940834145,1.0,0.33606251260668624,0.18483438193367743,0.01775170769081545,0.10721905663587686,0.12595915767634797
140,0.48965460585257115,589.8728560472316,23.147926780235178,3.0,1.3146437696274353,0.7230540732950895,0.07802371867994987,0.16974886498832623,0.4741802577009012
141,0.7007655406782475,606.9120619988608,94.36620575579742,3.0,1.8218830153332615,1.002035658433294,0.15002155572452394,0.13023907445578353,0.3475073188294906
142,0.6500715847395375,761.6234641078264,0.027889561755396516,2.0,1.5098393578854379,0.8304116468369909,0.12469700771453279,0.0666931023636738,0.07763446331858427
143,0.21214390756818763,797.864791763139,43.36447113916689,2.0,0.7146620518804983,0.3930641285342741,0.057888248523281186,0.07599218193218424,0.0879807366363591
144,0.4786974146494001,657.6097977395273,32.622911358783014,4.0,1.9830375841638437,1.0906706712901142,0.21243919507925937,0.05964538692036444,0.06904264531723928
145,0.3564529623359071,711.1654978456492,6.795274986371202,1.0,0.3013813273483353,0.16575973004158442,0.03635516367528315,0.05321074680172921,0.061608271975429084
146,0.3902544437437688,628.7816931585513,60.72363337772663,2.0,0.9247965194895481,0.5086380857192515,0.07035966027254488,0.2468542368159188,0.28573401914218816
147,0.456898026326714,747.2079208734463,0.5450737745911562,4.0,1.0744715522928905,0.5909593537610898,0.17136680447095107,0.1328563397940028,0.15379196124971053
148,0.6203678141478187,629.9069047769892,20.181045754699962,4.0,3.108159279490228,1.7094876037196256,0.2052001669619494,0.3181940565224007,0.36827900916707884
149,0.256289284424324,663.3120276147934,0.3018890617117726,1.0,0.5925080112451669,0.32587940618484185,0.031658411146947146,0.1220282328664011,0.14246881025648098
150,0.6697787946127947,515.4048455542309,0.12271499779279563,5.0,1.9627023736526132,1.0794863055089374,0.2421443392909632,0.05113527676660185,0.05921380054095611
151,0.35603448015811445,645.3798517272871,3.8332495622134997,3.0,1.2240369493552563,0.6732203221453911,0.10632887192484153,0.08823504325835996,0.10409266473584486
152,0.8943924133843405,880.1876652710554,0.1657757463241682,4.0,2.40451908633839,1.3224854974861144,0.11593548881952612,0.37862293994029417,0.8530449931510984
153,0.6476875463870919,634.5922526173717,33.56708630653828,3.0,2.2923054776899043,1.2607680127294474,0.11152612696461958,0.33980083389713855,0.7827204440102995
154,0.6296761839105169,774.1189770562396,8.972377381238754,3.0,1.5037635418653972,0.8270699480259686,0.11652028930657332,0.306799063813322,0.5985001453593103
155,1.0,648.7706278026051,0.009960892527116736,5.0,4.287980997450409,2.358389548597725,0.33632980021066516,0.2516837652561036,0.8132651454218888
156,0.9619784487913791,912.2013850666293,0.39373088304829895,5.0,2.9787641288908326,1.638320270889958,0.2938713754454057,0.11359048890717616,0.13147555008734546
157,0.6979943039716138,645.287017720266,0.2526749211161378,6.0,2.574570108933438,1.416013559913391,0.3287286421951323,0.08832470906239931,0.10223499066483864
158,0.9267563997987828,911.5398761301685,6.717215943535037,5.0,2.644336335384179,1.4543849844612986,0.2047508832991015,0.12788042718820522,0.14802211832576173
159,0.6677302397722708,568.9249890631985,25.424668922331126,3.0,1.7663613761685724,0.9714987568927149,0.1152990175695854,0.11217489988109353,0.12998001004080462
160,0.5017433855578965,470.9385661512458,1.8461357971930055,4.0,2.361653034440787,1.298909168942433,0.1266775901249866,0.1368499586036581,0.16143627257440515
161,0.7554290458837196,674.2203245309928,0.7104375821995945,2.0,2.1398049036738573,1.1768926970206217,0.11926870953179913,0.1390890073762063,0.16111761801403257
162,0.6417256657692041,804.867041060835,0.017339377203641322,3.0,1.3824152469478717,0.7603283858213294,0.08880857304653811,0.16943995015375682,0.4904048368680237
163,0.8489654340032039,640.4852469340449,0.04912843175492728,3.0,1.749729489935304,0.9623512194644173,0.07234727840044908,0.14598399113406685,0.16904884944234383
164,0.12346204186317578,599.3210512021467,1.9990375221205807,1.0,0.2600837553826273,0.14304606546044502,0.01003011729137193,0.17352969150187791,0.2047862469604132
165,0.7533412914198641,638.4431338620799,0.16978046607359684,4.0,2.355616465236313,1.2955890558799723,0.18440068407736673,0.08404825620938611,0.09875928146434836
166,0.6597518476646387,641.6745532552328,4.34964553202777,3.0,2.161506602036777,1.1888286311202274,0.22637175454660668,0.09607366694002274,0.11122687896203177
167,0.9452201145266608,586.7089395438228,64.17390711429,5.0,2.93420052979769,1.6138102913887296,0.2140471326096711,0.0900067479294753,0.10418100787040506
168,0.7014469234858042,560.5161257292182,0.003521107952333307,4.0,1.5275861308383105,0.8401723719610709,0.20063341882655344,0.223003111255222,0.35331665158532366
169,0.3902703711000156,645.0554027404185,13.698308523630839,2.0,1.359775889513731,0.7478767392325522,0.05544412506110122,0.12892971311190618,0.14937727660471609
170,0.4341762000003214,545.8259638209736,3.4290453236031904,3.0,1.6438668536973253,0.904126769533529,0.1986536840579679,0.44876923163870686,1.1266534640502583
171,0.40988939945521496,583.7654318439575,246.8269063608563,3.0,1.2679878054018054,0.6973932929709931,0.08211496549869211,0.642289552849842,1.7449386731453211
172,0.7658393705523475,674.8291450661693,23.318111340662714,3.0,1.5543214584618499,0.8548768021540175,0.11611673758784707,0.06761381727842972,0.07853196027262699
173,0.3598259205064858,627.7989411572913,0.009504098034412491,3.0,1.3124362565196812,0.7218399410858247,0.08464084306294982,0.08235770648903216,0.09550378249007568
174,0.9273289704854705,654.868162729175,4.699288026441756,5.0,2.641385215153056,1.452761868334181,0.3162323467384534,0.14489613225110043,0.16769373839952728
175,0.3212574727466822,665.3007619588299,71.3760778943258,1.0,0.8540517338895145,0.469728453639233,0.05101303301832009,0.0872141194112897,0.10109433515035642
176,0.3503691350025573,703.8889014609279,0.017735456741338567,1.0,0.7253842938287579,0.39896136160581686,0.035437004199485464,0.1285784999045279,0.1489757240696582
177,0.727736058649197,643.2752660381528,0.0688203270599202,4.0,2.320726995539828,1.2763998475469054,0.14289160335363882,0.2183812735174354,0.2527406005022722
178,0.8212905635619371,820.8941556622871,15.224775813582268,4.0,2.41985042563491,1.3309177340992004,0.19164063498222275,0.12689149116191023,0.14686254473850271
179,0.9969922046382498,588.892353452685,1.0681013460963582,6.0,3.4362908225433326,1.889959952398833,0.3434165598226903,0.057557088402399814,0.06671814963316344
180,0.18885502496431675,640.8710861671509,0.03785843178486986,2.0,0.36538297519556784,0.20096063635756234,0.050937981897523577,0.44729313187414216,0.4866872126160094
181,0.4099820366876443,727.0049591542386,33.33264356583891,2.0,0.8466519453729786,0.46565856995513827,0.1471409073680842,0.2170257729017664,0.29448695517761725
182,0.43856798596167296,721.4623177310351,6.6947256095633305,3.0,1.4044448306210193,0.7724446568415607,0.10673842466184622,0.1793044072204259,0.2075298801584304
183,0.6315103980295689,665.6901780343967,4.956261453709202,4.0,1.9931198781856,1.0962159330020802,0.2002596868744188,0.0632929491610671,0.0732631032463252
184,0.47200094816312027,751.3338663956151,0.13074838309936113,2.0,1.1275182006737943,0.6201350103705869,0.07516678449820247,0.10606019731818105,0.12627605373273204
185,0.3880376058028436,789.3665844474677,0.034462871066236446,2.0,0.9070128990449157,0.49885709447470367,0.08452841537943284,0.10504152480229434,0.12752537470758146
186,0.1831626081218857,885.8098252007976,0.08809253235442684,1.0,0.21195847755030564,0.11657716265266811,0.008327706313535374,0.12792231053395772,0.148081830274038
187,0.3562355216089667,598.7945836769933,20.118283680858134,3.0,1.4260953290065659,0.7843524309536113,0.11195550805700095,0.08467782359275566,0.09992207815295207
188,0.7170890065859542,652.7354149403361,3.4157643115753404,3.0,1.2006646553011868,0.6603655604156528,0.12788907028595192,0.052267113060875656,0.06092334618006877
189,0.723010463413161,795.6925131698243,0.03976240496446151,2.0,1.5199333520194194,0.8359633436106807,0.09220423282116542,0.27812824324128504,0.6223442418630148
190,0.4626562936528762,931.5745225242504,2.4978459416796577,2.0,0.9262674142928377,0.5094470778610608,0.08457433515959871,0.08154715977419429,0.0945183360462652
191,0.8404314096880959,640.7366035372163,1.8178176150588414,3.0,1.4471023841420043,0.7959063112781024,0.10089912913111246,0.10606922099153744,0.12288941970940674
192,0.7748073750077652,578.3219972874383,0.00029362353076647555,5.0,3.0886362424434615,1.698749933343904,0.24617131052841257,0.08810757011979924,0.10466556824383302
193,0.4601346870011379,779.7921687480388,0.1403670523999785,2.0,0.6271632404739255,0.344939782260659,0.044009454054935476,0.10595858296272495,0.12280387603634947
194,0.8915241257914547,657.4648845804203,22.758459858548388,4.0,1.8895704911037554,1.0392637701070655,0.14903683897988687,0.12530103583587926,0.36692567318723673
195,0.8794849192643581,581.4675264532891,24.88431472107572,2.0,1.691417366924799,0.9302795518086395,0.06312756499741416,0.14553388655064278,0.16957883285406855
196,0.4957902295159167,705.3873117577837,27.861853105715102,1.0,0.5093313015573254,0.28013221585652903,0.07153850275822335,0.265562522227706,0.3541171189575566
197,0.519258923556333,687.861116374062,0.019975076131546518,2.0,1.2306137768485739,0.6768375772667157,0.06472617905444747,0.8325766102015215,2.4917218159430283
198,0.721437107701827,594.5637822493677,0.0006793779108454735,3.0,2.0015505045866266,1.1008527775226447,0.13473747834853775,0.08798097090706317,0.10193342184142894
199,0.7635443218590902,611.8868844696589,45.38082751932448,4.0,2.0675676068148365,1.1371621837481602,0.1870519762038372,0.0670302980611812,0.07870865986334034
200,0.9856674305085315,697.7805516125638,0.15824560935717497,7.0,4.926502582034425,2.709576420118934,0.3810947853596885,0.08402079804064869,0.09733156099609598
201,0.8204076406470031,580.3246552652406,31.33032490805659,4.0,2.833831278369193,1.5586072031030562,0.1689122934902298,0.09384634837780961,0.10893269423197745
202,0.24612525559755133,684.1340058185774,5.814845728306148,2.0,0.4344323351313624,0.23893778432224935,0.07179153374302177,0.27013754846771676,0.33383379593660156
203,0.7599769865025988,655.8914574107915,0.001103342778578317,2.0,1.0517028800222892,0.5784365840122591,0.07691073399980111,0.08565454641299881,0.10107018725177291
204,1.0,917.3697625196284,3.9292588332781015e-08,6.0,5.173277965865797,2.8453028812261887,0.3950116840389859,0.08840764424416438,0.10233613605247244
205,0.571768055081085,608.5717714948527,6.136963867243486e-05,4.0,2.1172193527167362,1.164470643994205,0.251230546242084,0.06815299287650399,0.08189008226947228
206,0.6630453361127197,580.3730860820613,0.029921463442834532,3.0,1.5510507108695297,0.8530778909782414,0.12595043733549957,0.07501955623030845,0.08813195278720232
207,0.6266180119775715,845.1348319279681,15.143913194949784,3.0,1.0159277274088596,0.5587602500748728,0.13052380631160485,0.13219528475961134,0.26877620729942336
208,0.814823160618947,562.01800376631,6.124248305649341e-05,4.0,2.4318662882765367,1.3375264585520954,0.14871040684867504,0.20317592995463912,0.5176663606781305
209,0.9102505801371559,568.5245100362613,4.591974792573301,6.0,3.913682094317713,2.1525251518747424,0.4253537005706138,0.19468715127244773,0.2253155836406332
210,0.39208955133142503,808.0440236007869,0.49860354071115026,3.0,1.5625611274785265,0.8594086201131896,0.10049737476272495,0.07769967359893029,0.09042834031424245
211,0.4591920053420315,727.5097960049592,9.618651048907218,3.0,1.4598260327729504,0.8029043180251227,0.074774570467482,0.11494668450408942,0.13304166569409087
212,0.16243999166150477,667.2584899632519,1.220109846772487,2.0,0.41256111252407873,0.22690861188824332,0.05103465785752706,0.0847635740489529,0.1035576922372463
213,0.9505745252282938,687.6531555893074,43.2544136922305,4.0,3.225750596450322,1.7741628280476773,0.2692909186327292,0.08734202055787987,0.10468172320913206
214,0.801135455909727,741.9789601290952,0.49894674095665287,3.0,1.6282142494250365,0.8955178371837701,0.11468996316632525,0.16417222514050583,0.4551663939164037
215,0.3999091746890211,638.0915289816353,0.0007729373098237379,2.0,0.8127232185948713,0.44699777022717924,0.06922260171771588,0.09810869859016862,0.11703653957107421
216,0.19615975921118922,587.1128013913356,2.66941012869567,2.0,0.4731735137379564,0.26024543255587607,0.03322793033685129,0.08717012253644432,0.10184422688821382
217,0.45001696904357036,479.4371017118358,0.07992138485880174,3.0,2.145247240901018,1.17988598249556,0.21511787370285407,0.07883361106059958,0.09369364034413837
218,0.53327616164976,665.9095903147145,16.200774062273826,4.0,1.9350062227713198,1.064253422524226,0.1880194015972612,0.08159145586431457,0.09699036631091232
219,0.8937206443151262,643.5085073755348,2.748088005312998,3.0,2.8806212986244977,1.584341714243474,0.28677128394431706,0.07738792531223983,0.09181013478198471
220,0.7457954384580346,786.0615839306523,130.1652559883367,4.0,2.1664586513017237,1.1915522582159481,0.16452818753995566,0.07784477069052889,0.09066831888584737
221,0.23112009576373124,581.5551879221633,9.74513541520226,1.0,0.787156274221781,0.4329359508219796,0.038788342333922456,0.38275405538369917,0.4429722933599911
222,0.7877650982166295,648.3238102247947,31.346478775234456,4.0,2.3136868331740765,1.2725277582457422,0.17132355638861368,0.25380138710609,0.29373091012051944
223,0.3598315671262559,671.4368030791752,0.7733411410158186,2.0,1.2211850175387922,0.6716517596463357,0.11683027080405445,0.05277838896640541,0.061211054096657766
224,1.0,581.6907949325397,0.03492380021183507,5.0,5.326271480096367,2.9294493140530022,0.23473144984895147,0.12193254344970167,0.1427902786365669
225,0.46421043721923927,829.1448703974208,0.013108115660634969,3.0,1.681228964182777,0.9246759303005274,0.11970062069877561,0.340680959830828,0.6090358730919778
226,0.5018767855289298,515.5425077118774,0.0045439610159461,2.0,1.5247651727734581,0.838620845025402,0.08639197146472807,0.10387405074752698,0.12040955013420822
227,0.915336963776617,671.3035613506904,0.01943762744764858,4.0,3.381028449223838,1.859565647073111,0.20864896131815727,0.18282886166686896,0.21163789454666823
228,0.5942880728131178,595.5468067684102,0.0006527079462760086,3.0,1.035899246898449,0.569744585794147,0.07803841348449049,0.15290175519364116,0.17702325704155955
229,0.9955985746773477,641.1562079368254,6.903960965018368,4.0,1.9178372185018007,1.0548104701759904,0.1973608427098206,0.12345639318596588,0.1429215961154735
230,0.10632613073632184,500.31419675245223,8.752650452016569,1.0,0.42088148950601434,0.2314848192283079,0.03832501869466692,0.060312170471999486,0.06983778766458446
231,0.5932423647350289,770.559758881546,15.236971190142539,2.0,1.1633133199448182,0.63982232596965,0.11529894176273207,0.06568164861130893,0.07603152228989193
232,0.6451956369024126,627.05562775642,0.012246806986403963,2.0,1.1111715761585859,0.6111443668872223,0.06603364446001507,0.10037553978448864,0.11661344757987883
233,0.6618391923022188,663.7868846212779,0.8504109795733972,3.0,1.4845526035804484,0.8165039319692466,0.12293688126361521,0.5037980292825979,1.4196934479187926
234,0.3796549774769678,721.5151935140979,6.549879906830339,3.0,1.6931024173954556,0.9312063295675007,0.11968625174304355,0.10712971375575508,0.1240648813845064
235,0.7812830796383563,579.6452755228867,0.011544084420177781,3.0,2.0408256128714473,1.122454087079296,0.09543419816819883,0.12042500230181048,0.1393947850455034
236,0.06573889954213481,550.758717092625,0.7898346255402091,1.0,0.32726019064000167,0.17999310485200093,0.036399988684817954,0.05136285697609744,0.06007676994646456
237,0.5458054071950315,840.4932739689281,19.11373319931041,2.0,0.8592280209761368,0.47257541153687527,0.03701041631269876,0.12087743016007899,0.14009134097924456
238,0.387485447574656,844.0493263179244,3.3416041996387364,4.0,1.6600774327938304,0.9130425880366068,0.185158921653194,0.5144518431169892,1.338095203670199
239,0.8285143884228776,976.753174981777,1.378592319583799,4.0,2.314726892478271,1.2730997908630493,0.24138356644616724,0.4966620452833087,1.3335766035774193
240,0.17831790843664005,643.6871081665508,91.49430772366166,1.0,0.23608819423153585,0.12984850682734472,0.01816978863947922,0.06766992026313944,0.0783957167811408
241,0.4535553999463797,782.8956031077709,94.10857419106739,3.0,1.0428732083578565,0.5735802645968211,0.1419868603608383,0.03931561642690957,0.04582590964224717
242,0.5391735584830796,558.8236821118752,1.0758383443584354,3.0,1.222988121718914,0.6726434669454028,0.11411320502107226,0.2501765717130496,0.28953635628554336
243,0.2595882604142596,920.2962450237817,0.6005311723294519,2.0,0.7808764528239874,0.42948204905319315,0.03678464126713423,0.46368096062934416,0.5366274478145239
244,0.9402806585262218,736.6323873559897,19.480865545360377,5.0,3.6760985328952533,2.0218541930923895,0.14495897774890673,0.5165485918090834,0.5978059897395461
245,1.0,471.8666025999009,1.1192489582523562,5.0,4.648653902077819,2.5567596461428006,0.2869307969506614,0.12297794107479332,0.14232862572851324
246,0.5431630924060947,438.07898788543775,32.63795172739671,3.0,1.320152218177717,0.7260837199977445,0.1480758438138078,0.16634805203757447,0.3149130190178253
247,0.5413383596108918,732.0393809938492,63.912030864573296,2.0,0.8780770523306856,0.4829423787818771,0.0771821564952948,0.059358059773234995,0.06888611885312396
248,0.879246886878646,754.122539858259,2.0943865563763293e-06,4.0,3.52817761782825,1.9404976898055375,0.21899504353389007,0.09521657661051015,0.11040576684806079
249,0.5074980576750978,683.1256121613311,5.979715984655412,3.0,1.1938711659240604,0.6566291412582332,0.12561690476616205,0.25504022165514956,0.39768523811733236
250,0.7994202498920648,791.5074284245236,8.497122087051136e-05,4.0,2.475308860206983,1.3614198731138407,0.1487094459977812,0.5121871311155699,1.2723043103214458
251,0.36662422081235163,911.7254401935908,0.01078643377389353,2.0,0.7043241585549591,0.38737828720522754,0.09537947012622011,0.3608865856786294,0.43847153904696984
252,0.666772501111438,482.57338904275133,0.0015888750291196106,3.0,2.854608918137756,1.5700349049757658,0.22384627389634792,0.32805285979491383,0.6332419537317735
253,0.8225727139890833,748.4167788992415,33.810382543127574,2.0,1.5244550578443228,0.8384502818143776,0.05934553628635606,0.4272315508888806,0.9172188312200872
254,0.14713069712066795,697.9446152794029,5.53290606251005e-06,2.0,0.5361509542046667,0.29488302481256673,0.06504694954954153,0.05613314332708027,0.0650262167805042
255,0.5229881456755446,618.0403521225323,1.799514423496773,4.0,2.189527229666766,1.2042399763167215,0.2442020634674324,0.37043094254983083,0.7314871641397893
256,0.5080879794734992,869.4444891287512,0.2544985098744496,2.0,1.881959830103056,1.0350779065566809,0.07674562467204828,0.1524610854398468,0.1767199457018815
257,0.19196089650743015,563.2525580185103,1.6447859178169777,1.0,0.5806712009509317,0.31936916052301245,0.07538633996784233,0.04567442005442146,0.05289069496536411
258,0.4453319781351239,659.9228772153167,45.97853045292552,2.0,0.7641977642106632,0.4203087703158648,0.09805569384861608,0.05731677729306138,0.06638155008272167
259,0.5342219204422238,692.2787263951508,52.666655256782896,3.0,1.749508329302089,0.962229581116149,0.129493239520101,0.6413495392116262,1.8285767402432325
260,0.5884556840201504,533.5030863871665,19.43327715564073,4.0,2.2996441080819663,1.2648042594450815,0.2535998872216731,0.1052605158253162,0.12183155742296929
261,0.46100744101079133,836.8822514232378,20.914050131032944,2.0,0.9918662721107426,0.5455264496609085,0.07315404281681333,0.07350421820044606,0.08527394002725157
262,0.15566599866691366,828.9656590962431,248.13510220831395,1.0,0.4373295357053956,0.2405312446379676,0.029699275775169186,0.13091815540852786,0.15864832274080465
263,0.6169725897736704,662.0309860376834,1.325052770958772,3.0,1.6454857010020405,0.9050171355511224,0.09059496864491959,0.1264192601643867,0.1510568115731418
264,0.7924269101545882,624.7814044189267,2.6405226727913913,4.0,2.771938033300722,1.5245659183153972,0.19594638670332476,0.09021941091699914,0.10462151035331599
265,0.46848644300246195,590.0627322237135,1.5320698854275967,4.0,1.6039947012052507,0.8821970856628879,0.25604768459904437,0.040903878918298886,0.04753141136771193
266,0.6556933230805929,756.9464086427731,0.9435602413365783,4.0,2.339254852397504,1.2865901688186274,0.17463364975798176,0.3598414345315412,0.4164484271917652
267,0.36443959795589276,766.4574934916295,15.183017266199792,3.0,0.6740974693528591,0.37075360814407254,0.1409241651127965,0.026320338655880283,0.03046829626204971
268,0.965408941782845,594.8779066134856,1.2556708851984986,7.0,4.812700376722436,2.64698520719734,0.38036536281842204,0.30379590955507596,0.35158913453086377
269,0.26205164695543776,751.1287716233604,2.2779764830526257,4.0,1.3097719842310407,0.7203745913270725,0.18497558869265043,0.08576851935988229,0.09926618420283745
270,0.16576838858487533,688.0641323918558,4.940017198959841e-08,1.0,0.5124063143482827,0.28182347289155546,0.024048159492642072,0.10887935375944334,0.12602042545130393
271,0.9415933180102226,647.2142882315184,50.247418341890715,5.0,3.0713558793462035,1.689245733640412,0.2754619594184337,0.1517142599243212,0.17558599286302698
272,0.3208382481450181,660.3674363696471,4.381413028531349e-08,1.0,0.6022661441928316,0.33124637930605744,0.02349553961087435,0.1603292415343052,0.1856015143911483
273,0.7566173875265446,454.83607763623877,1.5024511584824647,3.0,1.4897242374605588,0.8193483306033074,0.13691730462329912,0.059074101951785384,0.06861321974449487
274,0.4202926146202561,747.5533544054301,0.29809273445395484,3.0,1.234253840691047,0.678839612380076,0.07601642137843759,0.11136929655589387,0.13196250702597673
275,0.7127861929727383,690.3168319142874,14.643216856093316,4.0,2.5626211133690258,1.4094416123529643,0.20060156646798644,0.10596881003640585,0.12723339235737985
276,0.7973200234116331,711.8626524704711,12.730000012579726,3.0,1.571522879094494,0.8643375835019718,0.16740274058567892,0.08663467352941769,0.1046303619997562
277,0.20664533803065077,480.8262687315359,75.45275360393813,1.0,0.32183320225372325,0.1770082612395478,0.030927502661307806,0.05651636257430574,0.06555439020152859
278,0.4034035782514418,636.6762033596933,30.096301859820997,2.0,0.9045299722498141,0.4974914847373978,0.07060058506320374,0.07440077379336564,0.08611457555928526
279,0.28966783608062574,878.0497170891828,11.522945327857805,3.0,0.9796654481275064,0.5388159964701286,0.12921549879953131,0.05004879800339042,0.05909386728142221
280,0.6838052090374194,670.3161377732372,69.3931945581553,3.0,1.726277847556007,0.9494528161558039,0.09217940294385882,0.1034217178063807,0.12011529551916696
281,0.6633615520922803,683.9518376959646,1.6551915329765033e-07,4.0,1.711800121884673,0.9414900670365702,0.16463464427813432,0.08247450356828426,0.09962852324686944
282,0.2511633156616177,584.8250647008841,63.19748882114413,2.0,0.42751801589754607,0.23513490874365037,0.045683227567158945,0.09573146295714056,0.11699397463812733
283,0.3672969571987024,652.8817012585556,6.9527248252136316,2.0,0.7790765076551206,0.42849207921031635,0.07576138468602683,0.05194127966203101,0.06018297240142336
284,0.8882754427557279,706.3979746203657,30.238082224188048,3.0,2.4334243316426614,1.3383833824034639,0.11459898408257095,0.1393995883695253,0.16134219107004288
285,0.7819002860739008,568.2322007788973,29.54793822716434,4.0,2.0067577062145903,1.1037167384180246,0.20739985147153367,0.050487736421551736,0.05896828686199071
286,0.7973533985276618,464.0890540366431,6.404159452260886,2.0,1.6981942158980512,0.9340068187439282,0.08852577902045651,0.1147891978025412,0.13576164071864297
287,0.4257218666594132,803.7246906074439,0.0009383115662810349,2.0,0.791313259613544,0.4352222927874493,0.09483485282483355,0.05634219144177103,0.06719561504235358
288,0.35834775065611474,592.7538526727973,0.00013341688892839438,2.0,1.0162421116343294,0.5589331613988813,0.11264233838297749,0.052142698384966976,0.061469820698343496
289,0.3284970531150526,506.42748766359114,15.90188156909041,3.0,0.9721258376284216,0.5346692106956319,0.11223424636743437,0.05858894742458917,0.06849813871605798
290,0.29212367148718393,565.3142776899675,9.539963197583505,2.0,1.2982137303060568,0.7140175516683313,0.0693981469429413,0.17186945231477216,0.19895938673443303
291,0.26937826743677096,607.9169443430806,0.00032157732674949424,2.0,0.650363173071705,0.35769974518943776,0.08074193872051713,0.04987824666723708,0.05778802471737181
292,0.5424431111642317,664.2208356266826,60.32183392552127,1.0,0.6456427741002321,0.35510352575512766,0.0740497707104441,0.1095856602394663,0.12689476712932307
293,0.5283969969437265,634.1519532022712,3.9221678759233356,3.0,1.351760629974471,0.7434683464859592,0.1612381959792416,0.06285887005960933,0.0750333607132636
294,0.8090287526626924,666.096074985654,0.9032231535471928,5.0,2.707969629441354,1.489383296192745,0.28051700711955074,0.10234578305688803,0.11870979902144253
295,1.0,723.5232411950893,4.480064098317859,5.0,3.709012465638733,2.0399568561013033,0.2887997738119341,0.1335456166636915,0.1548146358984667
296,0.37594349705509406,739.1723317667353,0.0025366966324023264,2.0,1.1347356086579863,0.6241045847618925,0.05345152369572407,0.3014973392051868,0.34893437884035505
297,0.7402887143868578,613.0138109684711,9.06285755916728,4.0,1.6610196934462695,0.9135608313954483,0.15054101058353708,0.10145816921328439,0.12266755937801144
298,0.18937612611308396,700.0469198451075,3.792837572107267,2.0,0.8662556580590627,0.4764406119324845,0.04432509775213823,0.47833005216384117,0.8859517960964742
299,0.3331751344505366,609.0868050879128,6.423677202839825,1.0,0.5051775485776354,0.2778476517176995,0.0569452411646555,0.3627621744669807,0.48947190723789247
300,0.6870058198138183,746.8713872929197,9.720561873044431,3.0,2.869260844315028,1.5780934643732654,0.14217448956220574,0.36449702685354923,0.73968809180298
301,0.40869988887483155,733.5127110514433,0.02105175947840022,4.0,1.165822649425357,0.6412024571839464,0.26119060154435114,0.03559050287890707,0.042653905503101226
302,0.6999224240581012,525.2379293299066,72.59221619199728,3.0,1.7051061864915913,0.9378084025703752,0.10114535460120835,0.1037987121374546,0.12106894731080133
303,0.5552959876537554,481.48855415157607,3.9199220019933403,3.0,1.2294792424867966,0.6762135833677382,0.14816407451009733,0.05294329210165902,0.06130051373062471
304,0.5425687947130385,461.8793538046968,3.0843872561376293,2.0,0.9831004659719182,0.5407052562845551,0.05121464268824772,0.10246398496937385,0.1185992062540668
305,0.20826977526450005,521.1148835989403,2.5467784145192316,2.0,0.93611695583361,0.5148643257084855,0.02032863403986394,0.2681063780533948,0.3164269205251355
306,0.26293009516483784,694.6592666125961,1.4682288409928028,2.0,0.8691423496950579,0.4780282923322819,0.08519351833914247,0.05356150087210081,0.06200996358826765
307,0.3008546983233301,821.6574508409695,7.87185667173318e-07,3.0,0.948379035798027,0.5216084696889148,0.08596348954740675,0.39561698571341175,0.5791998596556165
308,0.4764304801685191,841.0934769412215,12.050236343954731,3.0,1.3062374609387046,0.7184306035162876,0.17507151707337254,0.3115404363126931,0.4236598873831778
309,0.8218339701683396,553.0225950066007,18.37034896922391,6.0,3.7781842669188967,2.0780013468053933,0.38336038070362927,0.21070922919185536,0.37019643674335756
310,0.9878294635221949,725.4591233178388,0.7213532823432207,5.0,2.7944547709572527,1.5369501240264891,0.2964499381976665,0.05218887111001304,0.060479654662910595
311,0.8303134000302766,497.7682558974564,1.9603452549614822,4.0,2.006784093198269,1.103731251259048,0.13504678028551892,0.3316297376467012,0.5657873312634356
312,0.006295477592862745,892.8019475552383,56.02009244951266,1.0,0.05411883055653344,0.029765356806093393,0.027069012580215133,0.38097411521375496,0.3188118890182688
313,0.9720960483483394,491.46111302566413,0.047874354935834806,8.0,5.788067396585063,3.183437068121785,0.4578446296669194,1.2528566963630585,1.4499274238094373
314,0.9267948836817084,624.7546237919817,3.792471466018842e-08,5.0,3.138519543189971,1.726185748754484,0.19332134287788305,0.3547363716081935,0.41054847772599073
315,0.3953195891844877,731.5799508953462,0.0030377163275844016,2.0,0.49970265288165633,0.274836459084911,0.08678808467935274,0.2501437453266474,0.3035618174020044
316,0.9517495901869899,725.0213530179019,0.49436946363179046,6.0,3.0791278612833115,1.6935203237058214,0.31816817019887034,0.06186272925277596,0.07183190153679798
317,0.3522735518860405,706.1982722069508,0.2554452393082247,2.0,0.4888285854284788,0.2688557219856634,0.07849778597562891,0.062460684849114795,0.07229562901127398
318,0.7805419201193806,646.386395576418,13.665442773182903,2.0,2.007326244736249,1.104029434604937,0.06495028104309544,0.17560433311870075,0.20366903460301222
319,0.5416392553385452,648.4533965165017,100.76614358639993,2.0,0.8770057161040179,0.4823531438572099,0.10977395472816802,0.03953536822804023,0.04583923698818347
320,0.7851682059505892,645.9645437250912,10.01272815235999,3.0,1.9729653952231914,1.0851309673727554,0.15712713139747964,0.26819550639653705,0.45489747347565945
321,0.6576695669710009,988.7953696906159,10.465440951902467,4.0,1.9754594847450047,1.0865027166097527,0.17103703153764058,0.07372755840756573,0.08768904021278044
322,1.0,868.6723406112005,0.00405224311803554,7.0,5.274454368674343,2.900949902770889,0.3955200186072364,0.14304861556769724,0.16555494154099096
323,0.9978063437445132,620.9492937458739,4.438042056229213,5.0,3.96823237603997,2.1825278068219838,0.19024114600501496,0.13947842763736884,0.16543137840333866
324,0.6760215197093683,782.6541964488684,1.496277878231668,3.0,1.078679377490625,0.5932736576198437,0.14303073280292533,0.054975214114872516,0.0656983082842629
325,0.7551930570185575,815.0852230063737,26.436754233905123,3.0,1.713417965818087,0.942379881199948,0.18887371279107076,0.04615110687032619,0.05359763045497396
326,0.576124592284392,744.9861145341657,70.11503003084272,2.0,1.110152151372123,0.6105836832546677,0.13406544241751567,0.041786451636145645,0.0484307916376461
327,0.7427348447165582,761.4117887227229,14.397891444724149,3.0,1.8185447988425598,1.000199639363408,0.1287932016697831,0.07468272615068386,0.08649134955704042
328,0.7048860192181129,797.1922653512954,60.005911912871355,3.0,1.1997637397906138,0.6598700568848377,0.12988209345414817,0.05016058051168615,0.0580982829578732
329,0.9933192426198756,757.3972573071812,37.28732062255867,6.0,4.624894191355765,2.543691805245671,0.2817041097704472,0.11517923875116674,0.13330711310674806
330,0.15086204665888767,812.4227625250176,96.89677089076226,1.0,0.35368596135899555,0.19452727874744757,0.041558006318937205,0.32335104084316507,0.4210245388637055
331,0.5712684892839468,563.0715327750654,9.054881681815443,3.0,1.20944156412725,0.6651928602699876,0.08759061181167828,0.09221827399524929,0.10945271473495714
332,0.25546031371879785,723.5303058533365,0.8357944737557136,1.0,0.3856625135354739,0.21211438244451067,0.036591196231717506,0.058049429677708916,0.06791703864202693
333,0.7318071641872991,781.6315675927331,7.27898354071317,4.0,2.424965960499898,1.333731278274944,0.21014723248272663,0.14650226383555937,0.3584230249204601
334,0.4380209617873685,724.8491555005199,1.601874502903421,2.0,0.5684355017722246,0.31263952597472355,0.08144290197448109,0.034666616552190596,0.040145108005489434
335,0.10058932976076772,573.3516090552283,5.146165521630913,1.0,0.11351876138385204,0.06243531876111863,0.009256998117020186,0.42646907471583767,0.5652589175558386
336,0.7024393020402645,815.7468559498896,0.003444479960532703,3.0,1.4491888353898263,0.7970538594644045,0.10829282959529492,0.07200092522785861,0.08387478651363853
337,0.1389131558905223,709.981497718774,0.0993380997482326,1.0,0.20744227470631976,0.11409325108847587,0.041896318158350786,0.06078482427948777,0.07465898494858006
338,0.24384261130788548,718.9667983993278,23.008259235691813,2.0,0.5190860489673159,0.2854973269320238,0.04874587172343236,0.44105655294534996,0.5749539654341544
339,0.7374709471390904,525.5548774134985,0.006637511635680705,2.0,1.2214976498260435,0.671823707404324,0.08553958474758584,0.4189019597039509,0.6685997886592265
340,0.24782415806493138,539.3770428106931,12.343526199215304,2.0,1.429322158873391,0.7861271873803651,0.05670893659419241,0.19344422943996947,0.23089425470425307
341,0.52148245053425,773.4500626239249,76.4745109933366,4.0,1.7058120819076708,0.938196645049219,0.12531757060410606,0.11958141942672612,0.14389917545601674
342,0.23213303721300282,881.1081842386803,5.085014661799472,1.0,0.25389742897766254,0.13964358593771442,0.02123698019773136,0.1458899142540979,0.17831422615883658
343,0.8268615760965475,607.0864588900863,3.2661836353420757,3.0,2.01879754746522,1.110338651105871,0.1092819834836473,0.1966419443397382,0.5680837843379914
344,0.25746155250934405,470.51009968842334,0.5275342467699686,2.0,0.847553400350503,0.46615437019277667,0.09077629778245158,0.37975057161372194,0.5264490017515085
345,0.5756043079674813,480.14351240486474,2.683397097874318,3.0,1.8738508832100775,1.0306179857655426,0.12643417512713145,0.20839148784674927,0.502509813397616
346,0.13186434518418239,744.2131148315005,17.62789640940062,1.0,0.29857297955201006,0.16421513875360555,0.02291135596089882,0.14918547864901788,0.17267503639080006
347,0.14653606346941223,561.8392266237505,0.27886875134056854,1.0,0.2497886268710896,0.1373837447790993,0.01867758086292794,0.2689952305892377,0.5028569184619687
348,0.32663569575470613,570.728344134851,54.34695993276815,2.0,0.7238108955642528,0.39809599256033906,0.08505584996727095,0.04731169337655143,0.05482839886640274
349,0.5486892686785321,589.0686976034341,81.98201071477376,4.0,1.3532053764755099,0.7442629570615305,0.2001759517929471,0.07532841549118854,0.09127287831466271
350,0.5073215270367041,1072.653687433641,9.0358326938711,3.0,1.218941046241446,0.6704175754327953,0.21427617754691716,0.041267152520235835,0.04902284627637293
351,0.5780343218308545,825.8459776806743,1.4602470461135923e-08,4.0,1.5551106688237168,0.8553108678530443,0.2468873770750697,0.07038621991349354,0.08529737930338405
352,0.30334522231585953,644.8815864872926,2.8125768620307996,1.0,0.7437373714474518,0.4090555542960985,0.03716528968812003,0.1765285587707297,0.21115555582553458
353,0.23650478744279102,832.2208026904284,2.1105983664247723,2.0,0.4790691341777615,0.2634880237977688,0.0533260528236535,0.05251258539348442,0.06132886831207372
354,0.44155317229458874,987.6097809065184,178.16437683564058,3.0,1.6558069799254214,0.9106938389589818,0.14175419477991003,0.07423254883514273,0.08660751071412641
355,0.2782461730569844,600.3199027268763,51.20547113739955,1.0,0.8435936666317359,0.46397651664745476,0.054314632955451594,0.09762753768538876,0.11490284771847152
356,0.7513663569858221,563.4682484911117,0.1506226819801766,3.0,2.076643245972266,1.1421537852847463,0.12235208740543739,0.21018546418234718,0.5711186674923008
357,0.789251761719998,731.0802506108461,0.0799899353852669,4.0,2.7019373534172053,1.486065544379463,0.16687313531954445,0.19596780103227562,0.5414020855996642
358,0.2264672919679308,732.9685698004641,0.0033301263587412547,1.0,0.5487179570307413,0.30179487636690777,0.0675221848642264,0.19114605765808276,0.34459041928482864
359,0.7385281768880415,651.1368315851454,0.0075408276448955674,3.0,1.3657977040450329,0.7511887372247681,0.1286426539340823,0.06053052914314339,0.07013425650224994
360,0.36677331759929227,604.0392815808156,2.9353772316301727,3.0,1.156769891938043,0.6362234405659236,0.10112632191695557,0.07184077301884281,0.08331127951117648
361,0.5667885833358207,715.8543951837389,1.0842735832118642,1.0,1.09374340495043,0.6015588727227366,0.04246919547889921,0.16027259108846892,0.1857084480224499
362,0.63028100150353,717.5440513059299,0.3005678237449953,4.0,2.0443369101452364,1.12438530057988,0.11652032011948903,0.09975768184408705,0.11568985701312304
363,0.7210634007288358,690.4462825908153,2.2951959481823985,3.0,1.6070687068948426,0.8838877887921635,0.14403567199419864,0.13129535743945514,0.15199214378665668
364,0.6708063164682364,788.561686108297,2.812035037395345e-05,2.0,0.8980901828076335,0.4939496005441985,0.10559345754376409,0.04838215319013884,0.0561903064671838
365,1.0,596.6813074618412,2.167010484042132,5.0,3.008222733425467,1.654522503384007,0.1612093843186237,0.1117801588804255,0.12977091009935346
366,0.609058967229408,670.5583347114045,5.5672776966306206,4.0,2.1932851435975405,1.2063068289786474,0.12937105271314123,0.10788267371916614,0.12497018224308147
367,0.4409113148926727,506.4893855454203,2.6819243387696052,4.0,2.396082585474977,1.3178454220112377,0.18194830314935156,0.10457710811041271,0.12476582916028647
368,0.7745825579925797,739.3043051473547,71.59863918908356,5.0,2.618693119998731,1.4402812159993021,0.3365694582533867,0.06957162401219817,0.08360819558347807
369,0.3032911972723347,923.9018157782936,0.3059468512692363,1.0,0.43008213046195365,0.23654517175407452,0.024602420414465746,0.11891492567529055,0.14002847385629558
370,0.9257427900513518,830.6528985885238,1.057054992892271,4.0,3.254579622379268,1.7900187923085975,0.22202166444344348,0.15562954160696907,0.18014888732488493
371,0.5482783512786544,675.3519324053593,0.7402125634545224,2.0,0.8562865545499402,0.47095760500246714,0.04104376875541325,0.5099274350523576,0.9398143439100894
372,0.8828486326938789,592.7552361915083,9.496742163903535,4.0,2.5569207787645825,1.4063064283205204,0.17501826945515872,0.34088905955675014,0.6462491602587472
373,0.36959717835330813,551.2780111058776,0.060173856597067324,2.0,0.6312804269970633,0.34720423484838486,0.10136208664973984,0.31948809557560665,0.37856106115750665
374,0.15036828523925738,813.3749525381526,21.389644926524102,1.0,0.682850790269829,0.375567934648406,0.054868248943269055,0.07343430644021191,0.08518197239469892
375,0.5809912400522403,768.1539030843757,1.028032698977366,2.0,1.1035015276599494,0.6069258402129722,0.06323333444272786,0.38513806809183004,0.4457295855493685
376,0.4394908731937618,751.1757875866749,0.9359320497021373,2.0,0.7530308073927021,0.4141669440659862,0.04243094969459007,0.16628137958093145,0.1924553612911975
377,0.6989942136950789,410.7932372029002,7.947070421573028e-12,5.0,2.523429783717926,1.3878863810448594,0.20547377448996287,0.10838468446743656,0.12544459963409513
378,0.8714807959888203,836.1793690846077,169.17345181933126,4.0,2.519402336580818,1.38567128511945,0.2315849965634007,0.19425439091476976,0.2248164633047678
379,0.7137851463964672,723.4686832564349,20.16306306506325,3.0,2.1445663147180594,1.1795114730949328,0.21163171744558407,0.3342076108774298,0.4986884117131497
380,0.40198492481636655,728.8855959169325,4.962460504373971e-07,2.0,1.3331324022121405,0.7332228212166774,0.06346986954256223,0.3782346961354958,0.4377396326745196
381,0.09371819263820931,807.6824289714124,2.742885287401565,1.0,0.16275309727898324,0.08951420350344079,0.030317576688282485,0.09649226308519604,0.11946573718164383
382,0.5291823124427472,587.8398940878837,0.09346504580433695,3.0,0.9742353797379486,0.5358294588558717,0.06827129683956694,0.12755042971537572,0.15369769419743606
383,0.46470133176448575,654.482800167432,0.0012204590712018859,2.0,0.9432539767711103,0.5187896872241107,0.06386155435688429,0.29486114608886993,0.55792684194212
384,0.2424068874643788,621.8424567028076,1.3271298835295555,2.0,0.461022000185169,0.25356210010184294,0.07566573738324127,0.0425472698857939,0.049250482850406764
385,0.16790483539413462,576.9348208541254,19.709194375544797,1.0,0.38790359041177896,0.21334697472647846,0.07439835340011784,0.03631511233529353,0.04224870024513683
386,0.37280557398945235,796.6959674292484,0.08250828376962455,2.0,1.1039289793959788,0.6071609386677884,0.07500327464065831,0.09873481215398765,0.11448596246501767
387,0.5577947427409982,624.4375047847999,0.04069036292146428,3.0,1.2232266150392506,0.6727746382715879,0.08803030108658243,0.17194547741060437,0.19900783445953213
388,0.5399766902976445,685.9158552628068,23.173293638373178,2.0,0.9796960579516668,0.5388328318734168,0.10689395110777292,0.07872810134974433,0.09114890452524313
389,0.8135581060423327,963.6900458072222,0.04109475542175162,3.0,1.3809565911077846,0.7595261251092815,0.13871006893916854,0.08524211566004661,0.09868441945452495
390,0.7451662184477744,863.1732673944674,60.134304010513546,4.0,2.4900573308001257,1.3695315319400692,0.14074305464606288,0.09393044392867925,0.10875884420943396
391,0.5920891647019575,773.6728802483995,3.5159380560218736,3.0,1.3662701445784278,0.7514485795181354,0.152441950026237,0.10590405167695913,0.2608684409998595
392,0.5904904505995099,560.7852912519705,0.6834637589304331,3.0,1.3875172674946126,0.763134497122037,0.07381665711713926,0.09841819396771302,0.11395783422958433
393,0.543892309692274,811.8752709837969,1.9749068666956564e-05,2.0,1.3350982489998118,0.7343040369498965,0.10316665885885064,0.09084100206117313,0.10861897353858635
394,0.17363821183555012,731.951753887861,0.714626310146697,2.0,0.6027012732589748,0.3314857002924362,0.07070661185923499,0.04215411943198988,0.04879648853361232
395,0.5052346841778432,527.0032375799573,20.435829714785992,2.0,0.8211047445865175,0.45160760952258466,0.10892275641133714,0.03761527298147302,0.043647434799195715
396,0.546137300640309,673.7246162650117,1.505547970102742,2.0,1.0647669096037367,0.5856218002820552,0.0743324930667525,0.07066439560683421,0.08191039045948734
397,0.8146866226364813,706.3555295812498,2.42353751882709e-08,4.0,2.987100526112362,1.6429052893617992,0.21103344533392782,0.07087790724204678,0.08236503485309032
398,0.5816693718252578,1048.2916112445896,0.058562874573261856,3.0,2.4710688946914523,1.359087892080299,0.1712632810152858,0.08071854792676357,0.09383683403288458
399,0.27061012218861114,702.4500497412314,2.8881604531621533e-05,1.0,0.700670723281399,0.38536889780476946,0.037371969999042874,0.46032572251150344,0.7373926400527778
400,0.41955572619763404,729.699494966475,31.419643603753887,2.0,0.5716778257678765,0.3144228041723321,0.06319874026270936,0.04562586346575325,0.0530821602690777
401,0.6814692125905244,723.748108425147,0.006398046504792482,3.0,2.4221890587282897,1.3322039823005594,0.1340915389753522,0.11943011599980505,0.1382788420036268
402,0.35310013578994964,606.803800776907,4.606203013503257e-08,2.0,0.8259221608458004,0.45425718846519025,0.10483737288688712,0.2962403554025511,0.3773714806868412
403,0.8155617968646444,751.5461342976284,1.097338503033631,4.0,2.5277053357539754,1.3902379346646865,0.25737814877999915,0.058497729594903326,0.06798590649818677
404,0.9433714276316875,725.5581773380666,16.313187336664058,5.0,2.571693234256324,1.4144312788409783,0.23810103811732544,0.06053931530881869,0.07007294693507186
405,0.44351149163858583,803.2302116509367,59.493032919465875,2.0,0.5818497151238308,0.32001734331810694,0.08974768186589646,0.1113924483430524,0.23356708501067872
406,0.3141126419687272,737.067689359042,1.6060823066271253,2.0,0.8430474791221056,0.46367611351715815,0.04848279434607283,0.5016853749667244,0.8070531677529085
407,0.4838509846670265,628.6115825949544,1.9069065198228383,3.0,1.5370352915872085,0.8453694103729648,0.1733820585907424,0.04619770827723177,0.053651025232797
408,0.8412662214846237,593.1966414942327,3.4348115666221375,3.0,1.9180622449007698,1.0549342346954236,0.14688580652948846,0.07576639082142432,0.08770813547240566
409,0.756877956847273,586.7404355606171,62.51149108166664,4.0,2.864208770057272,1.5753148235314995,0.20842591087592824,0.09484515591058584,0.11294882548616404
410,0.5565416568365495,647.3995382255126,279.5432148635919,2.0,1.5145448976095408,0.8329996936852475,0.08587789570902643,0.09340597301491137,0.1082225366609161
411,0.7535566823959904,635.9453571588228,0.27990438636636883,4.0,2.8828466582310073,1.5855656620270542,0.23356903952817684,0.06621745667451977,0.07696265710141215
412,0.6552180415540266,710.8385168837154,49.791248512012245,2.0,1.1831615669044278,0.6507388617974353,0.15833369163823202,0.26145657683525825,0.3593560931219544
413,0.37196387806358255,729.5637984351268,1.0972268090192817e-06,2.0,0.6756524177626544,0.37160882976945997,0.06558573695471685,0.066957206441619,0.07756860089380696
414,0.8191788639425053,579.8902867296258,15.590559182884874,2.0,1.2670681853128178,0.6968875019220498,0.04326359408442318,0.15019268498765626,0.17391735166335012
415,0.5963556247850436,597.0922544741036,0.029776117046393193,3.0,1.814388031074862,0.9979134170911741,0.10237833095397304,0.37834274829652015,0.7362850259043618
416,0.5280876555004698,792.3518202417425,30.19374982592656,3.0,1.6299399479049272,0.89646697134771,0.17848381716436207,0.25731002631091765,0.4126215449682886
417,0.15386230011549965,797.5029441064695,2.4586072084096617,1.0,0.25262926578405087,0.138946096181228,0.03383965661806,0.03769701581995476,0.04380852037350792
418,0.5305158834277736,732.794884304894,7.082186433952142e-05,2.0,0.8002729429318105,0.4401501186124958,0.09063973265122957,0.044335908157742805,0.05171258278373985
419,0.24247693622223185,591.7016582061754,5.205713905001138,1.0,0.4303467488051169,0.23669071184281432,0.02669302425009602,0.0783682041721248,0.09136406186243498
420,0.5535504903542134,829.9152451947771,20.73281390216759,4.0,2.057487380821748,1.1316180594519616,0.14791591197987938,0.45787521023614036,0.5300178003631828
421,0.4954567298689423,560.0535931163558,7.979997464838115,3.0,1.0706783221692842,0.5888730771931063,0.13565663461716962,0.03737079474941348,0.04343177004374216
422,0.137921494681733,535.0792729598833,5.969521970700489,2.0,0.6298189606503715,0.34640042835770435,0.06303743433666802,0.0473362499762372,0.05495811797087451
423,0.5510714902792649,747.8202954337463,2.3277615159761034,3.0,1.545682216521649,0.8501252190869071,0.10602480326268626,0.3670963893178516,0.6542658909501151
424,0.3131500363595226,705.7257488186041,1.633657287497841,3.0,1.399703825920738,0.769837104256406,0.09750984575299433,0.151450278358189,0.17533342372233365
425,0.9969339211440058,649.1361797944885,1.136901766787922,7.0,4.330091003927694,2.381550052160232,0.4938295403965361,0.26078183858057413,0.3018326756053498
426,0.428318509560216,705.4639325964192,7.917396130093222,2.0,0.583745492080494,0.3210600206442717,0.03506399852216537,0.5086842041518281,0.5887728947029564
427,0.3460523667184276,771.8856063481055,3.059595402602539,1.0,0.6302243791909791,0.34662340855503854,0.04112387371670797,0.10070893577949624,0.11657259188046701
428,0.6428839747758313,647.9268267758428,0.0016357828251557347,4.0,2.2659433639984115,1.2462688501991264,0.1817271476443765,0.10916577463791469,0.12635027450957234
429,0.8748864827530487,911.2072760559331,0.1588195460571941,5.0,3.501535731169121,1.9258446521430166,0.26263763299137277,0.13634366358639835,0.15779964663437077
430,0.4344600837304648,464.61388526345587,0.005982657086133062,1.0,0.6029154054464548,0.3316034729955502,0.037124680218136585,0.07784343587604038,0.09014893581929731
431,0.5348943890424841,668.0351160505427,141.94357695465922,3.0,0.9426037774929281,0.5184320776211105,0.11145930278765427,0.04010347723830842,0.04655424911935584
432,0.4713184445974153,622.3906162654162,0.005104948703419319,2.0,0.9713789443751746,0.5342584194063461,0.0939342296526588,0.05443384379531619,0.06325883344228858
433,0.31750798390567564,574.9401596865675,0.08095978524450424,1.0,0.666735382220744,0.36670446022140923,0.024859135832220672,0.13807000208267117,0.15987342481047406
434,0.854724540962204,718.1640144447977,43.37943627400823,4.0,2.4614884182231322,1.3538186300227228,0.17279834073469147,0.10403873558987838,0.12044777069739468
435,0.6699686758705163,456.91197271856765,3.855286639443638,3.0,1.9836684058141156,1.0910176231977637,0.18218454152388863,0.11448194682547226,0.13251279541087393
436,0.7096342433611197,669.2265650373466,61.45252865630706,3.0,1.4639549745094111,0.8051752359801762,0.17484906432329694,0.04478731168741985,0.052081016693344126
437,0.8213011512859911,702.0239070778791,16.29010370690857,5.0,2.610121494440464,1.4355668219422553,0.30379762166859087,0.06538501788565543,0.07590654412852292
438,0.664311866420271,695.9559894160161,0.16040103005569528,3.0,2.272820899962115,1.2500514949791632,0.1001228208340352,0.20558990136289595,0.2380447685504205
439,0.7011039272878115,696.6580157208159,41.76199821579122,3.0,2.3156478766993263,1.2736063321846296,0.18589690475108464,0.1928214713656176,0.22326007545487472
440,0.7903198875416151,757.8461587367643,38.31526663911206,5.0,4.138450886120403,2.2761479873662216,0.2597193168157664,0.6648108309865624,2.0800272251852028
441,0.9480531235999814,769.5765777040524,0.057549326561357375,5.0,3.750141897245234,2.0625780434848786,0.19116697693034695,0.13405989211011665,0.15623399361479737
442,0.10435935875185268,724.8867467266024,0.044276965279984655,1.0,0.31057082663077773,0.17081395464692775,0.04211532430230297,0.055374174824156554,0.06437583860763238
443,0.13222276191273807,475.15315487902467,0.1101567166017742,1.0,0.3647394885775709,0.200606718717664,0.022613868909838446,0.1310765688084259,0.15601923406659277
444,0.6297342937268848,588.4587806060996,2.709596551159259e-07,3.0,1.6013226623026657,0.8807274642664662,0.1527132473074841,0.07203082540680635,0.08457557436017635
445,0.8500192681393292,756.0204949515477,0.02658149476088866,4.0,2.6457915421353433,1.455185348174439,0.18265580180322946,0.11322511490339685,0.13106895472499522
446,0.26953534176216576,756.9336714408304,3.9660477514143153,2.0,0.6202156842576261,0.3411186263416944,0.06621993715641973,0.059155910919692696,0.06884052912299146
447,0.17052560777352155,738.6489723717347,39.28206537922907,1.0,0.1601204160748678,0.08806622884117729,0.0155854186319031,0.10554735188741775,0.12737427882533345
448,0.3516790483965259,525.372032525854,7.982736448022015,2.0,0.7608457447157091,0.41846515959364006,0.09652470021473564,0.07147786272171588,0.0857064847194101
449,0.21958074706806904,447.74820068520273,0.14466380498596268,2.0,0.48020777814059534,0.26411427797732745,0.07592407365444032,0.06492768726939548,0.07835163839675621
450,0.9333815443513398,655.0460509979829,48.34627836045578,3.0,2.60733275876556,1.4340330173210583,0.14518210178064647,0.12510791880072375,0.1472233281370956
451,0.974864418195586,629.1942359827815,0.19758006155942656,5.0,5.05318025526364,2.779249140395002,0.399622250636686,0.09012359415043428,0.10621883337989173
452,0.42247051489141896,703.6548401428781,3.3312387038302395e-06,2.0,1.2905496674820054,0.709802317115103,0.08380815250729302,0.10348534700502328,0.12113747426418191
453,0.5120337328315997,717.9367056287186,43.03101312928726,2.0,0.6124194712467877,0.33683070918573327,0.040275704398410106,0.15360274991281803,0.17796375031031147
454,0.48712797746163355,843.1410038027342,0.07902006840706102,3.0,1.4155523438009283,0.7785537890905107,0.08550095225957675,0.115351916501789,0.13352128032121793
455,0.2654699063322433,515.4184597224169,14.912207484837824,1.0,0.6198355035256372,0.3409095269391005,0.022774757526742424,0.1777662541251979,0.20580469834402235
456,0.6053497016998797,675.170666045393,0.8352828312484889,3.0,1.9407981701239552,1.0674389935681754,0.09451690326899391,0.10623539909526131,0.12348636563855926
457,0.4643762440308228,543.4015373329564,0.6589169912667406,2.0,1.304007328419133,0.7172040306305232,0.0876468303083211,0.08351196605210565,0.09764633330271084
458,0.26120609643362214,591.4619552228745,0.010519304859869183,2.0,1.0313714629993715,0.5672543046496544,0.13485376305157937,0.05023645024334665,0.05984403745051077
459,0.33891709038533463,524.933209646995,48.61914952655403,1.0,0.26485724806904376,0.1456714864379741,0.04289806378362754,0.049893038503588075,0.06017665728717002
460,0.6339589066290676,631.5662852600705,8.112840993693666e-05,4.0,1.0317305510725276,0.5674518030898903,0.10810833252430635,0.04644827182891427,0.05383335128972319
461,0.7875255953656087,856.9698793273436,0.09751088470290144,4.0,2.7507507115807344,1.512912891369404,0.22865378936113906,0.5514509810332588,1.5540983176367953
462,0.5069325746898148,801.1537146470249,10.518666733391068,3.0,1.4904237490899503,0.8197330619994727,0.09310389687104505,0.1503514654304866,0.17406516036580594
463,0.6017644373831699,585.47889720117,21.00659002143516,3.0,1.8426494943451437,1.013457221889829,0.12308093171538748,0.14045562733990016,0.16260708677488483
464,0.5188786159901795,642.0212672281193,0.8544432994296649,2.0,0.9532835352724814,0.5243059443998649,0.12258887094514538,0.07251004644916542,0.08394200884377438
465,0.660064701554864,719.2761631834759,1.3537108141800553,3.0,1.0321179958355686,0.5676648977095627,0.10830834348448007,0.05591251259875217,0.06559155598328985
466,0.3073642705533324,641.0627875087421,0.9922059968429093,3.0,0.8488422915336272,0.466863260343495,0.07748508088820281,0.06597053393884189,0.07707685594516928
467,0.7846338111609545,508.1765357213173,0.0029911683146509583,5.0,2.545441867667869,1.399993027217328,0.19567174832669787,0.1093916863912959,0.1266963302343744
468,0.8133637239591943,540.6834315930913,0.05781774435344618,4.0,2.447118221903503,1.3459150220469267,0.1607728405885167,0.08888032229785212,0.10329816426836921
469,0.8297472699416668,640.4133979222271,0.2214606730937857,3.0,1.4473347646004575,0.7960341205302517,0.11514636138328353,0.0815261750430096,0.09628148683652123
470,0.9709859026209511,692.3008878210145,54.52418087780527,5.0,4.101191967278601,2.255655582003231,0.25816181218588813,0.24432013696986485,0.5474560444861304
471,0.661656524621986,742.4754617965174,19.61671544910749,4.0,1.8685109066241088,1.02768099864326,0.14481201033754248,0.25464469555760344,0.4854874054574678
472,0.5038314619220855,1005.6311659979888,8.802792066976746,4.0,1.5582282066090016,0.8570255136349509,0.2103001138152864,0.2033770958062197,0.3203101301925655
473,0.41793864281964616,705.2756121894025,0.4518754400300454,3.0,1.165865939303117,0.6412262666167144,0.14105898860158333,0.2347295824206792,0.3652416782525545
474,0.3579701366003054,681.2705691196542,44.87201454654116,2.0,1.545781354604596,0.8501797450325279,0.07866777538611588,0.3518411085384603,0.7223278959923638
475,0.6228005467216812,889.8865985251703,35.031317452707476,4.0,1.7053522009358788,0.9379437105147335,0.11830772322380954,0.10501602403003818,0.12509837051424558
476,0.5588725577557475,494.79288897241463,66.96390612856895,1.0,1.2431107982700258,0.6837109390485142,0.10110246632710988,0.09573371261798672,0.11080275800523662
477,0.5901258713928993,571.8685051487362,0.02360224659326423,3.0,1.7990498854295347,0.9894774369862441,0.1494627643476879,0.09364754656759802,0.10838712767697888
478,0.40219919232393886,623.1041440432261,0.292029687434825,2.0,1.0931930156484404,0.6012561586066423,0.0687482854419506,0.1023733805638198,0.47147916645078675
479,0.7521190453110923,804.063421297821,1.8095871340956708,2.0,1.2507828834165489,0.6879305858791019,0.05394257734880703,0.23271408511722974,0.2693280188065357
480,0.6747039457994491,614.5070939890842,1.0693982017433499,5.0,2.493282520817971,1.3713053864498843,0.2713037479620846,0.09250664026639493,0.10706293810721451
481,0.4207335142989291,571.131175069536,133.50183199296205,3.0,1.2160563056206115,0.6688309680913364,0.10441852542327631,0.0694953957236198,0.08049177213361688
482,0.5755832937585214,808.3108997954874,2.9956254436686724,5.0,2.8284854400238104,1.5556669920130959,0.3350707104058023,0.410347168394805,1.1441192954354422
483,0.3544546082774223,626.0334863852482,2.3600270557444682,2.0,0.832301708069847,0.4577659394384159,0.11801461619777397,0.061493586597672234,0.07117426018247774
484,0.019345260019060638,773.2256069019955,2.002946414815422,1.0,0.14337405193721453,0.07885572856546799,0.015311934539883876,0.047702452280062986,0.055243540807761095
485,1.0,514.0137702176885,6.695268643362326,5.0,2.7542815413152346,1.5148548477233792,0.1783165402768368,0.11127469033810236,0.12878501017232394
486,0.3959821233912949,782.261357779491,0.4741732714411379,2.0,0.4894903479769493,0.26921969138732216,0.08642387143346295,0.04090374344288475,0.04734733772080371
487,0.32325961401589526,630.9687137612499,1.7134225203591673,2.0,1.031396032438116,0.5672678178409638,0.082255478765478,0.14677318534643596,0.16994239905075137
488,0.6216245516462648,668.9627114484637,16.562910274427278,3.0,2.252244343257729,1.238734388791751,0.12803030198558402,0.23130011189588093,0.267744638221256
489,0.31509405591275236,630.9067716794209,1.6953046360678055,3.0,0.8682055936233394,0.4775130764928367,0.10928198650989694,0.19339463550221372,0.3322744901973035
490,0.13582305083322252,745.3789622676309,9.075423027457248,1.0,0.09488922104791422,0.05218907157635283,0.013535143530909387,0.06660652922852174,0.08038195969356352
491,0.3094332655737733,689.3217092205817,21.792917859359495,2.0,0.5515286574990849,0.3033407616244967,0.11737456732514179,0.04874875341892492,0.0591080986700943
492,0.22771597214734182,582.5480883225338,38.88875585844013,1.0,0.5836755809543631,0.32102156952489974,0.03044360629038676,0.10685765717905038,0.12512116046284516
493,0.3770709926502129,548.1589874944085,1.1021228812599664,2.0,0.821315206498678,0.4517233635742729,0.0756140184474148,0.2271875963301065,0.4235723802297068
494,0.7678072211518031,581.1598994490121,0.08768651452585396,3.0,1.6985222300659781,0.934187226536288,0.08732341749506652,0.1295736178230246,0.15290477911829103
495,0.6854789976156336,514.6820154581678,3.2786599732521005,3.0,1.0971017647376466,0.6034059706057057,0.1617745888078546,0.08270510020637878,0.09578030935363503
496,0.7666095143160603,615.1789985695837,24.53004025382414,3.0,1.2319608097971289,0.6775784453884209,0.06760267182690853,0.09187135979530499,0.10635971449969674
497,0.8138501378105052,630.4027637047941,0.2434939093066425,3.0,1.7913291198330867,0.9852310159081978,0.14026839266434843,0.1485690413871172,0.17194480122631015
498,0.3787946663886826,674.5648970205048,1.1558890485413058,3.0,1.4018553723363762,0.771020454785007,0.07993408024212871,0.09922082776189023,0.11498799113836522
499,0.8353639155627216,587.2588504275853,0.00019018380009598346,3.0,3.2313913530286826,1.7772652441657757,0.18142647387682104,0.3140587376625278,0.7377392018786384
500,0.5149977567190381,592.1901860600253,0.5691352394640303,4.0,1.3093538969657303,0.7201446433311518,0.15877877516262434,0.04756205535094128,0.05506100758170838
501,0.5504711891439047,620.0681640598469,0.0220922457820307,2.0,1.0905113564627547,0.5997812460545151,0.07528059872896543,0.08590383004771134,0.09942721590098685
502,0.6839085811088004,737.4487144406822,31.514875715258015,3.0,1.2718414776269642,0.6995128126948303,0.14647977321578282,0.12484581899706726,0.2821561037811201
503,1.0,632.6796208147694,0.843596986342787,7.0,6.042876968275085,3.3235823325512968,0.40903473124576484,0.11655333091697259,0.1351982052676335
504,0.6286247108741105,781.017499364042,2.780970667894781,3.0,1.2340193806344006,0.6787106593489204,0.11781832141171884,0.055004162135633916,0.06371689686686619
505,0.6343849969562826,615.5618018830362,61.93445544089666,3.0,1.8436843300818724,1.0140263815450299,0.16602583197318274,0.3422429434425131,0.578277509342932
506,0.7639768998867346,565.7176300047231,0.045433296054667976,3.0,1.93026838065947,1.0616476093627085,0.16828457810519856,0.06880125463170321,0.07964484346666678
507,0.6125767912659235,427.1681696547171,1.092623665776943,3.0,1.8655422215945845,1.0260482218770215,0.18631303903429805,0.06494639277710626,0.0751989496785736
508,0.6766638617930462,738.4964868311082,25.081906111166397,3.0,1.2881428842692537,0.7084785863480896,0.1249372085161003,0.06691957587752581,0.0774877427285635
509,0.45292256202488257,749.8980632190946,67.49320903499424,3.0,0.963921804347607,0.5301569923911839,0.13232787205519037,0.047428685168991375,0.05493028557016049
510,0.6749248602616774,588.7864664505732,56.5772950163087,2.0,0.9323395937716652,0.5127867765744158,0.05915358435112309,0.10921128650859,0.1264285185226811
511,0.6793159701761466,845.6461340666644,0.052943212208966826,6.0,2.665053354817988,1.4657793451498937,0.3058444736701497,0.3013538965927249,0.42505102782474946
512,0.3398221208305282,797.8958299389697,0.1670911242331327,2.0,1.0579228057614434,0.5818575431687939,0.07152667538088907,0.36340864826328756,0.5884816051994426
513,0.7347669630752961,655.0496154514548,5.992242258777806,4.0,2.604896891091407,1.432693290100274,0.2031336742830291,0.062378400593443156,0.07234661654888841
514,0.516627427372888,505.49366347559874,0.7949129107772641,3.0,1.7326084048735795,0.9529346226804688,0.1214671549222219,0.06885748777708658,0.07973712471104537
515,0.6412540584379347,899.071591140849,0.024399367702891153,2.0,1.4970735696885853,0.823390463328722,0.06536607872243383,0.11246948978326038,0.13020588965848348
516,0.39525179073582095,647.9210583511978,5.845755814622849,3.0,1.1486590472495468,0.6317624759872508,0.08363380778120118,0.06551149429743594,0.07587421760247896
517,0.9649367004740153,717.2660932384349,2.3353759821494986,5.0,3.4472676227032752,1.8959971924868015,0.189330797316769,0.31613014732062394,0.3658634991163139
518,0.8847802378183134,713.9398671679136,5.4967184106340286,4.0,3.7278478196917058,2.0503163008304384,0.24008326901815905,0.5474812832940319,0.6336034530124898
519,0.1712664006755055,516.1499127175036,0.11004436415328334,2.0,0.5283388839489555,0.2905863861719255,0.0662204930351431,0.047753013799357036,0.05533305465358079
520,0.3764621671996453,637.1888616048058,0.7592444736534619,2.0,0.6694969712354096,0.36822333417947534,0.09376191486377339,0.041019366856502947,0.04759317828495489
521,0.9164026049277056,691.2878582310826,3.643680057988677,4.0,2.398982389016463,1.319440313959055,0.2035961954170124,0.09310829560343928,0.10777726294227062
522,0.817587514562307,598.1320625724182,5.930950582124392,4.0,1.9935129085416659,1.0964320996979162,0.09188423850451279,0.7572408326718134,0.8763594239850574
523,0.5427964472602513,594.2160602234868,13.163844940912508,3.0,1.8402838524403224,1.0121561188421775,0.2088590554868042,0.3561834289619278,0.4122162561695984
524,0.812934749542821,804.936847537668,44.9025602842481,4.0,2.831149059932121,1.5571319829626666,0.2107994385508502,0.6080231925983114,0.7036677846773567
525,0.8320841037573508,839.9098217289405,0.0003503768919809611,5.0,2.891166335833099,1.5901414847082045,0.23370724404004992,0.2901904139737472,0.3358429358568453
526,0.7517422771435838,602.7306109196304,2.2820696151959936,4.0,2.6699201533798673,1.4684560843589272,0.1876682794148661,0.13934434015610536,0.16127916941198792
527,0.3279823111529183,701.7469924932425,0.5811982593901994,2.0,0.7578929402702975,0.4168411171486637,0.058921090446572275,0.13276292601633435,0.15367010611005244
528,0.46498700396927334,586.5253651933656,0.6463059746892533,2.0,0.8010956353917834,0.4406025994654809,0.06554964869830722,0.07668669892289617,0.08883233562598596
529,0.5467832624992469,433.51252035021855,0.1694812472753677,2.0,1.0030912345337957,0.5517001789935877,0.06884490953432738,0.12199364624172496,0.14120378201143796
530,0.8158263804752119,607.7135482955673,129.90254447176673,4.0,2.4262974074575876,1.3344635741016733,0.1957465449593645,0.11039278610758368,0.12777137013729484
531,0.5631883593214864,746.4624503812814,0.007663273727399696,2.0,0.9322650784780975,0.5127457931629537,0.05476649624472564,0.16673543438827576,0.19298730144108503
532,0.08322020903295263,559.1216787165095,15.797175197242217,2.0,0.46107836971489596,0.2535931033431928,0.07401381760766162,0.030136023366851273,0.03493645296806945
533,0.5930415067329023,751.2403619017717,3.410436277641184,3.0,1.5289593900183955,0.8409276645101176,0.09810256217141773,0.1524219471324148,0.17640677529678508
534,0.7429473716558215,741.0669525317873,33.53095726760211,3.0,2.1141377371880132,1.1627757554534073,0.16596950327927065,0.19341243082409137,0.2238433654283427
535,0.5838286035317801,753.3825941046001,49.0922568113251,4.0,1.5996880305938694,0.8798284168266283,0.13998238029450652,0.08964988480960022,0.10376566169638118
536,0.7391862301854873,628.7383922222274,2.325500648905093,5.0,2.890138825610341,1.5895763540856875,0.2545291861666324,0.0889495687714429,0.10295256737163745
537,0.1455323597513241,674.336789618571,2.9287047540814335,2.0,0.550480705556588,0.30276438805612343,0.05664292349152529,0.055337648964354176,0.0640617260081029
538,0.6467707829422811,625.795843683738,0.007351811414194563,2.0,1.1121657890710281,0.6116911839890655,0.12738763820087495,0.05841005369648527,0.06763405575898479
539,0.7120713195639334,1020.858941079027,0.11369162028825852,2.0,1.1014760999085524,0.6058118549497039,0.10113616505538858,0.06926945185946545,0.08019739624158065
540,0.7083030491228478,721.0926526545406,4.147395334400843,3.0,2.795231504694616,1.537377327582039,0.1849627969115599,0.24076144236616753,0.5077632424646493
541,0.43203805214001556,564.0508478690057,0.1882728795688897,2.0,0.7404167074691941,0.4072291891080568,0.05915811367133995,0.28668207590933403,0.47799087626601133
542,0.588096310786229,854.3859667728152,76.10413341443075,3.0,1.357684490671071,0.7467264698690891,0.12543637513122563,0.23661768050113302,0.4071945895601118
543,0.24428165982242117,700.7485712964547,1.9218754033037255,3.0,1.4683638437461177,0.8076001140603648,0.09859473974081959,0.08392471902452159,0.09795022392168787
544,0.27118385537716855,533.7192545542695,3.119902463446335e-09,1.0,0.8181640845236445,0.4499902464880045,0.0347713031708939,0.11273334162310905,0.13101419721563679
545,0.6272784681388202,574.322025770095,35.73628646197955,2.0,1.745592564124153,0.9600759102682842,0.09440585167054487,0.12911316341801504,0.14951652431800275
546,0.6380405452602916,544.901967956568,16.020847878339477,2.0,1.2249933777263762,0.673746357749507,0.10342317175702163,0.10565678776621094,0.12229014511780432
547,0.6294950918506668,732.7860187282697,77.51821240610596,2.0,1.5624640936776841,0.8593552515227263,0.0755929575959218,0.18322162815951287,0.21205692473466906
548,0.6130564405882576,569.5872267635181,0.0015596805663805468,2.0,1.744980906692492,0.9597394986808706,0.10211556048619061,0.1230055074057046,0.14699763702154345
549,0.4227647357048503,720.0539648673081,0.252247659555742,3.0,1.717432207314235,0.9445877140228293,0.10596718194444364,0.23033725364645535,0.5505979852354845
550,0.45889033305511273,704.2700359929778,20.101777446432155,2.0,0.8850785120584796,0.48679318163216384,0.09939757702772721,0.1888577123667192,0.3478007460908727
551,0.6327240003508203,968.0199184497297,17.594818630688888,2.0,1.0057047507315708,0.553137612902364,0.042899014542650805,0.31508518198071134,0.7832395644170163
552,0.19047725741326543,658.3545090265868,2.978766185535689,1.0,0.42982080907686615,0.2364014449922764,0.06473850288002007,0.1936855693869164,0.297785167034905
553,0.9369827026495617,851.9852348143554,0.6989314089843605,3.0,2.207681717309033,1.2142249445199682,0.1859180778144186,0.05803272541824462,0.06718256041344176
554,0.5876581410655419,662.1325846021837,0.2616181439033486,3.0,1.3696502542847584,0.7533076398566172,0.0599689724236104,0.11432866706918014,0.1323546235088308
555,0.09241481074893511,646.8256980699274,9.582626601696846,2.0,0.2593383403311453,0.14263608718212992,0.027656422515133245,0.04425800289655635,0.051250737992630586
556,0.9497152656262214,823.5184351139083,0.00014337640125360607,6.0,3.8798343238491815,2.13390887811705,0.2711614281635587,0.14769125906648803,0.4102103968398073
557,0.7727530654453683,678.9626515179131,2.1877584860457024,3.0,1.5481455864364346,0.8514800725400391,0.1044287488075428,0.16318922772118039,0.42570761128383383
558,0.5924885551365335,626.1621034988809,36.02500325808535,3.0,0.8082873023534126,0.44455801629437697,0.11214197693372532,0.12112673015723219,0.2373614363063053
559,0.5390318104990397,565.9985031989338,1.4529983833984157,2.0,1.1227452779254872,0.617509902859018,0.087631627524397,0.07552081180305094,0.08740879573639253
560,0.4859863982535,598.7054161775408,0.7287556900443598,3.0,1.0395839446190258,0.5717711695404643,0.10909636002785428,0.06648908238106163,0.07950152832733748
561,0.35785988951784853,760.1727583327765,0.006019637201625919,2.0,0.9412679442650587,0.5176973693457823,0.07479321786798342,0.06361924706079759,0.07381761531400022
562,0.5384220795842892,844.3424051767975,9.313367246161063,4.0,1.9135653803799135,1.0524609592089524,0.24197840370778054,0.05425463535810543,0.06466118907873532
563,0.3968097549450636,768.0614725362294,1.9643021415145612,3.0,0.8394131608537294,0.4616772384695512,0.1251218670439068,0.03411619811965584,0.039688815960620065
564,0.6140888523853848,702.1292157216627,1.439879711196161,2.0,1.0210702005237455,0.5615886102880601,0.06363195024207204,0.08350554495875567,0.0967220759661976
565,0.24029202295781746,705.5643727219705,0.5216202221418703,3.0,1.0383110271045448,0.5710710649074997,0.11328994358104047,0.05696434491354384,0.0659511418533509
566,0.9224144827689991,658.2614228737095,32.628416699876816,4.0,2.7345776404818514,1.5040177022650183,0.13692441492996524,0.11898644897417136,0.13782126696432215
567,0.15734757714421982,690.0133280303074,9.183017218000625,1.0,0.6010393703211526,0.330571653676634,0.03267173627772608,0.09983583698181041,0.11571930365287734
568,0.7551720011982848,732.4156626088837,5.216226864734168e-05,5.0,2.570208124992555,1.4136144687459054,0.33003607769322585,0.09229443909447282,0.23475999792328628
569,0.7002886522695767,747.3886260630793,0.011500108328504295,4.0,1.5008479963220691,0.8254663979771381,0.15914373971992146,0.12376222714003432,0.2929275265723207
570,0.4763851305614452,648.5583828062544,0.11814583100803293,2.0,0.6139583719780548,0.33767710458793015,0.05041289152529239,0.06699511627674105,0.0777485698483154
571,0.9351245710764631,691.9484615621066,20.958633817859585,5.0,2.9044358654785127,1.597439726013182,0.16579474377228312,0.09084665614348796,0.10539841124297439
572,0.8547824012468483,632.5429881874109,3.9838813512131126,5.0,2.8316804734983823,1.5574242604241104,0.2841601924573755,0.05433203205203284,0.06300060559425968
573,0.7090187433928717,779.0617736202354,6.787403695815083e-08,5.0,2.546899193929649,1.4007945566613071,0.2981573232439982,0.06263621083630823,0.07340511617456058
574,0.17729247098672832,792.6312715418336,7.310079154275054,1.0,0.5005039386306015,0.27527716624683085,0.029941189699747576,0.15753228956912385,0.183720469666833
575,0.30668845814342566,477.8554017728758,3.6472215256015955e-13,2.0,0.7555277801107695,0.4155402790609233,0.06730751595509603,0.10750782701843335,0.12551088685179423
576,0.15620276728801616,649.9133158681989,2.5488690496017425,2.0,0.5929627523260518,0.32612951377932853,0.037126267716541164,0.14987330059298823,0.17476484221155486
577,0.8074489613211185,749.9812648877457,0.004602172904500686,3.0,2.4625731243857003,1.3544152184121352,0.1314962125878033,0.2053125487317397,0.2384622635994546
578,0.41466153857915533,619.6737195531477,10.987001333005484,1.0,0.7539521739656551,0.41467369568111034,0.06935943995191522,0.06396589014014954,0.0753630076094699
579,0.8654561915183968,639.5871040769598,3.0215577413859207,3.0,2.435087034246485,1.3392978688355668,0.10806703067980135,0.12626837241474376,0.14636539767584422
580,0.1360103549781856,561.207385463498,1.6162631436874642,1.0,0.6437114888832839,0.35404131888580614,0.03165706782941269,0.09888698937808194,0.11476568102237292
581,0.4553950335955559,697.0969151611511,35.6043645314819,2.0,0.9419376569135661,0.5180657113024614,0.07213912032208153,0.06740738298593693,0.07813381552051425
582,0.12183479358069566,650.0671451672293,130.5579951231335,1.0,0.26626268355965266,0.14644447595780896,0.006253550741559238,0.2175260412213813,0.2537519937488759
583,0.5803566082990409,655.685569193527,0.4551252958046268,2.0,0.956926629594261,0.5263096462768436,0.06736701268794358,0.32160502687096615,0.5336217562238297
584,0.2481272238249625,785.6420040820005,23.609144951095136,3.0,1.0087762428768827,0.5548269335822855,0.12930035481290234,0.20720647622134733,0.31486877763802557
585,0.6840308402766321,619.2794091581684,0.11591929150218909,4.0,1.7048269411649375,0.9376548176407157,0.1333816943505007,0.19367607607974804,0.40680101743824276
586,0.1025153828762361,769.5119346276543,31.114120192506345,1.0,0.33222694876990955,0.18272482182345026,0.03457029885919039,0.45646734497312236,0.5353222215298146
587,0.8221958557975473,543.3519981738382,0.0009920043680657284,3.0,2.124360113424122,1.168398062383267,0.14931049789727993,0.3523608242452213,0.5733131121024989
588,0.55481847626744,650.8336385166901,6.912401439488761,3.0,1.446814228770998,0.7957478258240489,0.1569958003178625,0.04802814255113693,0.05564936159495298
589,0.9819807568366583,685.8867734904006,4.586132615472374,5.0,3.8714675624164294,2.1293071593290365,0.24054097324767112,0.1376026982462967,0.15925773346324254
590,0.5491829794564943,457.6248334897388,13.251437019112497,3.0,0.8536773819455677,0.4695225600700623,0.12376946172439482,0.04891246289651292,0.05661397449070158
591,0.5851765546820094,441.3365750601953,34.75117522503878,4.0,2.5202780548163246,1.3861529301489786,0.15408300395036906,0.09139202547740706,0.10580712822861084
592,0.7987221644502178,565.5349031722291,13.45995461721812,2.0,2.1609171501490616,1.188504432581984,0.07697016306850894,0.17022283075875957,0.19701637902907834
593,0.7564679403804853,935.8341772414797,0.11208820416057647,3.0,2.3837226946346837,1.311047482049076,0.10166509076523751,0.12023466425819633,0.13933419868613298
594,0.24448996990140856,607.8532864641204,0.13888709157653556,1.0,0.47210789281691334,0.2596593410493024,0.04068291220158376,0.06848237627053749,0.0809029931048025
595,0.369934276972341,659.9049280009718,0.033978180196053046,2.0,0.9625436413467564,0.529399002740716,0.05855817638261514,0.29978333078404584,0.5520905178267932
596,0.8409878519187568,777.3026161167547,0.004981499483557218,3.0,2.7523460533716726,1.5137903293544201,0.1889012078777029,0.3136938826004125,0.5317869457957857
597,0.5218392818871241,790.9219355206222,10.028181445510347,2.0,1.8179290682659046,0.9998609875462476,0.09619388090504505,0.10312736124935724,0.11939213600653945
598,0.7983685167879433,686.8987699943534,0.9622025089171659,4.0,2.2243196379966075,1.2233758008981341,0.25080427983160875,0.04589180838112162,0.05362789756848191
599,0.7967740047922548,648.0208843346414,8.160928179061758e-08,3.0,1.6611111178309488,0.913611114807022,0.14232951373090402,0.0640123125790228,0.07519447992190377
600,0.3981677935685123,942.822027115821,1.8164143012295786,3.0,1.0049161498280488,0.5527038824054269,0.09895607660818603,0.05301541218928468,0.06205463582937458
601,0.22278103941355296,572.1812626004177,12.832361518112837,1.0,0.34859866877464574,0.19172926782605518,0.011207792578703123,0.15817731004462177,0.18368431501813648
602,0.6526384986267459,641.7105025401762,49.847055835748556,1.0,1.4807989950285394,0.8144394472656967,0.06949307176252938,0.4535990614565137,0.8706043242829693
603,0.6526313274400685,828.2661696267099,92.79080594417673,3.0,1.8394129966109574,1.0116771481360267,0.12126756300601953,0.3920478046949501,0.7305279369131323
604,0.9298030762267668,723.9762247294752,0.014059212475770185,7.0,3.3662984907080853,1.851464169889447,0.4226030809028788,0.0534025734195303,0.24693640301304356
605,0.10516342018271928,540.2830025694697,1.576088443294198,1.0,0.4108392316814077,0.22596157742477424,0.04779784455504163,0.37294152672570746,0.46868479518860245
606,0.4364302873492383,554.6259783903736,0.001979283668124502,2.0,0.9959983080067465,0.5477990694037106,0.03026732714515547,0.21903864083697627,0.2601195078830184
607,0.6334392521840344,470.3529772293007,55.682518401996106,4.0,1.355356129688989,0.745445871328944,0.2411178116275679,0.06351018670360775,0.0775934611884825
608,0.8050624942720198,723.7146172153373,0.00010029062173996033,4.0,1.8442983752070023,1.0143641063638513,0.17026051814985912,0.08761375171363245,0.10496504076220099
609,1.0,417.2117243720165,43.20933124139392,5.0,3.9167527184245903,2.154213995133525,0.25026845028402056,0.24700811725183644,0.2858903620814599
610,0.9492581522062309,425.86412772292095,4.289548521921602,6.0,2.841507048648926,1.5628288767569094,0.32280723023851615,0.15075202096772497,0.17449150102391262
611,0.8594978416341004,726.4143552865453,0.03632374311632882,5.0,3.18689911850377,1.7527945151770736,0.23345952047967022,0.22008883306026844,0.2547375737913946
612,1.0,570.7432364362678,2.7741676239199857,5.0,3.3744364423185003,1.8559400432751754,0.25608465644253864,0.09008979207173048,0.10428614544710683
613,0.6446166867910421,614.4023025652681,0.7934089473868255,2.0,1.013107357364043,0.5572090465502237,0.022196686521003442,0.2721893657010987,0.31507700177709974
614,0.7385759369906777,693.0803815380441,50.5272437605911,3.0,1.4960284763024623,0.8228156619663544,0.1220199663782849,0.2079004165629722,0.2406393293317588
615,0.1700734594196937,703.679409569688,3.052774662228448,2.0,0.2877291815478786,0.15825104985133323,0.0647713566141194,0.024875299377494532,0.028986470245112528
616,0.262545208372793,895.9165172331533,10.263458611351902,2.0,0.510902360645867,0.2809962983552269,0.09181156643641177,0.08003951508880267,0.09267153179210329
617,0.6116330628787139,596.9347508216711,0.0661943925278845,3.0,1.5017590165782637,0.8259674591180451,0.09094599095256282,0.11578639132525041,0.13401077755520469
618,0.4957862033666358,561.8097772631093,0.04921637195351069,3.0,1.0523241801885328,0.578778299103693,0.16553636981624892,0.08702611486679834,0.10074953573030063
619,0.4183918094179893,838.779315914361,0.02936447808967857,3.0,1.809442542822328,0.9951933985522805,0.15743980169548297,0.14816229790233,0.17150256159338775
620,0.04153579239480057,665.7586314847449,8.809563790284171,1.0,0.11911816756658844,0.06551499216162365,0.010237584804598236,0.06193008956884369,0.07190282044463345
621,0.702265753831696,990.4773291638003,3.5125492622651153,3.0,1.803716311891707,0.9920439715404389,0.13633351620534584,0.07628734241050858,0.08871803341921672
622,0.8507705627735466,649.3332124675275,6.5200112120831974,4.0,2.656393365209462,1.461016350865204,0.1454012442100146,0.10717107348086906,0.1241212972848913
623,0.5212318537932196,450.3652308839993,0.3160093273003406,2.0,1.1311248040306063,0.6221186422168336,0.0911753469959683,0.08015924452749162,0.09284362049907853
624,0.4684195525163794,566.1106862629955,142.98788792515253,2.0,1.1714501299944642,0.6442975714969553,0.10786123432736984,0.06846157292940926,0.07930860678604974
625,0.2642370526957522,542.6694730148038,0.5816117448885654,3.0,1.4620105160121333,0.8041057838066734,0.13568303728900769,0.07075001116231713,0.08207282683095432
626,0.5081682651374944,790.5748315465223,0.630134522232292,3.0,2.2105632334186645,1.2158097783802655,0.1306293581945052,0.12686981576099818,0.14684423569689298
627,0.20792832432169917,667.115758752047,10.1309236897765,1.0,0.5563336495797742,0.3059835072688758,0.05302907136755145,0.057806723895938716,0.06704131930830333
628,0.24199486266430736,657.3224745227044,0.4789719877287114,1.0,0.5540433123111199,0.30472382177111595,0.015846557784115173,0.3735361234056923,1.0890679434546229
629,1.0,574.3497845679325,45.403542022843276,7.0,5.8624448261999405,3.2243446544099674,0.4915941497608736,0.06795205125729727,0.07867959748313703
630,0.30006190635102503,826.5626921603814,43.01469743285808,3.0,0.5832398699666602,0.32078192848166315,0.09345995310992015,0.035541016769374933,0.0412053690320313
631,0.6557103364278399,868.3050495666338,0.41987374536977884,3.0,2.0161388492639967,1.1088763670951982,0.09031204218119654,0.15919648648205278,0.18859556819468334
632,0.5662689149015036,639.6858635118246,9.274658000669527,2.0,1.324089472628889,0.728249209945889,0.08236251048715812,0.09705148751794339,0.11410341067723465
633,0.19948953709974956,790.1207409247403,0.6873018663994894,2.0,0.7696039528254212,0.42328217405398166,0.14236363773957633,0.03657683033389626,0.16847028900948827
634,0.35068491214320713,687.5894949173792,0.5600497417672821,3.0,0.9887140106236363,0.543792705843,0.13237091754289448,0.303276258371225,0.4328626435575446
635,0.13408460093399538,598.5460312826306,0.027940702853962145,1.0,0.3519613622066226,0.19357874921364246,0.02980023912904822,0.3079536575253379,0.47161545387747617
636,0.36789621921692445,463.9121707820219,0.045097933401939495,2.0,0.6283639178993096,0.3456001548446203,0.09916269025597696,0.035998965409475336,0.04175757676611376
637,0.7839566669288777,692.7544600734134,42.4121265198578,4.0,2.2500563387559174,1.2375309863157546,0.1347279838076801,0.11819385889318634,0.14155521563339574
638,0.1648726630654521,576.7296320154737,0.038711506541661396,1.0,0.17646145131224336,0.09705379822173385,0.006943693021271582,0.21952093171861478,0.26581194489805315
639,0.11909861505526838,601.9513893450891,0.0027643112250491826,1.0,0.09945167786792307,0.05469842282735769,0.009086970067979218,0.09919535620668507,0.12038927004627642
640,0.7624528232747851,578.2879970840148,2.995720005943199,4.0,2.5664792304225945,1.411563576732427,0.21600273532164344,0.06730487019628212,0.07802913894724266
641,0.6715957622504382,861.1726194109729,0.3073075325685101,3.0,1.5642544810742158,0.8603399645908187,0.1196685997214026,0.09398012048400425,0.10895145263354364
642,0.7076370318637475,499.55707002494455,0.12946794409908047,4.0,1.6697202523120032,0.9183461387716018,0.13381790012527955,0.26651856353771697,0.49040611012555724
643,0.23259936711252802,557.1875732212055,35.1642639031254,2.0,1.041078826008073,0.5725933543044402,0.08445204561925415,0.28124676763761364,0.4834968597720044
644,0.8702750143318541,603.8566204606919,2.3234615518558726,2.0,2.2003669464698232,1.2102018205584029,0.1523736798473496,0.08692562056611101,0.1006187205003182
645,0.3624948328150333,691.9475047809307,0.022169246015582716,3.0,1.4149059534539046,0.7781982743996476,0.1295156023282102,0.0732500189187334,0.08683233994562617
646,0.7581196587496492,634.0722667690437,4.658181016303488,3.0,2.0967677801861573,1.1532222791023865,0.2102064001141274,0.06029739917680232,0.06985051808311131
647,0.527897929610661,629.627546212912,2.181773514504277e-06,5.0,1.9258550812296018,1.059220294676281,0.2749946632787441,0.06506985143154413,0.07872694187513016
648,0.6264280417825345,569.3344323306861,1.1562304806327526,5.0,2.051403674659199,1.1282720210625594,0.2623928957153809,0.06801496695934386,0.08201549904622495
649,0.7233296832127621,677.364690528879,0.0109794550279963,4.0,2.105266284759905,1.1578964566179477,0.1386657224937583,0.11552275202486051,0.13747688004055608
650,0.6168886183023825,625.7288852140687,10.133983996131054,3.0,1.0590546400345697,0.5824800520190134,0.1002858712277729,0.06524840719651326,0.07606398746073981
651,0.841989093093631,578.8666771674189,13.520122871856966,6.0,3.67890948836339,2.023400218599865,0.24835473396821958,0.09662877145208378,0.11348745171602201
652,0.5338861689676568,669.6774346212235,2.045901762610158,2.0,1.3998136769030374,0.7698975222966706,0.11430134729934197,0.09900205110211652,0.11835919206850662
653,0.30704005718954425,915.24852624219,1.4567259724615982,2.0,0.7623432154267022,0.41928876848468627,0.061619432591540665,0.07889379495773091,0.09247163473395507
654,0.8324869043133772,769.6816671399744,6.560251315433644,3.0,1.7135141646006091,0.9424327905303351,0.11648824802580383,0.08995561467466591,0.10506093779406091
655,0.5485493094915308,682.2222946327646,0.4982886556562346,1.0,1.1200712260505137,0.6160391743277825,0.04380783048153068,0.15314118915772865,0.17852982094406009
656,0.6404249049767368,776.2954531123233,40.55519344582047,3.0,1.7258392295760456,0.9492115762668252,0.11813621300956753,0.10980690341064007,0.12710717648059341
657,0.6854419343065934,678.556015019642,0.028792207701955962,3.0,1.6030600134608626,0.8816830074034745,0.08485712305823152,0.11490909612050927,0.13320859247797756
658,0.6488523299929854,651.765304344724,13.467959642729358,4.0,1.7065128433239827,0.9385820638281905,0.17207402187906426,0.06088000750189597,0.07063485316688523
659,0.03644482611537194,644.459058361971,6.566700172571775e-05,1.0,0.3413857789018842,0.18776217839603632,0.03235128804458842,0.05767401962950562,0.06681356692870863
660,0.8675543989630448,414.53231070350296,0.0018835855066401904,4.0,2.5384446281704496,1.3961445454937473,0.14526888819693548,0.09493938217183844,0.11001064933888761
661,0.29597647862189796,578.5971117644666,0.012566014340112024,2.0,0.762996517463917,0.41964808460515435,0.07049738293829011,0.09528060124265128,0.11526230109852738
662,0.45164988713196874,694.456692032818,0.5791873748778615,2.0,0.879339493211346,0.4836367212662403,0.05638127183911257,0.09248780650112856,0.1088544291787671
663,0.2238828699525933,494.1163765715017,11.615737422227044,1.0,0.37425109776413384,0.20583810377027362,0.022437074117880287,0.0878966853171809,0.10182745935644395
664,0.9045196735979057,784.0204980979246,2.405986073172269,4.0,1.7799546547398335,0.9789750601069085,0.11994210712775832,0.1076580848382971,0.1288331551667127
665,0.691546058593513,593.7611992546709,49.788606468439234,2.0,0.8675422564717649,0.47714824105947073,0.09863064026595963,0.08122749268116333,0.09846518738933399
666,0.37302673827175087,821.9685703749334,0.0003382106014840828,2.0,0.8387285149288239,0.4613006832108532,0.06948239640351853,0.08855545176343091,0.1059247278467583
667,0.41354481907820145,658.3127280829757,8.963993418300369,2.0,0.9110214710747767,0.5010618090911272,0.09334709245616228,0.07475394757789725,0.08965206856717643
668,0.3242875839842371,764.7819415953752,3.7798255282772923,2.0,0.6340341182838269,0.34871876505610483,0.052551885654336807,0.06360021403305544,0.07368358550904239
669,0.1286228463970473,752.2882195009668,0.5823894674335133,1.0,0.24813904513148372,0.13647647482231606,0.023370772558355162,0.05697241657364453,0.06621851732902247
670,0.46472894859276737,534.8309477707355,25.937956704738237,2.0,0.6976474229408001,0.38370608261744005,0.0859259451386614,0.04327894252778393,0.05027290846527322
671,0.07888534727058136,666.8281134408975,0.0004057431647000854,1.0,0.3099043249326727,0.17044737871297,0.025052738444046596,0.06540141324796274,0.0757900983760851
672,0.8219183228660092,866.2154737879978,0.267944460151378,4.0,2.3350677306479395,1.2842872518563668,0.2486538920670162,0.10930664484616935,0.12651733553708128
673,0.7239184210767342,596.2641196194467,4.532876628531438,3.0,1.8563464506123113,1.0209905478367713,0.1127668322411457,0.09200269614082278,0.10652940092861465
674,0.7055314673489853,683.7540766985201,6.620581827570758,2.0,1.310485198349701,0.7207668590923356,0.1276005096040701,0.07247218444425695,0.08389860035773157
675,0.8522238294341961,922.811938200019,4.076379394814673,4.0,2.204204154189701,1.2123122848043355,0.12079732023980491,0.14538226913918523,0.16826529258516043
676,0.8966689841374973,586.8715584414279,54.34165886803295,5.0,2.420764590565051,1.3314205248107782,0.20072093922831497,0.13898001738327476,0.16085940320551512
677,0.7810046361511683,552.4903206957665,3.9320766150043203,4.0,1.8370635683244456,1.0103849625784451,0.2034557271727048,0.2517065139981607,0.4153235285813385
678,0.5908865261811758,548.3866289227922,12.001981421378439,3.0,2.1020157273415236,1.1561086500378381,0.22076121601139953,0.2503396871431931,0.42690649715578155
679,0.39823955387996063,636.5112597591169,1.8938835986151845,3.0,1.2071427827745873,0.6639285305260231,0.0988811686290939,0.09393308765849387,0.11278045468525674
680,0.44055543108649237,650.1140414646997,0.007985963786732816,2.0,0.9848578075669422,0.5416717941618182,0.05370437035541382,0.12881846692674206,0.1540280045381612
681,0.9348259638994427,733.8260750088016,87.76808253129943,6.0,4.046998046143738,2.225848925379056,0.29624633229856284,0.149226885721296,0.17271421557044506
682,0.41977366281047773,899.4400631686134,0.2413362429774371,3.0,1.2070226615010655,0.6638624638255861,0.08448512841168737,0.8474791899954278,0.9807899728209797
683,0.2695663986927183,770.6548421077259,3.552112622062883e-05,1.0,0.28377398949196414,0.1560756942205803,0.017557264911347813,0.1052555368783553,0.12186339366750429
684,0.6895956106923892,545.9513923150863,0.09856242276981389,3.0,2.1904383545925117,1.2047410950258814,0.17706011018316756,0.1113464029813408,0.12969861658442522
685,0.7673262466874584,758.5832859596273,0.757530795557772,4.0,1.7537346141058332,0.9645540377582084,0.1391079100615242,0.08264916285483122,0.09609654085538741
686,0.92628166204745,544.4100378085864,36.191273500881735,3.0,1.6697872680750652,0.9183829974412859,0.10509652355076075,0.22420816249120848,0.2595085143894446
687,0.8113042656527828,799.4565862339181,7.230010764599425e-05,4.0,3.009363175648528,1.6551497466066907,0.23862897487603985,0.08507244208186901,0.0984692742216305
688,1.0,775.5537147353166,0.20494398098062536,8.0,5.689351098934077,3.1291431044137425,0.4774752425391489,0.44663454194394026,1.415430103359834
689,0.5912990200079761,804.575405610423,7.216412916600102,4.0,1.856901421349116,1.0212957817420139,0.1583960038086082,0.1632098378902938,0.39884037697187974
690,0.2568967338962141,674.7703278154627,6.758623144871465,2.0,0.7032941796834895,0.38681179882591926,0.10061223062669658,0.05571657792319709,0.06639121479949332
691,0.42722760986537267,616.0218925864523,93.06094549173838,2.0,0.8262167339573202,0.45441920367652616,0.040566907551482886,0.12843532399369867,0.15023385052306673
692,0.7399480779412396,769.8025056459576,15.507965886381129,3.0,1.4998556731817096,0.8249206202499404,0.12385277353455802,0.07383585946823501,0.08559497847121283
