pregid,postgid,frequency_train,dt_train,path,epsp_before,epsp_after,epsp_ratio,epsp_before_std,epsp_after_std,N,apical_ratio,Use_before_mean,Use_before_std,Dep_mean,Dep_std,Fac_mean,Fac_std,gmax_AMPA_before_mean,gmax_AMPA_before_std,spine_volume_mean,spine_volume_std,Nrrp_mean,Nrrp_std,Cpre_mean,Cpre_std,Cpost_mean,Cpost_std,risetime
140267,154486,0.1,10,/gpfs/bbp.cscs.ch/project/proj32/glusynapse_20190926_release/testing/sjostrom_2001/simulations/L5TTPC_L5TTPC_lowfreq/140267-154486/0Hz_10ms/simulation.batch,2.0895262138895445,2.07591270460209,0.9934848822680652,0.5409391335482068,0.5059192093625785,5.0,0.8,0.515624892700061,0.14951033525085022,638.3065197220393,69.43082338340857,1.8377194734153588,1.7915115869463265,1.5195849458701702,0.6675880204721538,0.11601644691965199,0.07642463775309592,2.8,1.32664991614216,0.07575662126365866,0.019794088163661426,0.05280867624652439,0.03524636285032311,0.875
139067,153723,0.1,10,/gpfs/bbp.cscs.ch/project/proj32/glusynapse_20190926_release/testing/sjostrom_2001/simulations/L5TTPC_L5TTPC_lowfreq/139067-153723/0Hz_10ms/simulation.batch,2.8703966831766374,2.3359010734516072,0.8137903332812141,0.4443542933261792,0.264931987853413,9.0,0.2222222222222222,0.5657698115301744,0.25693499839907685,698.5460831319604,82.2901641160156,10.88152304654847,14.94793038205096,1.5672650468437253,0.8726689763043683,0.13096715103217738,0.04668730868376929,2.7777777777777777,1.227262335243029,0.06347968469784432,0.02304393724995852,0.03300293956931406,0.0383349619059534,1.6
152182,151084,0.1,10,/gpfs/bbp.cscs.ch/project/proj32/glusynapse_20190926_release/testing/sjostrom_2001/simulations/L5TTPC_L5TTPC_lowfreq/152182-151084/0Hz_10ms/simulation.batch,6.358368175593253,4.9858015033247645,0.7841322436254764,0.5459616150033815,0.5102711372449956,10.0,0.1,0.6466208544417166,0.23121157141968368,708.2516181124925,128.95436118707917,9.886604836899808,21.20310101998434,2.2536596374748035,1.0901919494661299,0.21819404992022026,0.1042702422053609,4.1,1.445683229480096,0.08573265198139043,0.046132181756460854,0.010994454056765381,0.015165676313948308,1.8250000000000002
139657,155496,0.1,10,/gpfs/bbp.cscs.ch/project/proj32/glusynapse_20190926_release/testing/sjostrom_2001/simulations/L5TTPC_L5TTPC_lowfreq/139657-155496/0Hz_10ms/simulation.batch,3.6588700189344445,4.065315599640475,1.1110850012716216,0.33096980762761685,0.2879916880924541,14.0,0.21428571428571427,0.6394824585950287,0.2016575432910149,704.5520962903786,106.88932913062747,29.731880668238155,72.20526104318368,2.035468310010216,1.0512845363443823,0.1403129502251657,0.06641858481449285,3.0,1.0,0.1113246833404765,0.08461677689532511,0.022905172619771822,0.0390012464674252,2.0500000000000003
149873,141060,0.1,10,/gpfs/bbp.cscs.ch/project/proj32/glusynapse_20190926_release/testing/sjostrom_2001/simulations/L5TTPC_L5TTPC_lowfreq/149873-141060/0Hz_10ms/simulation.batch,1.4030616019562152,1.6401745850404126,1.1689968442965035,0.19215715663735547,0.1863592747299739,8.0,0.0,0.4959231206455211,0.1624921173063334,669.6957247368714,126.05322667737377,8.517141228210125,16.949814268410275,1.5706072233901294,0.9957340928267947,0.11805945369685664,0.04918356509645278,2.875,1.0532687216470449,0.07369035652920929,0.022909340534083878,0.0010448663028305772,0.0015484126097163307,1.8250000000000002
160343,145480,0.1,10,/gpfs/bbp.cscs.ch/project/proj32/glusynapse_20190926_release/testing/sjostrom_2001/simulations/L5TTPC_L5TTPC_lowfreq/160343-145480/0Hz_10ms/simulation.batch,2.299143034640431,1.743655475029654,0.7583936487458898,0.3543671448223974,0.303087693955614,10.0,0.4,0.6437637634225183,0.17801893635275465,603.7489428381388,118.89462576584302,4.36235831853176,8.160691452572616,2.127407813515838,1.1200349026135599,0.1658824171663533,0.07014410192653586,3.7,1.1874342087037917,0.1017085267234075,0.06476990786630257,0.02867914132113008,0.02949654587260517,1.625
152548,146970,0.1,10,/gpfs/bbp.cscs.ch/project/proj32/glusynapse_20190926_release/testing/sjostrom_2001/simulations/L5TTPC_L5TTPC_lowfreq/152548-146970/0Hz_10ms/simulation.batch,3.4918692272175624,2.2283272144339255,0.6381473845197607,0.2691944669666257,0.2743511268896272,5.0,0.0,0.6677994014712849,0.22656121746156804,787.9046603655447,52.61317649034916,5.149778375129162,7.175156014162376,2.279375851925423,1.7938915735236685,0.21893173536258215,0.14306258513904246,4.2,2.1354156504062622,0.0677183885490016,0.022228213157616892,0.0010373812406718533,0.0019027376679635805,2.45
139857,137649,0.1,10,/gpfs/bbp.cscs.ch/project/proj32/glusynapse_20190926_release/testing/sjostrom_2001/simulations/L5TTPC_L5TTPC_lowfreq/139857-137649/0Hz_10ms/simulation.batch,2.6499838175694377,2.356095235891391,0.889097971191537,0.242262327424268,0.2456654954107814,8.0,0.0,0.5893978390227574,0.2312488805347092,691.095531456973,129.1077810814569,4.462676976301003,9.017492459681929,1.693342345712819,0.9947115863382899,0.16625028765300298,0.08660407015884959,3.0,1.0,0.09295992120621577,0.02689969693083221,0.0018379669132210035,0.0024440275608977667,2.1750000000000003
142511,154723,0.1,10,/gpfs/bbp.cscs.ch/project/proj32/glusynapse_20190926_release/testing/sjostrom_2001/simulations/L5TTPC_L5TTPC_lowfreq/142511-154723/0Hz_10ms/simulation.batch,0.3184327073457013,0.6345862940274045,1.992842692941326,0.14436976636169457,0.14845325667916923,4.0,0.25,0.3933477048143437,0.06793766350328141,658.9917325325825,132.98138327704345,5.087845727917059,7.329312405102147,1.1852582242066156,0.41249820367115325,0.12325988790045049,0.04907193544737582,2.5,0.5,0.050825775898806214,0.009963688331754924,0.05688191412138415,0.09461739516779324,1.425
141853,144400,0.1,10,/gpfs/bbp.cscs.ch/project/proj32/glusynapse_20190926_release/testing/sjostrom_2001/simulations/L5TTPC_L5TTPC_lowfreq/141853-144400/0Hz_10ms/simulation.batch,1.5012606156328157,1.552599139437597,1.0341969430691693,0.38993274794982763,0.3829463164685812,5.0,0.0,0.4694078273039322,0.21795400634066897,640.9877657639427,106.63285047285697,12.384693089887913,15.907861377652376,1.2585489123320444,0.48847437909032093,0.07864325659793592,0.022650147840771937,2.2,0.39999999999999997,0.07997541486357454,0.011295574060121015,0.0009029394194597085,0.0007637350735576911,1.4500000000000002
160682,141715,0.1,10,/gpfs/bbp.cscs.ch/project/proj32/glusynapse_20190926_release/testing/sjostrom_2001/simulations/L5TTPC_L5TTPC_lowfreq/160682-141715/0Hz_10ms/simulation.batch,1.0596041468598316,2.072074654938184,1.9555176912801244,0.14793885741287335,0.16821884622641903,7.0,0.0,0.48156227033522037,0.2864142894929604,709.8313381427168,136.66995295790832,28.949768768650983,46.86609665572334,1.7330948178892949,1.7301123681843438,0.12253201976212393,0.09760327225735736,2.7142857142857144,1.577908716741037,0.11754614806552151,0.08941192021674112,0.00040921584117104964,0.00033328492952955146,1.85
157138,146825,0.1,10,/gpfs/bbp.cscs.ch/project/proj32/glusynapse_20190926_release/testing/sjostrom_2001/simulations/L5TTPC_L5TTPC_lowfreq/157138-146825/0Hz_10ms/simulation.batch,1.552790973339243,1.7708579478175346,1.1404354985457852,0.2344890610939586,0.2274021544123889,7.0,0.2857142857142857,0.5672230994040487,0.2251310416878431,730.5320639353265,106.67151412495635,1.8549493012175025,3.3958846579692783,1.556467651636693,0.7356488516480767,0.12520372107680652,0.06891202298764675,2.5714285714285716,0.9035079029052513,0.06330540822351434,0.01948829265900131,0.02879950200571718,0.03992652053690181,1.725
136964,148712,0.1,10,/gpfs/bbp.cscs.ch/project/proj32/glusynapse_20190926_release/testing/sjostrom_2001/simulations/L5TTPC_L5TTPC_lowfreq/136964-148712/0Hz_10ms/simulation.batch,2.2437562520779655,1.697766513246599,0.7566626328837102,0.4133055237214516,0.4074645263765754,7.0,0.42857142857142855,0.48304771187312984,0.21795406453107283,720.7470491339293,126.05086426886159,27.434020413487367,43.89925228991884,1.3513957821830012,0.6146570947257207,0.11194005026351786,0.06831154408098464,2.4285714285714284,1.049781318335648,0.0985065587009616,0.04598833435018506,0.03878583947884145,0.04792770882751149,2.25
157810,145328,0.1,10,/gpfs/bbp.cscs.ch/project/proj32/glusynapse_20190926_release/testing/sjostrom_2001/simulations/L5TTPC_L5TTPC_lowfreq/157810-145328/0Hz_10ms/simulation.batch,1.5450628386538696,2.093301720650352,1.3548327409609655,0.23845211039269998,0.17942127022607368,4.0,0.0,0.692470265094006,0.09117011941500669,675.9643859302213,71.6687485433858,11.325543577015328,16.046996213009084,1.583758523443278,0.19323539760615294,0.15144720617145868,0.04038601604378217,3.25,0.82915619758885,0.06037469670232236,0.015010669123246653,0.0005213030377663294,0.0005166376909399592,1.75
137530,149975,0.1,10,/gpfs/bbp.cscs.ch/project/proj32/glusynapse_20190926_release/testing/sjostrom_2001/simulations/L5TTPC_L5TTPC_lowfreq/137530-149975/0Hz_10ms/simulation.batch,1.1529637110033513,1.1803945861665717,1.0237916205873896,0.13684189685345344,0.117469597221511,5.0,0.0,0.7268846632387334,0.18602793516208072,730.1143149350039,103.84250410248369,27.777172369877842,51.325843232972936,2.0953866567238904,0.9668649939989611,0.13329687402993654,0.04425272238136542,3.2,1.16619037896906,0.10629129165217543,0.0359226039647499,0.001044172092087794,0.0007084069977748731,1.9500000000000002
145233,144584,0.1,10,/gpfs/bbp.cscs.ch/project/proj32/glusynapse_20190926_release/testing/sjostrom_2001/simulations/L5TTPC_L5TTPC_lowfreq/145233-144584/0Hz_10ms/simulation.batch,0.9741601081222174,2.0541434438451995,2.108630220759859,0.2165696797141961,0.16165546541871362,10.0,0.2,0.4090006470403411,0.15338344518511096,652.2777341333763,146.7882147098096,39.016936937990764,36.764473485728935,1.1108250593371727,0.5655449943584802,0.09830959980487315,0.053824963229553505,2.5,1.2041594578792296,0.06729286043454585,0.02106164397891465,0.027048357652471017,0.052848569576052606,2.0
141976,146963,0.1,10,/gpfs/bbp.cscs.ch/project/proj32/glusynapse_20190926_release/testing/sjostrom_2001/simulations/L5TTPC_L5TTPC_lowfreq/141976-146963/0Hz_10ms/simulation.batch,1.1118100532115283,2.2444843369861998,2.0187660027923617,0.247106423288889,0.22950826603713073,5.0,0.0,0.5289119208676697,0.16270322536240664,615.2872696711813,191.91644046932495,1.6286590032741473,1.5374630516556078,1.1447493591830007,0.40367964484868707,0.09149245834931244,0.0297555950306228,2.6,0.4898979485566356,0.06326981224843874,0.015987365452491124,0.0010394963343963919,0.00047470701868457363,1.725
160093,159416,0.1,10,/gpfs/bbp.cscs.ch/project/proj32/glusynapse_20190926_release/testing/sjostrom_2001/simulations/L5TTPC_L5TTPC_lowfreq/160093-159416/0Hz_10ms/simulation.batch,0.7691966038564757,0.8793681042853403,1.1432293120854984,0.12486706906033553,0.1433351339495289,6.0,0.6666666666666666,0.340519274098825,0.2874251745860375,638.5190306235376,157.3065238184901,9.05067403555285,18.284941594017727,0.8410760841515872,0.8812631528300121,0.07292262914438202,0.052136450856010506,1.8333333333333333,1.21335164821342,0.049291204094613635,0.017469690341451148,0.03449240396350054,0.025436745541676124,0.7000000000000001
143097,140969,0.1,10,/gpfs/bbp.cscs.ch/project/proj32/glusynapse_20190926_release/testing/sjostrom_2001/simulations/L5TTPC_L5TTPC_lowfreq/143097-140969/0Hz_10ms/simulation.batch,0.8912158179751858,1.0042930749621763,1.1268797688576697,0.4488375215933955,0.38220418330533074,5.0,0.2,0.35904574566379394,0.029612952697624085,550.7572078690955,70.97768676984563,25.80779366568599,47.57004975288383,0.9728029870487058,0.45922537610905145,0.10007133955055443,0.05282869377487199,1.8,0.4000000000000001,0.05265316495052006,0.022541038477593218,0.02760124782178011,0.04491063286788797,1.4000000000000001
154250,139481,0.1,10,/gpfs/bbp.cscs.ch/project/proj32/glusynapse_20190926_release/testing/sjostrom_2001/simulations/L5TTPC_L5TTPC_lowfreq/154250-139481/0Hz_10ms/simulation.batch,1.572498290690288,1.3557049819529727,0.8621344709747517,0.3846715503533415,0.3829769429296033,6.0,0.0,0.6227364067973425,0.15688396049853912,699.0764261868973,67.92649178883994,4.868681655881374,4.112605159780345,1.5330069828487947,0.5120762858548927,0.10272181706001704,0.0514135441079749,2.8333333333333335,1.4624940645653537,0.2684829102049538,0.16094905030639498,0.0023425878191157576,0.004999234029352475,2.6500000000000004
160371,150096,0.1,10,/gpfs/bbp.cscs.ch/project/proj32/glusynapse_20190926_release/testing/sjostrom_2001/simulations/L5TTPC_L5TTPC_lowfreq/160371-150096/0Hz_10ms/simulation.batch,3.2331280415082544,2.8469376793051557,0.8805520977687785,0.7232473155242805,0.6683830551382488,8.0,0.875,0.6700172419810446,0.2610249575480417,718.6785899109971,120.57977103319861,8.821488825581543,11.378026996235315,1.9280821055650648,1.1880568782024703,0.18932241568114574,0.14788906164056273,3.75,1.713913650100261,0.15588897636047927,0.07751958098080862,0.0831369117847304,0.04787047742197833,3.9250000000000003
155668,136959,0.1,10,/gpfs/bbp.cscs.ch/project/proj32/glusynapse_20190926_release/testing/sjostrom_2001/simulations/L5TTPC_L5TTPC_lowfreq/155668-136959/0Hz_10ms/simulation.batch,1.143759180650053,0.550187785899866,0.48103464016539565,0.16338406777848502,0.1378847352980954,6.0,0.5,0.6462137311757096,0.14289943649482975,680.9664545427228,129.73307806060828,8.760375415313035,19.390487707476964,1.8988114523154003,0.6538498300809755,0.140133429403033,0.07587450600901334,3.1666666666666665,0.8975274678557507,0.07921930997584187,0.014407800752764741,0.04811660342590226,0.033857200531427455,1.9000000000000001
157944,156787,0.1,10,/gpfs/bbp.cscs.ch/project/proj32/glusynapse_20190926_release/testing/sjostrom_2001/simulations/L5TTPC_L5TTPC_lowfreq/157944-156787/0Hz_10ms/simulation.batch,2.0006207670095306,2.432385146479718,1.2158152042556152,0.2338680511774002,0.22946005745917275,8.0,0.0,0.5462377165039207,0.23280992115234375,632.5516711786632,100.48207889013791,2.626192935359674,4.3032591430043725,1.819017795413372,0.9466678655982429,0.16220561109731083,0.0855336191282073,3.875,1.6909686573085854,0.06918288559374719,0.028429442607445666,0.0009277181380003752,0.0016942996655777765,1.7000000000000002
139692,138555,0.1,10,/gpfs/bbp.cscs.ch/project/proj32/glusynapse_20190926_release/testing/sjostrom_2001/simulations/L5TTPC_L5TTPC_lowfreq/139692-138555/0Hz_10ms/simulation.batch,0.8026189831885283,1.061417235456825,1.322442226871062,0.128842928630084,0.13499336987761873,5.0,0.2,0.5084602693077007,0.21605068355796986,702.8880134613431,122.95471594371196,0.8730027674354653,1.6110829825220536,1.378884573161598,0.9192455534917847,0.1281319266289005,0.08420534298107822,2.8,1.16619037896906,0.07206010720323311,0.029229982808525023,0.018897250088888422,0.0327610434035562,2.5500000000000003
137888,138689,0.1,10,/gpfs/bbp.cscs.ch/project/proj32/glusynapse_20190926_release/testing/sjostrom_2001/simulations/L5TTPC_L5TTPC_lowfreq/137888-138689/0Hz_10ms/simulation.batch,1.8366985326836613,1.2920725556010877,0.7034755745752121,0.16389120937806023,0.2389484221028488,11.0,0.36363636363636365,0.555882778068757,0.2376070694883025,629.2073658152175,122.80447538832765,14.079465057151424,14.808097625158522,1.2886080255749235,0.7498818916315577,0.11511467744731035,0.06520254632171235,2.5454545454545454,1.0756508696544758,0.059409478251250654,0.015550190940656877,0.023543453802957946,0.020245011582813693,0.8500000000000001
158249,149658,0.1,10,/gpfs/bbp.cscs.ch/project/proj32/glusynapse_20190926_release/testing/sjostrom_2001/simulations/L5TTPC_L5TTPC_lowfreq/158249-149658/0Hz_10ms/simulation.batch,8.026598564231582,5.054005420065016,0.6296571803885717,0.5775268931077472,0.5237716359582801,11.0,0.0,0.6395129643126163,0.2644765606747742,658.327069087293,115.35841771908365,30.418397845722208,58.8901375559117,2.10916661860617,1.2941607599902296,0.16526749872017313,0.09765199772964203,3.5454545454545454,1.6160353486028345,0.09805584960135817,0.04605439954215568,0.001976952659006052,0.003122005310419432,2.875
150855,159683,0.1,10,/gpfs/bbp.cscs.ch/project/proj32/glusynapse_20190926_release/testing/sjostrom_2001/simulations/L5TTPC_L5TTPC_lowfreq/150855-159683/0Hz_10ms/simulation.batch,1.2579543091689573,1.2848347987407238,1.021368414874722,0.3437961015577543,0.31023115792402467,5.0,0.0,0.48766344712142284,0.16437675737220403,701.4595759372843,129.5251556019669,26.610599103177584,38.26660547051766,0.9885115037006944,0.5441768608486145,0.1030313305295123,0.07714925487150068,2.2,0.9797958971132712,0.06251294146964946,0.030712957888166532,0.004524544373735611,0.008558244085046412,1.8
143361,138293,0.1,10,/gpfs/bbp.cscs.ch/project/proj32/glusynapse_20190926_release/testing/sjostrom_2001/simulations/L5TTPC_L5TTPC_lowfreq/143361-138293/0Hz_10ms/simulation.batch,1.0503752129584945,1.5799620839156376,1.5041882790298382,0.19151507817074886,0.19137855045527527,9.0,0.2222222222222222,0.46333375642895963,0.19062845222176172,671.1461746395842,93.587791858257,13.387813606467782,20.453242116402684,1.3062358828475575,0.9243510533060301,0.07942712120966595,0.034712162314218455,2.111111111111111,0.5665577237325317,0.07550434092574038,0.025408077226985647,0.014810602221073353,0.02822259988242203,1.625
148044,136976,0.1,10,/gpfs/bbp.cscs.ch/project/proj32/glusynapse_20190926_release/testing/sjostrom_2001/simulations/L5TTPC_L5TTPC_lowfreq/148044-136976/0Hz_10ms/simulation.batch,1.8643685528151772,1.4751606273293727,0.791238741450501,0.15839692058924032,0.1027779097876144,5.0,0.0,0.7958809045627941,0.17716587257187982,546.1341468635352,78.27895097651127,17.871488852145212,12.011630264154316,2.521972889645093,0.7562124868499446,0.2597569111798017,0.1085233127429577,4.8,1.6,0.07755006552732807,0.04156020415872504,0.001968935191654018,0.0024372863550927754,1.75
149205,150267,0.1,10,/gpfs/bbp.cscs.ch/project/proj32/glusynapse_20190926_release/testing/sjostrom_2001/simulations/L5TTPC_L5TTPC_lowfreq/149205-150267/0Hz_10ms/simulation.batch,3.780105154366038,3.5768415113336998,0.9462280453236683,0.34676844513654204,0.2897479703296086,12.0,0.4166666666666667,0.5937060990978715,0.2664735009744279,726.2529247935155,116.03747937096409,16.991622735733532,24.04464858056576,1.671236511515981,1.0449295006378714,0.11779915447036467,0.06764264522916942,2.75,1.2332207155790618,0.07295540607921015,0.02670950469585905,0.02380914273630795,0.00819120739312856,0.8500000000000001
148745,136885,0.1,10,/gpfs/bbp.cscs.ch/project/proj32/glusynapse_20190926_release/testing/sjostrom_2001/simulations/L5TTPC_L5TTPC_lowfreq/148745-136885/0Hz_10ms/simulation.batch,1.4164888827007203,1.8190977287579873,1.2842301489085046,0.25799020856786425,0.1735316767764309,4.0,0.25,0.5343824551402059,0.2076328990664954,635.5294208917052,109.0353841133615,1.0532860888271631,1.089224782688441,1.6326203448985597,1.103147666015066,0.15937704585983375,0.10212361867799524,3.25,1.0897247358851685,0.053975393846952276,0.0037057492049777435,0.040512325449288546,0.06512349570991346,1.4500000000000002
157373,149413,0.1,10,/gpfs/bbp.cscs.ch/project/proj32/glusynapse_20190926_release/testing/sjostrom_2001/simulations/L5TTPC_L5TTPC_lowfreq/157373-149413/0Hz_10ms/simulation.batch,1.287791024582384,1.2174963642511338,0.945414543983139,0.14341990165612012,0.13432268908249584,5.0,0.0,0.678561588129352,0.23938475154660238,638.0776001244294,72.52688237794635,26.341558926045803,43.17218864122058,1.9271366063352235,0.7295855446543312,0.16123624197398295,0.07732712891389465,3.4,1.3564659966250536,0.0779921105526994,0.02185538689898717,0.0003678476006795616,0.00011831183331445409,2.0
141635,151488,0.1,10,/gpfs/bbp.cscs.ch/project/proj32/glusynapse_20190926_release/testing/sjostrom_2001/simulations/L5TTPC_L5TTPC_lowfreq/141635-151488/0Hz_10ms/simulation.batch,0.5191305682967823,1.8152183506994628,3.496650865031933,0.35280253515651155,0.37801956028236267,5.0,0.0,0.28866886422891047,0.10416757854405037,717.2559747485353,39.80684719357163,48.05097917223457,56.722591857350764,0.6640523612459968,0.14864102278930422,0.05144328297467745,0.011759688444147303,1.2,0.4,0.07673146182549533,0.043480231196583286,0.001910672743822036,0.0022507539031236595,1.425
145068,137401,0.1,10,/gpfs/bbp.cscs.ch/project/proj32/glusynapse_20190926_release/testing/sjostrom_2001/simulations/L5TTPC_L5TTPC_lowfreq/145068-137401/0Hz_10ms/simulation.batch,3.2999396181526577,3.310521810112625,1.0032067835125698,0.43188852815679063,0.4387842245445765,12.0,0.25,0.5334532896844469,0.20111511362456683,695.9482113916793,114.89469496090607,21.5794907386977,53.78786531562321,1.558274710591984,0.8157276521369198,0.13343892849855185,0.08359119006969369,3.0833333333333335,1.3819269959814167,0.07243232008891633,0.029591757519737326,0.02636137990877992,0.04169978321840829,1.475
148472,142210,0.1,10,/gpfs/bbp.cscs.ch/project/proj32/glusynapse_20190926_release/testing/sjostrom_2001/simulations/L5TTPC_L5TTPC_lowfreq/148472-142210/0Hz_10ms/simulation.batch,1.4940279816080095,1.3510104141186023,0.9042738360659894,0.2805826122304381,0.30238429866159444,5.0,0.0,0.6293403093393563,0.14186429528018485,768.9058552441027,187.73753022775506,14.105499744683552,17.16344555845976,1.5567594866574257,0.46212817471971784,0.10576411863270044,0.02237478010513004,2.6,0.4898979485566356,0.09340079152198486,0.03166580162963898,0.0034340992400268685,0.00530367519013385,1.7000000000000002
145018,139767,0.1,10,/gpfs/bbp.cscs.ch/project/proj32/glusynapse_20190926_release/testing/sjostrom_2001/simulations/L5TTPC_L5TTPC_lowfreq/145018-139767/0Hz_10ms/simulation.batch,0.2843629908791658,0.9197997042943025,3.234597095249826,0.12782590051798992,0.12075787635730068,5.0,0.2,0.2908336798479557,0.10746706089712382,678.4639954010447,92.34478569190958,40.46642910662731,46.75134731223255,0.6972970619877403,0.3382648582725707,0.0690491743317356,0.02056710396108008,1.8,0.7483314773547883,0.05277915214568787,0.02183608987853673,0.023763747396914357,0.03113707867114788,1.4000000000000001
158610,145538,0.1,10,/gpfs/bbp.cscs.ch/project/proj32/glusynapse_20190926_release/testing/sjostrom_2001/simulations/L5TTPC_L5TTPC_lowfreq/158610-145538/0Hz_10ms/simulation.batch,1.4627406038899673,2.3499892722998044,1.6065659666863115,0.199506712113338,0.13197657737262172,7.0,0.0,0.5344984323097192,0.27383628508097974,743.714279083707,147.523596402929,8.322039740808426,10.562506301039223,1.6065020873836138,0.9656695299910706,0.1520947877181333,0.09478729376586378,3.0,1.6035674514745464,0.05308241641514993,0.017225262908021437,0.0032311639150510393,0.0013854012118810013,1.5250000000000001
136673,154883,0.1,10,/gpfs/bbp.cscs.ch/project/proj32/glusynapse_20190926_release/testing/sjostrom_2001/simulations/L5TTPC_L5TTPC_lowfreq/136673-154883/0Hz_10ms/simulation.batch,2.356020214052903,1.7043565961531624,0.7234049122275027,0.3663995959130801,0.312848582368484,6.0,0.16666666666666666,0.521698549982924,0.2593555093638554,676.1052424888808,94.35975828714899,4.644835606296263,6.233145179538122,1.4705123069000372,0.7166901047948938,0.10008090626518751,0.021130833504788844,2.6666666666666665,0.9428090415820634,0.11694678500642947,0.07035665781377962,0.021755459962034793,0.04829668310552259,2.575
140509,141161,0.1,10,/gpfs/bbp.cscs.ch/project/proj32/glusynapse_20190926_release/testing/sjostrom_2001/simulations/L5TTPC_L5TTPC_lowfreq/140509-141161/0Hz_10ms/simulation.batch,1.7391262362884665,2.1241825606602722,1.2214079210222075,0.2269806662792854,0.24309766284221113,8.0,0.25,0.49823355659846946,0.2477580666369351,698.9468214130525,90.6770118256302,3.11060300274051,4.648079143772576,1.195804372552239,0.5391211411505507,0.11643238394075875,0.06570832768876722,2.75,1.1989578808281798,0.057464001166061485,0.018867117989753608,0.02471535740432287,0.030698742653559208,1.5750000000000002
144849,137835,0.1,10,/gpfs/bbp.cscs.ch/project/proj32/glusynapse_20190926_release/testing/sjostrom_2001/simulations/L5TTPC_L5TTPC_lowfreq/144849-137835/0Hz_10ms/simulation.batch,1.842794658180626,2.2399747872676676,1.2155314089520826,0.17658845286521702,0.18334638209369228,8.0,0.125,0.64261145127488,0.15393566362948705,584.8169488637864,99.92926344764021,43.345223819797184,53.799875566634014,1.8726341801539326,1.1206196571918725,0.10697722320610237,0.05328098792596603,3.375,1.2183492931011204,0.0907355063214231,0.03957520930016986,0.012182629248439847,0.019888676277817558,1.55
141263,156716,0.1,10,/gpfs/bbp.cscs.ch/project/proj32/glusynapse_20190926_release/testing/sjostrom_2001/simulations/L5TTPC_L5TTPC_lowfreq/141263-156716/0Hz_10ms/simulation.batch,0.8137567072410706,1.648489773967777,2.025777187824053,0.1789468112974091,0.1724890734315597,5.0,0.0,0.5048525912063976,0.1669114933579038,596.0258640496761,71.14792636815933,28.891371437336936,27.153183446680845,1.3292759294199639,0.48480181317555504,0.12074636122428847,0.034013802930175925,2.2,0.7483314773547882,0.05723982426301625,0.008401470672245956,0.004849378767246001,0.004694572265135244,1.675
157402,136683,0.1,10,/gpfs/bbp.cscs.ch/project/proj32/glusynapse_20190926_release/testing/sjostrom_2001/simulations/L5TTPC_L5TTPC_lowfreq/157402-136683/0Hz_10ms/simulation.batch,1.2211462900324555,1.142581492305174,0.9356630746303186,0.17249172156613246,0.20954148353789515,6.0,0.16666666666666666,0.5109378901333568,0.2958684439561773,713.032811358868,139.61782505695138,4.837065805354082,8.080851978256124,1.5445072397863298,1.2289447198799779,0.11858354449275886,0.08657947929762391,2.5,1.5,0.09193144651841917,0.04396310490405128,0.006588587161322699,0.01266531201377567,1.9500000000000002
146792,157537,0.1,10,/gpfs/bbp.cscs.ch/project/proj32/glusynapse_20190926_release/testing/sjostrom_2001/simulations/L5TTPC_L5TTPC_lowfreq/146792-157537/0Hz_10ms/simulation.batch,2.1958642392414545,1.796469269103712,0.8181149075610837,0.21598743730431555,0.13624230738612755,9.0,0.0,0.5797431868579007,0.24505314407207254,714.5380157669302,120.52364045244023,10.141667139907744,11.808422165804961,1.758380202951055,1.1037554342352998,0.15210393195794056,0.1032946284314861,3.0,1.4907119849998598,0.07858173613747199,0.027830653734012247,0.0042192521130398316,0.006514214168136958,1.6
151026,143498,0.1,10,/gpfs/bbp.cscs.ch/project/proj32/glusynapse_20190926_release/testing/sjostrom_2001/simulations/L5TTPC_L5TTPC_lowfreq/151026-143498/0Hz_10ms/simulation.batch,0.9023856428659731,0.9233691787365079,1.0232534017317598,0.2076609341151816,0.19304745292692868,7.0,0.42857142857142855,0.54551597174622,0.2095272557065348,632.2007880051646,115.50279319277331,9.869115002691178,10.65830995996504,1.3722949285615071,0.3864284163966401,0.10568232650564151,0.03203087694706416,2.2857142857142856,0.45175395145262565,0.07829886061553275,0.020349063200667393,0.03194421547154554,0.04868535078213979,1.75
149299,147997,0.1,10,/gpfs/bbp.cscs.ch/project/proj32/glusynapse_20190926_release/testing/sjostrom_2001/simulations/L5TTPC_L5TTPC_lowfreq/149299-147997/0Hz_10ms/simulation.batch,0.8034529559896352,1.0088351240873765,1.2556243854312124,0.1574911723837101,0.16979746852988334,7.0,0.42857142857142855,0.4878200612314518,0.2109932168961113,653.5986704510015,54.53464422150192,27.88728460178661,63.03008198976566,1.557347816765113,0.7869334265361065,0.10326366790024506,0.04401597201799869,2.4285714285714284,1.178030178747903,0.16138380097934862,0.10457977572212054,0.04535945276573483,0.052543337482369945,4.8500000000000005
155565,156008,0.1,10,/gpfs/bbp.cscs.ch/project/proj32/glusynapse_20190926_release/testing/sjostrom_2001/simulations/L5TTPC_L5TTPC_lowfreq/155565-156008/0Hz_10ms/simulation.batch,4.288478283074716,4.629186985033782,1.0794474588582474,0.8033226502471978,0.7716711793475514,12.0,0.3333333333333333,0.5300462423831277,0.2584812011453555,665.9064677992018,113.52615258200117,5.078064041733119,6.042333674332836,1.6083592764782113,1.2078328002544563,0.15510590237181965,0.11032144197238007,2.9166666666666665,1.3202482931462383,0.1434321012214647,0.12314825658065409,0.040732371878472784,0.061307934182006085,2.4000000000000004
158678,146776,0.1,10,/gpfs/bbp.cscs.ch/project/proj32/glusynapse_20190926_release/testing/sjostrom_2001/simulations/L5TTPC_L5TTPC_lowfreq/158678-146776/0Hz_10ms/simulation.batch,2.246539470552484,3.848631305005546,1.713137630321298,0.27265652395488954,0.24421467824854823,14.0,0.35714285714285715,0.5195540399986138,0.1976313104195522,692.7812231041182,107.61268033931417,12.030987657822422,16.904558296392032,1.480458434196897,0.898318378039774,0.11669261798193988,0.06546819378094221,2.7857142857142856,1.3720980508784675,0.06973328838595023,0.023829624696297146,0.03129518845563237,0.05095783342678691,1.8250000000000002
138331,155302,0.1,10,/gpfs/bbp.cscs.ch/project/proj32/glusynapse_20190926_release/testing/sjostrom_2001/simulations/L5TTPC_L5TTPC_lowfreq/138331-155302/0Hz_10ms/simulation.batch,2.3308148471425283,2.342643943463104,1.0050750905139796,0.44696473815743165,0.46897894631406256,4.0,0.0,0.5618475540730394,0.1343085758649053,612.3423728978673,57.28347955224102,6.162359411713834,8.161367794747216,1.7245374422702389,0.8408132207564358,0.1238097757448599,0.05288630299782906,3.25,0.82915619758885,0.08434600700165133,0.020860643925215,0.0022411100864652748,0.0020269916995410667,1.3250000000000002
146993,158333,0.1,10,/gpfs/bbp.cscs.ch/project/proj32/glusynapse_20190926_release/testing/sjostrom_2001/simulations/L5TTPC_L5TTPC_lowfreq/146993-158333/0Hz_10ms/simulation.batch,3.2974153553295555,4.080650297844693,1.2375299615346331,0.3880067618988805,0.35034800398562693,5.0,0.0,0.6961932971460808,0.14174897218253765,637.2214664535079,158.95421607366194,8.439621316591577,16.363470982393977,1.8374405040011936,0.4511891126660159,0.13523690590733908,0.03599439788307364,3.2,0.7483314773547882,0.07529198436745294,0.01968695952843805,0.00638636315866307,0.0027046267992020872,1.2750000000000001
137518,147590,0.1,10,/gpfs/bbp.cscs.ch/project/proj32/glusynapse_20190926_release/testing/sjostrom_2001/simulations/L5TTPC_L5TTPC_lowfreq/137518-147590/0Hz_10ms/simulation.batch,1.9219572258337976,1.4501594611675979,0.754522234769548,0.17584206047503032,0.17979033582212692,10.0,0.1,0.527170322006782,0.3085279632314966,646.305121413728,118.66973265315083,6.8792509856852195,10.510334619280496,1.475021123259436,1.1178234086878225,0.12301077813954826,0.11003275978094951,2.9,1.5132745950421556,0.08987289501015919,0.026105992258654124,0.00572504987473889,0.015356540448885642,2.2
141649,146598,0.1,10,/gpfs/bbp.cscs.ch/project/proj32/glusynapse_20190926_release/testing/sjostrom_2001/simulations/L5TTPC_L5TTPC_lowfreq/141649-146598/0Hz_10ms/simulation.batch,0.9233801389967335,1.241396565891059,1.344404664410321,0.1765908263884768,0.1583161457095691,5.0,0.6,0.5537300418638991,0.23984870503970487,676.5836392503052,87.32775661507233,25.55996739865853,28.06518958917802,1.3421381243249022,0.5896189905193325,0.09501526911136242,0.04189157023844992,2.6,1.019803902718557,0.08448713478367989,0.022196805279687672,0.05416001107845146,0.051129172903631635,1.125
142620,141940,0.1,10,/gpfs/bbp.cscs.ch/project/proj32/glusynapse_20190926_release/testing/sjostrom_2001/simulations/L5TTPC_L5TTPC_lowfreq/142620-141940/0Hz_10ms/simulation.batch,0.9951252686239737,1.4472674769662175,1.4543570770416183,0.2016509251755648,0.22127087434957443,12.0,0.4166666666666667,0.3654942522405035,0.16227819599974355,646.1495514422038,119.22304823717569,4.572505151842452,5.740107787563731,1.016550964748148,0.7411491811372631,0.08640150308319512,0.05501079990830071,1.9166666666666667,1.0374916331657276,0.06425251119001356,0.02566466555232279,0.04771323191829377,0.056378094502710384,2.0
150061,138695,0.1,10,/gpfs/bbp.cscs.ch/project/proj32/glusynapse_20190926_release/testing/sjostrom_2001/simulations/L5TTPC_L5TTPC_lowfreq/150061-138695/0Hz_10ms/simulation.batch,1.176206419762054,1.3721618252743817,1.1665995034714818,0.21221224480652914,0.19749738923743784,8.0,0.125,0.5470414308945206,0.16825348267345996,703.9608369116121,151.46444107499033,12.620054348285045,15.642094118236228,1.3355482860979184,0.5911189911711267,0.12795482997570506,0.04563855857917403,3.125,0.9270248108869579,0.05611531482803128,0.01872053601130145,0.022347392017718907,0.023784920951287175,1.5250000000000001
152967,160022,0.1,10,/gpfs/bbp.cscs.ch/project/proj32/glusynapse_20190926_release/testing/sjostrom_2001/simulations/L5TTPC_L5TTPC_lowfreq/152967-160022/0Hz_10ms/simulation.batch,3.4643844513399142,1.958328574055778,0.5652746112800381,0.25561127878020634,0.2644433817017744,9.0,0.0,0.6121676982863204,0.30550139660316494,690.4503964814652,90.30204366274377,7.6111998224387305,15.389723403704659,1.8353922650558445,1.209244674069129,0.16598683345201465,0.10686376965831378,3.2222222222222223,1.4740554623801776,0.056425994498635695,0.012636519044418232,0.00621527142361419,0.004928408994420622,0.8500000000000001
152723,141000,0.1,10,/gpfs/bbp.cscs.ch/project/proj32/glusynapse_20190926_release/testing/sjostrom_2001/simulations/L5TTPC_L5TTPC_lowfreq/152723-141000/0Hz_10ms/simulation.batch,3.079957596445818,1.5076216951368115,0.4894943024139564,0.3075856713369151,0.2658143188817583,7.0,0.14285714285714285,0.5499885457400321,0.3207092815855371,706.4678096963315,76.64087666725092,16.680365383550317,34.02656828884849,1.5402965984240449,0.9944030771496581,0.1336863920832796,0.08057225042729499,3.142857142857143,1.1248582677159729,0.05785715784638595,0.014927208062079967,0.018080282455486287,0.029145250003142796,1.425
152792,146757,0.1,10,/gpfs/bbp.cscs.ch/project/proj32/glusynapse_20190926_release/testing/sjostrom_2001/simulations/L5TTPC_L5TTPC_lowfreq/152792-146757/0Hz_10ms/simulation.batch,2.8555425269764836,2.20487781782343,0.7721397237105788,0.1950837805312365,0.22715364303328653,8.0,0.0,0.5451645305874567,0.28824676770363283,635.6193259556837,128.93490866707137,4.925792405423053,8.41059840835882,1.5832261605169555,1.0540657482866358,0.1509626152188806,0.10487997465405752,3.25,1.920286436967152,0.08035856884516354,0.03806002373624693,0.00045140470595085217,0.00012906277353168032,1.875
150972,148373,0.1,10,/gpfs/bbp.cscs.ch/project/proj32/glusynapse_20190926_release/testing/sjostrom_2001/simulations/L5TTPC_L5TTPC_lowfreq/150972-148373/0Hz_10ms/simulation.batch,3.066284951967563,2.7588597711945444,0.8997401788846301,0.4251844724405222,0.5053225836055178,7.0,0.14285714285714285,0.5632434498929105,0.1918668033273222,731.6350592010606,70.68279561097638,0.9759664639346376,0.9563703784416558,1.6948028663002195,1.055318675836663,0.13197368391556263,0.0686602084730418,3.142857142857143,1.6413036132965795,0.1096289767414947,0.06343478021904723,0.011650548544898135,0.02177255443520626,1.6500000000000001
140929,151609,0.1,10,/gpfs/bbp.cscs.ch/project/proj32/glusynapse_20190926_release/testing/sjostrom_2001/simulations/L5TTPC_L5TTPC_lowfreq/140929-151609/0Hz_10ms/simulation.batch,2.938557247002197,2.146045502078886,0.7303058343573872,0.32460432026900293,0.26716784327163623,8.0,0.375,0.6840295378971456,0.15394301902332108,806.7068140583241,102.7541998285556,14.398119324435676,10.825975816726778,1.9163355633907768,0.9530957923744742,0.18808550772557822,0.09038114027426573,3.625,1.4947825928876748,0.05823824335262423,0.01473931824315106,0.0189720081177328,0.028057764078807657,1.625
145819,156139,0.1,10,/gpfs/bbp.cscs.ch/project/proj32/glusynapse_20190926_release/testing/sjostrom_2001/simulations/L5TTPC_L5TTPC_lowfreq/145819-156139/0Hz_10ms/simulation.batch,0.9776671866508845,1.2198845428910454,1.2477503178457952,0.08962436507860454,0.12066902624312853,4.0,0.0,0.500746862564318,0.3263807223178136,739.6026576677052,97.02241224998285,54.753221692578414,63.56017154427222,1.4434305350132062,1.2372178622620664,0.11153430797579325,0.09840498227795431,2.75,2.0463381929681126,0.07023113196872013,0.02022608385601941,0.0006847400444829246,0.0007358423424042225,1.875
150453,150584,0.1,10,/gpfs/bbp.cscs.ch/project/proj32/glusynapse_20190926_release/testing/sjostrom_2001/simulations/L5TTPC_L5TTPC_lowfreq/150453-150584/0Hz_10ms/simulation.batch,2.305935864086849,2.5885212407360543,1.1225469368208596,0.3508463773674529,0.4115582334769663,10.0,0.2,0.43818579999651597,0.22102479692949725,612.8786657721697,71.59443276074865,18.207806023432987,20.87541571990179,1.4388984813961976,0.6966513071840376,0.12279784603418598,0.05504458555131863,2.6,1.2806248474865698,0.06888219096783754,0.0199612927222467,0.02032936486797854,0.031176228874868428,1.925
153308,145845,0.1,10,/gpfs/bbp.cscs.ch/project/proj32/glusynapse_20190926_release/testing/sjostrom_2001/simulations/L5TTPC_L5TTPC_lowfreq/153308-145845/0Hz_10ms/simulation.batch,1.0406623119700753,2.0204967647677985,1.9415488977810689,0.20792109664674258,0.11293467242752647,4.0,0.0,0.6421834768511243,0.09998322817767412,634.7882868317901,70.1831547325847,8.137594582019172,8.08173343116198,2.0670861227856414,0.29547774043993125,0.16871075644623187,0.007701261946495959,3.5,0.8660254037844386,0.05913912002558759,0.00553243582239243,0.0007013774861937346,0.00017335846188220295,1.625
143423,136140,0.1,10,/gpfs/bbp.cscs.ch/project/proj32/glusynapse_20190926_release/testing/sjostrom_2001/simulations/L5TTPC_L5TTPC_lowfreq/143423-136140/0Hz_10ms/simulation.batch,1.9998841542566719,3.486569462220646,1.743385713017239,0.22532324979846,0.23177526678518282,15.0,0.2,0.5554534013752357,0.27094629003875803,680.5217829868824,108.81961957048738,19.640566889240187,51.504760774429556,1.6314719462518825,1.0688890524491286,0.13139640697117003,0.08651056616858713,2.8,1.2220201853215573,0.10258879732424729,0.05842277800822289,0.01124446936783417,0.02623725225640822,2.025
147275,142466,0.1,10,/gpfs/bbp.cscs.ch/project/proj32/glusynapse_20190926_release/testing/sjostrom_2001/simulations/L5TTPC_L5TTPC_lowfreq/147275-142466/0Hz_10ms/simulation.batch,2.2260387123899013,2.3782231558755673,1.0683655871026065,0.22087326521064035,0.1413925452372474,7.0,0.14285714285714285,0.5849243669827979,0.29178194587453066,648.126664825864,129.74087484069625,5.374230945530367,5.76393944432473,1.8239212396031539,1.1270362386096522,0.14277480390363909,0.0880316491127651,3.2857142857142856,1.2777531299998799,0.0807969145254946,0.04164428773285455,0.016010287894590906,0.03850677297574127,2.5250000000000004
141564,153894,0.1,10,/gpfs/bbp.cscs.ch/project/proj32/glusynapse_20190926_release/testing/sjostrom_2001/simulations/L5TTPC_L5TTPC_lowfreq/141564-153894/0Hz_10ms/simulation.batch,3.582781533068504,1.719136584790472,0.47983293676243294,0.3507811180476106,0.2799653851193627,10.0,0.0,0.6412009297501454,0.18153132073920242,564.8582036623332,108.9543119235157,7.170451557009473,10.82911744149505,1.5587145506705589,0.8618685463135667,0.15797082306933063,0.07375557070235568,3.3,1.2688577540449522,0.07074814604333643,0.022558406690535056,0.007747553734277277,0.008635490194948274,1.25
136415,150486,0.1,10,/gpfs/bbp.cscs.ch/project/proj32/glusynapse_20190926_release/testing/sjostrom_2001/simulations/L5TTPC_L5TTPC_lowfreq/136415-150486/0Hz_10ms/simulation.batch,0.2705367668574266,0.07407654491349286,0.27381322610590425,0.11420210433460266,0.0529643362893224,3.0,0.3333333333333333,0.4124097898818248,0.16795755432093532,721.1944773323453,153.5349805486138,8.35047996580033,6.032533312724951,0.9129918337769451,0.5047188144417614,0.08191824006468443,0.026244983001964803,2.3333333333333335,0.4714045207910317,0.05101554728121579,0.018802697543682887,0.03372945337473115,0.044276278097422704,1.7750000000000001
156496,160461,0.1,10,/gpfs/bbp.cscs.ch/project/proj32/glusynapse_20190926_release/testing/sjostrom_2001/simulations/L5TTPC_L5TTPC_lowfreq/156496-160461/0Hz_10ms/simulation.batch,1.5913724158256586,1.2667675399716394,0.7960220545323433,0.24559691434425654,0.22427086488724934,5.0,0.0,0.5318232966592938,0.27720041667539014,664.0883382375049,99.36266418576062,6.235051749651343,8.471643712811836,1.6508227215176383,1.1685132813015957,0.1368005698296341,0.06974233827810696,3.2,1.469693845669907,0.0707741792187774,0.026054257920945196,0.00046086565031915077,0.000565774540275704,2.025
144562,155421,0.1,10,/gpfs/bbp.cscs.ch/project/proj32/glusynapse_20190926_release/testing/sjostrom_2001/simulations/L5TTPC_L5TTPC_lowfreq/144562-155421/0Hz_10ms/simulation.batch,0.49932635950333265,0.49803387761502976,0.9974115488523608,0.09223703863331562,0.09278981018540713,4.0,0.75,0.6411877686901029,0.09205998340508095,648.4145162912282,53.85981934131562,19.299686871483736,24.932837121496263,1.517159059505441,0.3879040889182473,0.12445148989084014,0.07304363844890403,3.0,0.7071067811865476,0.09270790144821912,0.03724357489269732,0.08278360157806226,0.049205725973791595,2.9250000000000003
155268,150185,0.1,10,/gpfs/bbp.cscs.ch/project/proj32/glusynapse_20190926_release/testing/sjostrom_2001/simulations/L5TTPC_L5TTPC_lowfreq/155268-150185/0Hz_10ms/simulation.batch,1.1408457793539455,1.1275447486144905,0.9883410790659302,0.2931402561978076,0.26297584630144766,5.0,0.2,0.49091538569561577,0.20412340227916992,776.1729820640724,132.10328534257866,17.971419792695855,12.350781429828544,1.079723230832602,0.5964191993217184,0.12454594458104187,0.08984414363143407,2.8,1.16619037896906,0.08004516244665029,0.06750754970609867,0.024827797132290465,0.04563707806039228,1.5750000000000002
145482,155384,0.1,10,/gpfs/bbp.cscs.ch/project/proj32/glusynapse_20190926_release/testing/sjostrom_2001/simulations/L5TTPC_L5TTPC_lowfreq/145482-155384/0Hz_10ms/simulation.batch,1.0920323117880042,1.0955498887307504,1.0032211289947885,0.13437408412427682,0.12440461052199682,4.0,0.5,0.4887922752012871,0.29228229048073295,693.3528857088113,87.84450096762164,23.428322439210906,40.23283867868574,1.5570999406706887,1.1819969702792663,0.13553613531826872,0.068315180224814,2.75,1.0897247358851685,0.1015284623617464,0.05460117902250128,0.031463377506220476,0.031047884652225136,1.25
147206,145844,0.1,10,/gpfs/bbp.cscs.ch/project/proj32/glusynapse_20190926_release/testing/sjostrom_2001/simulations/L5TTPC_L5TTPC_lowfreq/147206-145844/0Hz_10ms/simulation.batch,2.853092320339831,2.919606831338439,1.0233131295908033,0.36483919216916383,0.3713363956030084,7.0,0.2857142857142857,0.5157859258953942,0.18566675457616644,680.3665569789398,114.1490205435035,0.7918835343317125,1.083541757689574,1.8910676815359175,0.9980254328813037,0.18836035631647802,0.08327277577206658,3.7142857142857144,1.2777531299998799,0.07499499971946702,0.0389198691350639,0.013527099230109857,0.021145204450418596,1.6
160298,156349,0.1,10,/gpfs/bbp.cscs.ch/project/proj32/glusynapse_20190926_release/testing/sjostrom_2001/simulations/L5TTPC_L5TTPC_lowfreq/160298-156349/0Hz_10ms/simulation.batch,3.750964999840007,3.2944335380629832,0.8782895969979735,0.2728254001081862,0.29284527611833144,11.0,0.0,0.629844246607496,0.26126088879993603,655.1971707514667,97.46130619731906,8.688407090444064,11.750226831644769,1.8413466598760342,1.1936184577398887,0.14358243021084857,0.09975237461848852,3.1818181818181817,1.2662171161076472,0.5259388865001952,0.4750846691568556,0.00012889647923539056,9.189437068047045e-05,2.4250000000000003
142860,146726,0.1,10,/gpfs/bbp.cscs.ch/project/proj32/glusynapse_20190926_release/testing/sjostrom_2001/simulations/L5TTPC_L5TTPC_lowfreq/142860-146726/0Hz_10ms/simulation.batch,1.0043521483469295,1.029577558893771,1.0251161015470123,0.1828156487757319,0.18148263834642042,6.0,0.0,0.492117547500531,0.2744752215045128,694.2360200985883,64.04595264724752,28.207732003887042,18.6528144693928,1.3631593799462116,0.8019421768438231,0.11620340851471161,0.06587552690282482,2.5,0.7637626158259734,0.21024360932652286,0.0939537771418413,5.417841926116078e-05,2.4384132005251777e-05,3.75
147715,155654,0.1,10,/gpfs/bbp.cscs.ch/project/proj32/glusynapse_20190926_release/testing/sjostrom_2001/simulations/L5TTPC_L5TTPC_lowfreq/147715-155654/0Hz_10ms/simulation.batch,1.237595026935004,2.162025307229406,1.7469570095023912,0.23651071122255982,0.2261344108246254,11.0,0.18181818181818182,0.4020891638200092,0.19926073810506642,681.8831164389608,142.64292431312478,6.693517853162925,6.122286421912696,0.8252194366983847,0.4479187461546949,0.09620022972627486,0.06973569635945046,2.1818181818181817,1.113404428537808,0.051528646253343746,0.012581185507131009,0.026968700466418662,0.04930767636738961,1.4000000000000001
152903,136051,0.1,10,/gpfs/bbp.cscs.ch/project/proj32/glusynapse_20190926_release/testing/sjostrom_2001/simulations/L5TTPC_L5TTPC_lowfreq/152903-136051/0Hz_10ms/simulation.batch,2.886592958196415,2.45610840974288,0.8508675955745046,0.34514908099178426,0.3508248551749613,5.0,0.4,0.6856566462380371,0.0941667233085189,589.851817076119,111.16386925355927,42.285588201298964,83.82197303769755,1.910117633682518,0.6481130886904034,0.1615804332141255,0.0654656787323498,3.6,1.019803902718557,0.08459503887663428,0.02608942444146803,0.03863979180685288,0.04143209029227988,1.5750000000000002
154546,160061,0.1,10,/gpfs/bbp.cscs.ch/project/proj32/glusynapse_20190926_release/testing/sjostrom_2001/simulations/L5TTPC_L5TTPC_lowfreq/154546-160061/0Hz_10ms/simulation.batch,2.8079190138971777,2.8583375422920687,1.0179558342478383,0.27461410083135285,0.2529882375286368,13.0,0.0,0.4896731136824099,0.2454530734255021,663.014540400046,122.96701089438521,30.46821845376476,70.6614593263502,1.282975781067592,0.8410552906222309,0.12376638084299361,0.07874271517952865,2.6923076923076925,1.4349813927828945,0.24316590493651108,0.13959123775731036,0.000551697404087923,0.0009434439769648157,2.475
141281,157262,0.1,10,/gpfs/bbp.cscs.ch/project/proj32/glusynapse_20190926_release/testing/sjostrom_2001/simulations/L5TTPC_L5TTPC_lowfreq/141281-157262/0Hz_10ms/simulation.batch,2.619314015310915,1.6206294015762306,0.618722838156486,0.2894847001823714,0.3436405763468332,4.0,0.0,0.5666994576145555,0.31135555026994777,666.7776775744758,23.227272387621753,71.03878776283875,53.08697334499738,1.6100973578151019,0.9924449639188461,0.16751546716374835,0.11022085272892354,3.25,1.7853571071357126,0.06769453722763867,0.012009006927583615,0.00014667319666570154,0.00011431179830173156,2.1
157836,153799,0.1,10,/gpfs/bbp.cscs.ch/project/proj32/glusynapse_20190926_release/testing/sjostrom_2001/simulations/L5TTPC_L5TTPC_lowfreq/157836-153799/0Hz_10ms/simulation.batch,6.1070910995238945,5.2953724447069614,0.8670858774515064,0.31105439407967284,0.37386830274336436,9.0,0.3333333333333333,0.5988248062302545,0.29182428679572314,651.8255904312754,146.79548651891326,8.555043883971788,9.928021325990708,2.2214988413270125,1.9974478196530143,0.18593430552401896,0.1734631121635946,3.2222222222222223,1.8724777273725242,0.15345663376274962,0.07910748904867647,0.03520947708209206,0.049750135461536955,2.5
136422,145402,0.1,10,/gpfs/bbp.cscs.ch/project/proj32/glusynapse_20190926_release/testing/sjostrom_2001/simulations/L5TTPC_L5TTPC_lowfreq/136422-145402/0Hz_10ms/simulation.batch,1.3897463158712193,0.6302868861585561,0.45352657457014733,0.2541461243694205,0.1708683122879317,5.0,0.0,0.44141460961037904,0.27771014118653325,668.0227164072637,101.57492182804857,3.470601800125042,6.897400293634681,1.2473918531516406,1.1360825159022545,0.07706015942591951,0.038238988693340296,2.2,1.16619037896906,0.06892761116836156,0.036231788974953834,0.004667282348869399,0.006668792740137547,1.6
157822,154647,0.1,10,/gpfs/bbp.cscs.ch/project/proj32/glusynapse_20190926_release/testing/sjostrom_2001/simulations/L5TTPC_L5TTPC_lowfreq/157822-154647/0Hz_10ms/simulation.batch,1.793661823802073,1.4603345041789464,0.8141637876215909,0.2562520786405475,0.21207892680863655,6.0,0.0,0.5708947507859228,0.25376038391276534,653.665270998084,204.05476937067343,2.5253458515433636,2.129737345894509,1.2045744877037996,0.5907824479336258,0.11863009020252531,0.04584395792545685,2.8333333333333335,1.2133516482134197,0.051600674870318886,0.015068515118588375,0.003671018053859755,0.0025137502933131623,1.4000000000000001
160542,141712,0.1,10,/gpfs/bbp.cscs.ch/project/proj32/glusynapse_20190926_release/testing/sjostrom_2001/simulations/L5TTPC_L5TTPC_lowfreq/160542-141712/0Hz_10ms/simulation.batch,3.7026156781356647,1.5665404058696843,0.4230901994825632,0.2597278695774046,0.32172923142903614,5.0,0.0,0.6906610727902333,0.28689760257445723,619.1005263826718,95.12064488405557,0.5901450398321545,0.7522316108366104,2.0254679020007984,1.2927883412018357,0.16778549037503418,0.12126643580498357,3.0,1.4142135623730951,0.08065271684544786,0.022268258695581127,0.0006749152267199981,0.0007569480489646197,1.6500000000000001
148193,139815,0.1,10,/gpfs/bbp.cscs.ch/project/proj32/glusynapse_20190926_release/testing/sjostrom_2001/simulations/L5TTPC_L5TTPC_lowfreq/148193-139815/0Hz_10ms/simulation.batch,1.1816869654939157,0.9971477263128821,0.8438340740232326,0.16547340194266855,0.148286153560573,10.0,0.0,0.5459147223800775,0.21247493633513034,676.5526671033858,144.79775287326822,24.714545081515336,33.819096881724676,1.3385320434300367,0.6218135249415536,0.12774484533240787,0.0531382143780412,2.8,0.8717797887081347,0.07122521224755594,0.02441422583648358,0.00010525062051787062,9.50043790142446e-05,3.1750000000000003
152440,147058,0.1,10,/gpfs/bbp.cscs.ch/project/proj32/glusynapse_20190926_release/testing/sjostrom_2001/simulations/L5TTPC_L5TTPC_lowfreq/152440-147058/0Hz_10ms/simulation.batch,6.479623002295516,6.590660646910197,1.0171364359585957,0.5919026355570048,0.7225133986414367,12.0,0.08333333333333333,0.45617903554094635,0.27292245272176946,712.6939292319277,156.85672851140853,36.445428248289986,43.392793608958144,1.338178098834688,1.1280323781116723,0.11659145259537533,0.0999980514236016,2.6666666666666665,1.7480147469502527,0.1414220380591919,0.10193199159997061,0.016281609620139952,0.04299820724521316,1.375
161519,139954,0.1,10,/gpfs/bbp.cscs.ch/project/proj32/glusynapse_20190926_release/testing/sjostrom_2001/simulations/L5TTPC_L5TTPC_lowfreq/161519-139954/0Hz_10ms/simulation.batch,3.115909378582226,4.260371558746685,1.3672963623496657,0.24209122140975692,0.17210611274848592,16.0,0.125,0.5827217336323546,0.24217201130892493,690.1196838266508,106.621715700397,18.076523251797447,27.861499810939677,1.5305602603770776,0.7555503869986369,0.11447703097357075,0.031188754903963296,2.8125,0.7261843774138906,0.07561585394080661,0.035635988482228896,0.006112637094541788,0.017618699232479107,1.7750000000000001
152287,160982,0.1,10,/gpfs/bbp.cscs.ch/project/proj32/glusynapse_20190926_release/testing/sjostrom_2001/simulations/L5TTPC_L5TTPC_lowfreq/152287-160982/0Hz_10ms/simulation.batch,1.7120362185865976,1.9335242303802838,1.1293711017261887,0.1831351147239922,0.15747819173024452,5.0,0.4,0.7544180780354189,0.14244967351223883,688.5619801831793,142.3900561032619,15.447260024208934,30.86581405455095,2.0619139787132283,0.7963475392381347,0.15793962918087281,0.05774271172072293,3.2,0.7483314773547882,0.0845160019121435,0.02157847025481992,0.03087104912741535,0.03723792392211455,2.45
161970,158255,0.1,10,/gpfs/bbp.cscs.ch/project/proj32/glusynapse_20190926_release/testing/sjostrom_2001/simulations/L5TTPC_L5TTPC_lowfreq/161970-158255/0Hz_10ms/simulation.batch,0.6876666854202637,0.8456710793255181,1.2297688651424068,0.15585692466403953,0.14657341704982915,5.0,0.0,0.4616721385665092,0.20631778203374831,800.8382932322913,130.56685574432484,18.958951064132556,34.9950804348417,1.0067250639452152,0.589927315749534,0.07545301775576067,0.028124166722970665,2.0,0.6324555320336759,0.06938968884262597,0.026307796668002478,0.0014590116922455982,0.0013050358369429925,2.1750000000000003
148315,161887,0.1,10,/gpfs/bbp.cscs.ch/project/proj32/glusynapse_20190926_release/testing/sjostrom_2001/simulations/L5TTPC_L5TTPC_lowfreq/148315-161887/0Hz_10ms/simulation.batch,1.9018666941052618,1.9211353551686798,1.0101314467113496,0.24889547935574194,0.26214496142571353,5.0,0.8,0.6318104222263975,0.18266236022098548,599.0041569856097,47.258657841881856,6.7798699474026645,12.21186236113499,1.5931981315539392,0.5022458467285236,0.163306214951562,0.03775568791814863,3.0,0.0,0.05710522279770482,0.013635793854774267,0.046127599233957164,0.04018305152323134,1.75
155044,145631,0.1,10,/gpfs/bbp.cscs.ch/project/proj32/glusynapse_20190926_release/testing/sjostrom_2001/simulations/L5TTPC_L5TTPC_lowfreq/155044-145631/0Hz_10ms/simulation.batch,2.719192417913726,1.7064798236574314,0.6275686164816212,0.4391556388445081,0.3412824934040168,8.0,0.125,0.5732633866755483,0.18080586793735481,634.7473473388217,113.30513702479188,10.652036282158678,27.403662660641988,1.3564085127108196,0.5377786328668263,0.10665847575180913,0.05256246788520362,2.5,0.8660254037844386,0.12565996605442636,0.09456768335189802,0.012752092224453813,0.02817327781018244,2.275
140378,156108,0.1,10,/gpfs/bbp.cscs.ch/project/proj32/glusynapse_20190926_release/testing/sjostrom_2001/simulations/L5TTPC_L5TTPC_lowfreq/140378-156108/0Hz_10ms/simulation.batch,2.6987184997594627,1.3627629880494971,0.5049667048159934,0.28397082064438844,0.3343202929942278,4.0,0.5,0.4579635898155006,0.3322702951085437,592.3516188453443,147.7318255016309,3.729259507813466,4.997621571976096,1.6924066307058045,1.2928871791827867,0.16350844664016306,0.07237330989508918,3.0,1.224744871391589,0.04778642925700961,0.014684978385619628,0.05099756866942193,0.04313666631438972,0.9
158188,153222,0.1,10,/gpfs/bbp.cscs.ch/project/proj32/glusynapse_20190926_release/testing/sjostrom_2001/simulations/L5TTPC_L5TTPC_lowfreq/158188-153222/0Hz_10ms/simulation.batch,1.3771263034869599,1.3923052541852203,1.011022192125607,0.16991587531820218,0.13406872283225482,4.0,0.0,0.6729055431255166,0.18449322609569646,631.2206679572337,43.15282327667385,8.632545892051537,8.662657586554632,2.4144436148162534,1.0759399593876784,0.15434213898988025,0.055551318235054416,4.25,1.0897247358851685,0.8101837020470309,0.12130302476087573,0.0001034245042322897,1.163759832778635e-05,6.525
155240,137269,0.1,10,/gpfs/bbp.cscs.ch/project/proj32/glusynapse_20190926_release/testing/sjostrom_2001/simulations/L5TTPC_L5TTPC_lowfreq/155240-137269/0Hz_10ms/simulation.batch,3.2218539775877226,1.3966833095813662,0.4335029828468811,0.4323404511475996,0.2859658734377855,10.0,0.1,0.45624803119813756,0.2235319242688648,657.9753284101248,57.507042773340316,11.81208771502957,14.375549782885948,1.1829266750475809,0.6527783010298526,0.08828621517565641,0.03941434253289756,2.4,0.8,0.09448792432142475,0.04894849599799651,0.013605401882669468,0.025968147405571677,1.425
142044,139087,0.1,10,/gpfs/bbp.cscs.ch/project/proj32/glusynapse_20190926_release/testing/sjostrom_2001/simulations/L5TTPC_L5TTPC_lowfreq/142044-139087/0Hz_10ms/simulation.batch,2.0040561616135197,2.2442015911459103,1.1198296904708713,0.16953779777718145,0.19772823615126933,14.0,0.5714285714285714,0.4591268777616472,0.2717933904430138,673.7910014167436,141.27363768096035,7.925618643625172,17.39749321935003,1.2949795412538239,0.917360217623768,0.11395495047824103,0.06864913349852228,2.642857142857143,1.1715156762040517,0.06806514908159941,0.03200600650536892,0.05030991658865608,0.047472369210561,2.025
153127,151620,0.1,10,/gpfs/bbp.cscs.ch/project/proj32/glusynapse_20190926_release/testing/sjostrom_2001/simulations/L5TTPC_L5TTPC_lowfreq/153127-151620/0Hz_10ms/simulation.batch,1.9181917203594196,1.2691943618993506,0.6616618914722123,0.3590737643601536,0.34414646782572467,6.0,0.16666666666666666,0.6176172088989128,0.21151884423413073,710.5537980075896,140.49272841955138,14.772323564848875,19.410226824365058,1.8759984499750981,0.7607766294038062,0.15154482858199667,0.08216987535921236,3.0,1.2909944487358056,0.15069454294633852,0.11220005626370243,0.023029817409968997,0.051332119235885126,2.875
142475,151453,0.1,10,/gpfs/bbp.cscs.ch/project/proj32/glusynapse_20190926_release/testing/sjostrom_2001/simulations/L5TTPC_L5TTPC_lowfreq/142475-151453/0Hz_10ms/simulation.batch,2.3846732723416135,2.419345701568125,1.014539698007545,0.20317832089892998,0.25690041892521986,6.0,0.16666666666666666,0.5666083870375441,0.27702070634229636,611.5162505556267,108.72864555988805,15.759134037728742,12.052633720413855,2.1206111644710464,1.6898417902772733,0.16702607608536466,0.09785985132549632,3.5,1.5,0.07398325123771099,0.026429832787510498,0.02176846833456778,0.03949079715079836,1.425
145483,136404,0.1,10,/gpfs/bbp.cscs.ch/project/proj32/glusynapse_20190926_release/testing/sjostrom_2001/simulations/L5TTPC_L5TTPC_lowfreq/145483-136404/0Hz_10ms/simulation.batch,1.9670870174185542,2.585844501170901,1.314555217066276,0.21211996661573357,0.18722296456167528,10.0,0.4,0.5939399791334167,0.23051205970096794,701.3409003010704,129.1843114023254,10.601920945885393,16.116512772437908,1.506986562678011,0.7315905892696936,0.1195223677793787,0.05709733597480885,2.6,1.019803902718557,0.07908956478141238,0.05063926031565321,0.04416263077317219,0.05896749921595524,2.3000000000000003
141293,159138,0.1,10,/gpfs/bbp.cscs.ch/project/proj32/glusynapse_20190926_release/testing/sjostrom_2001/simulations/L5TTPC_L5TTPC_lowfreq/141293-159138/0Hz_10ms/simulation.batch,4.42662116384858,4.69771932075285,1.0612426830464463,0.25003650426289437,0.2608060078411308,8.0,0.0,0.5440020859485668,0.32029099401905314,715.7569561411744,71.08376366379765,30.489983080456835,52.284641423229466,2.034693262143194,1.9865964806536514,0.1941547888987013,0.1209328653589829,3.375,1.9324531042175384,0.05837795697258174,0.025579654865193206,0.004241882378844493,0.005465082680288918,1.425
147610,139949,0.1,10,/gpfs/bbp.cscs.ch/project/proj32/glusynapse_20190926_release/testing/sjostrom_2001/simulations/L5TTPC_L5TTPC_lowfreq/147610-139949/0Hz_10ms/simulation.batch,2.4284369879209398,2.736533539022727,1.1268703090235659,0.19595911300840813,0.22750297054117982,10.0,0.1,0.5606615254984358,0.30113044023174534,596.6182513816398,116.02078730845717,12.587157755012683,16.428545713598822,1.532175891019723,1.0168403423202905,0.10628270687510002,0.04958068799202552,2.8,1.0770329614269007,0.07586103158227657,0.0347938741305451,0.014156675800774971,0.03530093457714405,1.8250000000000002
144827,153759,0.1,10,/gpfs/bbp.cscs.ch/project/proj32/glusynapse_20190926_release/testing/sjostrom_2001/simulations/L5TTPC_L5TTPC_lowfreq/144827-153759/0Hz_10ms/simulation.batch,2.669733595799201,2.26170308806157,0.8471643356551893,0.20639754190011245,0.2858082015016295,13.0,0.15384615384615385,0.5590330055750891,0.22930801554696897,740.5815167512808,128.12710221751314,14.821664718588938,18.515300444448766,1.6072791363148724,1.4388790765854833,0.11751164762375756,0.09748902811620473,2.8461538461538463,1.7473564140923918,0.13740029236482482,0.1201610220519696,0.015527517031470551,0.029278252027713572,2.275
159055,147653,0.1,10,/gpfs/bbp.cscs.ch/project/proj32/glusynapse_20190926_release/testing/sjostrom_2001/simulations/L5TTPC_L5TTPC_lowfreq/159055-147653/0Hz_10ms/simulation.batch,1.3870444335343213,1.2611024341929888,0.9092011789266042,0.13521579784615823,0.21070862607280805,4.0,0.5,0.6586312623849719,0.2984856940819861,628.5286153584976,132.72272726840995,2.11175741365103,3.6314165625625323,2.2789381672879365,1.541987766784908,0.19206896265836457,0.17039137007926897,3.75,2.165063509461097,0.0842492978773762,0.02132295445464882,0.03061165466016199,0.03407882148771853,1.5250000000000001
137527,145280,0.1,10,/gpfs/bbp.cscs.ch/project/proj32/glusynapse_20190926_release/testing/sjostrom_2001/simulations/L5TTPC_L5TTPC_lowfreq/137527-145280/0Hz_10ms/simulation.batch,2.0441016904792852,2.007621765584328,0.9821535664958019,0.25525772136979974,0.2513566000418808,6.0,0.5,0.651982090303572,0.18119978659126157,741.0463002615743,107.38542585409456,27.11955625366959,33.74747638177336,1.967851543221417,1.1311903396211147,0.17588753778826127,0.08703059060242291,3.1666666666666665,1.4624940645653537,0.05787190174470866,0.02097268833941816,0.04492934823610886,0.04792778421374589,1.5250000000000001
161046,148610,0.1,10,/gpfs/bbp.cscs.ch/project/proj32/glusynapse_20190926_release/testing/sjostrom_2001/simulations/L5TTPC_L5TTPC_lowfreq/161046-148610/0Hz_10ms/simulation.batch,3.550155567008949,2.4906038092382397,0.7015477948017373,0.2954084620288023,0.3203639375059132,5.0,0.0,0.7560193946055256,0.1515819507298547,655.2629430573809,96.14941366574296,10.760217315519252,14.718498896150924,2.091585714196044,0.7378399020145685,0.1973591031802715,0.10886345715914816,4.4,1.624807680927192,0.08849113730097695,0.013056985754451132,0.0011254099968276842,0.0017205604831383977,2.35
140267,154486,0.1,0,/gpfs/bbp.cscs.ch/project/proj32/glusynapse_20190926_release/testing/sjostrom_2001/simulations/L5TTPC_L5TTPC_lowfreq/140267-154486/0Hz_0ms/simulation.batch,2.0102288285035312,2.0969034268786326,1.0431167821026746,0.4627092261058977,0.49078808882174213,5.0,0.8,0.515624892700061,0.14951033525085022,638.3065197220393,69.43082338340857,1.8377194734153588,1.7915115869463265,1.5195849458701702,0.6675880204721538,0.11601644691965199,0.07642463775309592,2.8,1.32664991614216,0.07575662126365866,0.019794088163661426,0.05280867624652439,0.03524636285032311,0.9
139067,153723,0.1,0,/gpfs/bbp.cscs.ch/project/proj32/glusynapse_20190926_release/testing/sjostrom_2001/simulations/L5TTPC_L5TTPC_lowfreq/139067-153723/0Hz_0ms/simulation.batch,2.9204259154196808,2.3975002236103573,0.8209419766314544,0.3551492292979822,0.39520617758780857,9.0,0.2222222222222222,0.5657698115301744,0.25693499839907685,698.5460831319604,82.2901641160156,10.88152304654847,14.94793038205096,1.5672650468437253,0.8726689763043683,0.13096715103217738,0.04668730868376929,2.7777777777777777,1.227262335243029,0.06347968469784432,0.02304393724995852,0.03300293956931406,0.0383349619059534,1.5750000000000002
152182,151084,0.1,0,/gpfs/bbp.cscs.ch/project/proj32/glusynapse_20190926_release/testing/sjostrom_2001/simulations/L5TTPC_L5TTPC_lowfreq/152182-151084/0Hz_0ms/simulation.batch,6.413643479172339,6.081496657253946,0.9482124594238819,0.5462896502399496,0.635326116284807,10.0,0.1,0.6466208544417166,0.23121157141968368,708.2516181124925,128.95436118707917,9.886604836899808,21.20310101998434,2.2536596374748035,1.0901919494661299,0.21819404992022026,0.1042702422053609,4.1,1.445683229480096,0.08573265198139043,0.046132181756460854,0.010994454056765381,0.015165676313948308,1.8
139657,155496,0.1,0,/gpfs/bbp.cscs.ch/project/proj32/glusynapse_20190926_release/testing/sjostrom_2001/simulations/L5TTPC_L5TTPC_lowfreq/139657-155496/0Hz_0ms/simulation.batch,3.709414279964501,3.652042368796131,0.9845334312001087,0.32340284102991895,0.21514287035149246,14.0,0.21428571428571427,0.6394824585950287,0.2016575432910149,704.5520962903786,106.88932913062747,29.731880668238155,72.20526104318368,2.035468310010216,1.0512845363443823,0.1403129502251657,0.06641858481449285,3.0,1.0,0.1113246833404765,0.08461677689532511,0.022905172619771822,0.0390012464674252,2.025
149873,141060,0.1,0,/gpfs/bbp.cscs.ch/project/proj32/glusynapse_20190926_release/testing/sjostrom_2001/simulations/L5TTPC_L5TTPC_lowfreq/149873-141060/0Hz_0ms/simulation.batch,1.375195702479439,2.04638237347718,1.4880662947009,0.30464322585465264,0.20425522429716064,8.0,0.0,0.4959231206455211,0.1624921173063334,669.6957247368714,126.05322667737377,8.517141228210125,16.949814268410275,1.5706072233901294,0.9957340928267947,0.11805945369685664,0.04918356509645278,2.875,1.0532687216470449,0.07369035652920929,0.022909340534083878,0.0010448663028305772,0.0015484126097163307,1.85
160343,145480,0.1,0,/gpfs/bbp.cscs.ch/project/proj32/glusynapse_20190926_release/testing/sjostrom_2001/simulations/L5TTPC_L5TTPC_lowfreq/160343-145480/0Hz_0ms/simulation.batch,2.2559690330454165,2.314477815384093,1.0259350999422598,0.32042795893836784,0.311955985950691,10.0,0.4,0.6437637634225183,0.17801893635275465,603.7489428381388,118.89462576584302,4.36235831853176,8.160691452572616,2.127407813515838,1.1200349026135599,0.1658824171663533,0.07014410192653586,3.7,1.1874342087037917,0.1017085267234075,0.06476990786630257,0.02867914132113008,0.02949654587260517,1.625
152548,146970,0.1,0,/gpfs/bbp.cscs.ch/project/proj32/glusynapse_20190926_release/testing/sjostrom_2001/simulations/L5TTPC_L5TTPC_lowfreq/152548-146970/0Hz_0ms/simulation.batch,3.432468546221536,2.5836037683595054,0.7526955407074417,0.32084081272855935,0.3506197449828656,5.0,0.0,0.6677994014712849,0.22656121746156804,787.9046603655447,52.61317649034916,5.149778375129162,7.175156014162376,2.279375851925423,1.7938915735236685,0.21893173536258215,0.14306258513904246,4.2,2.1354156504062622,0.0677183885490016,0.022228213157616892,0.0010373812406718533,0.0019027376679635805,2.475
139857,137649,0.1,0,/gpfs/bbp.cscs.ch/project/proj32/glusynapse_20190926_release/testing/sjostrom_2001/simulations/L5TTPC_L5TTPC_lowfreq/139857-137649/0Hz_0ms/simulation.batch,2.605919599616603,2.356440566602269,0.9042644934053075,0.25787373166927996,0.3052074442812561,8.0,0.0,0.5893978390227574,0.2312488805347092,691.095531456973,129.1077810814569,4.462676976301003,9.017492459681929,1.693342345712819,0.9947115863382899,0.16625028765300298,0.08660407015884959,3.0,1.0,0.09295992120621577,0.02689969693083221,0.0018379669132210035,0.0024440275608977667,2.2
142511,154723,0.1,0,/gpfs/bbp.cscs.ch/project/proj32/glusynapse_20190926_release/testing/sjostrom_2001/simulations/L5TTPC_L5TTPC_lowfreq/142511-154723/0Hz_0ms/simulation.batch,0.355625126660496,0.6340217923816696,1.7828374455299667,0.13369619803932,0.1290294866554658,4.0,0.25,0.3933477048143437,0.06793766350328141,658.9917325325825,132.98138327704345,5.087845727917059,7.329312405102147,1.1852582242066156,0.41249820367115325,0.12325988790045049,0.04907193544737582,2.5,0.5,0.050825775898806214,0.009963688331754924,0.05688191412138415,0.09461739516779324,1.425
141853,144400,0.1,0,/gpfs/bbp.cscs.ch/project/proj32/glusynapse_20190926_release/testing/sjostrom_2001/simulations/L5TTPC_L5TTPC_lowfreq/141853-144400/0Hz_0ms/simulation.batch,1.5596270457674541,0.289926184811294,0.18589456088114223,0.4403807455937913,0.21639516036276105,5.0,0.0,0.4694078273039322,0.21795400634066897,640.9877657639427,106.63285047285697,12.384693089887913,15.907861377652376,1.2585489123320444,0.48847437909032093,0.07864325659793592,0.022650147840771937,2.2,0.39999999999999997,0.07997541486357454,0.011295574060121015,0.0009029394194597085,0.0007637350735576911,1.475
160682,141715,0.1,0,/gpfs/bbp.cscs.ch/project/proj32/glusynapse_20190926_release/testing/sjostrom_2001/simulations/L5TTPC_L5TTPC_lowfreq/160682-141715/0Hz_0ms/simulation.batch,1.0600598755196684,0.9138189732316825,0.8620446772251474,0.14987658692717826,0.14850744257926596,7.0,0.0,0.48156227033522037,0.2864142894929604,709.8313381427168,136.66995295790832,28.949768768650983,46.86609665572334,1.7330948178892949,1.7301123681843438,0.12253201976212393,0.09760327225735736,2.7142857142857144,1.577908716741037,0.11754614806552151,0.08941192021674112,0.00040921584117104964,0.00033328492952955146,1.875
157138,146825,0.1,0,/gpfs/bbp.cscs.ch/project/proj32/glusynapse_20190926_release/testing/sjostrom_2001/simulations/L5TTPC_L5TTPC_lowfreq/157138-146825/0Hz_0ms/simulation.batch,1.5366853091509387,1.6070293201375137,1.045776458307812,0.2363997076364451,0.22394569895215977,7.0,0.2857142857142857,0.5672230994040487,0.2251310416878431,730.5320639353265,106.67151412495635,1.8549493012175025,3.3958846579692783,1.556467651636693,0.7356488516480767,0.12520372107680652,0.06891202298764675,2.5714285714285716,0.9035079029052513,0.06330540822351434,0.01948829265900131,0.02879950200571718,0.03992652053690181,1.675
136964,148712,0.1,0,/gpfs/bbp.cscs.ch/project/proj32/glusynapse_20190926_release/testing/sjostrom_2001/simulations/L5TTPC_L5TTPC_lowfreq/136964-148712/0Hz_0ms/simulation.batch,2.131475961150787,1.623006411121953,0.7614472040518296,0.38068546606361553,0.45227774146985783,7.0,0.42857142857142855,0.48304771187312984,0.21795406453107283,720.7470491339293,126.05086426886159,27.434020413487367,43.89925228991884,1.3513957821830012,0.6146570947257207,0.11194005026351786,0.06831154408098464,2.4285714285714284,1.049781318335648,0.0985065587009616,0.04598833435018506,0.03878583947884145,0.04792770882751149,2.25
157810,145328,0.1,0,/gpfs/bbp.cscs.ch/project/proj32/glusynapse_20190926_release/testing/sjostrom_2001/simulations/L5TTPC_L5TTPC_lowfreq/157810-145328/0Hz_0ms/simulation.batch,1.5575428486426133,1.1316189475498573,0.7265411340279047,0.2472562872827633,0.22837542072307185,4.0,0.0,0.692470265094006,0.09117011941500669,675.9643859302213,71.6687485433858,11.325543577015328,16.046996213009084,1.583758523443278,0.19323539760615294,0.15144720617145868,0.04038601604378217,3.25,0.82915619758885,0.06037469670232236,0.015010669123246653,0.0005213030377663294,0.0005166376909399592,1.75
137530,149975,0.1,0,/gpfs/bbp.cscs.ch/project/proj32/glusynapse_20190926_release/testing/sjostrom_2001/simulations/L5TTPC_L5TTPC_lowfreq/137530-149975/0Hz_0ms/simulation.batch,1.151862725841321,0.948691704320914,0.8236152477527122,0.12770272371709387,0.14064680605599172,5.0,0.0,0.7268846632387334,0.18602793516208072,730.1143149350039,103.84250410248369,27.777172369877842,51.325843232972936,2.0953866567238904,0.9668649939989611,0.13329687402993654,0.04425272238136542,3.2,1.16619037896906,0.10629129165217543,0.0359226039647499,0.001044172092087794,0.0007084069977748731,1.975
145233,144584,0.1,0,/gpfs/bbp.cscs.ch/project/proj32/glusynapse_20190926_release/testing/sjostrom_2001/simulations/L5TTPC_L5TTPC_lowfreq/145233-144584/0Hz_0ms/simulation.batch,0.932395874184368,2.1194132493088897,2.273083041216682,0.17955761359824166,0.17274660400105513,10.0,0.2,0.4090006470403411,0.15338344518511096,652.2777341333763,146.7882147098096,39.016936937990764,36.764473485728935,1.1108250593371727,0.5655449943584802,0.09830959980487315,0.053824963229553505,2.5,1.2041594578792296,0.06729286043454585,0.02106164397891465,0.027048357652471017,0.052848569576052606,1.975
141976,146963,0.1,0,/gpfs/bbp.cscs.ch/project/proj32/glusynapse_20190926_release/testing/sjostrom_2001/simulations/L5TTPC_L5TTPC_lowfreq/141976-146963/0Hz_0ms/simulation.batch,1.1462278065223221,0.6613718640674728,0.5769986213073021,0.2608531835166384,0.212802684068127,5.0,0.0,0.5289119208676697,0.16270322536240664,615.2872696711813,191.91644046932495,1.6286590032741473,1.5374630516556078,1.1447493591830007,0.40367964484868707,0.09149245834931244,0.0297555950306228,2.6,0.4898979485566356,0.06326981224843874,0.015987365452491124,0.0010394963343963919,0.00047470701868457363,1.75
160093,159416,0.1,0,/gpfs/bbp.cscs.ch/project/proj32/glusynapse_20190926_release/testing/sjostrom_2001/simulations/L5TTPC_L5TTPC_lowfreq/160093-159416/0Hz_0ms/simulation.batch,0.7207059607063161,0.7931124451615978,1.100466054678278,0.1152894650921147,0.11324197917538266,6.0,0.6666666666666666,0.340519274098825,0.2874251745860375,638.5190306235376,157.3065238184901,9.05067403555285,18.284941594017727,0.8410760841515872,0.8812631528300121,0.07292262914438202,0.052136450856010506,1.8333333333333333,1.21335164821342,0.049291204094613635,0.017469690341451148,0.03449240396350054,0.025436745541676124,0.7000000000000001
143097,140969,0.1,0,/gpfs/bbp.cscs.ch/project/proj32/glusynapse_20190926_release/testing/sjostrom_2001/simulations/L5TTPC_L5TTPC_lowfreq/143097-140969/0Hz_0ms/simulation.batch,0.7831405656660794,0.6371354884193191,0.8135646604864868,0.39868854987547203,0.4077643403742635,5.0,0.2,0.35904574566379394,0.029612952697624085,550.7572078690955,70.97768676984563,25.80779366568599,47.57004975288383,0.9728029870487058,0.45922537610905145,0.10007133955055443,0.05282869377487199,1.8,0.4000000000000001,0.05265316495052006,0.022541038477593218,0.02760124782178011,0.04491063286788797,1.475
154250,139481,0.1,0,/gpfs/bbp.cscs.ch/project/proj32/glusynapse_20190926_release/testing/sjostrom_2001/simulations/L5TTPC_L5TTPC_lowfreq/154250-139481/0Hz_0ms/simulation.batch,1.5223883443238182,1.607932485380679,1.0561907488163644,0.33093092560177173,0.37641863171410866,6.0,0.0,0.6227364067973425,0.15688396049853912,699.0764261868973,67.92649178883994,4.868681655881374,4.112605159780345,1.5330069828487947,0.5120762858548927,0.10272181706001704,0.0514135441079749,2.8333333333333335,1.4624940645653537,0.2684829102049538,0.16094905030639498,0.0023425878191157576,0.004999234029352475,2.7
160371,150096,0.1,0,/gpfs/bbp.cscs.ch/project/proj32/glusynapse_20190926_release/testing/sjostrom_2001/simulations/L5TTPC_L5TTPC_lowfreq/160371-150096/0Hz_0ms/simulation.batch,3.230318358572033,3.2241618355286485,0.998094143561099,0.725211027394558,0.672807131141851,8.0,0.875,0.6700172419810446,0.2610249575480417,718.6785899109971,120.57977103319861,8.821488825581543,11.378026996235315,1.9280821055650648,1.1880568782024703,0.18932241568114574,0.14788906164056273,3.75,1.713913650100261,0.15588897636047927,0.07751958098080862,0.0831369117847304,0.04787047742197833,3.875
155668,136959,0.1,0,/gpfs/bbp.cscs.ch/project/proj32/glusynapse_20190926_release/testing/sjostrom_2001/simulations/L5TTPC_L5TTPC_lowfreq/155668-136959/0Hz_0ms/simulation.batch,1.1445517417900588,0.5765843782313276,0.5037643622205841,0.16431718041658233,0.12121428122016124,6.0,0.5,0.6462137311757096,0.14289943649482975,680.9664545427228,129.73307806060828,8.760375415313035,19.390487707476964,1.8988114523154003,0.6538498300809755,0.140133429403033,0.07587450600901334,3.1666666666666665,0.8975274678557507,0.07921930997584187,0.014407800752764741,0.04811660342590226,0.033857200531427455,1.85
157944,156787,0.1,0,/gpfs/bbp.cscs.ch/project/proj32/glusynapse_20190926_release/testing/sjostrom_2001/simulations/L5TTPC_L5TTPC_lowfreq/157944-156787/0Hz_0ms/simulation.batch,2.0713428954500523,2.3390418207324615,1.129239309372891,0.20818094239257098,0.24604132851557511,8.0,0.0,0.5462377165039207,0.23280992115234375,632.5516711786632,100.48207889013791,2.626192935359674,4.3032591430043725,1.819017795413372,0.9466678655982429,0.16220561109731083,0.0855336191282073,3.875,1.6909686573085854,0.06918288559374719,0.028429442607445666,0.0009277181380003752,0.0016942996655777765,1.675
139692,138555,0.1,0,/gpfs/bbp.cscs.ch/project/proj32/glusynapse_20190926_release/testing/sjostrom_2001/simulations/L5TTPC_L5TTPC_lowfreq/139692-138555/0Hz_0ms/simulation.batch,0.8238519026161105,0.7997414524823729,0.9707344850971689,0.13899351185439318,0.1280748402908939,5.0,0.2,0.5084602693077007,0.21605068355796986,702.8880134613431,122.95471594371196,0.8730027674354653,1.6110829825220536,1.378884573161598,0.9192455534917847,0.1281319266289005,0.08420534298107822,2.8,1.16619037896906,0.07206010720323311,0.029229982808525023,0.018897250088888422,0.0327610434035562,2.5250000000000004
137888,138689,0.1,0,/gpfs/bbp.cscs.ch/project/proj32/glusynapse_20190926_release/testing/sjostrom_2001/simulations/L5TTPC_L5TTPC_lowfreq/137888-138689/0Hz_0ms/simulation.batch,1.8630782272080322,1.5681039511780606,0.8416737033785138,0.1975032975314574,0.1917226414844574,11.0,0.36363636363636365,0.555882778068757,0.2376070694883025,629.2073658152175,122.80447538832765,14.079465057151424,14.808097625158522,1.2886080255749235,0.7498818916315577,0.11511467744731035,0.06520254632171235,2.5454545454545454,1.0756508696544758,0.059409478251250654,0.015550190940656877,0.023543453802957946,0.020245011582813693,0.8500000000000001
158249,149658,0.1,0,/gpfs/bbp.cscs.ch/project/proj32/glusynapse_20190926_release/testing/sjostrom_2001/simulations/L5TTPC_L5TTPC_lowfreq/158249-149658/0Hz_0ms/simulation.batch,7.985562076588693,6.6455706171950455,0.832198228935931,0.6086208958400304,0.5310441157628185,11.0,0.0,0.6395129643126163,0.2644765606747742,658.327069087293,115.35841771908365,30.418397845722208,58.8901375559117,2.10916661860617,1.2941607599902296,0.16526749872017313,0.09765199772964203,3.5454545454545454,1.6160353486028345,0.09805584960135817,0.04605439954215568,0.001976952659006052,0.003122005310419432,2.85
150855,159683,0.1,0,/gpfs/bbp.cscs.ch/project/proj32/glusynapse_20190926_release/testing/sjostrom_2001/simulations/L5TTPC_L5TTPC_lowfreq/150855-159683/0Hz_0ms/simulation.batch,1.2434162823356305,0.5266379587223866,0.4235411472440678,0.2540875720483505,0.21559390990751573,5.0,0.0,0.48766344712142284,0.16437675737220403,701.4595759372843,129.5251556019669,26.610599103177584,38.26660547051766,0.9885115037006944,0.5441768608486145,0.1030313305295123,0.07714925487150068,2.2,0.9797958971132712,0.06251294146964946,0.030712957888166532,0.004524544373735611,0.008558244085046412,1.7750000000000001
143361,138293,0.1,0,/gpfs/bbp.cscs.ch/project/proj32/glusynapse_20190926_release/testing/sjostrom_2001/simulations/L5TTPC_L5TTPC_lowfreq/143361-138293/0Hz_0ms/simulation.batch,1.0560546063823104,1.3012590338801024,1.2321891557651363,0.18481870764361402,0.20218962018084638,9.0,0.2222222222222222,0.46333375642895963,0.19062845222176172,671.1461746395842,93.587791858257,13.387813606467782,20.453242116402684,1.3062358828475575,0.9243510533060301,0.07942712120966595,0.034712162314218455,2.111111111111111,0.5665577237325317,0.07550434092574038,0.025408077226985647,0.014810602221073353,0.02822259988242203,1.6
148044,136976,0.1,0,/gpfs/bbp.cscs.ch/project/proj32/glusynapse_20190926_release/testing/sjostrom_2001/simulations/L5TTPC_L5TTPC_lowfreq/148044-136976/0Hz_0ms/simulation.batch,1.8342267411052675,1.1736119801366935,0.6398401865134181,0.17915983638848154,0.13605875494189876,5.0,0.0,0.7958809045627941,0.17716587257187982,546.1341468635352,78.27895097651127,17.871488852145212,12.011630264154316,2.521972889645093,0.7562124868499446,0.2597569111798017,0.1085233127429577,4.8,1.6,0.07755006552732807,0.04156020415872504,0.001968935191654018,0.0024372863550927754,1.75
149205,150267,0.1,0,/gpfs/bbp.cscs.ch/project/proj32/glusynapse_20190926_release/testing/sjostrom_2001/simulations/L5TTPC_L5TTPC_lowfreq/149205-150267/0Hz_0ms/simulation.batch,3.8753046572135825,3.758865672282107,0.9699535919802503,0.30201216962093036,0.3150539182911266,12.0,0.4166666666666667,0.5937060990978715,0.2664735009744279,726.2529247935155,116.03747937096409,16.991622735733532,24.04464858056576,1.671236511515981,1.0449295006378714,0.11779915447036467,0.06764264522916942,2.75,1.2332207155790618,0.07295540607921015,0.02670950469585905,0.02380914273630795,0.00819120739312856,0.8500000000000001
148745,136885,0.1,0,/gpfs/bbp.cscs.ch/project/proj32/glusynapse_20190926_release/testing/sjostrom_2001/simulations/L5TTPC_L5TTPC_lowfreq/148745-136885/0Hz_0ms/simulation.batch,1.4144297019810597,1.7934012242305324,1.2679323841394752,0.22042676739800668,0.17901737657979366,4.0,0.25,0.5343824551402059,0.2076328990664954,635.5294208917052,109.0353841133615,1.0532860888271631,1.089224782688441,1.6326203448985597,1.103147666015066,0.15937704585983375,0.10212361867799524,3.25,1.0897247358851685,0.053975393846952276,0.0037057492049777435,0.040512325449288546,0.06512349570991346,1.475
157373,149413,0.1,0,/gpfs/bbp.cscs.ch/project/proj32/glusynapse_20190926_release/testing/sjostrom_2001/simulations/L5TTPC_L5TTPC_lowfreq/157373-149413/0Hz_0ms/simulation.batch,1.3542209038901334,1.253044340640422,0.92528799181945,0.11673217349449512,0.09496825560994354,5.0,0.0,0.678561588129352,0.23938475154660238,638.0776001244294,72.52688237794635,26.341558926045803,43.17218864122058,1.9271366063352235,0.7295855446543312,0.16123624197398295,0.07732712891389465,3.4,1.3564659966250536,0.0779921105526994,0.02185538689898717,0.0003678476006795616,0.00011831183331445409,2.025
141635,151488,0.1,0,/gpfs/bbp.cscs.ch/project/proj32/glusynapse_20190926_release/testing/sjostrom_2001/simulations/L5TTPC_L5TTPC_lowfreq/141635-151488/0Hz_0ms/simulation.batch,0.5726815089871328,0.4475156291794541,0.7814389362264341,0.2821224780735302,0.27177159051539923,5.0,0.0,0.28866886422891047,0.10416757854405037,717.2559747485353,39.80684719357163,48.05097917223457,56.722591857350764,0.6640523612459968,0.14864102278930422,0.05144328297467745,0.011759688444147303,1.2,0.4,0.07673146182549533,0.043480231196583286,0.001910672743822036,0.0022507539031236595,1.5
145068,137401,0.1,0,/gpfs/bbp.cscs.ch/project/proj32/glusynapse_20190926_release/testing/sjostrom_2001/simulations/L5TTPC_L5TTPC_lowfreq/145068-137401/0Hz_0ms/simulation.batch,3.343734620920537,3.7110966706374446,1.1098657912079672,0.38803066007394293,0.3479525309583049,12.0,0.25,0.5334532896844469,0.20111511362456683,695.9482113916793,114.89469496090607,21.5794907386977,53.78786531562321,1.558274710591984,0.8157276521369198,0.13343892849855185,0.08359119006969369,3.0833333333333335,1.3819269959814167,0.07243232008891633,0.029591757519737326,0.02636137990877992,0.04169978321840829,1.5
148472,142210,0.1,0,/gpfs/bbp.cscs.ch/project/proj32/glusynapse_20190926_release/testing/sjostrom_2001/simulations/L5TTPC_L5TTPC_lowfreq/148472-142210/0Hz_0ms/simulation.batch,1.469939019836179,0.8215999303425223,0.558934703586607,0.328000951320133,0.17950783640750917,5.0,0.0,0.6293403093393563,0.14186429528018485,768.9058552441027,187.73753022775506,14.105499744683552,17.16344555845976,1.5567594866574257,0.46212817471971784,0.10576411863270044,0.02237478010513004,2.6,0.4898979485566356,0.09340079152198486,0.03166580162963898,0.0034340992400268685,0.00530367519013385,1.675
145018,139767,0.1,0,/gpfs/bbp.cscs.ch/project/proj32/glusynapse_20190926_release/testing/sjostrom_2001/simulations/L5TTPC_L5TTPC_lowfreq/145018-139767/0Hz_0ms/simulation.batch,0.29933291985537475,0.5358747199788662,1.7902298224925564,0.13284116979935487,0.11977003094825203,5.0,0.2,0.2908336798479557,0.10746706089712382,678.4639954010447,92.34478569190958,40.46642910662731,46.75134731223255,0.6972970619877403,0.3382648582725707,0.0690491743317356,0.02056710396108008,1.8,0.7483314773547883,0.05277915214568787,0.02183608987853673,0.023763747396914357,0.03113707867114788,1.4500000000000002
158610,145538,0.1,0,/gpfs/bbp.cscs.ch/project/proj32/glusynapse_20190926_release/testing/sjostrom_2001/simulations/L5TTPC_L5TTPC_lowfreq/158610-145538/0Hz_0ms/simulation.batch,1.4754878278613859,2.547345277457828,1.726442759714272,0.19557092051713726,0.1998411823731456,7.0,0.0,0.5344984323097192,0.27383628508097974,743.714279083707,147.523596402929,8.322039740808426,10.562506301039223,1.6065020873836138,0.9656695299910706,0.1520947877181333,0.09478729376586378,3.0,1.6035674514745464,0.05308241641514993,0.017225262908021437,0.0032311639150510393,0.0013854012118810013,1.55
136673,154883,0.1,0,/gpfs/bbp.cscs.ch/project/proj32/glusynapse_20190926_release/testing/sjostrom_2001/simulations/L5TTPC_L5TTPC_lowfreq/136673-154883/0Hz_0ms/simulation.batch,2.304220145633466,1.4078401096356106,0.6109833352093071,0.3668040699750402,0.3738141348239876,6.0,0.16666666666666666,0.521698549982924,0.2593555093638554,676.1052424888808,94.35975828714899,4.644835606296263,6.233145179538122,1.4705123069000372,0.7166901047948938,0.10008090626518751,0.021130833504788844,2.6666666666666665,0.9428090415820634,0.11694678500642947,0.07035665781377962,0.021755459962034793,0.04829668310552259,2.625
140509,141161,0.1,0,/gpfs/bbp.cscs.ch/project/proj32/glusynapse_20190926_release/testing/sjostrom_2001/simulations/L5TTPC_L5TTPC_lowfreq/140509-141161/0Hz_0ms/simulation.batch,1.637636088309901,1.8969273587664133,1.1583326554094873,0.27915756896468435,0.21283415387948407,8.0,0.25,0.49823355659846946,0.2477580666369351,698.9468214130525,90.6770118256302,3.11060300274051,4.648079143772576,1.195804372552239,0.5391211411505507,0.11643238394075875,0.06570832768876722,2.75,1.1989578808281798,0.057464001166061485,0.018867117989753608,0.02471535740432287,0.030698742653559208,1.55
144849,137835,0.1,0,/gpfs/bbp.cscs.ch/project/proj32/glusynapse_20190926_release/testing/sjostrom_2001/simulations/L5TTPC_L5TTPC_lowfreq/144849-137835/0Hz_0ms/simulation.batch,1.8457481079085727,1.7432675524762289,0.9444774966891527,0.19791232104517698,0.10124583253392172,8.0,0.125,0.64261145127488,0.15393566362948705,584.8169488637864,99.92926344764021,43.345223819797184,53.799875566634014,1.8726341801539326,1.1206196571918725,0.10697722320610237,0.05328098792596603,3.375,1.2183492931011204,0.0907355063214231,0.03957520930016986,0.012182629248439847,0.019888676277817558,1.5750000000000002
141263,156716,0.1,0,/gpfs/bbp.cscs.ch/project/proj32/glusynapse_20190926_release/testing/sjostrom_2001/simulations/L5TTPC_L5TTPC_lowfreq/141263-156716/0Hz_0ms/simulation.batch,0.7922220718855172,0.555229770864542,0.7008511761646264,0.2115920073637231,0.17168159223600138,5.0,0.0,0.5048525912063976,0.1669114933579038,596.0258640496761,71.14792636815933,28.891371437336936,27.153183446680845,1.3292759294199639,0.48480181317555504,0.12074636122428847,0.034013802930175925,2.2,0.7483314773547882,0.05723982426301625,0.008401470672245956,0.004849378767246001,0.004694572265135244,1.675
157402,136683,0.1,0,/gpfs/bbp.cscs.ch/project/proj32/glusynapse_20190926_release/testing/sjostrom_2001/simulations/L5TTPC_L5TTPC_lowfreq/157402-136683/0Hz_0ms/simulation.batch,1.222150295468123,0.6127941471127073,0.5014065368105871,0.17080755900303227,0.1591768888754408,6.0,0.16666666666666666,0.5109378901333568,0.2958684439561773,713.032811358868,139.61782505695138,4.837065805354082,8.080851978256124,1.5445072397863298,1.2289447198799779,0.11858354449275886,0.08657947929762391,2.5,1.5,0.09193144651841917,0.04396310490405128,0.006588587161322699,0.01266531201377567,1.9500000000000002
146792,157537,0.1,0,/gpfs/bbp.cscs.ch/project/proj32/glusynapse_20190926_release/testing/sjostrom_2001/simulations/L5TTPC_L5TTPC_lowfreq/146792-157537/0Hz_0ms/simulation.batch,2.1934838372247554,1.8074996218759618,0.8240314294555507,0.2179447244025285,0.16388531960418865,9.0,0.0,0.5797431868579007,0.24505314407207254,714.5380157669302,120.52364045244023,10.141667139907744,11.808422165804961,1.758380202951055,1.1037554342352998,0.15210393195794056,0.1032946284314861,3.0,1.4907119849998598,0.07858173613747199,0.027830653734012247,0.0042192521130398316,0.006514214168136958,1.6
151026,143498,0.1,0,/gpfs/bbp.cscs.ch/project/proj32/glusynapse_20190926_release/testing/sjostrom_2001/simulations/L5TTPC_L5TTPC_lowfreq/151026-143498/0Hz_0ms/simulation.batch,0.9336463156678076,1.1738277704821394,1.2572510069217566,0.20444350154770072,0.17330019926505702,7.0,0.42857142857142855,0.54551597174622,0.2095272557065348,632.2007880051646,115.50279319277331,9.869115002691178,10.65830995996504,1.3722949285615071,0.3864284163966401,0.10568232650564151,0.03203087694706416,2.2857142857142856,0.45175395145262565,0.07829886061553275,0.020349063200667393,0.03194421547154554,0.04868535078213979,1.75
149299,147997,0.1,0,/gpfs/bbp.cscs.ch/project/proj32/glusynapse_20190926_release/testing/sjostrom_2001/simulations/L5TTPC_L5TTPC_lowfreq/149299-147997/0Hz_0ms/simulation.batch,0.773652634648943,1.0653463235105358,1.3770344412954187,0.17931300814265527,0.1871759674165668,7.0,0.42857142857142855,0.4878200612314518,0.2109932168961113,653.5986704510015,54.53464422150192,27.88728460178661,63.03008198976566,1.557347816765113,0.7869334265361065,0.10326366790024506,0.04401597201799869,2.4285714285714284,1.178030178747903,0.16138380097934862,0.10457977572212054,0.04535945276573483,0.052543337482369945,4.7
155565,156008,0.1,0,/gpfs/bbp.cscs.ch/project/proj32/glusynapse_20190926_release/testing/sjostrom_2001/simulations/L5TTPC_L5TTPC_lowfreq/155565-156008/0Hz_0ms/simulation.batch,4.199987502267267,4.858474131231723,1.1567829972372505,0.9391927913787824,0.9813393367093127,12.0,0.3333333333333333,0.5300462423831277,0.2584812011453555,665.9064677992018,113.52615258200117,5.078064041733119,6.042333674332836,1.6083592764782113,1.2078328002544563,0.15510590237181965,0.11032144197238007,2.9166666666666665,1.3202482931462383,0.1434321012214647,0.12314825658065409,0.040732371878472784,0.061307934182006085,2.375
158678,146776,0.1,0,/gpfs/bbp.cscs.ch/project/proj32/glusynapse_20190926_release/testing/sjostrom_2001/simulations/L5TTPC_L5TTPC_lowfreq/158678-146776/0Hz_0ms/simulation.batch,2.2801221610978155,4.24679466710321,1.8625294466935476,0.2807755772583118,0.25964550847892065,14.0,0.35714285714285715,0.5195540399986138,0.1976313104195522,692.7812231041182,107.61268033931417,12.030987657822422,16.904558296392032,1.480458434196897,0.898318378039774,0.11669261798193988,0.06546819378094221,2.7857142857142856,1.3720980508784675,0.06973328838595023,0.023829624696297146,0.03129518845563237,0.05095783342678691,1.8250000000000002
138331,155302,0.1,0,/gpfs/bbp.cscs.ch/project/proj32/glusynapse_20190926_release/testing/sjostrom_2001/simulations/L5TTPC_L5TTPC_lowfreq/138331-155302/0Hz_0ms/simulation.batch,2.470981425793686,2.3401271539450845,0.9470436036132603,0.5005593993336025,0.4620432185375949,4.0,0.0,0.5618475540730394,0.1343085758649053,612.3423728978673,57.28347955224102,6.162359411713834,8.161367794747216,1.7245374422702389,0.8408132207564358,0.1238097757448599,0.05288630299782906,3.25,0.82915619758885,0.08434600700165133,0.020860643925215,0.0022411100864652748,0.0020269916995410667,1.3
146993,158333,0.1,0,/gpfs/bbp.cscs.ch/project/proj32/glusynapse_20190926_release/testing/sjostrom_2001/simulations/L5TTPC_L5TTPC_lowfreq/146993-158333/0Hz_0ms/simulation.batch,3.2984686192464325,1.7252520907099071,0.5230463860238446,0.5414877916328974,0.32490920797381095,5.0,0.0,0.6961932971460808,0.14174897218253765,637.2214664535079,158.95421607366194,8.439621316591577,16.363470982393977,1.8374405040011936,0.4511891126660159,0.13523690590733908,0.03599439788307364,3.2,0.7483314773547882,0.07529198436745294,0.01968695952843805,0.00638636315866307,0.0027046267992020872,1.25
137518,147590,0.1,0,/gpfs/bbp.cscs.ch/project/proj32/glusynapse_20190926_release/testing/sjostrom_2001/simulations/L5TTPC_L5TTPC_lowfreq/137518-147590/0Hz_0ms/simulation.batch,1.9063188801361004,1.440450687903624,0.7556189590908232,0.17502421713150243,0.20698708124236748,10.0,0.1,0.527170322006782,0.3085279632314966,646.305121413728,118.66973265315083,6.8792509856852195,10.510334619280496,1.475021123259436,1.1178234086878225,0.12301077813954826,0.11003275978094951,2.9,1.5132745950421556,0.08987289501015919,0.026105992258654124,0.00572504987473889,0.015356540448885642,2.2
141649,146598,0.1,0,/gpfs/bbp.cscs.ch/project/proj32/glusynapse_20190926_release/testing/sjostrom_2001/simulations/L5TTPC_L5TTPC_lowfreq/141649-146598/0Hz_0ms/simulation.batch,0.9257359389579513,0.9789019540218175,1.057431080318338,0.15087299228578016,0.13583822803197407,5.0,0.6,0.5537300418638991,0.23984870503970487,676.5836392503052,87.32775661507233,25.55996739865853,28.06518958917802,1.3421381243249022,0.5896189905193325,0.09501526911136242,0.04189157023844992,2.6,1.019803902718557,0.08448713478367989,0.022196805279687672,0.05416001107845146,0.051129172903631635,1.1
142620,141940,0.1,0,/gpfs/bbp.cscs.ch/project/proj32/glusynapse_20190926_release/testing/sjostrom_2001/simulations/L5TTPC_L5TTPC_lowfreq/142620-141940/0Hz_0ms/simulation.batch,0.9731097017781212,1.4225374276962612,1.4618469275323431,0.21058080570775303,0.2537261622678372,12.0,0.4166666666666667,0.3654942522405035,0.16227819599974355,646.1495514422038,119.22304823717569,4.572505151842452,5.740107787563731,1.016550964748148,0.7411491811372631,0.08640150308319512,0.05501079990830071,1.9166666666666667,1.0374916331657276,0.06425251119001356,0.02566466555232279,0.04771323191829377,0.056378094502710384,2.025
150061,138695,0.1,0,/gpfs/bbp.cscs.ch/project/proj32/glusynapse_20190926_release/testing/sjostrom_2001/simulations/L5TTPC_L5TTPC_lowfreq/150061-138695/0Hz_0ms/simulation.batch,1.2112843924472538,1.2464067446072158,1.0289959586526178,0.20781993956852493,0.21525326090943503,8.0,0.125,0.5470414308945206,0.16825348267345996,703.9608369116121,151.46444107499033,12.620054348285045,15.642094118236228,1.3355482860979184,0.5911189911711267,0.12795482997570506,0.04563855857917403,3.125,0.9270248108869579,0.05611531482803128,0.01872053601130145,0.022347392017718907,0.023784920951287175,1.475
152967,160022,0.1,0,/gpfs/bbp.cscs.ch/project/proj32/glusynapse_20190926_release/testing/sjostrom_2001/simulations/L5TTPC_L5TTPC_lowfreq/152967-160022/0Hz_0ms/simulation.batch,3.511402265441045,2.4915190768853543,0.7095510250724323,0.27177321131697696,0.2124934582932292,9.0,0.0,0.6121676982863204,0.30550139660316494,690.4503964814652,90.30204366274377,7.6111998224387305,15.389723403704659,1.8353922650558445,1.209244674069129,0.16598683345201465,0.10686376965831378,3.2222222222222223,1.4740554623801776,0.056425994498635695,0.012636519044418232,0.00621527142361419,0.004928408994420622,0.8500000000000001
152723,141000,0.1,0,/gpfs/bbp.cscs.ch/project/proj32/glusynapse_20190926_release/testing/sjostrom_2001/simulations/L5TTPC_L5TTPC_lowfreq/152723-141000/0Hz_0ms/simulation.batch,3.125910525965762,2.471449977914483,0.7906336273495606,0.2875001662996178,0.24634051693958933,7.0,0.14285714285714285,0.5499885457400321,0.3207092815855371,706.4678096963315,76.64087666725092,16.680365383550317,34.02656828884849,1.5402965984240449,0.9944030771496581,0.1336863920832796,0.08057225042729499,3.142857142857143,1.1248582677159729,0.05785715784638595,0.014927208062079967,0.018080282455486287,0.029145250003142796,1.425
152792,146757,0.1,0,/gpfs/bbp.cscs.ch/project/proj32/glusynapse_20190926_release/testing/sjostrom_2001/simulations/L5TTPC_L5TTPC_lowfreq/152792-146757/0Hz_0ms/simulation.batch,2.8313149743248953,1.815318375276488,0.6411573391651123,0.23721881026980474,0.24473513741002223,8.0,0.0,0.5451645305874567,0.28824676770363283,635.6193259556837,128.93490866707137,4.925792405423053,8.41059840835882,1.5832261605169555,1.0540657482866358,0.1509626152188806,0.10487997465405752,3.25,1.920286436967152,0.08035856884516354,0.03806002373624693,0.00045140470595085217,0.00012906277353168032,1.875
150972,148373,0.1,0,/gpfs/bbp.cscs.ch/project/proj32/glusynapse_20190926_release/testing/sjostrom_2001/simulations/L5TTPC_L5TTPC_lowfreq/150972-148373/0Hz_0ms/simulation.batch,3.016253391543456,2.98692687907359,0.990277172152682,0.43634456606542577,0.45841468027269006,7.0,0.14285714285714285,0.5632434498929105,0.1918668033273222,731.6350592010606,70.68279561097638,0.9759664639346376,0.9563703784416558,1.6948028663002195,1.055318675836663,0.13197368391556263,0.0686602084730418,3.142857142857143,1.6413036132965795,0.1096289767414947,0.06343478021904723,0.011650548544898135,0.02177255443520626,1.6500000000000001
140929,151609,0.1,0,/gpfs/bbp.cscs.ch/project/proj32/glusynapse_20190926_release/testing/sjostrom_2001/simulations/L5TTPC_L5TTPC_lowfreq/140929-151609/0Hz_0ms/simulation.batch,2.8836125509287314,1.8851631816760206,0.653750512033547,0.2861091438517207,0.29969052648576255,8.0,0.375,0.6840295378971456,0.15394301902332108,806.7068140583241,102.7541998285556,14.398119324435676,10.825975816726778,1.9163355633907768,0.9530957923744742,0.18808550772557822,0.09038114027426573,3.625,1.4947825928876748,0.05823824335262423,0.01473931824315106,0.0189720081177328,0.028057764078807657,1.625
145819,156139,0.1,0,/gpfs/bbp.cscs.ch/project/proj32/glusynapse_20190926_release/testing/sjostrom_2001/simulations/L5TTPC_L5TTPC_lowfreq/145819-156139/0Hz_0ms/simulation.batch,0.9804238379522299,1.216663489861906,1.2409566585030205,0.08408869232796298,0.10614900881824278,4.0,0.0,0.500746862564318,0.3263807223178136,739.6026576677052,97.02241224998285,54.753221692578414,63.56017154427222,1.4434305350132062,1.2372178622620664,0.11153430797579325,0.09840498227795431,2.75,2.0463381929681126,0.07023113196872013,0.02022608385601941,0.0006847400444829246,0.0007358423424042225,1.875
150453,150584,0.1,0,/gpfs/bbp.cscs.ch/project/proj32/glusynapse_20190926_release/testing/sjostrom_2001/simulations/L5TTPC_L5TTPC_lowfreq/150453-150584/0Hz_0ms/simulation.batch,2.3404620869434987,3.8385295937661525,1.6400733919937318,0.42504011396810426,0.4580720638352571,10.0,0.2,0.43818579999651597,0.22102479692949725,612.8786657721697,71.59443276074865,18.207806023432987,20.87541571990179,1.4388984813961976,0.6966513071840376,0.12279784603418598,0.05504458555131863,2.6,1.2806248474865698,0.06888219096783754,0.0199612927222467,0.02032936486797854,0.031176228874868428,1.9000000000000001
153308,145845,0.1,0,/gpfs/bbp.cscs.ch/project/proj32/glusynapse_20190926_release/testing/sjostrom_2001/simulations/L5TTPC_L5TTPC_lowfreq/153308-145845/0Hz_0ms/simulation.batch,1.0523522387026467,2.0239435075396397,1.9232567130134899,0.20618469138366843,0.14293725489140294,4.0,0.0,0.6421834768511243,0.09998322817767412,634.7882868317901,70.1831547325847,8.137594582019172,8.08173343116198,2.0670861227856414,0.29547774043993125,0.16871075644623187,0.007701261946495959,3.5,0.8660254037844386,0.05913912002558759,0.00553243582239243,0.0007013774861937346,0.00017335846188220295,1.625
143423,136140,0.1,0,/gpfs/bbp.cscs.ch/project/proj32/glusynapse_20190926_release/testing/sjostrom_2001/simulations/L5TTPC_L5TTPC_lowfreq/143423-136140/0Hz_0ms/simulation.batch,2.028495338111576,1.970127281977254,0.9712259352842981,0.21619481648052352,0.28918766409423596,15.0,0.2,0.5554534013752357,0.27094629003875803,680.5217829868824,108.81961957048738,19.640566889240187,51.504760774429556,1.6314719462518825,1.0688890524491286,0.13139640697117003,0.08651056616858713,2.8,1.2220201853215573,0.10258879732424729,0.05842277800822289,0.01124446936783417,0.02623725225640822,2.075
147275,142466,0.1,0,/gpfs/bbp.cscs.ch/project/proj32/glusynapse_20190926_release/testing/sjostrom_2001/simulations/L5TTPC_L5TTPC_lowfreq/147275-142466/0Hz_0ms/simulation.batch,2.2550216673430983,2.1679077489282332,0.9613689217818009,0.2145661374311994,0.16608134162248478,7.0,0.14285714285714285,0.5849243669827979,0.29178194587453066,648.126664825864,129.74087484069625,5.374230945530367,5.76393944432473,1.8239212396031539,1.1270362386096522,0.14277480390363909,0.0880316491127651,3.2857142857142856,1.2777531299998799,0.0807969145254946,0.04164428773285455,0.016010287894590906,0.03850677297574127,2.5250000000000004
141564,153894,0.1,0,/gpfs/bbp.cscs.ch/project/proj32/glusynapse_20190926_release/testing/sjostrom_2001/simulations/L5TTPC_L5TTPC_lowfreq/141564-153894/0Hz_0ms/simulation.batch,3.5780163261585147,3.5799863367008244,1.0005505873542015,0.33121960220908647,0.32345451749131293,10.0,0.0,0.6412009297501454,0.18153132073920242,564.8582036623332,108.9543119235157,7.170451557009473,10.82911744149505,1.5587145506705589,0.8618685463135667,0.15797082306933063,0.07375557070235568,3.3,1.2688577540449522,0.07074814604333643,0.022558406690535056,0.007747553734277277,0.008635490194948274,1.25
136415,150486,0.1,0,/gpfs/bbp.cscs.ch/project/proj32/glusynapse_20190926_release/testing/sjostrom_2001/simulations/L5TTPC_L5TTPC_lowfreq/136415-150486/0Hz_0ms/simulation.batch,0.27718416751548197,0.30650596258450924,1.1057845234518653,0.11555740488867758,0.09188487120556973,3.0,0.3333333333333333,0.4124097898818248,0.16795755432093532,721.1944773323453,153.5349805486138,8.35047996580033,6.032533312724951,0.9129918337769451,0.5047188144417614,0.08191824006468443,0.026244983001964803,2.3333333333333335,0.4714045207910317,0.05101554728121579,0.018802697543682887,0.03372945337473115,0.044276278097422704,1.8250000000000002
156496,160461,0.1,0,/gpfs/bbp.cscs.ch/project/proj32/glusynapse_20190926_release/testing/sjostrom_2001/simulations/L5TTPC_L5TTPC_lowfreq/156496-160461/0Hz_0ms/simulation.batch,1.5194258909018887,1.1888588431710836,0.7824395057961071,0.2142190516044938,0.23825254684784986,5.0,0.0,0.5318232966592938,0.27720041667539014,664.0883382375049,99.36266418576062,6.235051749651343,8.471643712811836,1.6508227215176383,1.1685132813015957,0.1368005698296341,0.06974233827810696,3.2,1.469693845669907,0.0707741792187774,0.026054257920945196,0.00046086565031915077,0.000565774540275704,2.0500000000000003
144562,155421,0.1,0,/gpfs/bbp.cscs.ch/project/proj32/glusynapse_20190926_release/testing/sjostrom_2001/simulations/L5TTPC_L5TTPC_lowfreq/144562-155421/0Hz_0ms/simulation.batch,0.4892420942257303,0.42585275608070555,0.8704335974087756,0.09562396702114499,0.0786368117927338,4.0,0.75,0.6411877686901029,0.09205998340508095,648.4145162912282,53.85981934131562,19.299686871483736,24.932837121496263,1.517159059505441,0.3879040889182473,0.12445148989084014,0.07304363844890403,3.0,0.7071067811865476,0.09270790144821912,0.03724357489269732,0.08278360157806226,0.049205725973791595,2.9250000000000003
155268,150185,0.1,0,/gpfs/bbp.cscs.ch/project/proj32/glusynapse_20190926_release/testing/sjostrom_2001/simulations/L5TTPC_L5TTPC_lowfreq/155268-150185/0Hz_0ms/simulation.batch,1.1903625272842397,1.1349427228298101,0.9534429191240861,0.2802558868949444,0.25357233973715804,5.0,0.2,0.49091538569561577,0.20412340227916992,776.1729820640724,132.10328534257866,17.971419792695855,12.350781429828544,1.079723230832602,0.5964191993217184,0.12454594458104187,0.08984414363143407,2.8,1.16619037896906,0.08004516244665029,0.06750754970609867,0.024827797132290465,0.04563707806039228,1.6500000000000001
145482,155384,0.1,0,/gpfs/bbp.cscs.ch/project/proj32/glusynapse_20190926_release/testing/sjostrom_2001/simulations/L5TTPC_L5TTPC_lowfreq/145482-155384/0Hz_0ms/simulation.batch,1.0612125544386148,1.183373224981381,1.115114234214266,0.15068131946925897,0.11283281644208644,4.0,0.5,0.4887922752012871,0.29228229048073295,693.3528857088113,87.84450096762164,23.428322439210906,40.23283867868574,1.5570999406706887,1.1819969702792663,0.13553613531826872,0.068315180224814,2.75,1.0897247358851685,0.1015284623617464,0.05460117902250128,0.031463377506220476,0.031047884652225136,1.25
147206,145844,0.1,0,/gpfs/bbp.cscs.ch/project/proj32/glusynapse_20190926_release/testing/sjostrom_2001/simulations/L5TTPC_L5TTPC_lowfreq/147206-145844/0Hz_0ms/simulation.batch,2.9942839742560325,2.9545514448566186,0.9867305406764948,0.43475351430322995,0.3350389689182353,7.0,0.2857142857142857,0.5157859258953942,0.18566675457616644,680.3665569789398,114.1490205435035,0.7918835343317125,1.083541757689574,1.8910676815359175,0.9980254328813037,0.18836035631647802,0.08327277577206658,3.7142857142857144,1.2777531299998799,0.07499499971946702,0.0389198691350639,0.013527099230109857,0.021145204450418596,1.6
160298,156349,0.1,0,/gpfs/bbp.cscs.ch/project/proj32/glusynapse_20190926_release/testing/sjostrom_2001/simulations/L5TTPC_L5TTPC_lowfreq/160298-156349/0Hz_0ms/simulation.batch,3.7629521070048697,2.8700314439016408,0.7627074069210115,0.25465297024365047,0.18131620805427853,11.0,0.0,0.629844246607496,0.26126088879993603,655.1971707514667,97.46130619731906,8.688407090444064,11.750226831644769,1.8413466598760342,1.1936184577398887,0.14358243021084857,0.09975237461848852,3.1818181818181817,1.2662171161076472,0.5259388865001952,0.4750846691568556,0.00012889647923539056,9.189437068047045e-05,2.4250000000000003
142860,146726,0.1,0,/gpfs/bbp.cscs.ch/project/proj32/glusynapse_20190926_release/testing/sjostrom_2001/simulations/L5TTPC_L5TTPC_lowfreq/142860-146726/0Hz_0ms/simulation.batch,1.0424351055077965,1.0408798202281753,0.9985080267621421,0.1575606014392502,0.19845066071505052,6.0,0.0,0.492117547500531,0.2744752215045128,694.2360200985883,64.04595264724752,28.207732003887042,18.6528144693928,1.3631593799462116,0.8019421768438231,0.11620340851471161,0.06587552690282482,2.5,0.7637626158259734,0.21024360932652286,0.0939537771418413,5.417841926116078e-05,2.4384132005251777e-05,3.75
147715,155654,0.1,0,/gpfs/bbp.cscs.ch/project/proj32/glusynapse_20190926_release/testing/sjostrom_2001/simulations/L5TTPC_L5TTPC_lowfreq/147715-155654/0Hz_0ms/simulation.batch,1.2300231399916088,2.323553256795068,1.8890321500869642,0.24570138485513549,0.22643555164513496,11.0,0.18181818181818182,0.4020891638200092,0.19926073810506642,681.8831164389608,142.64292431312478,6.693517853162925,6.122286421912696,0.8252194366983847,0.4479187461546949,0.09620022972627486,0.06973569635945046,2.1818181818181817,1.113404428537808,0.051528646253343746,0.012581185507131009,0.026968700466418662,0.04930767636738961,1.35
152903,136051,0.1,0,/gpfs/bbp.cscs.ch/project/proj32/glusynapse_20190926_release/testing/sjostrom_2001/simulations/L5TTPC_L5TTPC_lowfreq/152903-136051/0Hz_0ms/simulation.batch,2.8264581587608784,2.4473900664448887,0.8658858291812912,0.3465148110762362,0.40287187824318593,5.0,0.4,0.6856566462380371,0.0941667233085189,589.851817076119,111.16386925355927,42.285588201298964,83.82197303769755,1.910117633682518,0.6481130886904034,0.1615804332141255,0.0654656787323498,3.6,1.019803902718557,0.08459503887663428,0.02608942444146803,0.03863979180685288,0.04143209029227988,1.5750000000000002
154546,160061,0.1,0,/gpfs/bbp.cscs.ch/project/proj32/glusynapse_20190926_release/testing/sjostrom_2001/simulations/L5TTPC_L5TTPC_lowfreq/154546-160061/0Hz_0ms/simulation.batch,2.8156729564896423,2.818347093335661,1.0009497327592167,0.27086602906455143,0.2672060844967675,13.0,0.0,0.4896731136824099,0.2454530734255021,663.014540400046,122.96701089438521,30.46821845376476,70.6614593263502,1.282975781067592,0.8410552906222309,0.12376638084299361,0.07874271517952865,2.6923076923076925,1.4349813927828945,0.24316590493651108,0.13959123775731036,0.000551697404087923,0.0009434439769648157,2.5
141281,157262,0.1,0,/gpfs/bbp.cscs.ch/project/proj32/glusynapse_20190926_release/testing/sjostrom_2001/simulations/L5TTPC_L5TTPC_lowfreq/141281-157262/0Hz_0ms/simulation.batch,2.540324847578512,1.5968509639669066,0.6286010883564976,0.3185972318417414,0.28841032840030906,4.0,0.0,0.5666994576145555,0.31135555026994777,666.7776775744758,23.227272387621753,71.03878776283875,53.08697334499738,1.6100973578151019,0.9924449639188461,0.16751546716374835,0.11022085272892354,3.25,1.7853571071357126,0.06769453722763867,0.012009006927583615,0.00014667319666570154,0.00011431179830173156,2.1
157836,153799,0.1,0,/gpfs/bbp.cscs.ch/project/proj32/glusynapse_20190926_release/testing/sjostrom_2001/simulations/L5TTPC_L5TTPC_lowfreq/157836-153799/0Hz_0ms/simulation.batch,6.18267908884541,5.349653595844247,0.8652646399674728,0.34532522657206555,0.4361673487064896,9.0,0.3333333333333333,0.5988248062302545,0.29182428679572314,651.8255904312754,146.79548651891326,8.555043883971788,9.928021325990708,2.2214988413270125,1.9974478196530143,0.18593430552401896,0.1734631121635946,3.2222222222222223,1.8724777273725242,0.15345663376274962,0.07910748904867647,0.03520947708209206,0.049750135461536955,2.5
136422,145402,0.1,0,/gpfs/bbp.cscs.ch/project/proj32/glusynapse_20190926_release/testing/sjostrom_2001/simulations/L5TTPC_L5TTPC_lowfreq/136422-145402/0Hz_0ms/simulation.batch,1.283745790163088,1.3185150488530393,1.027084224116937,0.2882823374762973,0.24473022060418614,5.0,0.0,0.44141460961037904,0.27771014118653325,668.0227164072637,101.57492182804857,3.470601800125042,6.897400293634681,1.2473918531516406,1.1360825159022545,0.07706015942591951,0.038238988693340296,2.2,1.16619037896906,0.06892761116836156,0.036231788974953834,0.004667282348869399,0.006668792740137547,1.625
157822,154647,0.1,0,/gpfs/bbp.cscs.ch/project/proj32/glusynapse_20190926_release/testing/sjostrom_2001/simulations/L5TTPC_L5TTPC_lowfreq/157822-154647/0Hz_0ms/simulation.batch,1.776314202852892,2.015589858269223,1.134703452256384,0.2181432160786726,0.23079102842623533,6.0,0.0,0.5708947507859228,0.25376038391276534,653.665270998084,204.05476937067343,2.5253458515433636,2.129737345894509,1.2045744877037996,0.5907824479336258,0.11863009020252531,0.04584395792545685,2.8333333333333335,1.2133516482134197,0.051600674870318886,0.015068515118588375,0.003671018053859755,0.0025137502933131623,1.375
160542,141712,0.1,0,/gpfs/bbp.cscs.ch/project/proj32/glusynapse_20190926_release/testing/sjostrom_2001/simulations/L5TTPC_L5TTPC_lowfreq/160542-141712/0Hz_0ms/simulation.batch,3.659545518712636,3.1772153268993604,0.8681994282221823,0.2904358012058546,0.308221674326835,5.0,0.0,0.6906610727902333,0.28689760257445723,619.1005263826718,95.12064488405557,0.5901450398321545,0.7522316108366104,2.0254679020007984,1.2927883412018357,0.16778549037503418,0.12126643580498357,3.0,1.4142135623730951,0.08065271684544786,0.022268258695581127,0.0006749152267199981,0.0007569480489646197,1.6500000000000001
148193,139815,0.1,0,/gpfs/bbp.cscs.ch/project/proj32/glusynapse_20190926_release/testing/sjostrom_2001/simulations/L5TTPC_L5TTPC_lowfreq/148193-139815/0Hz_0ms/simulation.batch,1.184089997588848,1.0346367601212392,0.8737821974917962,0.16396764436610806,0.1423953444216237,10.0,0.0,0.5459147223800775,0.21247493633513034,676.5526671033858,144.79775287326822,24.714545081515336,33.819096881724676,1.3385320434300367,0.6218135249415536,0.12774484533240787,0.0531382143780412,2.8,0.8717797887081347,0.07122521224755594,0.02441422583648358,0.00010525062051787062,9.50043790142446e-05,3.1750000000000003
152440,147058,0.1,0,/gpfs/bbp.cscs.ch/project/proj32/glusynapse_20190926_release/testing/sjostrom_2001/simulations/L5TTPC_L5TTPC_lowfreq/152440-147058/0Hz_0ms/simulation.batch,6.67030494905558,6.73155055047268,1.0091818292993895,0.6244049927662494,0.7647624593912132,12.0,0.08333333333333333,0.45617903554094635,0.27292245272176946,712.6939292319277,156.85672851140853,36.445428248289986,43.392793608958144,1.338178098834688,1.1280323781116723,0.11659145259537533,0.0999980514236016,2.6666666666666665,1.7480147469502527,0.1414220380591919,0.10193199159997061,0.016281609620139952,0.04299820724521316,1.4000000000000001
161519,139954,0.1,0,/gpfs/bbp.cscs.ch/project/proj32/glusynapse_20190926_release/testing/sjostrom_2001/simulations/L5TTPC_L5TTPC_lowfreq/161519-139954/0Hz_0ms/simulation.batch,3.128267701623514,4.246985961361735,1.3576158968612648,0.246623848820422,0.17774531537014926,16.0,0.125,0.5827217336323546,0.24217201130892493,690.1196838266508,106.621715700397,18.076523251797447,27.861499810939677,1.5305602603770776,0.7555503869986369,0.11447703097357075,0.031188754903963296,2.8125,0.7261843774138906,0.07561585394080661,0.035635988482228896,0.006112637094541788,0.017618699232479107,1.7750000000000001
152287,160982,0.1,0,/gpfs/bbp.cscs.ch/project/proj32/glusynapse_20190926_release/testing/sjostrom_2001/simulations/L5TTPC_L5TTPC_lowfreq/152287-160982/0Hz_0ms/simulation.batch,1.7321309355254866,1.682727650884357,0.9714783197806337,0.17645266029227916,0.15206368664359,5.0,0.4,0.7544180780354189,0.14244967351223883,688.5619801831793,142.3900561032619,15.447260024208934,30.86581405455095,2.0619139787132283,0.7963475392381347,0.15793962918087281,0.05774271172072293,3.2,0.7483314773547882,0.0845160019121435,0.02157847025481992,0.03087104912741535,0.03723792392211455,2.4250000000000003
161970,158255,0.1,0,/gpfs/bbp.cscs.ch/project/proj32/glusynapse_20190926_release/testing/sjostrom_2001/simulations/L5TTPC_L5TTPC_lowfreq/161970-158255/0Hz_0ms/simulation.batch,0.6854750929081729,1.100519459969612,1.605484242032174,0.18371504019519272,0.20146802037651276,5.0,0.0,0.4616721385665092,0.20631778203374831,800.8382932322913,130.56685574432484,18.958951064132556,34.9950804348417,1.0067250639452152,0.589927315749534,0.07545301775576067,0.028124166722970665,2.0,0.6324555320336759,0.06938968884262597,0.026307796668002478,0.0014590116922455982,0.0013050358369429925,2.15
148315,161887,0.1,0,/gpfs/bbp.cscs.ch/project/proj32/glusynapse_20190926_release/testing/sjostrom_2001/simulations/L5TTPC_L5TTPC_lowfreq/148315-161887/0Hz_0ms/simulation.batch,1.865513403818585,1.9116832292835788,1.0247491255600132,0.27282057797825804,0.2928114799414611,5.0,0.8,0.6318104222263975,0.18266236022098548,599.0041569856097,47.258657841881856,6.7798699474026645,12.21186236113499,1.5931981315539392,0.5022458467285236,0.163306214951562,0.03775568791814863,3.0,0.0,0.05710522279770482,0.013635793854774267,0.046127599233957164,0.04018305152323134,1.75
155044,145631,0.1,0,/gpfs/bbp.cscs.ch/project/proj32/glusynapse_20190926_release/testing/sjostrom_2001/simulations/L5TTPC_L5TTPC_lowfreq/155044-145631/0Hz_0ms/simulation.batch,2.679968230344736,1.889431851035004,0.705020242270543,0.491479745868768,0.33860731951868905,8.0,0.125,0.5732633866755483,0.18080586793735481,634.7473473388217,113.30513702479188,10.652036282158678,27.403662660641988,1.3564085127108196,0.5377786328668263,0.10665847575180913,0.05256246788520362,2.5,0.8660254037844386,0.12565996605442636,0.09456768335189802,0.012752092224453813,0.02817327781018244,2.275
140378,156108,0.1,0,/gpfs/bbp.cscs.ch/project/proj32/glusynapse_20190926_release/testing/sjostrom_2001/simulations/L5TTPC_L5TTPC_lowfreq/140378-156108/0Hz_0ms/simulation.batch,2.6633456368111874,2.636877039702722,0.9900618993109148,0.24140262187554984,0.28149502411841504,4.0,0.5,0.4579635898155006,0.3322702951085437,592.3516188453443,147.7318255016309,3.729259507813466,4.997621571976096,1.6924066307058045,1.2928871791827867,0.16350844664016306,0.07237330989508918,3.0,1.224744871391589,0.04778642925700961,0.014684978385619628,0.05099756866942193,0.04313666631438972,0.9
158188,153222,0.1,0,/gpfs/bbp.cscs.ch/project/proj32/glusynapse_20190926_release/testing/sjostrom_2001/simulations/L5TTPC_L5TTPC_lowfreq/158188-153222/0Hz_0ms/simulation.batch,1.4186479936511105,1.403392356868618,0.989246355085429,0.19095694763692211,0.16213509521316624,4.0,0.0,0.6729055431255166,0.18449322609569646,631.2206679572337,43.15282327667385,8.632545892051537,8.662657586554632,2.4144436148162534,1.0759399593876784,0.15434213898988025,0.055551318235054416,4.25,1.0897247358851685,0.8101837020470309,0.12130302476087573,0.0001034245042322897,1.163759832778635e-05,6.825
155240,137269,0.1,0,/gpfs/bbp.cscs.ch/project/proj32/glusynapse_20190926_release/testing/sjostrom_2001/simulations/L5TTPC_L5TTPC_lowfreq/155240-137269/0Hz_0ms/simulation.batch,3.1690841535042495,2.5547448081817854,0.8061460928252246,0.5277092552211008,0.34694687895534165,10.0,0.1,0.45624803119813756,0.2235319242688648,657.9753284101248,57.507042773340316,11.81208771502957,14.375549782885948,1.1829266750475809,0.6527783010298526,0.08828621517565641,0.03941434253289756,2.4,0.8,0.09448792432142475,0.04894849599799651,0.013605401882669468,0.025968147405571677,1.4000000000000001
142044,139087,0.1,0,/gpfs/bbp.cscs.ch/project/proj32/glusynapse_20190926_release/testing/sjostrom_2001/simulations/L5TTPC_L5TTPC_lowfreq/142044-139087/0Hz_0ms/simulation.batch,1.9911336094050303,1.9186811434110427,0.9636124539047698,0.16544983130019122,0.17718478547954883,14.0,0.5714285714285714,0.4591268777616472,0.2717933904430138,673.7910014167436,141.27363768096035,7.925618643625172,17.39749321935003,1.2949795412538239,0.917360217623768,0.11395495047824103,0.06864913349852228,2.642857142857143,1.1715156762040517,0.06806514908159941,0.03200600650536892,0.05030991658865608,0.047472369210561,2.0500000000000003
153127,151620,0.1,0,/gpfs/bbp.cscs.ch/project/proj32/glusynapse_20190926_release/testing/sjostrom_2001/simulations/L5TTPC_L5TTPC_lowfreq/153127-151620/0Hz_0ms/simulation.batch,1.7795435713539716,1.8849441122379875,1.0592289745419505,0.40106310444672477,0.38198982036173224,6.0,0.16666666666666666,0.6176172088989128,0.21151884423413073,710.5537980075896,140.49272841955138,14.772323564848875,19.410226824365058,1.8759984499750981,0.7607766294038062,0.15154482858199667,0.08216987535921236,3.0,1.2909944487358056,0.15069454294633852,0.11220005626370243,0.023029817409968997,0.051332119235885126,3.0
142475,151453,0.1,0,/gpfs/bbp.cscs.ch/project/proj32/glusynapse_20190926_release/testing/sjostrom_2001/simulations/L5TTPC_L5TTPC_lowfreq/142475-151453/0Hz_0ms/simulation.batch,2.3320095403807772,1.9929732027293035,0.8546162304309806,0.22558145877567592,0.23412953379746648,6.0,0.16666666666666666,0.5666083870375441,0.27702070634229636,611.5162505556267,108.72864555988805,15.759134037728742,12.052633720413855,2.1206111644710464,1.6898417902772733,0.16702607608536466,0.09785985132549632,3.5,1.5,0.07398325123771099,0.026429832787510498,0.02176846833456778,0.03949079715079836,1.4500000000000002
145483,136404,0.1,0,/gpfs/bbp.cscs.ch/project/proj32/glusynapse_20190926_release/testing/sjostrom_2001/simulations/L5TTPC_L5TTPC_lowfreq/145483-136404/0Hz_0ms/simulation.batch,1.9890319294545162,2.1826597952801925,1.097347791635893,0.23431455395321435,0.21698018171572214,10.0,0.4,0.5939399791334167,0.23051205970096794,701.3409003010704,129.1843114023254,10.601920945885393,16.116512772437908,1.506986562678011,0.7315905892696936,0.1195223677793787,0.05709733597480885,2.6,1.019803902718557,0.07908956478141238,0.05063926031565321,0.04416263077317219,0.05896749921595524,2.3000000000000003
141293,159138,0.1,0,/gpfs/bbp.cscs.ch/project/proj32/glusynapse_20190926_release/testing/sjostrom_2001/simulations/L5TTPC_L5TTPC_lowfreq/141293-159138/0Hz_0ms/simulation.batch,4.420644079214445,4.448885695316536,1.0063885749669106,0.29393346207845733,0.2602208128668461,8.0,0.0,0.5440020859485668,0.32029099401905314,715.7569561411744,71.08376366379765,30.489983080456835,52.284641423229466,2.034693262143194,1.9865964806536514,0.1941547888987013,0.1209328653589829,3.375,1.9324531042175384,0.05837795697258174,0.025579654865193206,0.004241882378844493,0.005465082680288918,1.425
147610,139949,0.1,0,/gpfs/bbp.cscs.ch/project/proj32/glusynapse_20190926_release/testing/sjostrom_2001/simulations/L5TTPC_L5TTPC_lowfreq/147610-139949/0Hz_0ms/simulation.batch,2.434902805183766,2.5493912983205678,1.0470197384852744,0.18573616658991893,0.24846207000137083,10.0,0.1,0.5606615254984358,0.30113044023174534,596.6182513816398,116.02078730845717,12.587157755012683,16.428545713598822,1.532175891019723,1.0168403423202905,0.10628270687510002,0.04958068799202552,2.8,1.0770329614269007,0.07586103158227657,0.0347938741305451,0.014156675800774971,0.03530093457714405,1.8250000000000002
144827,153759,0.1,0,/gpfs/bbp.cscs.ch/project/proj32/glusynapse_20190926_release/testing/sjostrom_2001/simulations/L5TTPC_L5TTPC_lowfreq/144827-153759/0Hz_0ms/simulation.batch,2.6002120654838774,1.8585382458657456,0.7147641034885697,0.23700364315774025,0.2838226997110295,13.0,0.15384615384615385,0.5590330055750891,0.22930801554696897,740.5815167512808,128.12710221751314,14.821664718588938,18.515300444448766,1.6072791363148724,1.4388790765854833,0.11751164762375756,0.09748902811620473,2.8461538461538463,1.7473564140923918,0.13740029236482482,0.1201610220519696,0.015527517031470551,0.029278252027713572,2.3000000000000003
159055,147653,0.1,0,/gpfs/bbp.cscs.ch/project/proj32/glusynapse_20190926_release/testing/sjostrom_2001/simulations/L5TTPC_L5TTPC_lowfreq/159055-147653/0Hz_0ms/simulation.batch,1.3730851194978355,1.3019859011119328,0.9482193657361132,0.11469620918069008,0.18040934512072168,4.0,0.5,0.6586312623849719,0.2984856940819861,628.5286153584976,132.72272726840995,2.11175741365103,3.6314165625625323,2.2789381672879365,1.541987766784908,0.19206896265836457,0.17039137007926897,3.75,2.165063509461097,0.0842492978773762,0.02132295445464882,0.03061165466016199,0.03407882148771853,1.55
137527,145280,0.1,0,/gpfs/bbp.cscs.ch/project/proj32/glusynapse_20190926_release/testing/sjostrom_2001/simulations/L5TTPC_L5TTPC_lowfreq/137527-145280/0Hz_0ms/simulation.batch,2.1086003697287286,2.030779223224697,0.9630934587600194,0.2507248736571693,0.20316865838134082,6.0,0.5,0.651982090303572,0.18119978659126157,741.0463002615743,107.38542585409456,27.11955625366959,33.74747638177336,1.967851543221417,1.1311903396211147,0.17588753778826127,0.08703059060242291,3.1666666666666665,1.4624940645653537,0.05787190174470866,0.02097268833941816,0.04492934823610886,0.04792778421374589,1.5250000000000001
161046,148610,0.1,0,/gpfs/bbp.cscs.ch/project/proj32/glusynapse_20190926_release/testing/sjostrom_2001/simulations/L5TTPC_L5TTPC_lowfreq/161046-148610/0Hz_0ms/simulation.batch,3.514952626386281,2.5093612293527108,0.7139103982555185,0.36350336586293985,0.3189072320390779,5.0,0.0,0.7560193946055256,0.1515819507298547,655.2629430573809,96.14941366574296,10.760217315519252,14.718498896150924,2.091585714196044,0.7378399020145685,0.1973591031802715,0.10886345715914816,4.4,1.624807680927192,0.08849113730097695,0.013056985754451132,0.0011254099968276842,0.0017205604831383977,2.35
140267,154486,0.1,-10,/gpfs/bbp.cscs.ch/project/proj32/glusynapse_20190926_release/testing/sjostrom_2001/simulations/L5TTPC_L5TTPC_lowfreq/140267-154486/0Hz_-10ms/simulation.batch,2.0161513424754696,2.065803637480592,1.0246272658004725,0.44936738449987956,0.5883160926499048,5.0,0.8,0.515624892700061,0.14951033525085022,638.3065197220393,69.43082338340857,1.8377194734153588,1.7915115869463265,1.5195849458701702,0.6675880204721538,0.11601644691965199,0.07642463775309592,2.8,1.32664991614216,0.07575662126365866,0.019794088163661426,0.05280867624652439,0.03524636285032311,0.875
139067,153723,0.1,-10,/gpfs/bbp.cscs.ch/project/proj32/glusynapse_20190926_release/testing/sjostrom_2001/simulations/L5TTPC_L5TTPC_lowfreq/139067-153723/0Hz_-10ms/simulation.batch,2.987729374238726,2.5684997073825913,0.859682851308126,0.3946507616209705,0.35469168510999466,9.0,0.2222222222222222,0.5657698115301744,0.25693499839907685,698.5460831319604,82.2901641160156,10.88152304654847,14.94793038205096,1.5672650468437253,0.8726689763043683,0.13096715103217738,0.04668730868376929,2.7777777777777777,1.227262335243029,0.06347968469784432,0.02304393724995852,0.03300293956931406,0.0383349619059534,1.5750000000000002
152182,151084,0.1,-10,/gpfs/bbp.cscs.ch/project/proj32/glusynapse_20190926_release/testing/sjostrom_2001/simulations/L5TTPC_L5TTPC_lowfreq/152182-151084/0Hz_-10ms/simulation.batch,6.375742109628748,6.397370285372253,1.0033922601277807,0.5446750896061106,0.6184038252374372,10.0,0.1,0.6466208544417166,0.23121157141968368,708.2516181124925,128.95436118707917,9.886604836899808,21.20310101998434,2.2536596374748035,1.0901919494661299,0.21819404992022026,0.1042702422053609,4.1,1.445683229480096,0.08573265198139043,0.046132181756460854,0.010994454056765381,0.015165676313948308,1.8
139657,155496,0.1,-10,/gpfs/bbp.cscs.ch/project/proj32/glusynapse_20190926_release/testing/sjostrom_2001/simulations/L5TTPC_L5TTPC_lowfreq/139657-155496/0Hz_-10ms/simulation.batch,3.687099829714905,2.9782311359290627,0.8077435582099078,0.3360401676564945,0.26732960180766274,14.0,0.21428571428571427,0.6394824585950287,0.2016575432910149,704.5520962903786,106.88932913062747,29.731880668238155,72.20526104318368,2.035468310010216,1.0512845363443823,0.1403129502251657,0.06641858481449285,3.0,1.0,0.1113246833404765,0.08461677689532511,0.022905172619771822,0.0390012464674252,2.0500000000000003
149873,141060,0.1,-10,/gpfs/bbp.cscs.ch/project/proj32/glusynapse_20190926_release/testing/sjostrom_2001/simulations/L5TTPC_L5TTPC_lowfreq/149873-141060/0Hz_-10ms/simulation.batch,1.3562767901127655,0.7831473771286189,0.5774244481935766,0.2571418740738933,0.16107515405740822,8.0,0.0,0.4959231206455211,0.1624921173063334,669.6957247368714,126.05322667737377,8.517141228210125,16.949814268410275,1.5706072233901294,0.9957340928267947,0.11805945369685664,0.04918356509645278,2.875,1.0532687216470449,0.07369035652920929,0.022909340534083878,0.0010448663028305772,0.0015484126097163307,1.85
160343,145480,0.1,-10,/gpfs/bbp.cscs.ch/project/proj32/glusynapse_20190926_release/testing/sjostrom_2001/simulations/L5TTPC_L5TTPC_lowfreq/160343-145480/0Hz_-10ms/simulation.batch,2.292596943237091,2.286471977973351,0.9973283724023936,0.30508531631446767,0.3280443372897778,10.0,0.4,0.6437637634225183,0.17801893635275465,603.7489428381388,118.89462576584302,4.36235831853176,8.160691452572616,2.127407813515838,1.1200349026135599,0.1658824171663533,0.07014410192653586,3.7,1.1874342087037917,0.1017085267234075,0.06476990786630257,0.02867914132113008,0.02949654587260517,1.5
152548,146970,0.1,-10,/gpfs/bbp.cscs.ch/project/proj32/glusynapse_20190926_release/testing/sjostrom_2001/simulations/L5TTPC_L5TTPC_lowfreq/152548-146970/0Hz_-10ms/simulation.batch,3.4273336017621987,3.4802518130117437,1.0154400526468554,0.27929043717493834,0.31053912736321126,5.0,0.0,0.6677994014712849,0.22656121746156804,787.9046603655447,52.61317649034916,5.149778375129162,7.175156014162376,2.279375851925423,1.7938915735236685,0.21893173536258215,0.14306258513904246,4.2,2.1354156504062622,0.0677183885490016,0.022228213157616892,0.0010373812406718533,0.0019027376679635805,2.45
139857,137649,0.1,-10,/gpfs/bbp.cscs.ch/project/proj32/glusynapse_20190926_release/testing/sjostrom_2001/simulations/L5TTPC_L5TTPC_lowfreq/139857-137649/0Hz_-10ms/simulation.batch,2.5616007649104193,2.338644383154399,0.9129620880778362,0.25188958451021964,0.2867329065672763,8.0,0.0,0.5893978390227574,0.2312488805347092,691.095531456973,129.1077810814569,4.462676976301003,9.017492459681929,1.693342345712819,0.9947115863382899,0.16625028765300298,0.08660407015884959,3.0,1.0,0.09295992120621577,0.02689969693083221,0.0018379669132210035,0.0024440275608977667,2.2
142511,154723,0.1,-10,/gpfs/bbp.cscs.ch/project/proj32/glusynapse_20190926_release/testing/sjostrom_2001/simulations/L5TTPC_L5TTPC_lowfreq/142511-154723/0Hz_-10ms/simulation.batch,0.38116829301462424,0.1849646734654314,0.485257239007377,0.15439973376554547,0.10224172616792351,4.0,0.25,0.3933477048143437,0.06793766350328141,658.9917325325825,132.98138327704345,5.087845727917059,7.329312405102147,1.1852582242066156,0.41249820367115325,0.12325988790045049,0.04907193544737582,2.5,0.5,0.050825775898806214,0.009963688331754924,0.05688191412138415,0.09461739516779324,1.375
141853,144400,0.1,-10,/gpfs/bbp.cscs.ch/project/proj32/glusynapse_20190926_release/testing/sjostrom_2001/simulations/L5TTPC_L5TTPC_lowfreq/141853-144400/0Hz_-10ms/simulation.batch,1.5383810697389442,1.661989243021683,1.0803495152886369,0.41157206901879084,0.3037232096625453,5.0,0.0,0.4694078273039322,0.21795400634066897,640.9877657639427,106.63285047285697,12.384693089887913,15.907861377652376,1.2585489123320444,0.48847437909032093,0.07864325659793592,0.022650147840771937,2.2,0.39999999999999997,0.07997541486357454,0.011295574060121015,0.0009029394194597085,0.0007637350735576911,1.475
160682,141715,0.1,-10,/gpfs/bbp.cscs.ch/project/proj32/glusynapse_20190926_release/testing/sjostrom_2001/simulations/L5TTPC_L5TTPC_lowfreq/160682-141715/0Hz_-10ms/simulation.batch,1.0646141781188934,1.0349883095288346,0.9721722017243788,0.16467461186211937,0.16183289526571037,7.0,0.0,0.48156227033522037,0.2864142894929604,709.8313381427168,136.66995295790832,28.949768768650983,46.86609665572334,1.7330948178892949,1.7301123681843438,0.12253201976212393,0.09760327225735736,2.7142857142857144,1.577908716741037,0.11754614806552151,0.08941192021674112,0.00040921584117104964,0.00033328492952955146,1.85
157138,146825,0.1,-10,/gpfs/bbp.cscs.ch/project/proj32/glusynapse_20190926_release/testing/sjostrom_2001/simulations/L5TTPC_L5TTPC_lowfreq/157138-146825/0Hz_-10ms/simulation.batch,1.5548573616017607,0.9052957912248518,0.5822371965311642,0.23044428629949779,0.22167175605979292,7.0,0.2857142857142857,0.5672230994040487,0.2251310416878431,730.5320639353265,106.67151412495635,1.8549493012175025,3.3958846579692783,1.556467651636693,0.7356488516480767,0.12520372107680652,0.06891202298764675,2.5714285714285716,0.9035079029052513,0.06330540822351434,0.01948829265900131,0.02879950200571718,0.03992652053690181,1.725
136964,148712,0.1,-10,/gpfs/bbp.cscs.ch/project/proj32/glusynapse_20190926_release/testing/sjostrom_2001/simulations/L5TTPC_L5TTPC_lowfreq/136964-148712/0Hz_-10ms/simulation.batch,2.1892989509396323,2.2282744652652324,1.0178027374054475,0.3854449184708972,0.3603453980376471,7.0,0.42857142857142855,0.48304771187312984,0.21795406453107283,720.7470491339293,126.05086426886159,27.434020413487367,43.89925228991884,1.3513957821830012,0.6146570947257207,0.11194005026351786,0.06831154408098464,2.4285714285714284,1.049781318335648,0.0985065587009616,0.04598833435018506,0.03878583947884145,0.04792770882751149,2.275
157810,145328,0.1,-10,/gpfs/bbp.cscs.ch/project/proj32/glusynapse_20190926_release/testing/sjostrom_2001/simulations/L5TTPC_L5TTPC_lowfreq/157810-145328/0Hz_-10ms/simulation.batch,1.610381534656908,0.7587731321027268,0.4711760013221858,0.3005649696169661,0.20517994668598374,4.0,0.0,0.692470265094006,0.09117011941500669,675.9643859302213,71.6687485433858,11.325543577015328,16.046996213009084,1.583758523443278,0.19323539760615294,0.15144720617145868,0.04038601604378217,3.25,0.82915619758885,0.06037469670232236,0.015010669123246653,0.0005213030377663294,0.0005166376909399592,1.8
137530,149975,0.1,-10,/gpfs/bbp.cscs.ch/project/proj32/glusynapse_20190926_release/testing/sjostrom_2001/simulations/L5TTPC_L5TTPC_lowfreq/137530-149975/0Hz_-10ms/simulation.batch,1.1288696375074954,0.7653110085609744,0.6779445412764882,0.1373783653325732,0.1030154048702946,5.0,0.0,0.7268846632387334,0.18602793516208072,730.1143149350039,103.84250410248369,27.777172369877842,51.325843232972936,2.0953866567238904,0.9668649939989611,0.13329687402993654,0.04425272238136542,3.2,1.16619037896906,0.10629129165217543,0.0359226039647499,0.001044172092087794,0.0007084069977748731,1.975
145233,144584,0.1,-10,/gpfs/bbp.cscs.ch/project/proj32/glusynapse_20190926_release/testing/sjostrom_2001/simulations/L5TTPC_L5TTPC_lowfreq/145233-144584/0Hz_-10ms/simulation.batch,1.0262868353857038,1.089809798548145,1.061895915422678,0.1628604341945006,0.17137474088473678,10.0,0.2,0.4090006470403411,0.15338344518511096,652.2777341333763,146.7882147098096,39.016936937990764,36.764473485728935,1.1108250593371727,0.5655449943584802,0.09830959980487315,0.053824963229553505,2.5,1.2041594578792296,0.06729286043454585,0.02106164397891465,0.027048357652471017,0.052848569576052606,2.0
141976,146963,0.1,-10,/gpfs/bbp.cscs.ch/project/proj32/glusynapse_20190926_release/testing/sjostrom_2001/simulations/L5TTPC_L5TTPC_lowfreq/141976-146963/0Hz_-10ms/simulation.batch,1.1521548985624288,1.1384226364318735,0.9880812361708574,0.25649077493899003,0.2678330960851752,5.0,0.0,0.5289119208676697,0.16270322536240664,615.2872696711813,191.91644046932495,1.6286590032741473,1.5374630516556078,1.1447493591830007,0.40367964484868707,0.09149245834931244,0.0297555950306228,2.6,0.4898979485566356,0.06326981224843874,0.015987365452491124,0.0010394963343963919,0.00047470701868457363,1.725
160093,159416,0.1,-10,/gpfs/bbp.cscs.ch/project/proj32/glusynapse_20190926_release/testing/sjostrom_2001/simulations/L5TTPC_L5TTPC_lowfreq/160093-159416/0Hz_-10ms/simulation.batch,0.7692584559938498,0.7827608546773187,1.017552486525513,0.12922259028716884,0.10482443417392855,6.0,0.6666666666666666,0.340519274098825,0.2874251745860375,638.5190306235376,157.3065238184901,9.05067403555285,18.284941594017727,0.8410760841515872,0.8812631528300121,0.07292262914438202,0.052136450856010506,1.8333333333333333,1.21335164821342,0.049291204094613635,0.017469690341451148,0.03449240396350054,0.025436745541676124,0.7000000000000001
143097,140969,0.1,-10,/gpfs/bbp.cscs.ch/project/proj32/glusynapse_20190926_release/testing/sjostrom_2001/simulations/L5TTPC_L5TTPC_lowfreq/143097-140969/0Hz_-10ms/simulation.batch,0.9112115471511759,0.7274643407287724,0.7983484658454195,0.43349123337707973,0.3702064917220024,5.0,0.2,0.35904574566379394,0.029612952697624085,550.7572078690955,70.97768676984563,25.80779366568599,47.57004975288383,0.9728029870487058,0.45922537610905145,0.10007133955055443,0.05282869377487199,1.8,0.4000000000000001,0.05265316495052006,0.022541038477593218,0.02760124782178011,0.04491063286788797,1.375
154250,139481,0.1,-10,/gpfs/bbp.cscs.ch/project/proj32/glusynapse_20190926_release/testing/sjostrom_2001/simulations/L5TTPC_L5TTPC_lowfreq/154250-139481/0Hz_-10ms/simulation.batch,1.5833275812742864,1.5675234690946287,0.9900184192036001,0.350079585656058,0.35258869426162504,6.0,0.0,0.6227364067973425,0.15688396049853912,699.0764261868973,67.92649178883994,4.868681655881374,4.112605159780345,1.5330069828487947,0.5120762858548927,0.10272181706001704,0.0514135441079749,2.8333333333333335,1.4624940645653537,0.2684829102049538,0.16094905030639498,0.0023425878191157576,0.004999234029352475,2.825
160371,150096,0.1,-10,/gpfs/bbp.cscs.ch/project/proj32/glusynapse_20190926_release/testing/sjostrom_2001/simulations/L5TTPC_L5TTPC_lowfreq/160371-150096/0Hz_-10ms/simulation.batch,3.317270864948554,3.007814689884471,0.9067136246443107,0.7161008054098194,0.7781244128526826,8.0,0.875,0.6700172419810446,0.2610249575480417,718.6785899109971,120.57977103319861,8.821488825581543,11.378026996235315,1.9280821055650648,1.1880568782024703,0.18932241568114574,0.14788906164056273,3.75,1.713913650100261,0.15588897636047927,0.07751958098080862,0.0831369117847304,0.04787047742197833,3.9000000000000004
155668,136959,0.1,-10,/gpfs/bbp.cscs.ch/project/proj32/glusynapse_20190926_release/testing/sjostrom_2001/simulations/L5TTPC_L5TTPC_lowfreq/155668-136959/0Hz_-10ms/simulation.batch,1.1273824472913612,1.0280494700715115,0.9118906122243554,0.14642115390834012,0.1886995619413334,6.0,0.5,0.6462137311757096,0.14289943649482975,680.9664545427228,129.73307806060828,8.760375415313035,19.390487707476964,1.8988114523154003,0.6538498300809755,0.140133429403033,0.07587450600901334,3.1666666666666665,0.8975274678557507,0.07921930997584187,0.014407800752764741,0.04811660342590226,0.033857200531427455,1.85
157944,156787,0.1,-10,/gpfs/bbp.cscs.ch/project/proj32/glusynapse_20190926_release/testing/sjostrom_2001/simulations/L5TTPC_L5TTPC_lowfreq/157944-156787/0Hz_-10ms/simulation.batch,1.9554447904606163,1.5937833236444732,0.8150490013420673,0.18170402364007304,0.23039527986168323,8.0,0.0,0.5462377165039207,0.23280992115234375,632.5516711786632,100.48207889013791,2.626192935359674,4.3032591430043725,1.819017795413372,0.9466678655982429,0.16220561109731083,0.0855336191282073,3.875,1.6909686573085854,0.06918288559374719,0.028429442607445666,0.0009277181380003752,0.0016942996655777765,1.725
139692,138555,0.1,-10,/gpfs/bbp.cscs.ch/project/proj32/glusynapse_20190926_release/testing/sjostrom_2001/simulations/L5TTPC_L5TTPC_lowfreq/139692-138555/0Hz_-10ms/simulation.batch,0.8242623171299104,0.44850839474867216,0.5441330816995041,0.14023385882695807,0.11831966251193794,5.0,0.2,0.5084602693077007,0.21605068355796986,702.8880134613431,122.95471594371196,0.8730027674354653,1.6110829825220536,1.378884573161598,0.9192455534917847,0.1281319266289005,0.08420534298107822,2.8,1.16619037896906,0.07206010720323311,0.029229982808525023,0.018897250088888422,0.0327610434035562,2.5
137888,138689,0.1,-10,/gpfs/bbp.cscs.ch/project/proj32/glusynapse_20190926_release/testing/sjostrom_2001/simulations/L5TTPC_L5TTPC_lowfreq/137888-138689/0Hz_-10ms/simulation.batch,1.8607174841622736,1.8230820042243734,0.9797736731888429,0.2218438973175916,0.20611481964961237,11.0,0.36363636363636365,0.555882778068757,0.2376070694883025,629.2073658152175,122.80447538832765,14.079465057151424,14.808097625158522,1.2886080255749235,0.7498818916315577,0.11511467744731035,0.06520254632171235,2.5454545454545454,1.0756508696544758,0.059409478251250654,0.015550190940656877,0.023543453802957946,0.020245011582813693,0.8500000000000001
158249,149658,0.1,-10,/gpfs/bbp.cscs.ch/project/proj32/glusynapse_20190926_release/testing/sjostrom_2001/simulations/L5TTPC_L5TTPC_lowfreq/158249-149658/0Hz_-10ms/simulation.batch,8.035994986280306,7.993381632760985,0.9946971901311444,0.5137543839323374,0.5805327965541138,11.0,0.0,0.6395129643126163,0.2644765606747742,658.327069087293,115.35841771908365,30.418397845722208,58.8901375559117,2.10916661860617,1.2941607599902296,0.16526749872017313,0.09765199772964203,3.5454545454545454,1.6160353486028345,0.09805584960135817,0.04605439954215568,0.001976952659006052,0.003122005310419432,2.9000000000000004
150855,159683,0.1,-10,/gpfs/bbp.cscs.ch/project/proj32/glusynapse_20190926_release/testing/sjostrom_2001/simulations/L5TTPC_L5TTPC_lowfreq/150855-159683/0Hz_-10ms/simulation.batch,1.2667166239931293,0.5711751256454581,0.4509099468868707,0.24410983127881689,0.22334014777048386,5.0,0.0,0.48766344712142284,0.16437675737220403,701.4595759372843,129.5251556019669,26.610599103177584,38.26660547051766,0.9885115037006944,0.5441768608486145,0.1030313305295123,0.07714925487150068,2.2,0.9797958971132712,0.06251294146964946,0.030712957888166532,0.004524544373735611,0.008558244085046412,1.8250000000000002
143361,138293,0.1,-10,/gpfs/bbp.cscs.ch/project/proj32/glusynapse_20190926_release/testing/sjostrom_2001/simulations/L5TTPC_L5TTPC_lowfreq/143361-138293/0Hz_-10ms/simulation.batch,1.054041339788936,1.5876335101408037,1.5062345756369626,0.19023707999041506,0.19880814521091672,9.0,0.2222222222222222,0.46333375642895963,0.19062845222176172,671.1461746395842,93.587791858257,13.387813606467782,20.453242116402684,1.3062358828475575,0.9243510533060301,0.07942712120966595,0.034712162314218455,2.111111111111111,0.5665577237325317,0.07550434092574038,0.025408077226985647,0.014810602221073353,0.02822259988242203,1.625
148044,136976,0.1,-10,/gpfs/bbp.cscs.ch/project/proj32/glusynapse_20190926_release/testing/sjostrom_2001/simulations/L5TTPC_L5TTPC_lowfreq/148044-136976/0Hz_-10ms/simulation.batch,1.8299901116952784,1.2850926503219615,0.7022402154574862,0.17576324948914163,0.17470398475356913,5.0,0.0,0.7958809045627941,0.17716587257187982,546.1341468635352,78.27895097651127,17.871488852145212,12.011630264154316,2.521972889645093,0.7562124868499446,0.2597569111798017,0.1085233127429577,4.8,1.6,0.07755006552732807,0.04156020415872504,0.001968935191654018,0.0024372863550927754,1.75
149205,150267,0.1,-10,/gpfs/bbp.cscs.ch/project/proj32/glusynapse_20190926_release/testing/sjostrom_2001/simulations/L5TTPC_L5TTPC_lowfreq/149205-150267/0Hz_-10ms/simulation.batch,3.82286613443541,3.842287861082188,1.0050804098191752,0.30187509419550546,0.3553045395573638,12.0,0.4166666666666667,0.5937060990978715,0.2664735009744279,726.2529247935155,116.03747937096409,16.991622735733532,24.04464858056576,1.671236511515981,1.0449295006378714,0.11779915447036467,0.06764264522916942,2.75,1.2332207155790618,0.07295540607921015,0.02670950469585905,0.02380914273630795,0.00819120739312856,0.875
148745,136885,0.1,-10,/gpfs/bbp.cscs.ch/project/proj32/glusynapse_20190926_release/testing/sjostrom_2001/simulations/L5TTPC_L5TTPC_lowfreq/148745-136885/0Hz_-10ms/simulation.batch,1.4613783447396362,1.4175440732112474,0.9700048439295859,0.20336005422241768,0.2062431675192462,4.0,0.25,0.5343824551402059,0.2076328990664954,635.5294208917052,109.0353841133615,1.0532860888271631,1.089224782688441,1.6326203448985597,1.103147666015066,0.15937704585983375,0.10212361867799524,3.25,1.0897247358851685,0.053975393846952276,0.0037057492049777435,0.040512325449288546,0.06512349570991346,1.475
157373,149413,0.1,-10,/gpfs/bbp.cscs.ch/project/proj32/glusynapse_20190926_release/testing/sjostrom_2001/simulations/L5TTPC_L5TTPC_lowfreq/157373-149413/0Hz_-10ms/simulation.batch,1.3243711578210615,1.0690029395513567,0.8071777562040443,0.14365504563419582,0.13951875707179492,5.0,0.0,0.678561588129352,0.23938475154660238,638.0776001244294,72.52688237794635,26.341558926045803,43.17218864122058,1.9271366063352235,0.7295855446543312,0.16123624197398295,0.07732712891389465,3.4,1.3564659966250536,0.0779921105526994,0.02185538689898717,0.0003678476006795616,0.00011831183331445409,2.025
141635,151488,0.1,-10,/gpfs/bbp.cscs.ch/project/proj32/glusynapse_20190926_release/testing/sjostrom_2001/simulations/L5TTPC_L5TTPC_lowfreq/141635-151488/0Hz_-10ms/simulation.batch,0.624621750056449,0.42024266100735636,0.6727954333472661,0.34231777651744766,0.26741024176912886,5.0,0.0,0.28866886422891047,0.10416757854405037,717.2559747485353,39.80684719357163,48.05097917223457,56.722591857350764,0.6640523612459968,0.14864102278930422,0.05144328297467745,0.011759688444147303,1.2,0.4,0.07673146182549533,0.043480231196583286,0.001910672743822036,0.0022507539031236595,1.5
145068,137401,0.1,-10,/gpfs/bbp.cscs.ch/project/proj32/glusynapse_20190926_release/testing/sjostrom_2001/simulations/L5TTPC_L5TTPC_lowfreq/145068-137401/0Hz_-10ms/simulation.batch,3.2602969849184933,1.9751448781521483,0.6058174722391207,0.37737415345503456,0.3400314163958007,12.0,0.25,0.5334532896844469,0.20111511362456683,695.9482113916793,114.89469496090607,21.5794907386977,53.78786531562321,1.558274710591984,0.8157276521369198,0.13343892849855185,0.08359119006969369,3.0833333333333335,1.3819269959814167,0.07243232008891633,0.029591757519737326,0.02636137990877992,0.04169978321840829,1.475
148472,142210,0.1,-10,/gpfs/bbp.cscs.ch/project/proj32/glusynapse_20190926_release/testing/sjostrom_2001/simulations/L5TTPC_L5TTPC_lowfreq/148472-142210/0Hz_-10ms/simulation.batch,1.477174591388425,1.4749648887081175,0.9985041018893842,0.3151381044180648,0.2687320351383697,5.0,0.0,0.6293403093393563,0.14186429528018485,768.9058552441027,187.73753022775506,14.105499744683552,17.16344555845976,1.5567594866574257,0.46212817471971784,0.10576411863270044,0.02237478010513004,2.6,0.4898979485566356,0.09340079152198486,0.03166580162963898,0.0034340992400268685,0.00530367519013385,1.7000000000000002
145018,139767,0.1,-10,/gpfs/bbp.cscs.ch/project/proj32/glusynapse_20190926_release/testing/sjostrom_2001/simulations/L5TTPC_L5TTPC_lowfreq/145018-139767/0Hz_-10ms/simulation.batch,0.313810543391777,0.2923863861076749,0.9317290074050983,0.13282521237750894,0.1227398192616557,5.0,0.2,0.2908336798479557,0.10746706089712382,678.4639954010447,92.34478569190958,40.46642910662731,46.75134731223255,0.6972970619877403,0.3382648582725707,0.0690491743317356,0.02056710396108008,1.8,0.7483314773547883,0.05277915214568787,0.02183608987853673,0.023763747396914357,0.03113707867114788,1.4500000000000002
158610,145538,0.1,-10,/gpfs/bbp.cscs.ch/project/proj32/glusynapse_20190926_release/testing/sjostrom_2001/simulations/L5TTPC_L5TTPC_lowfreq/158610-145538/0Hz_-10ms/simulation.batch,1.4670424557495976,2.1612761375700718,1.4732198983742086,0.13115028143209506,0.1532359112415639,7.0,0.0,0.5344984323097192,0.27383628508097974,743.714279083707,147.523596402929,8.322039740808426,10.562506301039223,1.6065020873836138,0.9656695299910706,0.1520947877181333,0.09478729376586378,3.0,1.6035674514745464,0.05308241641514993,0.017225262908021437,0.0032311639150510393,0.0013854012118810013,1.55
136673,154883,0.1,-10,/gpfs/bbp.cscs.ch/project/proj32/glusynapse_20190926_release/testing/sjostrom_2001/simulations/L5TTPC_L5TTPC_lowfreq/136673-154883/0Hz_-10ms/simulation.batch,2.3027208953644824,2.4135446814926165,1.0481273203153838,0.31101412516679655,0.40286544486097126,6.0,0.16666666666666666,0.521698549982924,0.2593555093638554,676.1052424888808,94.35975828714899,4.644835606296263,6.233145179538122,1.4705123069000372,0.7166901047948938,0.10008090626518751,0.021130833504788844,2.6666666666666665,0.9428090415820634,0.11694678500642947,0.07035665781377962,0.021755459962034793,0.04829668310552259,2.575
140509,141161,0.1,-10,/gpfs/bbp.cscs.ch/project/proj32/glusynapse_20190926_release/testing/sjostrom_2001/simulations/L5TTPC_L5TTPC_lowfreq/140509-141161/0Hz_-10ms/simulation.batch,1.685322465654987,1.3728631562577849,0.8145996889231716,0.24887384555239886,0.2636042642668344,8.0,0.25,0.49823355659846946,0.2477580666369351,698.9468214130525,90.6770118256302,3.11060300274051,4.648079143772576,1.195804372552239,0.5391211411505507,0.11643238394075875,0.06570832768876722,2.75,1.1989578808281798,0.057464001166061485,0.018867117989753608,0.02471535740432287,0.030698742653559208,1.55
144849,137835,0.1,-10,/gpfs/bbp.cscs.ch/project/proj32/glusynapse_20190926_release/testing/sjostrom_2001/simulations/L5TTPC_L5TTPC_lowfreq/144849-137835/0Hz_-10ms/simulation.batch,1.8410743274257657,1.907199429742499,1.035916584861183,0.18682175795788594,0.18233061575450765,8.0,0.125,0.64261145127488,0.15393566362948705,584.8169488637864,99.92926344764021,43.345223819797184,53.799875566634014,1.8726341801539326,1.1206196571918725,0.10697722320610237,0.05328098792596603,3.375,1.2183492931011204,0.0907355063214231,0.03957520930016986,0.012182629248439847,0.019888676277817558,1.5250000000000001
141263,156716,0.1,-10,/gpfs/bbp.cscs.ch/project/proj32/glusynapse_20190926_release/testing/sjostrom_2001/simulations/L5TTPC_L5TTPC_lowfreq/141263-156716/0Hz_-10ms/simulation.batch,0.7884002100478118,0.7945906968375894,1.0078519598433417,0.21155966564389422,0.20315999457683975,5.0,0.0,0.5048525912063976,0.1669114933579038,596.0258640496761,71.14792636815933,28.891371437336936,27.153183446680845,1.3292759294199639,0.48480181317555504,0.12074636122428847,0.034013802930175925,2.2,0.7483314773547882,0.05723982426301625,0.008401470672245956,0.004849378767246001,0.004694572265135244,1.7000000000000002
157402,136683,0.1,-10,/gpfs/bbp.cscs.ch/project/proj32/glusynapse_20190926_release/testing/sjostrom_2001/simulations/L5TTPC_L5TTPC_lowfreq/157402-136683/0Hz_-10ms/simulation.batch,1.2137369444607355,1.045673179121688,0.8615319685982546,0.16341218910969618,0.12092731634650904,6.0,0.16666666666666666,0.5109378901333568,0.2958684439561773,713.032811358868,139.61782505695138,4.837065805354082,8.080851978256124,1.5445072397863298,1.2289447198799779,0.11858354449275886,0.08657947929762391,2.5,1.5,0.09193144651841917,0.04396310490405128,0.006588587161322699,0.01266531201377567,1.925
146792,157537,0.1,-10,/gpfs/bbp.cscs.ch/project/proj32/glusynapse_20190926_release/testing/sjostrom_2001/simulations/L5TTPC_L5TTPC_lowfreq/146792-157537/0Hz_-10ms/simulation.batch,2.174103464698003,0.9818732857977852,0.45162215218408375,0.19481340382695653,0.16294415806668403,9.0,0.0,0.5797431868579007,0.24505314407207254,714.5380157669302,120.52364045244023,10.141667139907744,11.808422165804961,1.758380202951055,1.1037554342352998,0.15210393195794056,0.1032946284314861,3.0,1.4907119849998598,0.07858173613747199,0.027830653734012247,0.0042192521130398316,0.006514214168136958,1.625
151026,143498,0.1,-10,/gpfs/bbp.cscs.ch/project/proj32/glusynapse_20190926_release/testing/sjostrom_2001/simulations/L5TTPC_L5TTPC_lowfreq/151026-143498/0Hz_-10ms/simulation.batch,0.9506279196562419,0.9242936311957943,0.9722980064903097,0.19210708115949698,0.1678674098506337,7.0,0.42857142857142855,0.54551597174622,0.2095272557065348,632.2007880051646,115.50279319277331,9.869115002691178,10.65830995996504,1.3722949285615071,0.3864284163966401,0.10568232650564151,0.03203087694706416,2.2857142857142856,0.45175395145262565,0.07829886061553275,0.020349063200667393,0.03194421547154554,0.04868535078213979,1.75
149299,147997,0.1,-10,/gpfs/bbp.cscs.ch/project/proj32/glusynapse_20190926_release/testing/sjostrom_2001/simulations/L5TTPC_L5TTPC_lowfreq/149299-147997/0Hz_-10ms/simulation.batch,0.7816074101291199,0.9887535671856396,1.2650258356971047,0.21124593390770396,0.23330256322926135,7.0,0.42857142857142855,0.4878200612314518,0.2109932168961113,653.5986704510015,54.53464422150192,27.88728460178661,63.03008198976566,1.557347816765113,0.7869334265361065,0.10326366790024506,0.04401597201799869,2.4285714285714284,1.178030178747903,0.16138380097934862,0.10457977572212054,0.04535945276573483,0.052543337482369945,4.875
155565,156008,0.1,-10,/gpfs/bbp.cscs.ch/project/proj32/glusynapse_20190926_release/testing/sjostrom_2001/simulations/L5TTPC_L5TTPC_lowfreq/155565-156008/0Hz_-10ms/simulation.batch,4.364657525755195,3.5367315241175192,0.8103113481980642,0.7308654584523707,0.8336070044994329,12.0,0.3333333333333333,0.5300462423831277,0.2584812011453555,665.9064677992018,113.52615258200117,5.078064041733119,6.042333674332836,1.6083592764782113,1.2078328002544563,0.15510590237181965,0.11032144197238007,2.9166666666666665,1.3202482931462383,0.1434321012214647,0.12314825658065409,0.040732371878472784,0.061307934182006085,2.375
158678,146776,0.1,-10,/gpfs/bbp.cscs.ch/project/proj32/glusynapse_20190926_release/testing/sjostrom_2001/simulations/L5TTPC_L5TTPC_lowfreq/158678-146776/0Hz_-10ms/simulation.batch,2.2626192348332137,2.006919857908125,0.8869896565057985,0.2559524131845106,0.22376470010404742,14.0,0.35714285714285715,0.5195540399986138,0.1976313104195522,692.7812231041182,107.61268033931417,12.030987657822422,16.904558296392032,1.480458434196897,0.898318378039774,0.11669261798193988,0.06546819378094221,2.7857142857142856,1.3720980508784675,0.06973328838595023,0.023829624696297146,0.03129518845563237,0.05095783342678691,1.85
138331,155302,0.1,-10,/gpfs/bbp.cscs.ch/project/proj32/glusynapse_20190926_release/testing/sjostrom_2001/simulations/L5TTPC_L5TTPC_lowfreq/138331-155302/0Hz_-10ms/simulation.batch,2.4834386651899036,2.3182276756325195,0.9334749064379447,0.43969352926498667,0.48195673375973713,4.0,0.0,0.5618475540730394,0.1343085758649053,612.3423728978673,57.28347955224102,6.162359411713834,8.161367794747216,1.7245374422702389,0.8408132207564358,0.1238097757448599,0.05288630299782906,3.25,0.82915619758885,0.08434600700165133,0.020860643925215,0.0022411100864652748,0.0020269916995410667,1.3
146993,158333,0.1,-10,/gpfs/bbp.cscs.ch/project/proj32/glusynapse_20190926_release/testing/sjostrom_2001/simulations/L5TTPC_L5TTPC_lowfreq/146993-158333/0Hz_-10ms/simulation.batch,3.33778084569803,2.56996200583233,0.7699612780583485,0.43561284149996277,0.4603311708570599,5.0,0.0,0.6961932971460808,0.14174897218253765,637.2214664535079,158.95421607366194,8.439621316591577,16.363470982393977,1.8374405040011936,0.4511891126660159,0.13523690590733908,0.03599439788307364,3.2,0.7483314773547882,0.07529198436745294,0.01968695952843805,0.00638636315866307,0.0027046267992020872,1.25
137518,147590,0.1,-10,/gpfs/bbp.cscs.ch/project/proj32/glusynapse_20190926_release/testing/sjostrom_2001/simulations/L5TTPC_L5TTPC_lowfreq/137518-147590/0Hz_-10ms/simulation.batch,1.8867556027049048,1.9279948783042622,1.0218572429519943,0.17640891737991996,0.1428884365294603,10.0,0.1,0.527170322006782,0.3085279632314966,646.305121413728,118.66973265315083,6.8792509856852195,10.510334619280496,1.475021123259436,1.1178234086878225,0.12301077813954826,0.11003275978094951,2.9,1.5132745950421556,0.08987289501015919,0.026105992258654124,0.00572504987473889,0.015356540448885642,2.225
141649,146598,0.1,-10,/gpfs/bbp.cscs.ch/project/proj32/glusynapse_20190926_release/testing/sjostrom_2001/simulations/L5TTPC_L5TTPC_lowfreq/141649-146598/0Hz_-10ms/simulation.batch,0.9219480302955176,0.9093663646172239,0.9863531725597798,0.18486315327708236,0.15636347385843333,5.0,0.6,0.5537300418638991,0.23984870503970487,676.5836392503052,87.32775661507233,25.55996739865853,28.06518958917802,1.3421381243249022,0.5896189905193325,0.09501526911136242,0.04189157023844992,2.6,1.019803902718557,0.08448713478367989,0.022196805279687672,0.05416001107845146,0.051129172903631635,1.125
142620,141940,0.1,-10,/gpfs/bbp.cscs.ch/project/proj32/glusynapse_20190926_release/testing/sjostrom_2001/simulations/L5TTPC_L5TTPC_lowfreq/142620-141940/0Hz_-10ms/simulation.batch,0.9769217603257002,0.9226230268944976,0.9444185444153688,0.24657671686716556,0.25920969573822167,12.0,0.4166666666666667,0.3654942522405035,0.16227819599974355,646.1495514422038,119.22304823717569,4.572505151842452,5.740107787563731,1.016550964748148,0.7411491811372631,0.08640150308319512,0.05501079990830071,1.9166666666666667,1.0374916331657276,0.06425251119001356,0.02566466555232279,0.04771323191829377,0.056378094502710384,2.025
150061,138695,0.1,-10,/gpfs/bbp.cscs.ch/project/proj32/glusynapse_20190926_release/testing/sjostrom_2001/simulations/L5TTPC_L5TTPC_lowfreq/150061-138695/0Hz_-10ms/simulation.batch,1.229787404575689,1.0794649341712583,0.8777654821921875,0.21958201511509667,0.1760880476699801,8.0,0.125,0.5470414308945206,0.16825348267345996,703.9608369116121,151.46444107499033,12.620054348285045,15.642094118236228,1.3355482860979184,0.5911189911711267,0.12795482997570506,0.04563855857917403,3.125,0.9270248108869579,0.05611531482803128,0.01872053601130145,0.022347392017718907,0.023784920951287175,1.475
152967,160022,0.1,-10,/gpfs/bbp.cscs.ch/project/proj32/glusynapse_20190926_release/testing/sjostrom_2001/simulations/L5TTPC_L5TTPC_lowfreq/152967-160022/0Hz_-10ms/simulation.batch,3.528929653678867,1.5826463173697793,0.4484777178031559,0.28439523739990585,0.22274598519592467,9.0,0.0,0.6121676982863204,0.30550139660316494,690.4503964814652,90.30204366274377,7.6111998224387305,15.389723403704659,1.8353922650558445,1.209244674069129,0.16598683345201465,0.10686376965831378,3.2222222222222223,1.4740554623801776,0.056425994498635695,0.012636519044418232,0.00621527142361419,0.004928408994420622,0.8500000000000001
152723,141000,0.1,-10,/gpfs/bbp.cscs.ch/project/proj32/glusynapse_20190926_release/testing/sjostrom_2001/simulations/L5TTPC_L5TTPC_lowfreq/152723-141000/0Hz_-10ms/simulation.batch,3.0806139243881008,3.0653743661329815,0.9950530775263745,0.2826122025196279,0.31185032817245206,7.0,0.14285714285714285,0.5499885457400321,0.3207092815855371,706.4678096963315,76.64087666725092,16.680365383550317,34.02656828884849,1.5402965984240449,0.9944030771496581,0.1336863920832796,0.08057225042729499,3.142857142857143,1.1248582677159729,0.05785715784638595,0.014927208062079967,0.018080282455486287,0.029145250003142796,1.475
152792,146757,0.1,-10,/gpfs/bbp.cscs.ch/project/proj32/glusynapse_20190926_release/testing/sjostrom_2001/simulations/L5TTPC_L5TTPC_lowfreq/152792-146757/0Hz_-10ms/simulation.batch,2.8162910635711635,2.8192679086922454,1.0010570090427042,0.23819401197872134,0.20702422227291917,8.0,0.0,0.5451645305874567,0.28824676770363283,635.6193259556837,128.93490866707137,4.925792405423053,8.41059840835882,1.5832261605169555,1.0540657482866358,0.1509626152188806,0.10487997465405752,3.25,1.920286436967152,0.08035856884516354,0.03806002373624693,0.00045140470595085217,0.00012906277353168032,1.875
150972,148373,0.1,-10,/gpfs/bbp.cscs.ch/project/proj32/glusynapse_20190926_release/testing/sjostrom_2001/simulations/L5TTPC_L5TTPC_lowfreq/150972-148373/0Hz_-10ms/simulation.batch,2.93782985476534,2.8231146697788785,0.9609524068249268,0.49854995583103123,0.47007627514901773,7.0,0.14285714285714285,0.5632434498929105,0.1918668033273222,731.6350592010606,70.68279561097638,0.9759664639346376,0.9563703784416558,1.6948028663002195,1.055318675836663,0.13197368391556263,0.0686602084730418,3.142857142857143,1.6413036132965795,0.1096289767414947,0.06343478021904723,0.011650548544898135,0.02177255443520626,1.675
140929,151609,0.1,-10,/gpfs/bbp.cscs.ch/project/proj32/glusynapse_20190926_release/testing/sjostrom_2001/simulations/L5TTPC_L5TTPC_lowfreq/140929-151609/0Hz_-10ms/simulation.batch,2.891493809872765,2.5141594762293655,0.8695019396704144,0.28955784140753354,0.2953629418808536,8.0,0.375,0.6840295378971456,0.15394301902332108,806.7068140583241,102.7541998285556,14.398119324435676,10.825975816726778,1.9163355633907768,0.9530957923744742,0.18808550772557822,0.09038114027426573,3.625,1.4947825928876748,0.05823824335262423,0.01473931824315106,0.0189720081177328,0.028057764078807657,1.625
145819,156139,0.1,-10,/gpfs/bbp.cscs.ch/project/proj32/glusynapse_20190926_release/testing/sjostrom_2001/simulations/L5TTPC_L5TTPC_lowfreq/145819-156139/0Hz_-10ms/simulation.batch,0.9623410429733771,0.42366940312070844,0.44024871038616725,0.10512430448742646,0.09441510855642679,4.0,0.0,0.500746862564318,0.3263807223178136,739.6026576677052,97.02241224998285,54.753221692578414,63.56017154427222,1.4434305350132062,1.2372178622620664,0.11153430797579325,0.09840498227795431,2.75,2.0463381929681126,0.07023113196872013,0.02022608385601941,0.0006847400444829246,0.0007358423424042225,1.875
150453,150584,0.1,-10,/gpfs/bbp.cscs.ch/project/proj32/glusynapse_20190926_release/testing/sjostrom_2001/simulations/L5TTPC_L5TTPC_lowfreq/150453-150584/0Hz_-10ms/simulation.batch,2.190909496580887,1.4557958351614368,0.6644710050476016,0.37092730239025906,0.3898337420869548,10.0,0.2,0.43818579999651597,0.22102479692949725,612.8786657721697,71.59443276074865,18.207806023432987,20.87541571990179,1.4388984813961976,0.6966513071840376,0.12279784603418598,0.05504458555131863,2.6,1.2806248474865698,0.06888219096783754,0.0199612927222467,0.02032936486797854,0.031176228874868428,1.925
153308,145845,0.1,-10,/gpfs/bbp.cscs.ch/project/proj32/glusynapse_20190926_release/testing/sjostrom_2001/simulations/L5TTPC_L5TTPC_lowfreq/153308-145845/0Hz_-10ms/simulation.batch,1.0316763758649354,1.0700003172484125,1.0371472510954292,0.21085935940412479,0.20222738265363546,4.0,0.0,0.6421834768511243,0.09998322817767412,634.7882868317901,70.1831547325847,8.137594582019172,8.08173343116198,2.0670861227856414,0.29547774043993125,0.16871075644623187,0.007701261946495959,3.5,0.8660254037844386,0.05913912002558759,0.00553243582239243,0.0007013774861937346,0.00017335846188220295,1.6
143423,136140,0.1,-10,/gpfs/bbp.cscs.ch/project/proj32/glusynapse_20190926_release/testing/sjostrom_2001/simulations/L5TTPC_L5TTPC_lowfreq/143423-136140/0Hz_-10ms/simulation.batch,1.9964272511227508,1.4682064211104635,0.7354169405796147,0.2475777312148749,0.23884797013993622,15.0,0.2,0.5554534013752357,0.27094629003875803,680.5217829868824,108.81961957048738,19.640566889240187,51.504760774429556,1.6314719462518825,1.0688890524491286,0.13139640697117003,0.08651056616858713,2.8,1.2220201853215573,0.10258879732424729,0.05842277800822289,0.01124446936783417,0.02623725225640822,2.0
147275,142466,0.1,-10,/gpfs/bbp.cscs.ch/project/proj32/glusynapse_20190926_release/testing/sjostrom_2001/simulations/L5TTPC_L5TTPC_lowfreq/147275-142466/0Hz_-10ms/simulation.batch,2.3051046851376262,1.817670619408765,0.7885414624022774,0.20671428047189258,0.21178974362342143,7.0,0.14285714285714285,0.5849243669827979,0.29178194587453066,648.126664825864,129.74087484069625,5.374230945530367,5.76393944432473,1.8239212396031539,1.1270362386096522,0.14277480390363909,0.0880316491127651,3.2857142857142856,1.2777531299998799,0.0807969145254946,0.04164428773285455,0.016010287894590906,0.03850677297574127,2.5250000000000004
141564,153894,0.1,-10,/gpfs/bbp.cscs.ch/project/proj32/glusynapse_20190926_release/testing/sjostrom_2001/simulations/L5TTPC_L5TTPC_lowfreq/141564-153894/0Hz_-10ms/simulation.batch,3.614863887467348,3.5679505064939714,0.9870220892310705,0.3152976184071096,0.3295720505985071,10.0,0.0,0.6412009297501454,0.18153132073920242,564.8582036623332,108.9543119235157,7.170451557009473,10.82911744149505,1.5587145506705589,0.8618685463135667,0.15797082306933063,0.07375557070235568,3.3,1.2688577540449522,0.07074814604333643,0.022558406690535056,0.007747553734277277,0.008635490194948274,1.2750000000000001
136415,150486,0.1,-10,/gpfs/bbp.cscs.ch/project/proj32/glusynapse_20190926_release/testing/sjostrom_2001/simulations/L5TTPC_L5TTPC_lowfreq/136415-150486/0Hz_-10ms/simulation.batch,0.2853177292901937,0.305156300376567,1.0695315048795853,0.10636644448263656,0.10761772733220236,3.0,0.3333333333333333,0.4124097898818248,0.16795755432093532,721.1944773323453,153.5349805486138,8.35047996580033,6.032533312724951,0.9129918337769451,0.5047188144417614,0.08191824006468443,0.026244983001964803,2.3333333333333335,0.4714045207910317,0.05101554728121579,0.018802697543682887,0.03372945337473115,0.044276278097422704,1.8
156496,160461,0.1,-10,/gpfs/bbp.cscs.ch/project/proj32/glusynapse_20190926_release/testing/sjostrom_2001/simulations/L5TTPC_L5TTPC_lowfreq/156496-160461/0Hz_-10ms/simulation.batch,1.6047711075541224,1.4917930187495336,0.9295986273227576,0.1886087597032481,0.2582704711118421,5.0,0.0,0.5318232966592938,0.27720041667539014,664.0883382375049,99.36266418576062,6.235051749651343,8.471643712811836,1.6508227215176383,1.1685132813015957,0.1368005698296341,0.06974233827810696,3.2,1.469693845669907,0.0707741792187774,0.026054257920945196,0.00046086565031915077,0.000565774540275704,2.025
144562,155421,0.1,-10,/gpfs/bbp.cscs.ch/project/proj32/glusynapse_20190926_release/testing/sjostrom_2001/simulations/L5TTPC_L5TTPC_lowfreq/144562-155421/0Hz_-10ms/simulation.batch,0.4699727056328219,0.48504405078799306,1.032068554140559,0.0880279090995138,0.10629309199369032,4.0,0.75,0.6411877686901029,0.09205998340508095,648.4145162912282,53.85981934131562,19.299686871483736,24.932837121496263,1.517159059505441,0.3879040889182473,0.12445148989084014,0.07304363844890403,3.0,0.7071067811865476,0.09270790144821912,0.03724357489269732,0.08278360157806226,0.049205725973791595,2.975
155268,150185,0.1,-10,/gpfs/bbp.cscs.ch/project/proj32/glusynapse_20190926_release/testing/sjostrom_2001/simulations/L5TTPC_L5TTPC_lowfreq/155268-150185/0Hz_-10ms/simulation.batch,1.1677654482063118,1.1585388784419617,0.9920989529374052,0.24303477798721573,0.24482630179464845,5.0,0.2,0.49091538569561577,0.20412340227916992,776.1729820640724,132.10328534257866,17.971419792695855,12.350781429828544,1.079723230832602,0.5964191993217184,0.12454594458104187,0.08984414363143407,2.8,1.16619037896906,0.08004516244665029,0.06750754970609867,0.024827797132290465,0.04563707806039228,1.5250000000000001
145482,155384,0.1,-10,/gpfs/bbp.cscs.ch/project/proj32/glusynapse_20190926_release/testing/sjostrom_2001/simulations/L5TTPC_L5TTPC_lowfreq/145482-155384/0Hz_-10ms/simulation.batch,1.084532309974805,1.0733255042264815,0.9896666925961995,0.14637152096180087,0.15231147600625494,4.0,0.5,0.4887922752012871,0.29228229048073295,693.3528857088113,87.84450096762164,23.428322439210906,40.23283867868574,1.5570999406706887,1.1819969702792663,0.13553613531826872,0.068315180224814,2.75,1.0897247358851685,0.1015284623617464,0.05460117902250128,0.031463377506220476,0.031047884652225136,1.25
147206,145844,0.1,-10,/gpfs/bbp.cscs.ch/project/proj32/glusynapse_20190926_release/testing/sjostrom_2001/simulations/L5TTPC_L5TTPC_lowfreq/147206-145844/0Hz_-10ms/simulation.batch,2.9245414718540066,2.888487835999979,0.9876720380951988,0.41562197775459203,0.3870512066834101,7.0,0.2857142857142857,0.5157859258953942,0.18566675457616644,680.3665569789398,114.1490205435035,0.7918835343317125,1.083541757689574,1.8910676815359175,0.9980254328813037,0.18836035631647802,0.08327277577206658,3.7142857142857144,1.2777531299998799,0.07499499971946702,0.0389198691350639,0.013527099230109857,0.021145204450418596,1.6
160298,156349,0.1,-10,/gpfs/bbp.cscs.ch/project/proj32/glusynapse_20190926_release/testing/sjostrom_2001/simulations/L5TTPC_L5TTPC_lowfreq/160298-156349/0Hz_-10ms/simulation.batch,3.723486874890958,2.9109132345660074,0.7817707789425881,0.29995557089454067,0.1886982979232476,11.0,0.0,0.629844246607496,0.26126088879993603,655.1971707514667,97.46130619731906,8.688407090444064,11.750226831644769,1.8413466598760342,1.1936184577398887,0.14358243021084857,0.09975237461848852,3.1818181818181817,1.2662171161076472,0.5259388865001952,0.4750846691568556,0.00012889647923539056,9.189437068047045e-05,2.45
142860,146726,0.1,-10,/gpfs/bbp.cscs.ch/project/proj32/glusynapse_20190926_release/testing/sjostrom_2001/simulations/L5TTPC_L5TTPC_lowfreq/142860-146726/0Hz_-10ms/simulation.batch,1.0512336312629829,1.0396408848381293,0.9889722454836936,0.17666283877979447,0.1777723821442977,6.0,0.0,0.492117547500531,0.2744752215045128,694.2360200985883,64.04595264724752,28.207732003887042,18.6528144693928,1.3631593799462116,0.8019421768438231,0.11620340851471161,0.06587552690282482,2.5,0.7637626158259734,0.21024360932652286,0.0939537771418413,5.417841926116078e-05,2.4384132005251777e-05,3.75
147715,155654,0.1,-10,/gpfs/bbp.cscs.ch/project/proj32/glusynapse_20190926_release/testing/sjostrom_2001/simulations/L5TTPC_L5TTPC_lowfreq/147715-155654/0Hz_-10ms/simulation.batch,1.213414584219406,1.1600353135859411,0.9560090414870002,0.2638786901013784,0.2558956915126019,11.0,0.18181818181818182,0.4020891638200092,0.19926073810506642,681.8831164389608,142.64292431312478,6.693517853162925,6.122286421912696,0.8252194366983847,0.4479187461546949,0.09620022972627486,0.06973569635945046,2.1818181818181817,1.113404428537808,0.051528646253343746,0.012581185507131009,0.026968700466418662,0.04930767636738961,1.35
152903,136051,0.1,-10,/gpfs/bbp.cscs.ch/project/proj32/glusynapse_20190926_release/testing/sjostrom_2001/simulations/L5TTPC_L5TTPC_lowfreq/152903-136051/0Hz_-10ms/simulation.batch,2.8586276246906484,2.83932811174491,0.9932486789188476,0.40717086247637463,0.3381998185837923,5.0,0.4,0.6856566462380371,0.0941667233085189,589.851817076119,111.16386925355927,42.285588201298964,83.82197303769755,1.910117633682518,0.6481130886904034,0.1615804332141255,0.0654656787323498,3.6,1.019803902718557,0.08459503887663428,0.02608942444146803,0.03863979180685288,0.04143209029227988,1.5750000000000002
154546,160061,0.1,-10,/gpfs/bbp.cscs.ch/project/proj32/glusynapse_20190926_release/testing/sjostrom_2001/simulations/L5TTPC_L5TTPC_lowfreq/154546-160061/0Hz_-10ms/simulation.batch,2.793661363757023,2.838048819972106,1.0158886315968478,0.29918525651470657,0.25738761392421133,13.0,0.0,0.4896731136824099,0.2454530734255021,663.014540400046,122.96701089438521,30.46821845376476,70.6614593263502,1.282975781067592,0.8410552906222309,0.12376638084299361,0.07874271517952865,2.6923076923076925,1.4349813927828945,0.24316590493651108,0.13959123775731036,0.000551697404087923,0.0009434439769648157,2.5
141281,157262,0.1,-10,/gpfs/bbp.cscs.ch/project/proj32/glusynapse_20190926_release/testing/sjostrom_2001/simulations/L5TTPC_L5TTPC_lowfreq/141281-157262/0Hz_-10ms/simulation.batch,2.586024373139287,2.501943807824774,0.9674865534185031,0.29977497715083956,0.29484779898204455,4.0,0.0,0.5666994576145555,0.31135555026994777,666.7776775744758,23.227272387621753,71.03878776283875,53.08697334499738,1.6100973578151019,0.9924449639188461,0.16751546716374835,0.11022085272892354,3.25,1.7853571071357126,0.06769453722763867,0.012009006927583615,0.00014667319666570154,0.00011431179830173156,2.125
157836,153799,0.1,-10,/gpfs/bbp.cscs.ch/project/proj32/glusynapse_20190926_release/testing/sjostrom_2001/simulations/L5TTPC_L5TTPC_lowfreq/157836-153799/0Hz_-10ms/simulation.batch,6.1037834542424,6.103183266525917,0.9999016695593836,0.3384177294417985,0.3697092206990312,9.0,0.3333333333333333,0.5988248062302545,0.29182428679572314,651.8255904312754,146.79548651891326,8.555043883971788,9.928021325990708,2.2214988413270125,1.9974478196530143,0.18593430552401896,0.1734631121635946,3.2222222222222223,1.8724777273725242,0.15345663376274962,0.07910748904867647,0.03520947708209206,0.049750135461536955,2.5
136422,145402,0.1,-10,/gpfs/bbp.cscs.ch/project/proj32/glusynapse_20190926_release/testing/sjostrom_2001/simulations/L5TTPC_L5TTPC_lowfreq/136422-145402/0Hz_-10ms/simulation.batch,1.3312694512614676,1.2662594895479353,0.9511669394562229,0.25203611124282704,0.24311636240466517,5.0,0.0,0.44141460961037904,0.27771014118653325,668.0227164072637,101.57492182804857,3.470601800125042,6.897400293634681,1.2473918531516406,1.1360825159022545,0.07706015942591951,0.038238988693340296,2.2,1.16619037896906,0.06892761116836156,0.036231788974953834,0.004667282348869399,0.006668792740137547,1.6500000000000001
157822,154647,0.1,-10,/gpfs/bbp.cscs.ch/project/proj32/glusynapse_20190926_release/testing/sjostrom_2001/simulations/L5TTPC_L5TTPC_lowfreq/157822-154647/0Hz_-10ms/simulation.batch,1.8051349775304955,0.8514130192297588,0.4716616927973605,0.23043531084059207,0.18619156589918226,6.0,0.0,0.5708947507859228,0.25376038391276534,653.665270998084,204.05476937067343,2.5253458515433636,2.129737345894509,1.2045744877037996,0.5907824479336258,0.11863009020252531,0.04584395792545685,2.8333333333333335,1.2133516482134197,0.051600674870318886,0.015068515118588375,0.003671018053859755,0.0025137502933131623,1.375
160542,141712,0.1,-10,/gpfs/bbp.cscs.ch/project/proj32/glusynapse_20190926_release/testing/sjostrom_2001/simulations/L5TTPC_L5TTPC_lowfreq/160542-141712/0Hz_-10ms/simulation.batch,3.613809054977215,3.663153613548601,1.0136544454398952,0.31394288555596467,0.23476209886089508,5.0,0.0,0.6906610727902333,0.28689760257445723,619.1005263826718,95.12064488405557,0.5901450398321545,0.7522316108366104,2.0254679020007984,1.2927883412018357,0.16778549037503418,0.12126643580498357,3.0,1.4142135623730951,0.08065271684544786,0.022268258695581127,0.0006749152267199981,0.0007569480489646197,1.6500000000000001
148193,139815,0.1,-10,/gpfs/bbp.cscs.ch/project/proj32/glusynapse_20190926_release/testing/sjostrom_2001/simulations/L5TTPC_L5TTPC_lowfreq/148193-139815/0Hz_-10ms/simulation.batch,1.1794999667493802,1.1822614807125968,1.002341258195053,0.18462415291205797,0.1680193221205078,10.0,0.0,0.5459147223800775,0.21247493633513034,676.5526671033858,144.79775287326822,24.714545081515336,33.819096881724676,1.3385320434300367,0.6218135249415536,0.12774484533240787,0.0531382143780412,2.8,0.8717797887081347,0.07122521224755594,0.02441422583648358,0.00010525062051787062,9.50043790142446e-05,3.2
152440,147058,0.1,-10,/gpfs/bbp.cscs.ch/project/proj32/glusynapse_20190926_release/testing/sjostrom_2001/simulations/L5TTPC_L5TTPC_lowfreq/152440-147058/0Hz_-10ms/simulation.batch,6.798020839454361,6.839882853524362,1.0061579708357236,0.5724999650670076,0.6075299681942256,12.0,0.08333333333333333,0.45617903554094635,0.27292245272176946,712.6939292319277,156.85672851140853,36.445428248289986,43.392793608958144,1.338178098834688,1.1280323781116723,0.11659145259537533,0.0999980514236016,2.6666666666666665,1.7480147469502527,0.1414220380591919,0.10193199159997061,0.016281609620139952,0.04299820724521316,1.4000000000000001
161519,139954,0.1,-10,/gpfs/bbp.cscs.ch/project/proj32/glusynapse_20190926_release/testing/sjostrom_2001/simulations/L5TTPC_L5TTPC_lowfreq/161519-139954/0Hz_-10ms/simulation.batch,3.1212771508463506,1.8570588683415934,0.5949676297851481,0.24375281270881616,0.2583505095651045,16.0,0.125,0.5827217336323546,0.24217201130892493,690.1196838266508,106.621715700397,18.076523251797447,27.861499810939677,1.5305602603770776,0.7555503869986369,0.11447703097357075,0.031188754903963296,2.8125,0.7261843774138906,0.07561585394080661,0.035635988482228896,0.006112637094541788,0.017618699232479107,1.75
152287,160982,0.1,-10,/gpfs/bbp.cscs.ch/project/proj32/glusynapse_20190926_release/testing/sjostrom_2001/simulations/L5TTPC_L5TTPC_lowfreq/152287-160982/0Hz_-10ms/simulation.batch,1.7064439835849705,1.6813411669621092,0.9852893989698248,0.155742817546609,0.1792824143424062,5.0,0.4,0.7544180780354189,0.14244967351223883,688.5619801831793,142.3900561032619,15.447260024208934,30.86581405455095,2.0619139787132283,0.7963475392381347,0.15793962918087281,0.05774271172072293,3.2,0.7483314773547882,0.0845160019121435,0.02157847025481992,0.03087104912741535,0.03723792392211455,2.4250000000000003
161970,158255,0.1,-10,/gpfs/bbp.cscs.ch/project/proj32/glusynapse_20190926_release/testing/sjostrom_2001/simulations/L5TTPC_L5TTPC_lowfreq/161970-158255/0Hz_-10ms/simulation.batch,0.6916441180093936,0.171211744853958,0.2475431228226431,0.15951841143019393,0.10295821320956643,5.0,0.0,0.4616721385665092,0.20631778203374831,800.8382932322913,130.56685574432484,18.958951064132556,34.9950804348417,1.0067250639452152,0.589927315749534,0.07545301775576067,0.028124166722970665,2.0,0.6324555320336759,0.06938968884262597,0.026307796668002478,0.0014590116922455982,0.0013050358369429925,2.125
148315,161887,0.1,-10,/gpfs/bbp.cscs.ch/project/proj32/glusynapse_20190926_release/testing/sjostrom_2001/simulations/L5TTPC_L5TTPC_lowfreq/148315-161887/0Hz_-10ms/simulation.batch,1.8223026956136288,1.8228068312925727,1.0002766476064362,0.22500658919739627,0.2630406089619318,5.0,0.8,0.6318104222263975,0.18266236022098548,599.0041569856097,47.258657841881856,6.7798699474026645,12.21186236113499,1.5931981315539392,0.5022458467285236,0.163306214951562,0.03775568791814863,3.0,0.0,0.05710522279770482,0.013635793854774267,0.046127599233957164,0.04018305152323134,1.75
155044,145631,0.1,-10,/gpfs/bbp.cscs.ch/project/proj32/glusynapse_20190926_release/testing/sjostrom_2001/simulations/L5TTPC_L5TTPC_lowfreq/155044-145631/0Hz_-10ms/simulation.batch,2.6025274449532065,2.571217047246203,0.9879692343810934,0.4689430191811741,0.5115706201296483,8.0,0.125,0.5732633866755483,0.18080586793735481,634.7473473388217,113.30513702479188,10.652036282158678,27.403662660641988,1.3564085127108196,0.5377786328668263,0.10665847575180913,0.05256246788520362,2.5,0.8660254037844386,0.12565996605442636,0.09456768335189802,0.012752092224453813,0.02817327781018244,2.35
140378,156108,0.1,-10,/gpfs/bbp.cscs.ch/project/proj32/glusynapse_20190926_release/testing/sjostrom_2001/simulations/L5TTPC_L5TTPC_lowfreq/140378-156108/0Hz_-10ms/simulation.batch,2.7275354381568007,2.7221574752784203,0.9980282702093819,0.2684897191046024,0.25346851566499345,4.0,0.5,0.4579635898155006,0.3322702951085437,592.3516188453443,147.7318255016309,3.729259507813466,4.997621571976096,1.6924066307058045,1.2928871791827867,0.16350844664016306,0.07237330989508918,3.0,1.224744871391589,0.04778642925700961,0.014684978385619628,0.05099756866942193,0.04313666631438972,0.9
158188,153222,0.1,-10,/gpfs/bbp.cscs.ch/project/proj32/glusynapse_20190926_release/testing/sjostrom_2001/simulations/L5TTPC_L5TTPC_lowfreq/158188-153222/0Hz_-10ms/simulation.batch,1.3674487315204436,1.4022646879684826,1.025460520490101,0.1654466956226715,0.14782302902554129,4.0,0.0,0.6729055431255166,0.18449322609569646,631.2206679572337,43.15282327667385,8.632545892051537,8.662657586554632,2.4144436148162534,1.0759399593876784,0.15434213898988025,0.055551318235054416,4.25,1.0897247358851685,0.8101837020470309,0.12130302476087573,0.0001034245042322897,1.163759832778635e-05,6.5
155240,137269,0.1,-10,/gpfs/bbp.cscs.ch/project/proj32/glusynapse_20190926_release/testing/sjostrom_2001/simulations/L5TTPC_L5TTPC_lowfreq/155240-137269/0Hz_-10ms/simulation.batch,3.1627510085139647,3.119781261819866,0.9864138066580561,0.4413334213882196,0.44023019242593847,10.0,0.1,0.45624803119813756,0.2235319242688648,657.9753284101248,57.507042773340316,11.81208771502957,14.375549782885948,1.1829266750475809,0.6527783010298526,0.08828621517565641,0.03941434253289756,2.4,0.8,0.09448792432142475,0.04894849599799651,0.013605401882669468,0.025968147405571677,1.4000000000000001
142044,139087,0.1,-10,/gpfs/bbp.cscs.ch/project/proj32/glusynapse_20190926_release/testing/sjostrom_2001/simulations/L5TTPC_L5TTPC_lowfreq/142044-139087/0Hz_-10ms/simulation.batch,2.0005980692828524,1.4267284155254205,0.713150950923818,0.16782726095413822,0.1967582840772998,14.0,0.5714285714285714,0.4591268777616472,0.2717933904430138,673.7910014167436,141.27363768096035,7.925618643625172,17.39749321935003,1.2949795412538239,0.917360217623768,0.11395495047824103,0.06864913349852228,2.642857142857143,1.1715156762040517,0.06806514908159941,0.03200600650536892,0.05030991658865608,0.047472369210561,2.0
153127,151620,0.1,-10,/gpfs/bbp.cscs.ch/project/proj32/glusynapse_20190926_release/testing/sjostrom_2001/simulations/L5TTPC_L5TTPC_lowfreq/153127-151620/0Hz_-10ms/simulation.batch,1.8088807892988852,1.1873255590704823,0.6563868476543913,0.39700236369651265,0.3535375751885549,6.0,0.16666666666666666,0.6176172088989128,0.21151884423413073,710.5537980075896,140.49272841955138,14.772323564848875,19.410226824365058,1.8759984499750981,0.7607766294038062,0.15154482858199667,0.08216987535921236,3.0,1.2909944487358056,0.15069454294633852,0.11220005626370243,0.023029817409968997,0.051332119235885126,2.975
142475,151453,0.1,-10,/gpfs/bbp.cscs.ch/project/proj32/glusynapse_20190926_release/testing/sjostrom_2001/simulations/L5TTPC_L5TTPC_lowfreq/142475-151453/0Hz_-10ms/simulation.batch,2.397314497801258,1.7883141830839748,0.7459656147427302,0.20394025222686682,0.24139636462224331,6.0,0.16666666666666666,0.5666083870375441,0.27702070634229636,611.5162505556267,108.72864555988805,15.759134037728742,12.052633720413855,2.1206111644710464,1.6898417902772733,0.16702607608536466,0.09785985132549632,3.5,1.5,0.07398325123771099,0.026429832787510498,0.02176846833456778,0.03949079715079836,1.4500000000000002
145483,136404,0.1,-10,/gpfs/bbp.cscs.ch/project/proj32/glusynapse_20190926_release/testing/sjostrom_2001/simulations/L5TTPC_L5TTPC_lowfreq/145483-136404/0Hz_-10ms/simulation.batch,1.9092708390535198,1.4550587636351902,0.7621018107396981,0.2546640830934399,0.22092106376529907,10.0,0.4,0.5939399791334167,0.23051205970096794,701.3409003010704,129.1843114023254,10.601920945885393,16.116512772437908,1.506986562678011,0.7315905892696936,0.1195223677793787,0.05709733597480885,2.6,1.019803902718557,0.07908956478141238,0.05063926031565321,0.04416263077317219,0.05896749921595524,2.275
141293,159138,0.1,-10,/gpfs/bbp.cscs.ch/project/proj32/glusynapse_20190926_release/testing/sjostrom_2001/simulations/L5TTPC_L5TTPC_lowfreq/141293-159138/0Hz_-10ms/simulation.batch,4.469944219573396,3.620944153250063,0.8100647290841674,0.3010722668847803,0.23648160471947582,8.0,0.0,0.5440020859485668,0.32029099401905314,715.7569561411744,71.08376366379765,30.489983080456835,52.284641423229466,2.034693262143194,1.9865964806536514,0.1941547888987013,0.1209328653589829,3.375,1.9324531042175384,0.05837795697258174,0.025579654865193206,0.004241882378844493,0.005465082680288918,1.425
147610,139949,0.1,-10,/gpfs/bbp.cscs.ch/project/proj32/glusynapse_20190926_release/testing/sjostrom_2001/simulations/L5TTPC_L5TTPC_lowfreq/147610-139949/0Hz_-10ms/simulation.batch,2.382895596311699,1.3154920198152809,0.5520560874976771,0.21785730027633707,0.21133990541895867,10.0,0.1,0.5606615254984358,0.30113044023174534,596.6182513816398,116.02078730845717,12.587157755012683,16.428545713598822,1.532175891019723,1.0168403423202905,0.10628270687510002,0.04958068799202552,2.8,1.0770329614269007,0.07586103158227657,0.0347938741305451,0.014156675800774971,0.03530093457714405,1.8250000000000002
144827,153759,0.1,-10,/gpfs/bbp.cscs.ch/project/proj32/glusynapse_20190926_release/testing/sjostrom_2001/simulations/L5TTPC_L5TTPC_lowfreq/144827-153759/0Hz_-10ms/simulation.batch,2.6792259867069874,2.6782002319781997,0.9996171451255411,0.25102487581126526,0.2275537767526774,13.0,0.15384615384615385,0.5590330055750891,0.22930801554696897,740.5815167512808,128.12710221751314,14.821664718588938,18.515300444448766,1.6072791363148724,1.4388790765854833,0.11751164762375756,0.09748902811620473,2.8461538461538463,1.7473564140923918,0.13740029236482482,0.1201610220519696,0.015527517031470551,0.029278252027713572,2.3000000000000003
159055,147653,0.1,-10,/gpfs/bbp.cscs.ch/project/proj32/glusynapse_20190926_release/testing/sjostrom_2001/simulations/L5TTPC_L5TTPC_lowfreq/159055-147653/0Hz_-10ms/simulation.batch,1.4111777857323757,1.060952109778782,0.7518203025199741,0.1471273290684254,0.16815233611954875,4.0,0.5,0.6586312623849719,0.2984856940819861,628.5286153584976,132.72272726840995,2.11175741365103,3.6314165625625323,2.2789381672879365,1.541987766784908,0.19206896265836457,0.17039137007926897,3.75,2.165063509461097,0.0842492978773762,0.02132295445464882,0.03061165466016199,0.03407882148771853,1.55
137527,145280,0.1,-10,/gpfs/bbp.cscs.ch/project/proj32/glusynapse_20190926_release/testing/sjostrom_2001/simulations/L5TTPC_L5TTPC_lowfreq/137527-145280/0Hz_-10ms/simulation.batch,2.1390866933448764,1.6235396681584893,0.7589873160398986,0.22387813580786836,0.20868348414579088,6.0,0.5,0.651982090303572,0.18119978659126157,741.0463002615743,107.38542585409456,27.11955625366959,33.74747638177336,1.967851543221417,1.1311903396211147,0.17588753778826127,0.08703059060242291,3.1666666666666665,1.4624940645653537,0.05787190174470866,0.02097268833941816,0.04492934823610886,0.04792778421374589,1.5250000000000001
161046,148610,0.1,-10,/gpfs/bbp.cscs.ch/project/proj32/glusynapse_20190926_release/testing/sjostrom_2001/simulations/L5TTPC_L5TTPC_lowfreq/161046-148610/0Hz_-10ms/simulation.batch,3.51347028192759,3.505687304667701,0.9977848176772911,0.3341584799514338,0.3255275391630791,5.0,0.0,0.7560193946055256,0.1515819507298547,655.2629430573809,96.14941366574296,10.760217315519252,14.718498896150924,2.091585714196044,0.7378399020145685,0.1973591031802715,0.10886345715914816,4.4,1.624807680927192,0.08849113730097695,0.013056985754451132,0.0011254099968276842,0.0017205604831383977,2.375
