pregid,postgid,frequency_train,dt_train,path,epsp_before,epsp_after,epsp_ratio,epsp_before_std,epsp_after_std,N,apical_ratio,Use_before_mean,Use_before_std,Dep_mean,Dep_std,Fac_mean,Fac_std,gmax_AMPA_before_mean,gmax_AMPA_before_std,spine_volume_mean,spine_volume_std,Nrrp_mean,Nrrp_std,Cpre_mean,Cpre_std,Cpost_mean,Cpost_std,risetime
11255,24207,10.0,-10.0,/gpfs/bbp.cscs.ch/project/proj32/glusynapse_20190926_release/testing/zilberter_2009/simulations/L23PC_L23PC/11255-24207/10Hz_-10ms/simulation.batch,0.5628070136185144,0.14890979330957207,0.2645841109053895,0.32651069371557584,0.22177357096191191,3.0,1.0,0.34280213550400607,0.2870185629165898,652.793760492574,131.58710796348072,3.825055542166996,2.731629886609781,0.5236921018690629,0.28291179359989704,0.04657135870265624,0.02694579230410923,1.0,0.0,0.08067261081095023,0.02993655637069209,3.588444732359782e-05,9.557202949594798e-06,4.775
9740,2924,10.0,-10.0,/gpfs/bbp.cscs.ch/project/proj32/glusynapse_20190926_release/testing/zilberter_2009/simulations/L23PC_L23PC/9740-2924/10Hz_-10ms/simulation.batch,2.1529482489605187,2.029138122056595,0.9424927529197689,0.5598741788729541,0.697461383441145,4.0,0.5,0.5299228722608379,0.27247606983327055,686.4810782851882,66.37923115675191,0.8802346308217602,1.476106215222057,0.6910305875657546,0.33646590045886776,0.05220897348061072,0.00827628242303533,1.0,0.0,0.022159873250058602,0.0076606797140958745,0.003969064268369272,0.0040920420392703315,0.75
23411,14318,10.0,-10.0,/gpfs/bbp.cscs.ch/project/proj32/glusynapse_20190926_release/testing/zilberter_2009/simulations/L23PC_L23PC/23411-14318/10Hz_-10ms/simulation.batch,0.5956546913304398,0.7515472045776626,1.2617162519093488,0.4183679006217289,0.34618968878247647,4.0,0.25,0.3279471350934584,0.08382539646346546,720.8919821479248,122.64672103968843,11.313595353422949,16.404185497705946,0.29508216085433703,0.10445084219048936,0.02156344148190268,0.005596994166615482,1.0,0.0,0.023135672325380267,0.008089095436324481,0.02489772449051905,0.02947814101979901,1.5750000000000002
3922,22161,10.0,-10.0,/gpfs/bbp.cscs.ch/project/proj32/glusynapse_20190926_release/testing/zilberter_2009/simulations/L23PC_L23PC/3922-22161/10Hz_-10ms/simulation.batch,4.12386579718818,6.904918937647087,1.6743801271018914,0.9106163361698484,0.754092592305084,8.0,0.0,0.5759799820169799,0.25475420001473986,656.8280310641834,90.37854024568011,25.014451133054404,33.51404021370179,0.7137587250969949,0.4450286204463536,0.04730416045101267,0.02706605087201797,1.0,0.0,0.03142470193740525,0.008098416788794699,0.0009735944663245999,0.0009815223940941632,1.55
10434,7442,10.0,-10.0,/gpfs/bbp.cscs.ch/project/proj32/glusynapse_20190926_release/testing/zilberter_2009/simulations/L23PC_L23PC/10434-7442/10Hz_-10ms/simulation.batch,2.456200320558996,2.3582391031398324,0.96011676384894,0.3222843178231674,0.3684123046597929,3.0,0.0,0.7277665309327448,0.2533796274214884,544.5876288451901,127.81253582037988,2.0923081873824434,2.103576513308175,1.899132977959308,1.140672058470291,0.1200184563307799,0.07202587412581796,2.0,0.816496580927726,0.031861340687206495,0.00822299360681418,0.0008644699710801566,0.0005340396711557511,2.075
121566,118366,10.0,-10.0,/gpfs/bbp.cscs.ch/project/proj32/glusynapse_20190926_release/testing/zilberter_2009/simulations/L23PC_L23PC/121566-118366/10Hz_-10ms/simulation.batch,1.7429954792155848,0.6819860177582442,0.3912723962228314,0.6908927771097781,0.5029086514777866,5.0,1.0,0.3989208495004424,0.25514052928901343,611.1870956825265,81.37930024357001,3.996482863093873,4.977117172558994,0.5584844820184962,0.2621962266635268,0.03518307211400359,0.020575380629975312,1.0,0.0,0.03883569052268487,0.012625916749350078,0.0001552492855951043,0.00025688353707139106,1.625
118292,113391,10.0,-10.0,/gpfs/bbp.cscs.ch/project/proj32/glusynapse_20190926_release/testing/zilberter_2009/simulations/L23PC_L23PC/118292-113391/10Hz_-10ms/simulation.batch,4.423560913910449,2.5015486671997604,0.5655056448603032,0.9280069904408822,0.9743090570186624,3.0,0.3333333333333333,0.6458599512126022,0.2805835086371813,638.0497774764108,14.807455251801347,18.92205578080766,13.390948131516001,0.8020611369807408,0.4207174643311558,0.06322899565049703,0.0384686402447199,1.3333333333333333,0.4714045207910317,0.028715761988669933,0.004082462337026486,0.013583444225467178,0.012791399908654173,1.85
123689,124240,10.0,-10.0,/gpfs/bbp.cscs.ch/project/proj32/glusynapse_20190926_release/testing/zilberter_2009/simulations/L23PC_L23PC/123689-124240/10Hz_-10ms/simulation.batch,1.3233268509875298,1.2629284579517044,0.9543586733763066,0.5471370029455593,0.5617722650185042,4.0,0.5,0.4832905448361867,0.173953116449769,598.8163823318964,72.77983705992044,2.3113569400603717,2.348158746175678,0.6215899137322535,0.2689733533439792,0.046066530167828336,0.022646827787246464,1.0,0.0,0.03017669512995818,0.008579317307556612,0.0004021743171621822,0.0006161537981023556,3.075
10060,12873,10.0,-10.0,/gpfs/bbp.cscs.ch/project/proj32/glusynapse_20190926_release/testing/zilberter_2009/simulations/L23PC_L23PC/10060-12873/10Hz_-10ms/simulation.batch,0.2750756767330972,0.5859288313283516,2.13006412739601,0.24167402204926608,0.32850450746941817,2.0,0.0,0.35591764665169767,0.1995487883753944,600.8770014278398,29.940239157678832,73.39475510447642,67.74222402810753,0.3828248521815185,0.06600001802588176,0.024375532238690163,0.006270629771664612,1.0,0.0,0.026422685432983716,0.0025810369669556008,0.007944493832898828,0.004211654047948826,1.8
3153,2393,10.0,-10.0,/gpfs/bbp.cscs.ch/project/proj32/glusynapse_20190926_release/testing/zilberter_2009/simulations/L23PC_L23PC/3153-2393/10Hz_-10ms/simulation.batch,1.8594986306148873,2.019787630623377,1.0862001172625153,0.4962338040058757,0.5841474779640372,6.0,0.5,0.42131819649234914,0.27497262097310804,630.7053059156534,77.08608807145143,7.2042977167286075,12.052175193041432,0.6454366670479124,0.38406300422698314,0.04060766356185507,0.018013854717896353,1.0,0.0,0.02784408022253652,0.006830374891303475,0.01488912094362057,0.01423860855308447,1.475
15791,12266,10.0,-10.0,/gpfs/bbp.cscs.ch/project/proj32/glusynapse_20190926_release/testing/zilberter_2009/simulations/L23PC_L23PC/15791-12266/10Hz_-10ms/simulation.batch,1.2687699201772182,1.1936038158072404,0.9407567099640265,0.5542645938085152,0.5628373746117592,2.0,1.0,0.49928812458723193,0.28846838065823055,764.398689266294,13.784859440114872,58.083437654481045,58.07000557177783,0.7619856631881669,0.39916793605893053,0.03560113641215286,0.016739968169239793,1.0,0.0,0.03906697881597283,0.0027770032396296465,0.06602323997891557,0.009963187441322702,1.55
1662,7134,10.0,-10.0,/gpfs/bbp.cscs.ch/project/proj32/glusynapse_20190926_release/testing/zilberter_2009/simulations/L23PC_L23PC/1662-7134/10Hz_-10ms/simulation.batch,1.5525347148028719,2.150257213533348,1.3849978316306892,0.4916374327031025,0.651696449197738,3.0,0.0,0.6009538318281942,0.2285415758193188,754.8895445753157,92.68389085468715,2.778462679831881,2.149817831269027,0.7628768057587724,0.3492263962167445,0.058839559267462795,0.02510816313274565,1.3333333333333333,0.4714045207910317,0.021747414826378268,0.0014884985869712242,0.0015348060045786611,0.0019076580223777897,1.8
16608,5725,10.0,-10.0,/gpfs/bbp.cscs.ch/project/proj32/glusynapse_20190926_release/testing/zilberter_2009/simulations/L23PC_L23PC/16608-5725/10Hz_-10ms/simulation.batch,0.434729286863503,0.36388921743265,0.8370478558232138,0.34077037747382183,0.3519550210694568,2.0,0.5,0.34118595885619185,0.224358668861816,756.0496660556958,18.279051159223684,27.87818482525479,21.249015136973828,0.37788548678419365,0.2953289874919567,0.02673220930084758,0.022598182105155983,1.0,0.0,0.026998160609451875,0.004939558114058145,0.081535390883998,0.08109872329994386,1.675
123595,125298,10.0,-10.0,/gpfs/bbp.cscs.ch/project/proj32/glusynapse_20190926_release/testing/zilberter_2009/simulations/L23PC_L23PC/123595-125298/10Hz_-10ms/simulation.batch,0.9189153607976991,0.9437544414651621,1.0270308689212688,0.23955540159054903,0.19609592388349728,3.0,0.0,0.6067914465631332,0.33816727117931733,716.3173557520153,154.56825112149525,1.4386963678191271,1.0834636744609365,0.7765666178790251,0.367742170392206,0.07694837709751672,0.05660498564744089,1.3333333333333333,0.4714045207910317,0.02197854944104423,0.0071598025518421655,0.00840851496129979,0.0016602591594773754,1.5750000000000002
14144,12681,10.0,-10.0,/gpfs/bbp.cscs.ch/project/proj32/glusynapse_20190926_release/testing/zilberter_2009/simulations/L23PC_L23PC/14144-12681/10Hz_-10ms/simulation.batch,0.6767261144661002,0.052988307017920754,0.07830096383930096,0.32183825243738706,0.12185387704058308,2.0,1.0,0.5784407404979284,0.1287667695386776,958.3370016457222,160.96548381730491,0.2936221211325686,0.04413251780040088,0.7717664350408702,0.2559558682020558,0.040526851490080805,0.015771195625238963,1.0,0.0,0.031514523587626804,0.002084314780021289,0.05791933775354454,0.007063927973773802,1.225
10351,24870,10.0,-10.0,/gpfs/bbp.cscs.ch/project/proj32/glusynapse_20190926_release/testing/zilberter_2009/simulations/L23PC_L23PC/10351-24870/10Hz_-10ms/simulation.batch,2.936350102087919,2.4122448728994175,0.8215113283610725,0.3933609573070249,0.44419537577418605,4.0,0.0,0.8029438787846415,0.11050637463023925,728.7218463366987,184.1275204560687,11.354708911444794,18.20507150740791,1.2347846348789815,0.5090919390878857,0.08135147886487239,0.030573807213181182,1.5,0.5,0.06645015522592465,0.02729318407009195,0.00018914696939213558,0.000230576370333075,2.35
5380,14038,10.0,-10.0,/gpfs/bbp.cscs.ch/project/proj32/glusynapse_20190926_release/testing/zilberter_2009/simulations/L23PC_L23PC/5380-14038/10Hz_-10ms/simulation.batch,1.470780684181981,1.1926281909642498,0.8108810537089463,0.3769771387770728,0.26420332638186944,12.0,0.08333333333333333,0.3995618917457355,0.2742781093937824,689.4626228978759,72.19249433210135,20.831879925051762,29.297256869932287,0.6067447689268021,0.3544626671251095,0.04250612664073062,0.023711529390430496,1.0,0.0,0.029742014949314832,0.01149805201631457,0.025382358645094694,0.007875115685121873,1.4500000000000002
11631,26456,10.0,-10.0,/gpfs/bbp.cscs.ch/project/proj32/glusynapse_20190926_release/testing/zilberter_2009/simulations/L23PC_L23PC/11631-26456/10Hz_-10ms/simulation.batch,1.667763576082023,3.390112700645797,2.0327297881213986,0.5184246662939567,0.4572136763045292,3.0,0.0,0.4392166972811122,0.302889106372878,704.8804909431625,197.04930389295814,3.1592930382072573,4.025662081316238,0.7321241699837907,0.570829437303404,0.055891673967871695,0.05928672110976743,1.3333333333333333,0.4714045207910317,0.05033946635104519,0.031823170445576414,0.0006117064138694126,0.00017767056216380837,2.075
14530,22188,10.0,-10.0,/gpfs/bbp.cscs.ch/project/proj32/glusynapse_20190926_release/testing/zilberter_2009/simulations/L23PC_L23PC/14530-22188/10Hz_-10ms/simulation.batch,1.4614210862682475,3.8329935317789667,2.622785156033674,0.6709144725583582,0.8316202324116766,6.0,0.0,0.380794196464467,0.22006864650439897,628.2356409289652,100.21043257038755,21.134166339121293,35.50200389980778,0.5448419182236187,0.32566564097732903,0.0430347351786414,0.025263611382721398,1.0,0.0,0.023687169440015976,0.0060811399437398946,0.00040310349528095094,0.00013944574898388184,1.675
5287,22282,10.0,-10.0,/gpfs/bbp.cscs.ch/project/proj32/glusynapse_20190926_release/testing/zilberter_2009/simulations/L23PC_L23PC/5287-22282/10Hz_-10ms/simulation.batch,1.2205442904770412,1.396011423708004,1.1437613813771417,0.7960774259149415,0.778877017494792,2.0,0.0,0.5457218235895975,0.03734025124291884,617.15256868341,102.34256358212559,0.10690859043407826,0.10643663520444753,1.0719871115199697,0.1866859060058677,0.07467128024895353,0.02363967326843696,1.0,0.0,0.02721527588247951,0.00228040494425113,0.00017825804090215323,5.4873461519294544e-05,1.9000000000000001
4743,17695,10.0,-10.0,/gpfs/bbp.cscs.ch/project/proj32/glusynapse_20190926_release/testing/zilberter_2009/simulations/L23PC_L23PC/4743-17695/10Hz_-10ms/simulation.batch,1.3233036127794024,2.1036948028107623,1.5897295091579657,0.42028021838641966,0.3515023184456719,4.0,0.25,0.6120297660864231,0.19073325244911626,715.4185754529193,206.93742667206024,30.746439810699037,25.14077680843959,0.6580592694413212,0.43311624385985903,0.04151069448439965,0.017033894028687137,1.0,0.0,0.025048373295371244,0.006932666073434907,0.03405767231649662,0.0028357678544498927,1.0250000000000001
121282,118842,10.0,-10.0,/gpfs/bbp.cscs.ch/project/proj32/glusynapse_20190926_release/testing/zilberter_2009/simulations/L23PC_L23PC/121282-118842/10Hz_-10ms/simulation.batch,1.0111958427112386,1.700686657112157,1.6818568523306443,0.4912813329911426,0.31194369178671366,4.0,0.5,0.4061495481125164,0.2738652287139958,758.4324967707621,186.7508082605072,37.77345824505015,48.82520520362522,0.5234495975940708,0.21711176688366976,0.038487538043139875,0.014932175169659551,1.0,0.0,0.025486740072457898,0.003949647358909534,0.0017954202684152439,0.0011336125855357369,1.2000000000000002
4179,12552,10.0,-10.0,/gpfs/bbp.cscs.ch/project/proj32/glusynapse_20190926_release/testing/zilberter_2009/simulations/L23PC_L23PC/4179-12552/10Hz_-10ms/simulation.batch,2.3811925877389055,2.9593799070209377,1.2428141773408836,0.45905772343020984,0.45692349107201546,3.0,0.0,0.5859419347271307,0.362783746759711,706.2369891032766,126.45474416974079,52.006034470289535,49.77702182477819,0.8735466526967103,0.6345779017451136,0.06192106072808277,0.03144089198208079,1.3333333333333333,0.4714045207910317,0.021785145475169687,0.0068607834467218866,0.009653506958004644,0.005990765342932725,1.0250000000000001
119407,7216,10.0,-10.0,/gpfs/bbp.cscs.ch/project/proj32/glusynapse_20190926_release/testing/zilberter_2009/simulations/L23PC_L23PC/119407-7216/10Hz_-10ms/simulation.batch,3.5724814253744337,5.869653203554637,1.6430185366014702,0.8233631842528005,0.7878436319695938,6.0,0.3333333333333333,0.595810422459191,0.23034535748332477,668.9732342683448,108.75920119956903,13.157080863815203,19.986142095967733,0.8626765148025878,0.48991598332927005,0.058009816749577114,0.03166422781687436,1.1666666666666667,0.3726779962499649,0.02900320243250026,0.00792825499831978,0.025711995897660475,0.023953497763511956,1.25
122624,123437,10.0,-10.0,/gpfs/bbp.cscs.ch/project/proj32/glusynapse_20190926_release/testing/zilberter_2009/simulations/L23PC_L23PC/122624-123437/10Hz_-10ms/simulation.batch,0.4926539069642376,0.597798976636882,1.21342583137228,0.4027712895138484,0.41901374504678357,3.0,0.0,0.35295022729721687,0.21140117827043328,755.2339870498641,86.15540613955739,6.486119250592317,9.093671249644968,0.5148434112581014,0.22585188904187117,0.04492449595506117,0.013480284583699494,1.0,0.0,0.031673227035838795,0.02196221704256513,0.003308666994268779,0.003426947741483633,1.6
25021,2676,10.0,-10.0,/gpfs/bbp.cscs.ch/project/proj32/glusynapse_20190926_release/testing/zilberter_2009/simulations/L23PC_L23PC/25021-2676/10Hz_-10ms/simulation.batch,0.9301161217038664,2.1400440003114065,2.3008352939750045,0.5733718776201523,0.5953699372422133,3.0,0.0,0.5170582298876518,0.12597682121303488,584.7055728647058,10.700738487082504,16.755651957972336,23.482787281769422,0.712241274006815,0.38933791069910484,0.05931015240647871,0.03608726439373719,1.0,0.0,0.020548508473801626,0.007365458814491979,0.006622547860219794,0.006691770909668464,1.3
23031,5603,10.0,-10.0,/gpfs/bbp.cscs.ch/project/proj32/glusynapse_20190926_release/testing/zilberter_2009/simulations/L23PC_L23PC/23031-5603/10Hz_-10ms/simulation.batch,0.9453077564596313,2.5947768100258872,2.7449016389581433,0.5985444735536961,0.6076084237632504,5.0,0.6,0.31239260398885166,0.14559075456969467,672.9926250202243,95.31528267230046,3.353404941637604,2.566919126579628,0.4323964388875126,0.2693353713332353,0.033753895736684504,0.018008419522128737,1.0,0.0,0.026796180921389978,0.004762896964204779,0.07073132605595153,0.0600233371321217,2.225
11503,16955,10.0,-10.0,/gpfs/bbp.cscs.ch/project/proj32/glusynapse_20190926_release/testing/zilberter_2009/simulations/L23PC_L23PC/11503-16955/10Hz_-10ms/simulation.batch,2.952224481612972,2.510329657119579,0.8503180136721987,0.9403042023558363,1.0176392116604005,5.0,0.4,0.5473647508839926,0.18733151500554385,631.0183686315468,64.82248156260181,0.8408589410689764,1.6787164783793895,0.8745793248322545,0.4020537080228371,0.059771748400840555,0.022318629083903037,1.0,0.0,0.0296813886911526,0.007447204856517813,0.01307334297528166,0.015438102023423987,1.4500000000000002
122686,359,10.0,-10.0,/gpfs/bbp.cscs.ch/project/proj32/glusynapse_20190926_release/testing/zilberter_2009/simulations/L23PC_L23PC/122686-359/10Hz_-10ms/simulation.batch,2.393810594656155,1.6575948100235895,0.6924502772792201,0.5816282939804129,0.6316549074925669,6.0,0.5,0.4793238458038889,0.2723433739828381,681.6324996638692,87.69193544968046,15.877533462215206,13.327379504690764,0.6609688522773954,0.3314701607578336,0.06611009785749024,0.026889868478254267,1.0,0.0,0.016594620997027947,0.003641580573059844,0.021281258363840275,0.01968070981195299,0.9500000000000001
119392,113365,10.0,-10.0,/gpfs/bbp.cscs.ch/project/proj32/glusynapse_20190926_release/testing/zilberter_2009/simulations/L23PC_L23PC/119392-113365/10Hz_-10ms/simulation.batch,2.8465632766755364,2.61933751685561,0.920175405310048,0.820751890560656,0.8200488170098673,6.0,0.6666666666666666,0.48726977039535835,0.2642160774812988,776.1350177525137,126.34973591095313,17.219390329193747,21.723560381155856,0.6176457397055296,0.32092473812899613,0.04566923738532102,0.02341875661528962,1.0,0.0,0.03162531172198721,0.00816323638058081,0.0007157217917440552,0.0010250925296315236,2.125
4794,16760,10.0,-10.0,/gpfs/bbp.cscs.ch/project/proj32/glusynapse_20190926_release/testing/zilberter_2009/simulations/L23PC_L23PC/4794-16760/10Hz_-10ms/simulation.batch,1.3338225239912345,1.460151802127969,1.094712209356546,0.35806603461884123,0.4273349701720591,5.0,0.4,0.4942861030175775,0.30152303193790697,610.5980898729233,79.43438675633182,42.90139399871648,34.90263496311987,0.4926142725937274,0.26379001060383495,0.0448622212011847,0.022834286749773065,1.0,0.0,0.026351248951593798,0.00976371604168301,0.0482161458201303,0.04851304773690238,2.45
12619,8765,10.0,-10.0,/gpfs/bbp.cscs.ch/project/proj32/glusynapse_20190926_release/testing/zilberter_2009/simulations/L23PC_L23PC/12619-8765/10Hz_-10ms/simulation.batch,0.350503715981147,0.7689588331549726,2.1938678481695,0.2822166261367737,0.34753859326259795,3.0,0.0,0.3119464761876819,0.08979790033477414,756.2449013174734,27.44813501158139,2.371996383979131,3.174746862713515,0.32591253679291354,0.030702549550815517,0.02765924239607737,0.0033108366889566627,1.0,0.0,0.019341782726065234,0.002238274011308313,0.007723421559411424,0.00029332040558574285,1.8250000000000002
18160,7737,10.0,-10.0,/gpfs/bbp.cscs.ch/project/proj32/glusynapse_20190926_release/testing/zilberter_2009/simulations/L23PC_L23PC/18160-7737/10Hz_-10ms/simulation.batch,0.7192263733606777,1.3179185752568787,1.8324113576351972,0.2943932121965557,0.40112750135389497,3.0,0.0,0.6047087512232306,0.1114679585669985,722.3824925332216,93.6200402332745,2.322612690279774,2.4722819447498807,0.6785183603271318,0.08095400777203399,0.048713734404261765,0.006373188062902283,1.0,0.0,0.02341629306575083,0.0010309319324334708,0.0006781861594502301,0.00014340933367279005,1.725
3154,16561,10.0,-10.0,/gpfs/bbp.cscs.ch/project/proj32/glusynapse_20190926_release/testing/zilberter_2009/simulations/L23PC_L23PC/3154-16561/10Hz_-10ms/simulation.batch,3.006192475276763,4.186240172174511,1.3925389696776178,1.1028502410490144,1.1967861578317094,3.0,0.0,0.732846561493962,0.06525510174989023,775.1721244145252,104.31509478914705,0.3363021018731058,0.2680667401779182,0.8540699632346779,0.06357212301643102,0.08805061433063975,0.024357793960790963,1.0,0.0,0.01943131026929785,0.005152700580372302,0.006560149743776528,0.006058659852275114,1.425
4349,305,10.0,-10.0,/gpfs/bbp.cscs.ch/project/proj32/glusynapse_20190926_release/testing/zilberter_2009/simulations/L23PC_L23PC/4349-305/10Hz_-10ms/simulation.batch,2.294536183602716,4.527925981555467,1.9733513090414825,0.688067031429065,0.782298627274779,4.0,0.0,0.665467421007797,0.13345021626465886,582.8587921552935,52.04000640979487,8.624941160387184,9.438051326930537,0.9206540759134946,0.2577473746321823,0.077646808583942,0.02259614118881839,1.0,0.0,0.025374015644105127,0.007049529215336449,0.0001330346033016371,0.0001341726249611192,2.325
119963,125284,10.0,-10.0,/gpfs/bbp.cscs.ch/project/proj32/glusynapse_20190926_release/testing/zilberter_2009/simulations/L23PC_L23PC/119963-125284/10Hz_-10ms/simulation.batch,0.06850321338649365,0.08251173903922554,1.204494431139983,0.09176080860462672,0.09673405540528235,3.0,0.3333333333333333,0.19161569324157668,0.12016218330331398,765.5960321132984,51.67134485623955,18.94032266507484,13.12292861904632,0.2199261012376733,0.06468646879701512,0.024477783479806416,0.0013359642642411587,1.0,0.0,0.015336706021466126,0.004076395587623262,0.0067932090880367295,0.008544799914437289,1.625
122368,120503,10.0,-10.0,/gpfs/bbp.cscs.ch/project/proj32/glusynapse_20190926_release/testing/zilberter_2009/simulations/L23PC_L23PC/122368-120503/10Hz_-10ms/simulation.batch,0.20667576157330222,0.7288814570213626,3.526690558548388,0.14400303626493197,0.3050786923167019,2.0,0.0,0.3691121392489941,0.1369179823180039,796.714480276747,57.98855022734176,3.7682577047650496,3.6150775173370886,0.33889070013106015,0.008562828749076573,0.021774894394064888,0.0023476407516980994,1.0,0.0,0.03454951964365986,0.004653593875736169,0.00022175677646266368,7.755467382708779e-05,2.075
795,24004,10.0,-10.0,/gpfs/bbp.cscs.ch/project/proj32/glusynapse_20190926_release/testing/zilberter_2009/simulations/L23PC_L23PC/795-24004/10Hz_-10ms/simulation.batch,0.692351883426547,2.427631557449479,3.5063551000031783,0.6233940752434433,0.6397792749646296,2.0,0.0,0.3581571658360429,0.17596583806728444,690.1345265229975,178.65950104895228,66.8251152034644,66.67941795822391,0.4759887360928534,0.3479938214834509,0.03824300432251984,0.01935021704054778,1.0,0.0,0.017619391361110556,0.006436275223976743,0.013203272595733208,0.002303543052095032,0.925
10190,26937,10.0,-10.0,/gpfs/bbp.cscs.ch/project/proj32/glusynapse_20190926_release/testing/zilberter_2009/simulations/L23PC_L23PC/10190-26937/10Hz_-10ms/simulation.batch,2.251174580333683,3.158477065332271,1.4030351501499727,0.49299937881844186,0.4954854743241204,6.0,0.0,0.4460655181711835,0.28344158539002484,715.1810908901074,118.47860345060933,18.408104416694886,27.094351575380927,0.6561033885474575,0.5638721903672272,0.04336924449824678,0.02625125546079119,1.1666666666666667,0.3726779962499649,0.026277994195215704,0.009205762470538973,0.006145701943482133,0.01139156280005072,1.55
504,12211,10.0,-10.0,/gpfs/bbp.cscs.ch/project/proj32/glusynapse_20190926_release/testing/zilberter_2009/simulations/L23PC_L23PC/504-12211/10Hz_-10ms/simulation.batch,1.2934874881799288,3.2873687500207343,2.5414770379003846,0.5465008244052395,0.6901490526506183,4.0,0.0,0.4184141186923002,0.21099752484328774,639.9465460281722,62.318325242394216,11.675502705136799,18.957564513868412,0.6190211644665606,0.3103555874389084,0.061327401299035925,0.02276279207653654,1.0,0.0,0.020500619083611872,0.005685681727167539,0.0023358372113112045,0.002588556823705765,2.1
3049,8590,10.0,-10.0,/gpfs/bbp.cscs.ch/project/proj32/glusynapse_20190926_release/testing/zilberter_2009/simulations/L23PC_L23PC/3049-8590/10Hz_-10ms/simulation.batch,0.019274959342673034,0.24638635193832883,12.782717076494762,0.043071872104113965,0.15992177948615013,2.0,0.0,0.04511612403074937,0.027054645497703037,643.4425610604313,80.6167607846254,11.221257948805764,2.6187056760813565,0.11562091221518173,0.005543666225737626,0.011947138493125151,0.00678872501897173,1.0,0.0,0.021768731265565743,0.011572707218158057,0.0038172867937718334,0.0024421021227829204,1.725
3723,3797,10.0,-10.0,/gpfs/bbp.cscs.ch/project/proj32/glusynapse_20190926_release/testing/zilberter_2009/simulations/L23PC_L23PC/3723-3797/10Hz_-10ms/simulation.batch,1.9296523991625032,2.010536681186634,1.041916503749191,0.41433705836577106,0.4096992852651709,4.0,0.0,0.6225371061236665,0.26687251786377314,665.1873613091922,87.58822015707226,13.023413040072874,18.22182200705282,0.8844344830127349,0.5799257308814246,0.058058876665913736,0.03878383265001751,1.25,0.4330127018922193,0.043092256260582745,0.019623909872484246,0.00028691707615196335,0.00016624846784315842,2.575
125170,122680,10.0,-10.0,/gpfs/bbp.cscs.ch/project/proj32/glusynapse_20190926_release/testing/zilberter_2009/simulations/L23PC_L23PC/125170-122680/10Hz_-10ms/simulation.batch,2.8567556441875346,4.558794798472762,1.5957944487650746,0.5418140681473181,0.4843285599833218,8.0,0.0,0.5871382153213549,0.1362796698069171,638.5685770543146,79.35602263469006,5.220750792300403,5.25369222366624,0.842178972907299,0.32793350424640655,0.06093430413061455,0.03204089257313121,1.125,0.33071891388307384,0.035955020068965976,0.010609425509607393,0.00014113830797192256,9.129134644548918e-05,1.9000000000000001
3213,23642,10.0,-10.0,/gpfs/bbp.cscs.ch/project/proj32/glusynapse_20190926_release/testing/zilberter_2009/simulations/L23PC_L23PC/3213-23642/10Hz_-10ms/simulation.batch,2.347779407377666,2.4711671397909445,1.05255507907836,0.6600445578841339,0.6301645756190504,4.0,0.0,0.6082391722475742,0.1839370373263564,601.6242502727066,58.14865152498968,2.9717855638604815,3.420455035057051,0.9077775133855344,0.4377366014720646,0.046008222024872494,0.022832021063354954,1.0,0.0,0.046018906560534485,0.012295158953475072,0.00019385479929060186,0.00017454927430726722,2.1
120443,125062,10.0,-10.0,/gpfs/bbp.cscs.ch/project/proj32/glusynapse_20190926_release/testing/zilberter_2009/simulations/L23PC_L23PC/120443-125062/10Hz_-10ms/simulation.batch,0.15679372587518473,0.7062527022089886,4.5043428763928945,0.1251736436990401,0.23405329298669583,2.0,0.0,0.3614105419327398,0.03188704776859716,672.1403661454831,21.04147875479447,0.8733321626247318,0.8733001366424167,0.3651309221150852,0.03892102695744609,0.02723510136979182,0.010334032920494075,1.0,0.0,0.026193703388822306,0.006994079274995095,0.005244887969055993,0.004786782280661727,1.375
125113,119772,10.0,-10.0,/gpfs/bbp.cscs.ch/project/proj32/glusynapse_20190926_release/testing/zilberter_2009/simulations/L23PC_L23PC/125113-119772/10Hz_-10ms/simulation.batch,0.5364754616176436,0.5455015609915137,1.0168248130989133,0.266718820737399,0.31167006523787355,3.0,1.0,0.430652974414845,0.2557807293890094,729.7639655482403,97.86495612051488,4.820321843355592,5.69980321442978,0.5071206222257258,0.29955491660116995,0.04100865782532185,0.024844505050904547,1.0,0.0,0.022241222034339387,0.007146747110561911,0.02502165791030904,0.007174155153533731,1.5750000000000002
12555,23752,10.0,-10.0,/gpfs/bbp.cscs.ch/project/proj32/glusynapse_20190926_release/testing/zilberter_2009/simulations/L23PC_L23PC/12555-23752/10Hz_-10ms/simulation.batch,1.382760149618023,1.3841977136307233,1.0010396336726202,0.32393691258520046,0.38025669912890014,2.0,0.0,0.6950289420268172,0.1881672911657548,657.8283465994332,53.507443579876735,5.934543080628279,5.848594732527491,1.0748570876957941,0.8776926447254068,0.08198622401819074,0.07016935015120009,1.5,0.5,0.024940671662690386,0.0024145982268031184,3.490682032833035e-05,3.485260124234935e-06,2.275
126644,119606,10.0,-10.0,/gpfs/bbp.cscs.ch/project/proj32/glusynapse_20190926_release/testing/zilberter_2009/simulations/L23PC_L23PC/126644-119606/10Hz_-10ms/simulation.batch,0.23503394094033492,1.0630232311240913,4.522849878069089,0.23147440484278434,0.3657633497517243,2.0,0.0,0.37767014480818384,0.012298164722451904,685.3881462194961,36.38463093742001,5.598791592758595,5.598783603246722,0.3484018063174884,0.010743253874128972,0.045047156460882656,0.0009485076829982043,1.0,0.0,0.013322021501858898,0.0006972460099855336,0.02170598339196212,0.0035931201269611152,0.7000000000000001
124503,117977,10.0,-10.0,/gpfs/bbp.cscs.ch/project/proj32/glusynapse_20190926_release/testing/zilberter_2009/simulations/L23PC_L23PC/124503-117977/10Hz_-10ms/simulation.batch,0.08022207263012314,0.12819565723264148,1.598009787452243,0.10969983410352184,0.12556349642097844,2.0,0.0,0.16502612851064383,0.11082936628118797,644.5008305215201,78.03206174191047,26.66662692782919,25.819116139042503,0.14943977582619572,0.07938306815435384,0.00795742753549648,0.006011758181078799,1.0,0.0,0.0537176774638138,0.019767665604872104,0.000567691430419359,0.0003614077978148917,1.75
9155,113120,10.0,-10.0,/gpfs/bbp.cscs.ch/project/proj32/glusynapse_20190926_release/testing/zilberter_2009/simulations/L23PC_L23PC/9155-113120/10Hz_-10ms/simulation.batch,4.292023124872649,3.9162061447791436,0.9124382676515388,0.9242094611087566,0.48323026933610896,7.0,0.14285714285714285,0.465029649477715,0.3419926310911943,627.75847083625,94.61486233304086,21.121816580121674,33.15801795455025,0.6641629295777794,0.5467305654975947,0.051068820792979794,0.03608142924483022,1.0,0.0,0.02949098689288484,0.007821300996192741,0.0008227084816577305,0.000925336272226324,1.6
8964,25703,10.0,-10.0,/gpfs/bbp.cscs.ch/project/proj32/glusynapse_20190926_release/testing/zilberter_2009/simulations/L23PC_L23PC/8964-25703/10Hz_-10ms/simulation.batch,0.5514261688362303,1.4842257674018655,2.6916128600394194,0.36640613289570384,0.5377062666967515,3.0,0.3333333333333333,0.34184190926461167,0.1563197756749154,646.3082455843471,108.65599492281822,9.748379071063484,12.93267095451357,0.3891314911370029,0.16393235331713288,0.02822330525782733,0.005617906859629188,1.0,0.0,0.023330976359064393,0.009634717335916252,0.0130720042746017,0.00944574525641699,0.7250000000000001
7228,6552,10.0,-10.0,/gpfs/bbp.cscs.ch/project/proj32/glusynapse_20190926_release/testing/zilberter_2009/simulations/L23PC_L23PC/7228-6552/10Hz_-10ms/simulation.batch,1.7759002802907586,1.058948013933605,0.5962879930173945,0.5314830285703007,0.6363500654935408,3.0,0.6666666666666666,0.6898703217769534,0.09664376247558343,732.3121398517827,107.98487789029917,10.933861412386962,9.553989169703835,1.0285366999399443,0.2599881588302369,0.05334570784682804,0.015848052091865225,1.0,0.0,0.03532912805638163,0.009900261289107405,0.03314589192230764,0.01859072187106832,1.6500000000000001
127238,125864,10.0,-10.0,/gpfs/bbp.cscs.ch/project/proj32/glusynapse_20190926_release/testing/zilberter_2009/simulations/L23PC_L23PC/127238-125864/10Hz_-10ms/simulation.batch,0.836933116555052,0.29112960994733117,0.34785289790618673,0.24331533165177813,0.20967312520032202,4.0,1.0,0.48141186976376615,0.2602191985606688,696.8033979357654,46.47107535030463,3.6448081241070396,5.899796634073474,0.6996606292120892,0.6272952636197678,0.04952299300630191,0.037079578702994644,1.0,0.0,0.026772573433503352,0.007534285198040258,0.0013881238985599673,0.002170289330302091,2.0500000000000003
125839,126732,10.0,-10.0,/gpfs/bbp.cscs.ch/project/proj32/glusynapse_20190926_release/testing/zilberter_2009/simulations/L23PC_L23PC/125839-126732/10Hz_-10ms/simulation.batch,1.7110777866970883,1.7425292563808223,1.018381087013259,0.5508136447459798,0.4613877327258197,8.0,0.25,0.37799943491477067,0.18937154521402483,705.4633403081434,162.03898654334327,11.983608314696037,13.871415632845634,0.535138868917759,0.33040465635321237,0.045465949151108256,0.0283728121059422,1.125,0.33071891388307384,0.024556517235056655,0.005467762558675735,0.0057171555101341,0.009593333949441386,0.9500000000000001
123887,123515,10.0,-10.0,/gpfs/bbp.cscs.ch/project/proj32/glusynapse_20190926_release/testing/zilberter_2009/simulations/L23PC_L23PC/123887-123515/10Hz_-10ms/simulation.batch,0.3510897244381608,0.4709119942827625,1.3412867466752267,0.23862810971038848,0.2964669169209548,4.0,0.5,0.31061230978028304,0.205689056938876,633.6901875018473,49.31442410658809,5.306623356539387,6.279740775441441,0.31132621622135404,0.17565823469676656,0.035311929871355785,0.026782299527061973,1.0,0.0,0.02220168014831848,0.008016810040518376,0.00022956406375749847,0.00014760700962413554,1.5750000000000002
5047,6400,10.0,-10.0,/gpfs/bbp.cscs.ch/project/proj32/glusynapse_20190926_release/testing/zilberter_2009/simulations/L23PC_L23PC/5047-6400/10Hz_-10ms/simulation.batch,1.919102244027137,3.088291814439835,1.6092377694057687,0.8528457693410831,0.9334318862160087,5.0,0.4,0.4194925329542037,0.18089821575279016,655.7137515561637,90.5017280255682,37.087472703286,71.57601449238075,0.5681908479213685,0.3545945662602004,0.0381522740567688,0.01395475779867772,1.0,0.0,0.02918695783045113,0.010900797088785599,0.03195063741700447,0.03695535673905096,1.7750000000000001
119407,121708,10.0,-10.0,/gpfs/bbp.cscs.ch/project/proj32/glusynapse_20190926_release/testing/zilberter_2009/simulations/L23PC_L23PC/119407-121708/10Hz_-10ms/simulation.batch,2.1516863480258905,1.7517425593758422,0.8141254235232821,0.5304877668953991,0.5542722076248957,5.0,0.2,0.5180902561718405,0.2674606947237744,683.75815767539,67.71660339895475,7.257703556317757,5.60524805812058,0.7879506968544202,0.6019071655487187,0.06292585626627739,0.04445020640010084,1.2,0.4000000000000001,0.029659547154572974,0.006152865045531091,0.0007527086977445525,0.0007765956256172961,1.7000000000000002
15965,24496,10.0,-10.0,/gpfs/bbp.cscs.ch/project/proj32/glusynapse_20190926_release/testing/zilberter_2009/simulations/L23PC_L23PC/15965-24496/10Hz_-10ms/simulation.batch,1.0837123991127315,0.73954523244565,0.682418354769345,0.6082995022634387,0.49414832561635824,5.0,0.4,0.35415421404251995,0.29188423286950976,712.1608203096358,91.95928501442249,11.443259498708732,21.688400232250288,0.4469575893253091,0.3169168609024293,0.044739299113083705,0.04215388317748978,1.0,0.0,0.020989461516048673,0.004838611928432512,0.02852528250902947,0.033543506451048095,1.975
18064,1029,10.0,-10.0,/gpfs/bbp.cscs.ch/project/proj32/glusynapse_20190926_release/testing/zilberter_2009/simulations/L23PC_L23PC/18064-1029/10Hz_-10ms/simulation.batch,1.3586169883999692,1.1922264128404276,0.8775294457671265,0.7406852655191334,0.6759747532050735,5.0,0.0,0.34400859906110287,0.18334626413169303,753.1334735257992,90.4297365042254,59.671343073725645,72.23610147401877,0.5023405035129418,0.3693393650868302,0.03144828582854621,0.022795253709013363,1.0,0.0,0.02688163904092593,0.004274817325760206,0.012319300402806094,0.010833795146641735,1.675
117853,126658,10.0,-10.0,/gpfs/bbp.cscs.ch/project/proj32/glusynapse_20190926_release/testing/zilberter_2009/simulations/L23PC_L23PC/117853-126658/10Hz_-10ms/simulation.batch,0.8155873419652024,0.40153213653472924,0.4923226684308458,0.26721686138642525,0.29787144984781866,2.0,0.0,0.47983383091510406,0.36988090577900223,661.6751494677723,29.906070754745656,6.921808804418754,2.0992877347119054,0.5562701724057255,0.3440674273264058,0.04186921713285098,0.035039454072431184,1.0,0.0,0.03691097248776798,0.016743293318075548,0.00993377793184707,0.0048248717802349865,0.8
1398,11507,10.0,-10.0,/gpfs/bbp.cscs.ch/project/proj32/glusynapse_20190926_release/testing/zilberter_2009/simulations/L23PC_L23PC/1398-11507/10Hz_-10ms/simulation.batch,1.3929627639713709,2.121616289165196,1.5230961975727308,0.5713672637063758,0.5139539147015655,4.0,0.5,0.5919410920563709,0.09635053615179574,624.1151178725958,103.24756136432913,16.492928023531537,20.695988922496415,0.6303569269775839,0.07197802640557525,0.043697909356071374,0.013675308752374802,1.0,0.0,0.02746786439305231,0.007215778965236851,0.029399246099374075,0.02844581131075105,1.9000000000000001
8959,24371,10.0,-10.0,/gpfs/bbp.cscs.ch/project/proj32/glusynapse_20190926_release/testing/zilberter_2009/simulations/L23PC_L23PC/8959-24371/10Hz_-10ms/simulation.batch,0.5182590522173475,1.6283371476454522,3.1419367219514776,0.2727678335769613,0.3082865094852856,3.0,0.0,0.44547044586828505,0.1484792825677319,879.1836639752918,78.20636319308963,12.663320484318831,8.504246891944451,0.563311253329162,0.0610487030147385,0.04090316635717515,0.010895797764853714,1.0,0.0,0.03336243274879111,0.006960893983868162,0.001869088945927467,0.0021245175818591566,2.7
124882,123922,10.0,-10.0,/gpfs/bbp.cscs.ch/project/proj32/glusynapse_20190926_release/testing/zilberter_2009/simulations/L23PC_L23PC/124882-123922/10Hz_-10ms/simulation.batch,0.6377490457158906,1.959509220396837,3.0725396353940986,0.3596889936027603,0.4561564404021351,5.0,0.0,0.28082408611136456,0.19306413207746573,619.1831548210054,116.18648315060464,4.503008998586931,8.409389019987275,0.46978162292273373,0.2876810619494091,0.04373343494851039,0.044176711956082575,1.2,0.4,0.030740567781406748,0.009730348974557098,0.000252388386891372,0.00028578407665362705,2.075
4597,13118,10.0,-10.0,/gpfs/bbp.cscs.ch/project/proj32/glusynapse_20190926_release/testing/zilberter_2009/simulations/L23PC_L23PC/4597-13118/10Hz_-10ms/simulation.batch,1.2061251376387505,2.30020665977923,1.9071044852629302,0.567435184816293,0.8507949689720614,2.0,0.0,0.6199708151096136,0.10656953346181963,684.410557286672,57.59216296290532,24.2653308795134,23.416193949376343,0.6995982273394645,0.0708706578668834,0.03163040947713189,0.00322190440925124,1.0,0.0,0.038028485686437796,0.007570860316040108,0.009864249158289786,0.0052463752900691355,0.925
8798,23624,10.0,-10.0,/gpfs/bbp.cscs.ch/project/proj32/glusynapse_20190926_release/testing/zilberter_2009/simulations/L23PC_L23PC/8798-23624/10Hz_-10ms/simulation.batch,0.12493896876405586,0.1245705515887425,0.9970512228573848,0.13685854392775954,0.13224159632761462,2.0,0.0,0.3471597627510137,0.015152822820954398,589.3561594146158,147.12297636409428,0.007223942671910511,0.007065331200997903,0.4595545696835864,0.06448714932101157,0.0530885260719534,0.007196502166074151,1.0,0.0,0.014401846335930897,0.00034312226071301667,0.00018825597943383733,0.0001283376503607175,1.7750000000000001
122774,123852,10.0,-10.0,/gpfs/bbp.cscs.ch/project/proj32/glusynapse_20190926_release/testing/zilberter_2009/simulations/L23PC_L23PC/122774-123852/10Hz_-10ms/simulation.batch,0.21950386459368285,0.04848133023909635,0.22086777528422433,0.16826807338518068,0.06389629478846716,2.0,1.0,0.4268886844713069,0.09884363774916638,863.3193448718064,78.02071737617354,26.88485213390244,10.834266524632048,0.5479400506468766,0.22637696223636633,0.03490490250442401,0.016613641126780605,1.0,0.0,0.027982635725616087,0.0021892769635969596,8.053318474163717e-05,1.3738358768454367e-05,2.95
4044,14116,10.0,-10.0,/gpfs/bbp.cscs.ch/project/proj32/glusynapse_20190926_release/testing/zilberter_2009/simulations/L23PC_L23PC/4044-14116/10Hz_-10ms/simulation.batch,1.0574208860295164,1.102912914306556,1.0430216850055387,0.5143824516655137,0.575182572539007,5.0,0.0,0.36001459727502966,0.1045642685351339,647.1594415341741,117.87868756255848,1.8737118150015977,3.3509640351832415,0.5433427863169858,0.11511303879161255,0.04362562331753489,0.012022297180257664,1.0,0.0,0.02278059290657821,0.007163018961180481,0.0007002228818090161,0.0005732470479359511,1.7000000000000002
123423,124702,10.0,-10.0,/gpfs/bbp.cscs.ch/project/proj32/glusynapse_20190926_release/testing/zilberter_2009/simulations/L23PC_L23PC/123423-124702/10Hz_-10ms/simulation.batch,0.2565509577093619,0.04558423112239704,0.177681001581128,0.26240988185218556,0.11621006176484128,2.0,0.5,0.3172113166681473,0.11351434629694307,664.9417953672303,248.64258359354204,0.05138467195143321,0.047359909871084786,0.35262948898124474,0.15010779051627934,0.036717862878682825,0.019864228341343274,1.0,0.0,0.021444847936100287,0.003151498445125297,0.011482681535920646,0.011439829931079856,1.5250000000000001
2038,15566,10.0,-10.0,/gpfs/bbp.cscs.ch/project/proj32/glusynapse_20190926_release/testing/zilberter_2009/simulations/L23PC_L23PC/2038-15566/10Hz_-10ms/simulation.batch,0.5305534341265097,0.4874110331863404,0.9186841547615314,0.4575285961036567,0.4471854638895963,2.0,0.0,0.41740142129963426,0.16189020743975885,681.6546554081963,85.50527854392823,0.9697719396456439,0.6230954730486453,0.6034847794664064,0.38231783428124044,0.07392348853823526,0.055148779317132,1.0,0.0,0.01532305996669844,0.0032755310389359915,0.0007505908090911118,6.844389506090463e-05,0.875
22908,15555,10.0,-10.0,/gpfs/bbp.cscs.ch/project/proj32/glusynapse_20190926_release/testing/zilberter_2009/simulations/L23PC_L23PC/22908-15555/10Hz_-10ms/simulation.batch,1.8963590387463092,2.7121707908426655,1.4301989947197409,0.5230842696042227,0.6107678472822626,4.0,0.0,0.5749767099628516,0.2652601035011292,579.343418283998,81.41030763531636,9.300240665713709,14.037669307658755,0.6739282048924241,0.1910628131705776,0.05659801105270647,0.015276020739816053,1.0,0.0,0.024707772836976248,0.009906895213162284,0.001233431893321972,0.0004900704209154322,1.625
22764,12701,10.0,-10.0,/gpfs/bbp.cscs.ch/project/proj32/glusynapse_20190926_release/testing/zilberter_2009/simulations/L23PC_L23PC/22764-12701/10Hz_-10ms/simulation.batch,0.8433415308818916,1.534287499798567,1.8192955565631228,0.4301107176772832,0.5112008931250955,2.0,0.0,0.5828423517551211,0.07704317854018616,567.951956581551,100.67633836859156,14.46250962185548,7.281377182913568,0.4749539239285896,0.03303396316613627,0.04573816390492479,0.005280847444328607,1.0,0.0,0.017448815879501412,0.0031579708469365005,0.013456656267164586,0.0061865659083954515,0.875
125319,118407,10.0,-10.0,/gpfs/bbp.cscs.ch/project/proj32/glusynapse_20190926_release/testing/zilberter_2009/simulations/L23PC_L23PC/125319-118407/10Hz_-10ms/simulation.batch,2.003612186598015,0.863466293498698,0.43095480216897647,0.7801312434923838,0.4656679931671631,5.0,0.4,0.4962762647632797,0.23124149670771674,644.703646202184,78.96460481457927,6.8435141123250105,8.996325138916955,0.522368522333234,0.2526751668230924,0.031308646335908255,0.016693176919415676,1.0,0.0,0.03399423196042729,0.005577627945181224,0.0012366007891782876,0.0013051363913312247,1.4500000000000002
2862,12456,10.0,-10.0,/gpfs/bbp.cscs.ch/project/proj32/glusynapse_20190926_release/testing/zilberter_2009/simulations/L23PC_L23PC/2862-12456/10Hz_-10ms/simulation.batch,0.7347705984542616,1.680349888777085,2.2869040926678887,0.4656510541715646,0.33593395858483593,2.0,0.0,0.6086253295589032,0.0679053420643198,654.5978008894648,44.983786292835475,24.191686704785834,20.239828284906093,0.6781451043621729,0.16542456604135897,0.05337292172060977,0.018325387693185795,1.0,0.0,0.022972467176144408,0.0031080021779543564,0.0075463142355985755,0.0013373849657498543,1.75
724,15573,10.0,-10.0,/gpfs/bbp.cscs.ch/project/proj32/glusynapse_20190926_release/testing/zilberter_2009/simulations/L23PC_L23PC/724-15573/10Hz_-10ms/simulation.batch,2.7780247316944346,3.648220809604514,1.3132427396999127,0.881446683273982,1.1011198699782987,7.0,0.7142857142857143,0.4387815429612873,0.3299715453583782,665.2064388381681,75.48341424684995,10.665862312894808,10.40792717312054,0.5768952287342806,0.39223829201929405,0.0504360655176054,0.025935164151588738,1.0,0.0,0.023775918128562112,0.01240985065527554,0.06056360401394079,0.043435214710212236,1.6500000000000001
3879,23290,10.0,-10.0,/gpfs/bbp.cscs.ch/project/proj32/glusynapse_20190926_release/testing/zilberter_2009/simulations/L23PC_L23PC/3879-23290/10Hz_-10ms/simulation.batch,0.8342343158847237,1.4179097097484137,1.6996540213581233,0.5860657105436018,0.5353592968216826,5.0,0.2,0.29314511732945014,0.19219934622327764,705.0521334843353,102.68383792172169,5.376143071744138,5.3862709778736395,0.43300104241746834,0.3357533083867292,0.0378718470530742,0.03723267236970273,1.0,0.0,0.024999688179604147,0.004912988434141418,0.018154283334755515,0.036113586007241155,2.325
13202,9796,10.0,-10.0,/gpfs/bbp.cscs.ch/project/proj32/glusynapse_20190926_release/testing/zilberter_2009/simulations/L23PC_L23PC/13202-9796/10Hz_-10ms/simulation.batch,0.7989875947945196,1.039256285886209,1.300716422453944,0.4114575760204447,0.3570099140479061,3.0,0.6666666666666666,0.4922917946470702,0.24834645095623756,735.197935823017,17.929156717346753,20.836663073862656,14.125653987890749,0.6525167917799558,0.24809536173871044,0.0466915473972044,0.010556912124694706,1.0,0.0,0.029030460154314267,0.011028926462943784,0.05040362404855093,0.03457411051149191,1.925
126381,126265,10.0,-10.0,/gpfs/bbp.cscs.ch/project/proj32/glusynapse_20190926_release/testing/zilberter_2009/simulations/L23PC_L23PC/126381-126265/10Hz_-10ms/simulation.batch,0.3124638332188859,0.05324340269635973,0.17039860948982816,0.17090490393617394,0.08860943186232602,4.0,1.0,0.2658104817439222,0.24376795936810486,663.173467823981,84.99128845618927,13.15306930620431,13.709400533262901,0.29295565230489534,0.11732629709506466,0.02107715916049345,0.009274795053377548,1.0,0.0,0.029189358529701483,0.004381918007638743,0.0002980742124730097,0.00045760258218634453,3.6500000000000004
15127,4853,10.0,-10.0,/gpfs/bbp.cscs.ch/project/proj32/glusynapse_20190926_release/testing/zilberter_2009/simulations/L23PC_L23PC/15127-4853/10Hz_-10ms/simulation.batch,1.3207505450742472,3.1284692750452416,2.3687056474917996,0.5493953633660245,0.5905192835760547,3.0,0.0,0.41750011605290416,0.25548604511068296,618.0430703443539,62.111662401930104,8.610395761178525,5.078962946897876,0.6831474725928312,0.4543025538673176,0.03767418206754847,0.02100377983597103,1.0,0.0,0.04646886044871921,0.013152097402165414,0.0001916848060693404,7.321833447195899e-05,2.7750000000000004
7114,24889,10.0,-10.0,/gpfs/bbp.cscs.ch/project/proj32/glusynapse_20190926_release/testing/zilberter_2009/simulations/L23PC_L23PC/7114-24889/10Hz_-10ms/simulation.batch,2.599774830329977,3.344822774754491,1.2865817207446189,0.5737951124447306,0.5922238811619144,7.0,0.0,0.5022862471766509,0.2563234262793265,738.9672153985357,139.87908844161512,8.312679610561807,9.577324646885677,0.650098972396063,0.33707949348730726,0.04242131171038493,0.02131183964006734,1.0,0.0,0.02660175924903945,0.009681728402539797,0.01741008101217118,0.003584208409175829,0.925
5696,9868,10.0,-10.0,/gpfs/bbp.cscs.ch/project/proj32/glusynapse_20190926_release/testing/zilberter_2009/simulations/L23PC_L23PC/5696-9868/10Hz_-10ms/simulation.batch,1.6960698236453025,3.501540022600658,2.0645022827391166,0.5550271243662561,0.5737263423116737,6.0,0.16666666666666666,0.49455367523340527,0.24402211302258867,647.537817443761,99.97492561486992,4.394057242939008,5.356438510786946,0.7243489241603482,0.4106079117713736,0.0515040057817699,0.040280457689693475,1.1666666666666667,0.37267799624996495,0.03138052375416052,0.010144591658662121,0.0032053166200261135,0.0031453485810685592,1.4500000000000002
113897,119189,10.0,-10.0,/gpfs/bbp.cscs.ch/project/proj32/glusynapse_20190926_release/testing/zilberter_2009/simulations/L23PC_L23PC/113897-119189/10Hz_-10ms/simulation.batch,1.0316616633489162,0.5209921727615772,0.505002939694749,0.4518687860666337,0.4045068048176196,6.0,1.0,0.3642957509568425,0.23601691117986426,661.9762868218263,97.51266060228596,1.1039246001154766,2.2875549008410005,0.6036442737748945,0.38376077878012815,0.03563957093152149,0.02193195036361658,1.0,0.0,0.030873158130520755,0.013664065054810121,0.007127018961086993,0.009489472707576165,1.35
6618,9212,10.0,-10.0,/gpfs/bbp.cscs.ch/project/proj32/glusynapse_20190926_release/testing/zilberter_2009/simulations/L23PC_L23PC/6618-9212/10Hz_-10ms/simulation.batch,0.7017840122510378,1.8979964848289599,2.704530812466016,0.4436676549104275,0.5370948608362647,4.0,0.25,0.3913043568185051,0.21295861639022398,826.2700793001729,214.35046060225056,2.4316179820261627,3.783363369696648,0.45906971562581356,0.14098548477702072,0.048402919490792125,0.03311162732506021,1.0,0.0,0.026121187466616413,0.016215247507184515,0.008569939365439774,0.008972981991988673,1.7750000000000001
6430,15305,10.0,-10.0,/gpfs/bbp.cscs.ch/project/proj32/glusynapse_20190926_release/testing/zilberter_2009/simulations/L23PC_L23PC/6430-15305/10Hz_-10ms/simulation.batch,0.08712753048154553,0.6341726212280396,7.27867090600443,0.12733684640153228,0.26366925830560034,3.0,0.0,0.18578082019187556,0.09742441411715952,702.5354721978583,129.96639651992064,11.695578403441472,16.235208509852384,0.2666341163139323,0.051024338887515897,0.01764648516274141,0.004309659427436571,1.0,0.0,0.02494903361099567,0.0018702483474417274,0.00019065274721062882,0.00020028080621426177,1.0
120105,125774,10.0,-10.0,/gpfs/bbp.cscs.ch/project/proj32/glusynapse_20190926_release/testing/zilberter_2009/simulations/L23PC_L23PC/120105-125774/10Hz_-10ms/simulation.batch,0.5402729389058624,0.677252465013476,1.2535376404100838,0.30421174638751125,0.32147795852789396,3.0,0.0,0.4683075412677051,0.24759200709908308,627.2730042530326,113.6964473369567,23.30922704132239,30.576186028243082,0.5793658265030821,0.3027397866263044,0.031455915416609644,0.01310810795563088,1.0,0.0,0.03069194003291914,0.005561134980166776,0.005208967656077561,0.0023498889712013993,1.7750000000000001
12834,14728,10.0,-10.0,/gpfs/bbp.cscs.ch/project/proj32/glusynapse_20190926_release/testing/zilberter_2009/simulations/L23PC_L23PC/12834-14728/10Hz_-10ms/simulation.batch,0.4211215262768396,0.9499900244878091,2.2558571937339025,0.34628375965345687,0.38274211949935283,3.0,0.0,0.3627140156818778,0.19178480762805164,680.7340611836806,45.24124591412757,4.8052448951940745,5.760969754609213,0.3586877903319077,0.2100640620471806,0.03627295274397624,0.017368983307511004,1.0,0.0,0.018661398708139505,0.008987364746277706,0.0030762137900685565,0.004123181339062275,1.375
3335,15231,10.0,-10.0,/gpfs/bbp.cscs.ch/project/proj32/glusynapse_20190926_release/testing/zilberter_2009/simulations/L23PC_L23PC/3335-15231/10Hz_-10ms/simulation.batch,3.4768135745879927,5.558675674168427,1.598784506249271,0.6304174233919781,0.5892861373599808,8.0,0.25,0.5014494451697891,0.2741219149841609,661.2620804703798,99.48544053273359,10.883173274711128,20.707231907410375,0.7849291878789038,0.460396259184658,0.05732229925089423,0.029603712660118055,1.25,0.4330127018922193,0.0331402221131311,0.013707948544430693,0.0024809521836544153,0.002362805088835958,2.975
7852,16958,10.0,-10.0,/gpfs/bbp.cscs.ch/project/proj32/glusynapse_20190926_release/testing/zilberter_2009/simulations/L23PC_L23PC/7852-16958/10Hz_-10ms/simulation.batch,3.1488489855726045,5.174737378441837,1.6433742621991234,0.6229332932334394,0.7236484599074507,7.0,0.0,0.45356527251717094,0.2646675372637482,622.2863299370875,94.77052878678481,8.134211962204406,13.558804998418806,0.6835100131750387,0.4071082448994207,0.05322740502443248,0.03288919934930944,1.2857142857142858,0.45175395145262565,0.02751680297838119,0.006169333442452509,0.002359917529115773,0.0018259858887098076,1.475
117912,120116,10.0,-10.0,/gpfs/bbp.cscs.ch/project/proj32/glusynapse_20190926_release/testing/zilberter_2009/simulations/L23PC_L23PC/117912-120116/10Hz_-10ms/simulation.batch,0.5842883012048048,0.7601268598889833,1.300944856026723,0.3955237877432951,0.3825598840146104,3.0,0.0,0.30372735621157676,0.2478218191491696,589.2334731673517,54.71454261833544,21.23075471224273,14.086247680265716,0.3809649233341741,0.24423026506806256,0.04202957735418966,0.03217349592768056,1.0,0.0,0.01898289477343296,0.004650116129873857,0.001972605254291373,0.000944029660667419,1.3
14856,5000,10.0,-10.0,/gpfs/bbp.cscs.ch/project/proj32/glusynapse_20190926_release/testing/zilberter_2009/simulations/L23PC_L23PC/14856-5000/10Hz_-10ms/simulation.batch,0.21220665760363672,0.9477605006065016,4.4662147328890365,0.27371309225211177,0.4587744768304703,2.0,0.0,0.2592694501808802,0.055240339942259895,597.4453240011503,51.55346105135533,7.883658921708895,7.6959516783361845,0.32898817448709555,0.13987142536201067,0.022002761718447644,0.013376207444446437,1.0,0.0,0.028972972549628155,0.00613122688735139,0.010624265431094085,0.004752719190979957,1.25
122229,121200,10.0,-10.0,/gpfs/bbp.cscs.ch/project/proj32/glusynapse_20190926_release/testing/zilberter_2009/simulations/L23PC_L23PC/122229-121200/10Hz_-10ms/simulation.batch,2.7440918471997113,2.625092759758664,0.956634437159061,0.7432055878443545,0.7092404945003695,4.0,0.0,0.6397862018925327,0.1344574693619863,584.8542801452754,44.82691619830386,11.57291611239584,11.287260931958436,1.0267892262811298,0.42374368360176157,0.07697699371896594,0.030555164188865464,1.25,0.4330127018922193,0.025984019104422044,0.002008578812122644,0.010780724164498084,0.004670081797833486,0.875
7833,6991,10.0,-10.0,/gpfs/bbp.cscs.ch/project/proj32/glusynapse_20190926_release/testing/zilberter_2009/simulations/L23PC_L23PC/7833-6991/10Hz_-10ms/simulation.batch,0.4704935281516716,1.1080293152487037,2.355036252255337,0.49773737887967023,0.6690257675129955,4.0,0.75,0.19415925160812392,0.08657649873727898,723.8529352221362,134.856377580553,6.030118941174645,8.236608589519147,0.38359408217835567,0.0722642318584076,0.03411160377675988,0.010133762389008089,1.0,0.0,0.020979854236152565,0.00388834046468393,0.05540461699690153,0.03488463189345801,1.425
8039,11865,10.0,-10.0,/gpfs/bbp.cscs.ch/project/proj32/glusynapse_20190926_release/testing/zilberter_2009/simulations/L23PC_L23PC/8039-11865/10Hz_-10ms/simulation.batch,1.6962125586304917,2.9531193974485066,1.741007860378555,0.41344469555495184,0.5054771651838423,4.0,0.0,0.4744614302227297,0.34592659783833646,673.0224500650543,22.92514444978856,26.572565749374853,36.41591447050294,0.7660649660193493,0.4979272090497354,0.06575954749044657,0.0432492111174916,1.0,0.0,0.024390004101259195,0.008872430758845026,0.007701587905375377,0.007980773909966044,2.0500000000000003
25795,14702,10.0,-10.0,/gpfs/bbp.cscs.ch/project/proj32/glusynapse_20190926_release/testing/zilberter_2009/simulations/L23PC_L23PC/25795-14702/10Hz_-10ms/simulation.batch,1.1683114720633765,1.121375682545427,0.9598259619628187,0.5275180646865094,0.5344321517070695,2.0,0.0,0.6463953486222926,0.07574262270377385,706.8562510549689,14.572796555162483,14.492105487741858,12.617538277321993,0.8706337303056652,0.329857452596379,0.07785054129506958,0.02299663006977421,1.0,0.0,0.021279058555844468,0.0008271346921954158,0.0009405811544022291,0.0008729064222908299,1.6500000000000001
124722,114247,10.0,-10.0,/gpfs/bbp.cscs.ch/project/proj32/glusynapse_20190926_release/testing/zilberter_2009/simulations/L23PC_L23PC/124722-114247/10Hz_-10ms/simulation.batch,2.073243884398027,0.4602709148941661,0.2220051959915981,0.6809184899562395,0.3880126110951673,3.0,1.0,0.5822229685877421,0.3641415360132272,691.6362739010955,53.25473011337025,22.610040187742403,18.32537542659165,0.7417143979143962,0.3768731762259666,0.049393899155787735,0.03288083194330899,1.0,0.0,0.03697087327121302,0.011673741935009864,7.686256595226155e-05,7.193198736531103e-05,2.4000000000000004
3582,22858,10.0,-10.0,/gpfs/bbp.cscs.ch/project/proj32/glusynapse_20190926_release/testing/zilberter_2009/simulations/L23PC_L23PC/3582-22858/10Hz_-10ms/simulation.batch,0.26377628032257644,0.6454934330708322,2.4471246325918594,0.26880482943848066,0.3815434315421167,3.0,0.0,0.1982024719448242,0.1018361793404406,713.1012134810138,164.59177705137554,41.63526104021251,52.20717732352424,0.31014068531084504,0.14805931620431848,0.03289061232156113,0.006394176278450917,1.0,0.0,0.01479877397866331,0.006039623420939459,0.007812433031901082,0.004199200088408908,1.3
9645,11458,10.0,-10.0,/gpfs/bbp.cscs.ch/project/proj32/glusynapse_20190926_release/testing/zilberter_2009/simulations/L23PC_L23PC/9645-11458/10Hz_-10ms/simulation.batch,1.4269160314752265,1.4321439512213552,1.003663789340655,0.6818605683150195,0.5935366334796993,2.0,0.0,0.6782564948604521,0.0530694289882619,605.7283808381965,4.305978421328007,9.895060570843016,9.285486193497835,1.074976310160129,0.01109054231365747,0.060487116188822646,0.007912161774369656,1.0,0.0,0.039305500430329765,0.011022322745057229,0.0005374484690727029,0.00027687998508578904,2.3000000000000003
123959,121769,10.0,-10.0,/gpfs/bbp.cscs.ch/project/proj32/glusynapse_20190926_release/testing/zilberter_2009/simulations/L23PC_L23PC/123959-121769/10Hz_-10ms/simulation.batch,0.39044113865574015,0.2827438782782669,0.724165182111017,0.28752240632724635,0.21306118477922434,4.0,1.0,0.32159371862464686,0.186266662992758,675.5907483138827,77.68408277470539,15.818143451462822,19.81320536844,0.4908390658707064,0.18757155427866526,0.0349702615185639,0.011494997198538895,1.0,0.0,0.026481463517199638,0.009473895467790028,0.0048385121740202085,0.00787704317859677,1.2750000000000001
2751,4154,10.0,-10.0,/gpfs/bbp.cscs.ch/project/proj32/glusynapse_20190926_release/testing/zilberter_2009/simulations/L23PC_L23PC/2751-4154/10Hz_-10ms/simulation.batch,1.1716590764714403,0.5836763579444112,0.49816228087628234,0.23942243357955995,0.2785061719789784,2.0,0.5,0.5073248123689117,0.38169693267896776,641.1660858965413,103.53638687695172,24.665006498247507,23.747918982726688,0.5790070051688527,0.45249682818399944,0.0868647856434728,0.07771665018081352,1.5,0.5,0.01630830383467885,0.0061297104455034996,0.02867402722627138,0.0009589688787130287,1.175
2330,15134,10.0,-10.0,/gpfs/bbp.cscs.ch/project/proj32/glusynapse_20190926_release/testing/zilberter_2009/simulations/L23PC_L23PC/2330-15134/10Hz_-10ms/simulation.batch,0.9830618385036272,2.5131606057091105,2.556462378332711,0.40022307405366,0.4941127683078382,3.0,0.0,0.5816398351001587,0.1398044333376257,709.5243068985001,86.74992197118786,8.924913994941612,6.721489847949094,0.7001900674749034,0.15450116470605668,0.0551557481975209,0.0020376901290229178,1.0,0.0,0.021844605555125712,0.00436320176236583,0.010524249293965303,0.003659739361595277,1.875
124307,120213,10.0,-10.0,/gpfs/bbp.cscs.ch/project/proj32/glusynapse_20190926_release/testing/zilberter_2009/simulations/L23PC_L23PC/124307-120213/10Hz_-10ms/simulation.batch,0.631854823055877,1.3378064519650947,2.1172687192526,0.3522067459448347,0.45406117853688227,4.0,0.25,0.3328294633389716,0.21809692067902425,729.9930444735314,124.64523693714595,2.11493359174182,2.9182576935874676,0.39874333729718436,0.14461506060999305,0.03507172195397677,0.018676535613291557,1.0,0.0,0.03153535389941731,0.0137295541798412,0.008879186900776562,0.010276647530802456,1.55
11255,24207,10.0,10.0,/gpfs/bbp.cscs.ch/project/proj32/glusynapse_20190926_release/testing/zilberter_2009/simulations/L23PC_L23PC/11255-24207/10Hz_10ms/simulation.batch,0.5389472533856124,0.18084381834589014,0.3355501251928597,0.3478633879298356,0.22845400546357583,3.0,1.0,0.34280213550400607,0.2870185629165898,652.793760492574,131.58710796348072,3.825055542166996,2.731629886609781,0.5236921018690629,0.28291179359989704,0.04657135870265624,0.02694579230410923,1.0,0.0,0.08067261081095023,0.02993655637069209,3.588444732359782e-05,9.557202949594798e-06,4.800000000000001
9740,2924,10.0,10.0,/gpfs/bbp.cscs.ch/project/proj32/glusynapse_20190926_release/testing/zilberter_2009/simulations/L23PC_L23PC/9740-2924/10Hz_10ms/simulation.batch,2.1464521692582585,2.0270259387897265,0.9443611033225111,0.6212610077814381,0.6829955086036607,4.0,0.5,0.5299228722608379,0.27247606983327055,686.4810782851882,66.37923115675191,0.8802346308217602,1.476106215222057,0.6910305875657546,0.33646590045886776,0.05220897348061072,0.00827628242303533,1.0,0.0,0.022159873250058602,0.0076606797140958745,0.003969064268369272,0.0040920420392703315,0.75
23411,14318,10.0,10.0,/gpfs/bbp.cscs.ch/project/proj32/glusynapse_20190926_release/testing/zilberter_2009/simulations/L23PC_L23PC/23411-14318/10Hz_10ms/simulation.batch,0.5360827112702149,1.3218076043859992,2.4656784794533992,0.39908950494615475,0.4621782562043818,4.0,0.25,0.3279471350934584,0.08382539646346546,720.8919821479248,122.64672103968843,11.313595353422949,16.404185497705946,0.29508216085433703,0.10445084219048936,0.02156344148190268,0.005596994166615482,1.0,0.0,0.023135672325380267,0.008089095436324481,0.02489772449051905,0.02947814101979901,1.625
3922,22161,10.0,10.0,/gpfs/bbp.cscs.ch/project/proj32/glusynapse_20190926_release/testing/zilberter_2009/simulations/L23PC_L23PC/3922-22161/10Hz_10ms/simulation.batch,3.938935872280577,6.532115189318387,1.6583451472989843,0.9410231125710602,1.1144364814707617,8.0,0.0,0.5759799820169799,0.25475420001473986,656.8280310641834,90.37854024568011,25.014451133054404,33.51404021370179,0.7137587250969949,0.4450286204463536,0.04730416045101267,0.02706605087201797,1.0,0.0,0.03142470193740525,0.008098416788794699,0.0009735944663245999,0.0009815223940941632,1.55
10434,7442,10.0,10.0,/gpfs/bbp.cscs.ch/project/proj32/glusynapse_20190926_release/testing/zilberter_2009/simulations/L23PC_L23PC/10434-7442/10Hz_10ms/simulation.batch,2.3929077237961263,2.400917154771082,1.0033471541318983,0.3620703281324904,0.35398602208738567,3.0,0.0,0.7277665309327448,0.2533796274214884,544.5876288451901,127.81253582037988,2.0923081873824434,2.103576513308175,1.899132977959308,1.140672058470291,0.1200184563307799,0.07202587412581796,2.0,0.816496580927726,0.031861340687206495,0.00822299360681418,0.0008644699710801566,0.0005340396711557511,2.075
121566,118366,10.0,10.0,/gpfs/bbp.cscs.ch/project/proj32/glusynapse_20190926_release/testing/zilberter_2009/simulations/L23PC_L23PC/121566-118366/10Hz_10ms/simulation.batch,1.7222714716953988,0.8320313531427777,0.483101164257066,0.5382627100585098,0.5058246249255829,5.0,1.0,0.3989208495004424,0.25514052928901343,611.1870956825265,81.37930024357001,3.996482863093873,4.977117172558994,0.5584844820184962,0.2621962266635268,0.03518307211400359,0.020575380629975312,1.0,0.0,0.03883569052268487,0.012625916749350078,0.0001552492855951043,0.00025688353707139106,1.5750000000000002
118292,113391,10.0,10.0,/gpfs/bbp.cscs.ch/project/proj32/glusynapse_20190926_release/testing/zilberter_2009/simulations/L23PC_L23PC/118292-113391/10Hz_10ms/simulation.batch,4.26012990610852,3.7569305539729863,0.8818816882992216,0.8876266432129694,1.2515261756012128,3.0,0.3333333333333333,0.6458599512126022,0.2805835086371813,638.0497774764108,14.807455251801347,18.92205578080766,13.390948131516001,0.8020611369807408,0.4207174643311558,0.06322899565049703,0.0384686402447199,1.3333333333333333,0.4714045207910317,0.028715761988669933,0.004082462337026486,0.013583444225467178,0.012791399908654173,1.9000000000000001
123689,124240,10.0,10.0,/gpfs/bbp.cscs.ch/project/proj32/glusynapse_20190926_release/testing/zilberter_2009/simulations/L23PC_L23PC/123689-124240/10Hz_10ms/simulation.batch,1.3769321176326264,1.3349661763533163,0.9695221422015614,0.5827422027537358,0.4724233702276911,4.0,0.5,0.4832905448361867,0.173953116449769,598.8163823318964,72.77983705992044,2.3113569400603717,2.348158746175678,0.6215899137322535,0.2689733533439792,0.046066530167828336,0.022646827787246464,1.0,0.0,0.03017669512995818,0.008579317307556612,0.0004021743171621822,0.0006161537981023556,3.125
10060,12873,10.0,10.0,/gpfs/bbp.cscs.ch/project/proj32/glusynapse_20190926_release/testing/zilberter_2009/simulations/L23PC_L23PC/10060-12873/10Hz_10ms/simulation.batch,0.24509534993087242,0.6849719378247895,2.7947161707391897,0.2420174706412942,0.33296355280339746,2.0,0.0,0.35591764665169767,0.1995487883753944,600.8770014278398,29.940239157678832,73.39475510447642,67.74222402810753,0.3828248521815185,0.06600001802588176,0.024375532238690163,0.006270629771664612,1.0,0.0,0.026422685432983716,0.0025810369669556008,0.007944493832898828,0.004211654047948826,1.8250000000000002
3153,2393,10.0,10.0,/gpfs/bbp.cscs.ch/project/proj32/glusynapse_20190926_release/testing/zilberter_2009/simulations/L23PC_L23PC/3153-2393/10Hz_10ms/simulation.batch,1.7647762658034054,2.0420856671047907,1.157135726876484,0.5942760976104249,0.5111611093650139,6.0,0.5,0.42131819649234914,0.27497262097310804,630.7053059156534,77.08608807145143,7.2042977167286075,12.052175193041432,0.6454366670479124,0.38406300422698314,0.04060766356185507,0.018013854717896353,1.0,0.0,0.02784408022253652,0.006830374891303475,0.01488912094362057,0.01423860855308447,1.5250000000000001
15791,12266,10.0,10.0,/gpfs/bbp.cscs.ch/project/proj32/glusynapse_20190926_release/testing/zilberter_2009/simulations/L23PC_L23PC/15791-12266/10Hz_10ms/simulation.batch,1.1304106984896323,1.2344420214250038,1.0920296694594012,0.6220722395029061,0.5520086432065643,2.0,1.0,0.49928812458723193,0.28846838065823055,764.398689266294,13.784859440114872,58.083437654481045,58.07000557177783,0.7619856631881669,0.39916793605893053,0.03560113641215286,0.016739968169239793,1.0,0.0,0.03906697881597283,0.0027770032396296465,0.06602323997891557,0.009963187441322702,1.55
1662,7134,10.0,10.0,/gpfs/bbp.cscs.ch/project/proj32/glusynapse_20190926_release/testing/zilberter_2009/simulations/L23PC_L23PC/1662-7134/10Hz_10ms/simulation.batch,1.6279044978828268,2.2280169597005814,1.3686410735999757,0.47144573523744926,0.5736141997479257,3.0,0.0,0.6009538318281942,0.2285415758193188,754.8895445753157,92.68389085468715,2.778462679831881,2.149817831269027,0.7628768057587724,0.3492263962167445,0.058839559267462795,0.02510816313274565,1.3333333333333333,0.4714045207910317,0.021747414826378268,0.0014884985869712242,0.0015348060045786611,0.0019076580223777897,1.7750000000000001
16608,5725,10.0,10.0,/gpfs/bbp.cscs.ch/project/proj32/glusynapse_20190926_release/testing/zilberter_2009/simulations/L23PC_L23PC/16608-5725/10Hz_10ms/simulation.batch,0.41840845865520154,0.45779611252662894,1.0941368489490448,0.3514103784029932,0.33593042099829507,2.0,0.5,0.34118595885619185,0.224358668861816,756.0496660556958,18.279051159223684,27.87818482525479,21.249015136973828,0.37788548678419365,0.2953289874919567,0.02673220930084758,0.022598182105155983,1.0,0.0,0.026998160609451875,0.004939558114058145,0.081535390883998,0.08109872329994386,1.6500000000000001
123595,125298,10.0,10.0,/gpfs/bbp.cscs.ch/project/proj32/glusynapse_20190926_release/testing/zilberter_2009/simulations/L23PC_L23PC/123595-125298/10Hz_10ms/simulation.batch,0.9337252174730267,1.2488875940095523,1.3375322532141314,0.25515460039994203,0.22687377932394107,3.0,0.0,0.6067914465631332,0.33816727117931733,716.3173557520153,154.56825112149525,1.4386963678191271,1.0834636744609365,0.7765666178790251,0.367742170392206,0.07694837709751672,0.05660498564744089,1.3333333333333333,0.4714045207910317,0.02197854944104423,0.0071598025518421655,0.00840851496129979,0.0016602591594773754,1.5750000000000002
14144,12681,10.0,10.0,/gpfs/bbp.cscs.ch/project/proj32/glusynapse_20190926_release/testing/zilberter_2009/simulations/L23PC_L23PC/14144-12681/10Hz_10ms/simulation.batch,0.7162913323854257,0.07641783395167015,0.10668540926941002,0.30520115096092515,0.1487194112221734,2.0,1.0,0.5784407404979284,0.1287667695386776,958.3370016457222,160.96548381730491,0.2936221211325686,0.04413251780040088,0.7717664350408702,0.2559558682020558,0.040526851490080805,0.015771195625238963,1.0,0.0,0.031514523587626804,0.002084314780021289,0.05791933775354454,0.007063927973773802,1.225
10351,24870,10.0,10.0,/gpfs/bbp.cscs.ch/project/proj32/glusynapse_20190926_release/testing/zilberter_2009/simulations/L23PC_L23PC/10351-24870/10Hz_10ms/simulation.batch,3.043379914362585,1.700026922248743,0.5585983249169212,0.2894951267342017,0.45213081847801523,4.0,0.0,0.8029438787846415,0.11050637463023925,728.7218463366987,184.1275204560687,11.354708911444794,18.20507150740791,1.2347846348789815,0.5090919390878857,0.08135147886487239,0.030573807213181182,1.5,0.5,0.06645015522592465,0.02729318407009195,0.00018914696939213558,0.000230576370333075,2.375
5380,14038,10.0,10.0,/gpfs/bbp.cscs.ch/project/proj32/glusynapse_20190926_release/testing/zilberter_2009/simulations/L23PC_L23PC/5380-14038/10Hz_10ms/simulation.batch,1.486816290275401,1.1539023555973291,0.7760893952699384,0.3077231673383164,0.33702248367376525,12.0,0.08333333333333333,0.3995618917457355,0.2742781093937824,689.4626228978759,72.19249433210135,20.831879925051762,29.297256869932287,0.6067447689268021,0.3544626671251095,0.04250612664073062,0.023711529390430496,1.0,0.0,0.029742014949314832,0.01149805201631457,0.025382358645094694,0.007875115685121873,1.425
11631,26456,10.0,10.0,/gpfs/bbp.cscs.ch/project/proj32/glusynapse_20190926_release/testing/zilberter_2009/simulations/L23PC_L23PC/11631-26456/10Hz_10ms/simulation.batch,1.7320401043616622,3.4383062255387653,1.9851192919149767,0.48707479325876346,0.36812324027939586,3.0,0.0,0.4392166972811122,0.302889106372878,704.8804909431625,197.04930389295814,3.1592930382072573,4.025662081316238,0.7321241699837907,0.570829437303404,0.055891673967871695,0.05928672110976743,1.3333333333333333,0.4714045207910317,0.05033946635104519,0.031823170445576414,0.0006117064138694126,0.00017767056216380837,2.075
14530,22188,10.0,10.0,/gpfs/bbp.cscs.ch/project/proj32/glusynapse_20190926_release/testing/zilberter_2009/simulations/L23PC_L23PC/14530-22188/10Hz_10ms/simulation.batch,1.585592753042072,3.8058648047387775,2.4002788846234044,0.7221149503174843,0.8530652703839406,6.0,0.0,0.380794196464467,0.22006864650439897,628.2356409289652,100.21043257038755,21.134166339121293,35.50200389980778,0.5448419182236187,0.32566564097732903,0.0430347351786414,0.025263611382721398,1.0,0.0,0.023687169440015976,0.0060811399437398946,0.00040310349528095094,0.00013944574898388184,1.7000000000000002
5287,22282,10.0,10.0,/gpfs/bbp.cscs.ch/project/proj32/glusynapse_20190926_release/testing/zilberter_2009/simulations/L23PC_L23PC/5287-22282/10Hz_10ms/simulation.batch,1.280344689373164,1.278718864149632,0.9987301659959024,0.831680735644815,0.8318635978023508,2.0,0.0,0.5457218235895975,0.03734025124291884,617.15256868341,102.34256358212559,0.10690859043407826,0.10643663520444753,1.0719871115199697,0.1866859060058677,0.07467128024895353,0.02363967326843696,1.0,0.0,0.02721527588247951,0.00228040494425113,0.00017825804090215323,5.4873461519294544e-05,1.875
4743,17695,10.0,10.0,/gpfs/bbp.cscs.ch/project/proj32/glusynapse_20190926_release/testing/zilberter_2009/simulations/L23PC_L23PC/4743-17695/10Hz_10ms/simulation.batch,1.2995105642046711,1.9372502841866048,1.490753778806134,0.2745184864686791,0.4939194140225786,4.0,0.25,0.6120297660864231,0.19073325244911626,715.4185754529193,206.93742667206024,30.746439810699037,25.14077680843959,0.6580592694413212,0.43311624385985903,0.04151069448439965,0.017033894028687137,1.0,0.0,0.025048373295371244,0.006932666073434907,0.03405767231649662,0.0028357678544498927,1.0
121282,118842,10.0,10.0,/gpfs/bbp.cscs.ch/project/proj32/glusynapse_20190926_release/testing/zilberter_2009/simulations/L23PC_L23PC/121282-118842/10Hz_10ms/simulation.batch,1.0346956886379455,1.6970497280770895,1.6401438091532543,0.4133791194641596,0.28925875774607573,4.0,0.5,0.4061495481125164,0.2738652287139958,758.4324967707621,186.7508082605072,37.77345824505015,48.82520520362522,0.5234495975940708,0.21711176688366976,0.038487538043139875,0.014932175169659551,1.0,0.0,0.025486740072457898,0.003949647358909534,0.0017954202684152439,0.0011336125855357369,1.225
4179,12552,10.0,10.0,/gpfs/bbp.cscs.ch/project/proj32/glusynapse_20190926_release/testing/zilberter_2009/simulations/L23PC_L23PC/4179-12552/10Hz_10ms/simulation.batch,2.401916039220681,3.347732265092018,1.3937757233921524,0.4737502668126336,0.3945686509506844,3.0,0.0,0.5859419347271307,0.362783746759711,706.2369891032766,126.45474416974079,52.006034470289535,49.77702182477819,0.8735466526967103,0.6345779017451136,0.06192106072808277,0.03144089198208079,1.3333333333333333,0.4714045207910317,0.021785145475169687,0.0068607834467218866,0.009653506958004644,0.005990765342932725,1.0250000000000001
119407,7216,10.0,10.0,/gpfs/bbp.cscs.ch/project/proj32/glusynapse_20190926_release/testing/zilberter_2009/simulations/L23PC_L23PC/119407-7216/10Hz_10ms/simulation.batch,3.4993295054927,6.477063567511001,1.850944175832633,0.8251437633957072,0.6207918126531085,6.0,0.3333333333333333,0.595810422459191,0.23034535748332477,668.9732342683448,108.75920119956903,13.157080863815203,19.986142095967733,0.8626765148025878,0.48991598332927005,0.058009816749577114,0.03166422781687436,1.1666666666666667,0.3726779962499649,0.02900320243250026,0.00792825499831978,0.025711995897660475,0.023953497763511956,1.25
122624,123437,10.0,10.0,/gpfs/bbp.cscs.ch/project/proj32/glusynapse_20190926_release/testing/zilberter_2009/simulations/L23PC_L23PC/122624-123437/10Hz_10ms/simulation.batch,0.6332855342836025,0.7579144873338286,1.196797410178035,0.3275114645722168,0.46437207372152517,3.0,0.0,0.35295022729721687,0.21140117827043328,755.2339870498641,86.15540613955739,6.486119250592317,9.093671249644968,0.5148434112581014,0.22585188904187117,0.04492449595506117,0.013480284583699494,1.0,0.0,0.031673227035838795,0.02196221704256513,0.003308666994268779,0.003426947741483633,1.55
25021,2676,10.0,10.0,/gpfs/bbp.cscs.ch/project/proj32/glusynapse_20190926_release/testing/zilberter_2009/simulations/L23PC_L23PC/25021-2676/10Hz_10ms/simulation.batch,0.9951415836146467,2.1848725463404275,2.195539390891825,0.5498048402241192,0.4695475647648362,3.0,0.0,0.5170582298876518,0.12597682121303488,584.7055728647058,10.700738487082504,16.755651957972336,23.482787281769422,0.712241274006815,0.38933791069910484,0.05931015240647871,0.03608726439373719,1.0,0.0,0.020548508473801626,0.007365458814491979,0.006622547860219794,0.006691770909668464,1.125
23031,5603,10.0,10.0,/gpfs/bbp.cscs.ch/project/proj32/glusynapse_20190926_release/testing/zilberter_2009/simulations/L23PC_L23PC/23031-5603/10Hz_10ms/simulation.batch,0.9356717368031127,2.990893598346412,3.196520190473346,0.6402929897233341,0.5931862999393315,5.0,0.6,0.31239260398885166,0.14559075456969467,672.9926250202243,95.31528267230046,3.353404941637604,2.566919126579628,0.4323964388875126,0.2693353713332353,0.033753895736684504,0.018008419522128737,1.0,0.0,0.026796180921389978,0.004762896964204779,0.07073132605595153,0.0600233371321217,2.25
11503,16955,10.0,10.0,/gpfs/bbp.cscs.ch/project/proj32/glusynapse_20190926_release/testing/zilberter_2009/simulations/L23PC_L23PC/11503-16955/10Hz_10ms/simulation.batch,3.063960128822261,3.557152729254331,1.1609657370514301,1.1403063301299927,0.9931128236022478,5.0,0.4,0.5473647508839926,0.18733151500554385,631.0183686315468,64.82248156260181,0.8408589410689764,1.6787164783793895,0.8745793248322545,0.4020537080228371,0.059771748400840555,0.022318629083903037,1.0,0.0,0.0296813886911526,0.007447204856517813,0.01307334297528166,0.015438102023423987,1.4500000000000002
122686,359,10.0,10.0,/gpfs/bbp.cscs.ch/project/proj32/glusynapse_20190926_release/testing/zilberter_2009/simulations/L23PC_L23PC/122686-359/10Hz_10ms/simulation.batch,2.2523856584496538,1.5872700278791292,0.7047061509757915,0.6589778483665021,0.6461775234190047,6.0,0.5,0.4793238458038889,0.2723433739828381,681.6324996638692,87.69193544968046,15.877533462215206,13.327379504690764,0.6609688522773954,0.3314701607578336,0.06611009785749024,0.026889868478254267,1.0,0.0,0.016594620997027947,0.003641580573059844,0.021281258363840275,0.01968070981195299,0.925
119392,113365,10.0,10.0,/gpfs/bbp.cscs.ch/project/proj32/glusynapse_20190926_release/testing/zilberter_2009/simulations/L23PC_L23PC/119392-113365/10Hz_10ms/simulation.batch,2.9195603453651433,5.573441180765672,1.9090001649096289,0.7914217844221132,0.5153996763822917,6.0,0.6666666666666666,0.48726977039535835,0.2642160774812988,776.1350177525137,126.34973591095313,17.219390329193747,21.723560381155856,0.6176457397055296,0.32092473812899613,0.04566923738532102,0.02341875661528962,1.0,0.0,0.03162531172198721,0.00816323638058081,0.0007157217917440552,0.0010250925296315236,2.0500000000000003
4794,16760,10.0,10.0,/gpfs/bbp.cscs.ch/project/proj32/glusynapse_20190926_release/testing/zilberter_2009/simulations/L23PC_L23PC/4794-16760/10Hz_10ms/simulation.batch,1.3760538766692272,1.5333001656012921,1.114273351936396,0.394103527501709,0.45683729585908645,5.0,0.4,0.4942861030175775,0.30152303193790697,610.5980898729233,79.43438675633182,42.90139399871648,34.90263496311987,0.4926142725937274,0.26379001060383495,0.0448622212011847,0.022834286749773065,1.0,0.0,0.026351248951593798,0.00976371604168301,0.0482161458201303,0.04851304773690238,2.45
12619,8765,10.0,10.0,/gpfs/bbp.cscs.ch/project/proj32/glusynapse_20190926_release/testing/zilberter_2009/simulations/L23PC_L23PC/12619-8765/10Hz_10ms/simulation.batch,0.31833236581401486,0.7365062583773866,2.3136392571771642,0.26299408113116185,0.26050539827030617,3.0,0.0,0.3119464761876819,0.08979790033477414,756.2449013174734,27.44813501158139,2.371996383979131,3.174746862713515,0.32591253679291354,0.030702549550815517,0.02765924239607737,0.0033108366889566627,1.0,0.0,0.019341782726065234,0.002238274011308313,0.007723421559411424,0.00029332040558574285,1.7750000000000001
18160,7737,10.0,10.0,/gpfs/bbp.cscs.ch/project/proj32/glusynapse_20190926_release/testing/zilberter_2009/simulations/L23PC_L23PC/18160-7737/10Hz_10ms/simulation.batch,0.6832964682410427,1.2370697800085226,1.810443690998456,0.2952989681945948,0.4345963281851071,3.0,0.0,0.6047087512232306,0.1114679585669985,722.3824925332216,93.6200402332745,2.322612690279774,2.4722819447498807,0.6785183603271318,0.08095400777203399,0.048713734404261765,0.006373188062902283,1.0,0.0,0.02341629306575083,0.0010309319324334708,0.0006781861594502301,0.00014340933367279005,1.75
3154,16561,10.0,10.0,/gpfs/bbp.cscs.ch/project/proj32/glusynapse_20190926_release/testing/zilberter_2009/simulations/L23PC_L23PC/3154-16561/10Hz_10ms/simulation.batch,3.2423077448991156,4.376159591082461,1.3497051900662886,0.9769730762758595,0.9231303602897525,3.0,0.0,0.732846561493962,0.06525510174989023,775.1721244145252,104.31509478914705,0.3363021018731058,0.2680667401779182,0.8540699632346779,0.06357212301643102,0.08805061433063975,0.024357793960790963,1.0,0.0,0.01943131026929785,0.005152700580372302,0.006560149743776528,0.006058659852275114,1.4000000000000001
4349,305,10.0,10.0,/gpfs/bbp.cscs.ch/project/proj32/glusynapse_20190926_release/testing/zilberter_2009/simulations/L23PC_L23PC/4349-305/10Hz_10ms/simulation.batch,2.3905278333971496,4.638297631375919,1.9402817932408223,0.8170739452146353,0.738828576820826,4.0,0.0,0.665467421007797,0.13345021626465886,582.8587921552935,52.04000640979487,8.624941160387184,9.438051326930537,0.9206540759134946,0.2577473746321823,0.077646808583942,0.02259614118881839,1.0,0.0,0.025374015644105127,0.007049529215336449,0.0001330346033016371,0.0001341726249611192,2.4000000000000004
119963,125284,10.0,10.0,/gpfs/bbp.cscs.ch/project/proj32/glusynapse_20190926_release/testing/zilberter_2009/simulations/L23PC_L23PC/119963-125284/10Hz_10ms/simulation.batch,0.06827565118622042,0.09808037153206542,1.4365351311634251,0.0849277439497428,0.10722040301555452,3.0,0.3333333333333333,0.19161569324157668,0.12016218330331398,765.5960321132984,51.67134485623955,18.94032266507484,13.12292861904632,0.2199261012376733,0.06468646879701512,0.024477783479806416,0.0013359642642411587,1.0,0.0,0.015336706021466126,0.004076395587623262,0.0067932090880367295,0.008544799914437289,1.625
122368,120503,10.0,10.0,/gpfs/bbp.cscs.ch/project/proj32/glusynapse_20190926_release/testing/zilberter_2009/simulations/L23PC_L23PC/122368-120503/10Hz_10ms/simulation.batch,0.20314422411855043,0.8280858913004622,4.076344749123705,0.18040874980344962,0.24346146579673986,2.0,0.0,0.3691121392489941,0.1369179823180039,796.714480276747,57.98855022734176,3.7682577047650496,3.6150775173370886,0.33889070013106015,0.008562828749076573,0.021774894394064888,0.0023476407516980994,1.0,0.0,0.03454951964365986,0.004653593875736169,0.00022175677646266368,7.755467382708779e-05,2.0500000000000003
795,24004,10.0,10.0,/gpfs/bbp.cscs.ch/project/proj32/glusynapse_20190926_release/testing/zilberter_2009/simulations/L23PC_L23PC/795-24004/10Hz_10ms/simulation.batch,0.6523035040842392,2.443636467304488,3.746164863448157,0.6237219096790724,0.7440060176455273,2.0,0.0,0.3581571658360429,0.17596583806728444,690.1345265229975,178.65950104895228,66.8251152034644,66.67941795822391,0.4759887360928534,0.3479938214834509,0.03824300432251984,0.01935021704054778,1.0,0.0,0.017619391361110556,0.006436275223976743,0.013203272595733208,0.002303543052095032,0.925
10190,26937,10.0,10.0,/gpfs/bbp.cscs.ch/project/proj32/glusynapse_20190926_release/testing/zilberter_2009/simulations/L23PC_L23PC/10190-26937/10Hz_10ms/simulation.batch,2.1758414633000056,3.2391050432652073,1.4886677627480245,0.47848729398130496,0.5032660831031524,6.0,0.0,0.4460655181711835,0.28344158539002484,715.1810908901074,118.47860345060933,18.408104416694886,27.094351575380927,0.6561033885474575,0.5638721903672272,0.04336924449824678,0.02625125546079119,1.1666666666666667,0.3726779962499649,0.026277994195215704,0.009205762470538973,0.006145701943482133,0.01139156280005072,1.5750000000000002
504,12211,10.0,10.0,/gpfs/bbp.cscs.ch/project/proj32/glusynapse_20190926_release/testing/zilberter_2009/simulations/L23PC_L23PC/504-12211/10Hz_10ms/simulation.batch,1.209447188721606,3.15596215683791,2.6094253525644087,0.5922053074538992,0.7757997212721557,4.0,0.0,0.4184141186923002,0.21099752484328774,639.9465460281722,62.318325242394216,11.675502705136799,18.957564513868412,0.6190211644665606,0.3103555874389084,0.061327401299035925,0.02276279207653654,1.0,0.0,0.020500619083611872,0.005685681727167539,0.0023358372113112045,0.002588556823705765,2.075
3049,8590,10.0,10.0,/gpfs/bbp.cscs.ch/project/proj32/glusynapse_20190926_release/testing/zilberter_2009/simulations/L23PC_L23PC/3049-8590/10Hz_10ms/simulation.batch,0.015385732544825477,0.23828937703691105,15.487684862756335,0.03919919131190093,0.1708159842945269,2.0,0.0,0.04511612403074937,0.027054645497703037,643.4425610604313,80.6167607846254,11.221257948805764,2.6187056760813565,0.11562091221518173,0.005543666225737626,0.011947138493125151,0.00678872501897173,1.0,0.0,0.021768731265565743,0.011572707218158057,0.0038172867937718334,0.0024421021227829204,1.925
3723,3797,10.0,10.0,/gpfs/bbp.cscs.ch/project/proj32/glusynapse_20190926_release/testing/zilberter_2009/simulations/L23PC_L23PC/3723-3797/10Hz_10ms/simulation.batch,1.9388737027111846,1.9657024388841375,1.0138372788982786,0.4309007034961468,0.36965384214054636,4.0,0.0,0.6225371061236665,0.26687251786377314,665.1873613091922,87.58822015707226,13.023413040072874,18.22182200705282,0.8844344830127349,0.5799257308814246,0.058058876665913736,0.03878383265001751,1.25,0.4330127018922193,0.043092256260582745,0.019623909872484246,0.00028691707615196335,0.00016624846784315842,2.575
125170,122680,10.0,10.0,/gpfs/bbp.cscs.ch/project/proj32/glusynapse_20190926_release/testing/zilberter_2009/simulations/L23PC_L23PC/125170-122680/10Hz_10ms/simulation.batch,2.6319836056247046,5.125937374006492,1.9475567260571307,0.6332867931810062,0.4612093392347917,8.0,0.0,0.5871382153213549,0.1362796698069171,638.5685770543146,79.35602263469006,5.220750792300403,5.25369222366624,0.842178972907299,0.32793350424640655,0.06093430413061455,0.03204089257313121,1.125,0.33071891388307384,0.035955020068965976,0.010609425509607393,0.00014113830797192256,9.129134644548918e-05,1.925
3213,23642,10.0,10.0,/gpfs/bbp.cscs.ch/project/proj32/glusynapse_20190926_release/testing/zilberter_2009/simulations/L23PC_L23PC/3213-23642/10Hz_10ms/simulation.batch,2.423599876210732,2.756679327791097,1.1374317001951373,0.6611879404979066,0.747497626193361,4.0,0.0,0.6082391722475742,0.1839370373263564,601.6242502727066,58.14865152498968,2.9717855638604815,3.420455035057051,0.9077775133855344,0.4377366014720646,0.046008222024872494,0.022832021063354954,1.0,0.0,0.046018906560534485,0.012295158953475072,0.00019385479929060186,0.00017454927430726722,2.025
120443,125062,10.0,10.0,/gpfs/bbp.cscs.ch/project/proj32/glusynapse_20190926_release/testing/zilberter_2009/simulations/L23PC_L23PC/120443-125062/10Hz_10ms/simulation.batch,0.1690090325341283,0.6722637196692122,3.977679237548802,0.14029862023814374,0.22507391781389624,2.0,0.0,0.3614105419327398,0.03188704776859716,672.1403661454831,21.04147875479447,0.8733321626247318,0.8733001366424167,0.3651309221150852,0.03892102695744609,0.02723510136979182,0.010334032920494075,1.0,0.0,0.026193703388822306,0.006994079274995095,0.005244887969055993,0.004786782280661727,1.425
125113,119772,10.0,10.0,/gpfs/bbp.cscs.ch/project/proj32/glusynapse_20190926_release/testing/zilberter_2009/simulations/L23PC_L23PC/125113-119772/10Hz_10ms/simulation.batch,0.5251129554298989,0.4754887707475357,0.9054980758535335,0.2721393834009675,0.2990660334497602,3.0,1.0,0.430652974414845,0.2557807293890094,729.7639655482403,97.86495612051488,4.820321843355592,5.69980321442978,0.5071206222257258,0.29955491660116995,0.04100865782532185,0.024844505050904547,1.0,0.0,0.022241222034339387,0.007146747110561911,0.02502165791030904,0.007174155153533731,1.55
12555,23752,10.0,10.0,/gpfs/bbp.cscs.ch/project/proj32/glusynapse_20190926_release/testing/zilberter_2009/simulations/L23PC_L23PC/12555-23752/10Hz_10ms/simulation.batch,1.4019645162168743,1.439716115002192,1.0269276421397513,0.3473388039712351,0.3356581133080319,2.0,0.0,0.6950289420268172,0.1881672911657548,657.8283465994332,53.507443579876735,5.934543080628279,5.848594732527491,1.0748570876957941,0.8776926447254068,0.08198622401819074,0.07016935015120009,1.5,0.5,0.024940671662690386,0.0024145982268031184,3.490682032833035e-05,3.485260124234935e-06,2.275
126644,119606,10.0,10.0,/gpfs/bbp.cscs.ch/project/proj32/glusynapse_20190926_release/testing/zilberter_2009/simulations/L23PC_L23PC/126644-119606/10Hz_10ms/simulation.batch,0.20698533726773458,1.172986219242918,5.667001511926739,0.21289708394222806,0.3041212764169072,2.0,0.0,0.37767014480818384,0.012298164722451904,685.3881462194961,36.38463093742001,5.598791592758595,5.598783603246722,0.3484018063174884,0.010743253874128972,0.045047156460882656,0.0009485076829982043,1.0,0.0,0.013322021501858898,0.0006972460099855336,0.02170598339196212,0.0035931201269611152,0.675
124503,117977,10.0,10.0,/gpfs/bbp.cscs.ch/project/proj32/glusynapse_20190926_release/testing/zilberter_2009/simulations/L23PC_L23PC/124503-117977/10Hz_10ms/simulation.batch,0.05439085016396016,0.11616343551881367,2.135716488502041,0.09936766333977053,0.11983016203234541,2.0,0.0,0.16502612851064383,0.11082936628118797,644.5008305215201,78.03206174191047,26.66662692782919,25.819116139042503,0.14943977582619572,0.07938306815435384,0.00795742753549648,0.006011758181078799,1.0,0.0,0.0537176774638138,0.019767665604872104,0.000567691430419359,0.0003614077978148917,1.725
9155,113120,10.0,10.0,/gpfs/bbp.cscs.ch/project/proj32/glusynapse_20190926_release/testing/zilberter_2009/simulations/L23PC_L23PC/9155-113120/10Hz_10ms/simulation.batch,4.445962533377181,4.731035982383753,1.0641196246856421,0.7451809772722305,0.7363645405063727,7.0,0.14285714285714285,0.465029649477715,0.3419926310911943,627.75847083625,94.61486233304086,21.121816580121674,33.15801795455025,0.6641629295777794,0.5467305654975947,0.051068820792979794,0.03608142924483022,1.0,0.0,0.02949098689288484,0.007821300996192741,0.0008227084816577305,0.000925336272226324,1.6
8964,25703,10.0,10.0,/gpfs/bbp.cscs.ch/project/proj32/glusynapse_20190926_release/testing/zilberter_2009/simulations/L23PC_L23PC/8964-25703/10Hz_10ms/simulation.batch,0.41540646141469345,1.6644384468001971,4.006770720734205,0.3354266106522055,0.35446112378791067,3.0,0.3333333333333333,0.34184190926461167,0.1563197756749154,646.3082455843471,108.65599492281822,9.748379071063484,12.93267095451357,0.3891314911370029,0.16393235331713288,0.02822330525782733,0.005617906859629188,1.0,0.0,0.023330976359064393,0.009634717335916252,0.0130720042746017,0.00944574525641699,0.75
7228,6552,10.0,10.0,/gpfs/bbp.cscs.ch/project/proj32/glusynapse_20190926_release/testing/zilberter_2009/simulations/L23PC_L23PC/7228-6552/10Hz_10ms/simulation.batch,1.831737805247431,0.9683316928374517,0.5286409933034327,0.49947175285739304,0.5733363646777702,3.0,0.6666666666666666,0.6898703217769534,0.09664376247558343,732.3121398517827,107.98487789029917,10.933861412386962,9.553989169703835,1.0285366999399443,0.2599881588302369,0.05334570784682804,0.015848052091865225,1.0,0.0,0.03532912805638163,0.009900261289107405,0.03314589192230764,0.01859072187106832,1.6500000000000001
127238,125864,10.0,10.0,/gpfs/bbp.cscs.ch/project/proj32/glusynapse_20190926_release/testing/zilberter_2009/simulations/L23PC_L23PC/127238-125864/10Hz_10ms/simulation.batch,0.8534150412184043,0.28651454470078214,0.33572708572341403,0.28021788743767884,0.21109297968175597,4.0,1.0,0.48141186976376615,0.2602191985606688,696.8033979357654,46.47107535030463,3.6448081241070396,5.899796634073474,0.6996606292120892,0.6272952636197678,0.04952299300630191,0.037079578702994644,1.0,0.0,0.026772573433503352,0.007534285198040258,0.0013881238985599673,0.002170289330302091,2.075
125839,126732,10.0,10.0,/gpfs/bbp.cscs.ch/project/proj32/glusynapse_20190926_release/testing/zilberter_2009/simulations/L23PC_L23PC/125839-126732/10Hz_10ms/simulation.batch,1.5779601986040899,3.2058951913939806,2.0316705036223413,0.554292612800271,0.5959194889186177,8.0,0.25,0.37799943491477067,0.18937154521402483,705.4633403081434,162.03898654334327,11.983608314696037,13.871415632845634,0.535138868917759,0.33040465635321237,0.045465949151108256,0.0283728121059422,1.125,0.33071891388307384,0.024556517235056655,0.005467762558675735,0.0057171555101341,0.009593333949441386,0.925
123887,123515,10.0,10.0,/gpfs/bbp.cscs.ch/project/proj32/glusynapse_20190926_release/testing/zilberter_2009/simulations/L23PC_L23PC/123887-123515/10Hz_10ms/simulation.batch,0.39120832236618525,0.5417695412688126,1.3848620039368604,0.23788247106499633,0.28071820022945704,4.0,0.5,0.31061230978028304,0.205689056938876,633.6901875018473,49.31442410658809,5.306623356539387,6.279740775441441,0.31132621622135404,0.17565823469676656,0.035311929871355785,0.026782299527061973,1.0,0.0,0.02220168014831848,0.008016810040518376,0.00022956406375749847,0.00014760700962413554,1.5750000000000002
5047,6400,10.0,10.0,/gpfs/bbp.cscs.ch/project/proj32/glusynapse_20190926_release/testing/zilberter_2009/simulations/L23PC_L23PC/5047-6400/10Hz_10ms/simulation.batch,2.019475588909309,3.098094885766441,1.534108608581736,0.7879904661347696,0.8434088065531836,5.0,0.4,0.4194925329542037,0.18089821575279016,655.7137515561637,90.5017280255682,37.087472703286,71.57601449238075,0.5681908479213685,0.3545945662602004,0.0381522740567688,0.01395475779867772,1.0,0.0,0.02918695783045113,0.010900797088785599,0.03195063741700447,0.03695535673905096,1.75
119407,121708,10.0,10.0,/gpfs/bbp.cscs.ch/project/proj32/glusynapse_20190926_release/testing/zilberter_2009/simulations/L23PC_L23PC/119407-121708/10Hz_10ms/simulation.batch,2.2696944783130815,1.838645590403913,0.8100850612151378,0.4720507869737895,0.4908842085780236,5.0,0.2,0.5180902561718405,0.2674606947237744,683.75815767539,67.71660339895475,7.257703556317757,5.60524805812058,0.7879506968544202,0.6019071655487187,0.06292585626627739,0.04445020640010084,1.2,0.4000000000000001,0.029659547154572974,0.006152865045531091,0.0007527086977445525,0.0007765956256172961,1.725
15965,24496,10.0,10.0,/gpfs/bbp.cscs.ch/project/proj32/glusynapse_20190926_release/testing/zilberter_2009/simulations/L23PC_L23PC/15965-24496/10Hz_10ms/simulation.batch,1.0479342358583221,0.9629907257141689,0.9189419457466438,0.5901068563761841,0.5814720707224589,5.0,0.4,0.35415421404251995,0.29188423286950976,712.1608203096358,91.95928501442249,11.443259498708732,21.688400232250288,0.4469575893253091,0.3169168609024293,0.044739299113083705,0.04215388317748978,1.0,0.0,0.020989461516048673,0.004838611928432512,0.02852528250902947,0.033543506451048095,1.975
18064,1029,10.0,10.0,/gpfs/bbp.cscs.ch/project/proj32/glusynapse_20190926_release/testing/zilberter_2009/simulations/L23PC_L23PC/18064-1029/10Hz_10ms/simulation.batch,1.2720340162933266,1.5147103631840733,1.1907781897200354,0.8297199223962684,0.7761494950895438,5.0,0.0,0.34400859906110287,0.18334626413169303,753.1334735257992,90.4297365042254,59.671343073725645,72.23610147401877,0.5023405035129418,0.3693393650868302,0.03144828582854621,0.022795253709013363,1.0,0.0,0.02688163904092593,0.004274817325760206,0.012319300402806094,0.010833795146641735,1.675
117853,126658,10.0,10.0,/gpfs/bbp.cscs.ch/project/proj32/glusynapse_20190926_release/testing/zilberter_2009/simulations/L23PC_L23PC/117853-126658/10Hz_10ms/simulation.batch,0.8155874226055568,0.9688005178469896,1.1878561279819189,0.2672168217252255,0.415709858219267,2.0,0.0,0.47983383091510406,0.36988090577900223,661.6751494677723,29.906070754745656,6.921808804418754,2.0992877347119054,0.5562701724057255,0.3440674273264058,0.04186921713285098,0.035039454072431184,1.0,0.0,0.03691097248776798,0.016743293318075548,0.00993377793184707,0.0048248717802349865,0.8
1398,11507,10.0,10.0,/gpfs/bbp.cscs.ch/project/proj32/glusynapse_20190926_release/testing/zilberter_2009/simulations/L23PC_L23PC/1398-11507/10Hz_10ms/simulation.batch,1.531852994683023,2.0638724533985404,1.3473045132673485,0.5017722613237988,0.5696171007543964,4.0,0.5,0.5919410920563709,0.09635053615179574,624.1151178725958,103.24756136432913,16.492928023531537,20.695988922496415,0.6303569269775839,0.07197802640557525,0.043697909356071374,0.013675308752374802,1.0,0.0,0.02746786439305231,0.007215778965236851,0.029399246099374075,0.02844581131075105,1.8250000000000002
8959,24371,10.0,10.0,/gpfs/bbp.cscs.ch/project/proj32/glusynapse_20190926_release/testing/zilberter_2009/simulations/L23PC_L23PC/8959-24371/10Hz_10ms/simulation.batch,0.4898968809857095,1.6135499426200584,3.293652205691684,0.31926302494410047,0.32694854838412374,3.0,0.0,0.44547044586828505,0.1484792825677319,879.1836639752918,78.20636319308963,12.663320484318831,8.504246891944451,0.563311253329162,0.0610487030147385,0.04090316635717515,0.010895797764853714,1.0,0.0,0.03336243274879111,0.006960893983868162,0.001869088945927467,0.0021245175818591566,2.85
124882,123922,10.0,10.0,/gpfs/bbp.cscs.ch/project/proj32/glusynapse_20190926_release/testing/zilberter_2009/simulations/L23PC_L23PC/124882-123922/10Hz_10ms/simulation.batch,0.5781605446445953,1.985555217926592,3.4342627429672588,0.2857653965723709,0.4930514753804095,5.0,0.0,0.28082408611136456,0.19306413207746573,619.1831548210054,116.18648315060464,4.503008998586931,8.409389019987275,0.46978162292273373,0.2876810619494091,0.04373343494851039,0.044176711956082575,1.2,0.4,0.030740567781406748,0.009730348974557098,0.000252388386891372,0.00028578407665362705,2.1
4597,13118,10.0,10.0,/gpfs/bbp.cscs.ch/project/proj32/glusynapse_20190926_release/testing/zilberter_2009/simulations/L23PC_L23PC/4597-13118/10Hz_10ms/simulation.batch,1.1391690181781613,2.3662287226382386,2.0771533327183325,0.6287587569784472,0.660217110248542,2.0,0.0,0.6199708151096136,0.10656953346181963,684.410557286672,57.59216296290532,24.2653308795134,23.416193949376343,0.6995982273394645,0.0708706578668834,0.03163040947713189,0.00322190440925124,1.0,0.0,0.038028485686437796,0.007570860316040108,0.009864249158289786,0.0052463752900691355,0.925
8798,23624,10.0,10.0,/gpfs/bbp.cscs.ch/project/proj32/glusynapse_20190926_release/testing/zilberter_2009/simulations/L23PC_L23PC/8798-23624/10Hz_10ms/simulation.batch,0.14828846064225493,0.13042354610989856,0.8795259290238681,0.12705797892899404,0.13301552294800045,2.0,0.0,0.3471597627510137,0.015152822820954398,589.3561594146158,147.12297636409428,0.007223942671910511,0.007065331200997903,0.4595545696835864,0.06448714932101157,0.0530885260719534,0.007196502166074151,1.0,0.0,0.014401846335930897,0.00034312226071301667,0.00018825597943383733,0.0001283376503607175,1.875
122774,123852,10.0,10.0,/gpfs/bbp.cscs.ch/project/proj32/glusynapse_20190926_release/testing/zilberter_2009/simulations/L23PC_L23PC/122774-123852/10Hz_10ms/simulation.batch,0.17458360896463934,0.06923529158974352,0.39657383645773203,0.1502132029024589,0.07663369742388183,2.0,1.0,0.4268886844713069,0.09884363774916638,863.3193448718064,78.02071737617354,26.88485213390244,10.834266524632048,0.5479400506468766,0.22637696223636633,0.03490490250442401,0.016613641126780605,1.0,0.0,0.027982635725616087,0.0021892769635969596,8.053318474163717e-05,1.3738358768454367e-05,2.95
4044,14116,10.0,10.0,/gpfs/bbp.cscs.ch/project/proj32/glusynapse_20190926_release/testing/zilberter_2009/simulations/L23PC_L23PC/4044-14116/10Hz_10ms/simulation.batch,1.127368587752989,1.4838585247911458,1.3162141831082002,0.5352216724967633,0.6769019888453301,5.0,0.0,0.36001459727502966,0.1045642685351339,647.1594415341741,117.87868756255848,1.8737118150015977,3.3509640351832415,0.5433427863169858,0.11511303879161255,0.04362562331753489,0.012022297180257664,1.0,0.0,0.02278059290657821,0.007163018961180481,0.0007002228818090161,0.0005732470479359511,1.7000000000000002
123423,124702,10.0,10.0,/gpfs/bbp.cscs.ch/project/proj32/glusynapse_20190926_release/testing/zilberter_2009/simulations/L23PC_L23PC/123423-124702/10Hz_10ms/simulation.batch,0.3279761896952392,0.4949546690309674,1.5091176877531487,0.3082916766725575,0.3141113949380019,2.0,0.5,0.3172113166681473,0.11351434629694307,664.9417953672303,248.64258359354204,0.05138467195143321,0.047359909871084786,0.35262948898124474,0.15010779051627934,0.036717862878682825,0.019864228341343274,1.0,0.0,0.021444847936100287,0.003151498445125297,0.011482681535920646,0.011439829931079856,1.4500000000000002
2038,15566,10.0,10.0,/gpfs/bbp.cscs.ch/project/proj32/glusynapse_20190926_release/testing/zilberter_2009/simulations/L23PC_L23PC/2038-15566/10Hz_10ms/simulation.batch,0.4755765556050465,0.6756507433501788,1.420698172328092,0.45850238945980615,0.4194696124132561,2.0,0.0,0.41740142129963426,0.16189020743975885,681.6546554081963,85.50527854392823,0.9697719396456439,0.6230954730486453,0.6034847794664064,0.38231783428124044,0.07392348853823526,0.055148779317132,1.0,0.0,0.01532305996669844,0.0032755310389359915,0.0007505908090911118,6.844389506090463e-05,0.875
22908,15555,10.0,10.0,/gpfs/bbp.cscs.ch/project/proj32/glusynapse_20190926_release/testing/zilberter_2009/simulations/L23PC_L23PC/22908-15555/10Hz_10ms/simulation.batch,1.6954504592856763,2.630545665414154,1.5515320138120994,0.5483386489079063,0.5821916609946926,4.0,0.0,0.5749767099628516,0.2652601035011292,579.343418283998,81.41030763531636,9.300240665713709,14.037669307658755,0.6739282048924241,0.1910628131705776,0.05659801105270647,0.015276020739816053,1.0,0.0,0.024707772836976248,0.009906895213162284,0.001233431893321972,0.0004900704209154322,1.6
22764,12701,10.0,10.0,/gpfs/bbp.cscs.ch/project/proj32/glusynapse_20190926_release/testing/zilberter_2009/simulations/L23PC_L23PC/22764-12701/10Hz_10ms/simulation.batch,0.8372873326596917,2.3260008251159023,2.7780198438297474,0.4321150677216277,0.6705086170816746,2.0,0.0,0.5828423517551211,0.07704317854018616,567.951956581551,100.67633836859156,14.46250962185548,7.281377182913568,0.4749539239285896,0.03303396316613627,0.04573816390492479,0.005280847444328607,1.0,0.0,0.017448815879501412,0.0031579708469365005,0.013456656267164586,0.0061865659083954515,0.9
125319,118407,10.0,10.0,/gpfs/bbp.cscs.ch/project/proj32/glusynapse_20190926_release/testing/zilberter_2009/simulations/L23PC_L23PC/125319-118407/10Hz_10ms/simulation.batch,2.112595184173508,1.6490837151737507,0.7805961726732362,0.6971557189495424,0.6468520132154963,5.0,0.4,0.4962762647632797,0.23124149670771674,644.703646202184,78.96460481457927,6.8435141123250105,8.996325138916955,0.522368522333234,0.2526751668230924,0.031308646335908255,0.016693176919415676,1.0,0.0,0.03399423196042729,0.005577627945181224,0.0012366007891782876,0.0013051363913312247,1.425
2862,12456,10.0,10.0,/gpfs/bbp.cscs.ch/project/proj32/glusynapse_20190926_release/testing/zilberter_2009/simulations/L23PC_L23PC/2862-12456/10Hz_10ms/simulation.batch,0.8304495229584528,1.6239678782023936,1.95552870259598,0.4167154838907715,0.5093225769753523,2.0,0.0,0.6086253295589032,0.0679053420643198,654.5978008894648,44.983786292835475,24.191686704785834,20.239828284906093,0.6781451043621729,0.16542456604135897,0.05337292172060977,0.018325387693185795,1.0,0.0,0.022972467176144408,0.0031080021779543564,0.0075463142355985755,0.0013373849657498543,1.725
724,15573,10.0,10.0,/gpfs/bbp.cscs.ch/project/proj32/glusynapse_20190926_release/testing/zilberter_2009/simulations/L23PC_L23PC/724-15573/10Hz_10ms/simulation.batch,2.876726205848533,4.573704213490503,1.5898990332107121,0.8561316172923913,0.8169162826991703,7.0,0.7142857142857143,0.4387815429612873,0.3299715453583782,665.2064388381681,75.48341424684995,10.665862312894808,10.40792717312054,0.5768952287342806,0.39223829201929405,0.0504360655176054,0.025935164151588738,1.0,0.0,0.023775918128562112,0.01240985065527554,0.06056360401394079,0.043435214710212236,1.675
3879,23290,10.0,10.0,/gpfs/bbp.cscs.ch/project/proj32/glusynapse_20190926_release/testing/zilberter_2009/simulations/L23PC_L23PC/3879-23290/10Hz_10ms/simulation.batch,0.8306583124358584,1.836773655550783,2.2112264791097416,0.48886702824700085,0.6246158076032139,5.0,0.2,0.29314511732945014,0.19219934622327764,705.0521334843353,102.68383792172169,5.376143071744138,5.3862709778736395,0.43300104241746834,0.3357533083867292,0.0378718470530742,0.03723267236970273,1.0,0.0,0.024999688179604147,0.004912988434141418,0.018154283334755515,0.036113586007241155,2.4000000000000004
13202,9796,10.0,10.0,/gpfs/bbp.cscs.ch/project/proj32/glusynapse_20190926_release/testing/zilberter_2009/simulations/L23PC_L23PC/13202-9796/10Hz_10ms/simulation.batch,0.8622268427275941,1.0706156002584337,1.2416866968228644,0.41866399514783403,0.3957840029173032,3.0,0.6666666666666666,0.4922917946470702,0.24834645095623756,735.197935823017,17.929156717346753,20.836663073862656,14.125653987890749,0.6525167917799558,0.24809536173871044,0.0466915473972044,0.010556912124694706,1.0,0.0,0.029030460154314267,0.011028926462943784,0.05040362404855093,0.03457411051149191,1.9500000000000002
126381,126265,10.0,10.0,/gpfs/bbp.cscs.ch/project/proj32/glusynapse_20190926_release/testing/zilberter_2009/simulations/L23PC_L23PC/126381-126265/10Hz_10ms/simulation.batch,0.27859017015708576,0.04477762574134374,0.16072938150005595,0.16188828503932395,0.08046710502013728,4.0,1.0,0.2658104817439222,0.24376795936810486,663.173467823981,84.99128845618927,13.15306930620431,13.709400533262901,0.29295565230489534,0.11732629709506466,0.02107715916049345,0.009274795053377548,1.0,0.0,0.029189358529701483,0.004381918007638743,0.0002980742124730097,0.00045760258218634453,3.625
15127,4853,10.0,10.0,/gpfs/bbp.cscs.ch/project/proj32/glusynapse_20190926_release/testing/zilberter_2009/simulations/L23PC_L23PC/15127-4853/10Hz_10ms/simulation.batch,1.2971765265615998,3.197638814224426,2.4650760700244434,0.6157609815887938,0.4414226060937495,3.0,0.0,0.41750011605290416,0.25548604511068296,618.0430703443539,62.111662401930104,8.610395761178525,5.078962946897876,0.6831474725928312,0.4543025538673176,0.03767418206754847,0.02100377983597103,1.0,0.0,0.04646886044871921,0.013152097402165414,0.0001916848060693404,7.321833447195899e-05,2.7750000000000004
7114,24889,10.0,10.0,/gpfs/bbp.cscs.ch/project/proj32/glusynapse_20190926_release/testing/zilberter_2009/simulations/L23PC_L23PC/7114-24889/10Hz_10ms/simulation.batch,2.4943514631326034,4.437258854052021,1.7789228661783538,0.6711592225365229,0.6606676045179548,7.0,0.0,0.5022862471766509,0.2563234262793265,738.9672153985357,139.87908844161512,8.312679610561807,9.577324646885677,0.650098972396063,0.33707949348730726,0.04242131171038493,0.02131183964006734,1.0,0.0,0.02660175924903945,0.009681728402539797,0.01741008101217118,0.003584208409175829,0.925
5696,9868,10.0,10.0,/gpfs/bbp.cscs.ch/project/proj32/glusynapse_20190926_release/testing/zilberter_2009/simulations/L23PC_L23PC/5696-9868/10Hz_10ms/simulation.batch,1.8011097988660145,3.5273944388251115,1.9584560813815861,0.48948582676853164,0.5659424362326575,6.0,0.16666666666666666,0.49455367523340527,0.24402211302258867,647.537817443761,99.97492561486992,4.394057242939008,5.356438510786946,0.7243489241603482,0.4106079117713736,0.0515040057817699,0.040280457689693475,1.1666666666666667,0.37267799624996495,0.03138052375416052,0.010144591658662121,0.0032053166200261135,0.0031453485810685592,1.4500000000000002
113897,119189,10.0,10.0,/gpfs/bbp.cscs.ch/project/proj32/glusynapse_20190926_release/testing/zilberter_2009/simulations/L23PC_L23PC/113897-119189/10Hz_10ms/simulation.batch,1.0566174874598924,0.5416310088800744,0.5126084087271308,0.4296697575309117,0.3503896006755802,6.0,1.0,0.3642957509568425,0.23601691117986426,661.9762868218263,97.51266060228596,1.1039246001154766,2.2875549008410005,0.6036442737748945,0.38376077878012815,0.03563957093152149,0.02193195036361658,1.0,0.0,0.030873158130520755,0.013664065054810121,0.007127018961086993,0.009489472707576165,1.35
6618,9212,10.0,10.0,/gpfs/bbp.cscs.ch/project/proj32/glusynapse_20190926_release/testing/zilberter_2009/simulations/L23PC_L23PC/6618-9212/10Hz_10ms/simulation.batch,0.8059031724304239,1.9007469919953608,2.3585302267307533,0.41219981829289165,0.5484769753068597,4.0,0.25,0.3913043568185051,0.21295861639022398,826.2700793001729,214.35046060225056,2.4316179820261627,3.783363369696648,0.45906971562581356,0.14098548477702072,0.048402919490792125,0.03311162732506021,1.0,0.0,0.026121187466616413,0.016215247507184515,0.008569939365439774,0.008972981991988673,1.725
6430,15305,10.0,10.0,/gpfs/bbp.cscs.ch/project/proj32/glusynapse_20190926_release/testing/zilberter_2009/simulations/L23PC_L23PC/6430-15305/10Hz_10ms/simulation.batch,0.10941018454359414,0.5961466010820319,5.448730422756021,0.12908674099184161,0.2483605547533221,3.0,0.0,0.18578082019187556,0.09742441411715952,702.5354721978583,129.96639651992064,11.695578403441472,16.235208509852384,0.2666341163139323,0.051024338887515897,0.01764648516274141,0.004309659427436571,1.0,0.0,0.02494903361099567,0.0018702483474417274,0.00019065274721062882,0.00020028080621426177,1.0
120105,125774,10.0,10.0,/gpfs/bbp.cscs.ch/project/proj32/glusynapse_20190926_release/testing/zilberter_2009/simulations/L23PC_L23PC/120105-125774/10Hz_10ms/simulation.batch,0.5525491103513741,0.6872741093927068,1.2438244791592536,0.31706699972466995,0.309330362472353,3.0,0.0,0.4683075412677051,0.24759200709908308,627.2730042530326,113.6964473369567,23.30922704132239,30.576186028243082,0.5793658265030821,0.3027397866263044,0.031455915416609644,0.01310810795563088,1.0,0.0,0.03069194003291914,0.005561134980166776,0.005208967656077561,0.0023498889712013993,1.7750000000000001
12834,14728,10.0,10.0,/gpfs/bbp.cscs.ch/project/proj32/glusynapse_20190926_release/testing/zilberter_2009/simulations/L23PC_L23PC/12834-14728/10Hz_10ms/simulation.batch,0.5076856147982599,0.9313891006404899,1.8345784743390807,0.3493938569248226,0.3579062114189775,3.0,0.0,0.3627140156818778,0.19178480762805164,680.7340611836806,45.24124591412757,4.8052448951940745,5.760969754609213,0.3586877903319077,0.2100640620471806,0.03627295274397624,0.017368983307511004,1.0,0.0,0.018661398708139505,0.008987364746277706,0.0030762137900685565,0.004123181339062275,1.425
3335,15231,10.0,10.0,/gpfs/bbp.cscs.ch/project/proj32/glusynapse_20190926_release/testing/zilberter_2009/simulations/L23PC_L23PC/3335-15231/10Hz_10ms/simulation.batch,3.3487603815243987,5.675561015925835,1.6948244631771017,0.593045971189299,0.7317542198442297,8.0,0.25,0.5014494451697891,0.2741219149841609,661.2620804703798,99.48544053273359,10.883173274711128,20.707231907410375,0.7849291878789038,0.460396259184658,0.05732229925089423,0.029603712660118055,1.25,0.4330127018922193,0.0331402221131311,0.013707948544430693,0.0024809521836544153,0.002362805088835958,2.85
7852,16958,10.0,10.0,/gpfs/bbp.cscs.ch/project/proj32/glusynapse_20190926_release/testing/zilberter_2009/simulations/L23PC_L23PC/7852-16958/10Hz_10ms/simulation.batch,3.0011768188763766,5.315481891364601,1.7711325297236857,0.649609656517632,0.6039651264433201,7.0,0.0,0.45356527251717094,0.2646675372637482,622.2863299370875,94.77052878678481,8.134211962204406,13.558804998418806,0.6835100131750387,0.4071082448994207,0.05322740502443248,0.03288919934930944,1.2857142857142858,0.45175395145262565,0.02751680297838119,0.006169333442452509,0.002359917529115773,0.0018259858887098076,1.475
117912,120116,10.0,10.0,/gpfs/bbp.cscs.ch/project/proj32/glusynapse_20190926_release/testing/zilberter_2009/simulations/L23PC_L23PC/117912-120116/10Hz_10ms/simulation.batch,0.642665617908182,0.6901000948536639,1.0738089538691626,0.3415456009999256,0.4087655051779496,3.0,0.0,0.30372735621157676,0.2478218191491696,589.2334731673517,54.71454261833544,21.23075471224273,14.086247680265716,0.3809649233341741,0.24423026506806256,0.04202957735418966,0.03217349592768056,1.0,0.0,0.01898289477343296,0.004650116129873857,0.001972605254291373,0.000944029660667419,1.3250000000000002
14856,5000,10.0,10.0,/gpfs/bbp.cscs.ch/project/proj32/glusynapse_20190926_release/testing/zilberter_2009/simulations/L23PC_L23PC/14856-5000/10Hz_10ms/simulation.batch,0.15359496085214322,1.075757807620557,7.003861335373661,0.22239291550044984,0.44169513133847677,2.0,0.0,0.2592694501808802,0.055240339942259895,597.4453240011503,51.55346105135533,7.883658921708895,7.6959516783361845,0.32898817448709555,0.13987142536201067,0.022002761718447644,0.013376207444446437,1.0,0.0,0.028972972549628155,0.00613122688735139,0.010624265431094085,0.004752719190979957,1.2750000000000001
122229,121200,10.0,10.0,/gpfs/bbp.cscs.ch/project/proj32/glusynapse_20190926_release/testing/zilberter_2009/simulations/L23PC_L23PC/122229-121200/10Hz_10ms/simulation.batch,2.8021746439310515,3.411410690825884,1.2174154448989523,0.6880451408353774,0.7620226027098764,4.0,0.0,0.6397862018925327,0.1344574693619863,584.8542801452754,44.82691619830386,11.57291611239584,11.287260931958436,1.0267892262811298,0.42374368360176157,0.07697699371896594,0.030555164188865464,1.25,0.4330127018922193,0.025984019104422044,0.002008578812122644,0.010780724164498084,0.004670081797833486,0.875
7833,6991,10.0,10.0,/gpfs/bbp.cscs.ch/project/proj32/glusynapse_20190926_release/testing/zilberter_2009/simulations/L23PC_L23PC/7833-6991/10Hz_10ms/simulation.batch,0.5196208197988547,1.1869151609500332,2.284194773815045,0.5018616432810508,0.7241347399269542,4.0,0.75,0.19415925160812392,0.08657649873727898,723.8529352221362,134.856377580553,6.030118941174645,8.236608589519147,0.38359408217835567,0.0722642318584076,0.03411160377675988,0.010133762389008089,1.0,0.0,0.020979854236152565,0.00388834046468393,0.05540461699690153,0.03488463189345801,1.4500000000000002
8039,11865,10.0,10.0,/gpfs/bbp.cscs.ch/project/proj32/glusynapse_20190926_release/testing/zilberter_2009/simulations/L23PC_L23PC/8039-11865/10Hz_10ms/simulation.batch,1.6516184284821585,2.930084196545444,1.7740684809615492,0.46552428772714094,0.5417144047785505,4.0,0.0,0.4744614302227297,0.34592659783833646,673.0224500650543,22.92514444978856,26.572565749374853,36.41591447050294,0.7660649660193493,0.4979272090497354,0.06575954749044657,0.0432492111174916,1.0,0.0,0.024390004101259195,0.008872430758845026,0.007701587905375377,0.007980773909966044,2.025
25795,14702,10.0,10.0,/gpfs/bbp.cscs.ch/project/proj32/glusynapse_20190926_release/testing/zilberter_2009/simulations/L23PC_L23PC/25795-14702/10Hz_10ms/simulation.batch,1.0520167538726084,1.0008142534448414,0.9513291967648956,0.5967353044751901,0.5624498403388224,2.0,0.0,0.6463953486222926,0.07574262270377385,706.8562510549689,14.572796555162483,14.492105487741858,12.617538277321993,0.8706337303056652,0.329857452596379,0.07785054129506958,0.02299663006977421,1.0,0.0,0.021279058555844468,0.0008271346921954158,0.0009405811544022291,0.0008729064222908299,1.6
124722,114247,10.0,10.0,/gpfs/bbp.cscs.ch/project/proj32/glusynapse_20190926_release/testing/zilberter_2009/simulations/L23PC_L23PC/124722-114247/10Hz_10ms/simulation.batch,2.2131123851176584,0.5323431249955415,0.24054048433118316,0.5377404512494331,0.4590648267671161,3.0,1.0,0.5822229685877421,0.3641415360132272,691.6362739010955,53.25473011337025,22.610040187742403,18.32537542659165,0.7417143979143962,0.3768731762259666,0.049393899155787735,0.03288083194330899,1.0,0.0,0.03697087327121302,0.011673741935009864,7.686256595226155e-05,7.193198736531103e-05,2.4000000000000004
3582,22858,10.0,10.0,/gpfs/bbp.cscs.ch/project/proj32/glusynapse_20190926_release/testing/zilberter_2009/simulations/L23PC_L23PC/3582-22858/10Hz_10ms/simulation.batch,0.19193713470555238,0.7055453503619747,3.675918948380366,0.23703881240320615,0.4018381837264457,3.0,0.0,0.1982024719448242,0.1018361793404406,713.1012134810138,164.59177705137554,41.63526104021251,52.20717732352424,0.31014068531084504,0.14805931620431848,0.03289061232156113,0.006394176278450917,1.0,0.0,0.01479877397866331,0.006039623420939459,0.007812433031901082,0.004199200088408908,1.4000000000000001
9645,11458,10.0,10.0,/gpfs/bbp.cscs.ch/project/proj32/glusynapse_20190926_release/testing/zilberter_2009/simulations/L23PC_L23PC/9645-11458/10Hz_10ms/simulation.batch,1.3143935559725988,1.3474410593373352,1.0251427764649093,0.7010155932052698,0.6612234123592968,2.0,0.0,0.6782564948604521,0.0530694289882619,605.7283808381965,4.305978421328007,9.895060570843016,9.285486193497835,1.074976310160129,0.01109054231365747,0.060487116188822646,0.007912161774369656,1.0,0.0,0.039305500430329765,0.011022322745057229,0.0005374484690727029,0.00027687998508578904,2.3000000000000003
123959,121769,10.0,10.0,/gpfs/bbp.cscs.ch/project/proj32/glusynapse_20190926_release/testing/zilberter_2009/simulations/L23PC_L23PC/123959-121769/10Hz_10ms/simulation.batch,0.4432431617507457,0.3114017380139065,0.7025528307846086,0.27556566451550346,0.22265725258077013,4.0,1.0,0.32159371862464686,0.186266662992758,675.5907483138827,77.68408277470539,15.818143451462822,19.81320536844,0.4908390658707064,0.18757155427866526,0.0349702615185639,0.011494997198538895,1.0,0.0,0.026481463517199638,0.009473895467790028,0.0048385121740202085,0.00787704317859677,1.3250000000000002
2751,4154,10.0,10.0,/gpfs/bbp.cscs.ch/project/proj32/glusynapse_20190926_release/testing/zilberter_2009/simulations/L23PC_L23PC/2751-4154/10Hz_10ms/simulation.batch,1.1404452432352181,0.5626751831127594,0.49338202465254793,0.2562225980129665,0.2614288242310776,2.0,0.5,0.5073248123689117,0.38169693267896776,641.1660858965413,103.53638687695172,24.665006498247507,23.747918982726688,0.5790070051688527,0.45249682818399944,0.0868647856434728,0.07771665018081352,1.5,0.5,0.01630830383467885,0.0061297104455034996,0.02867402722627138,0.0009589688787130287,1.175
2330,15134,10.0,10.0,/gpfs/bbp.cscs.ch/project/proj32/glusynapse_20190926_release/testing/zilberter_2009/simulations/L23PC_L23PC/2330-15134/10Hz_10ms/simulation.batch,0.8922760506278432,2.4909509754312635,2.791681984155604,0.37636577666878634,0.5922546239469191,3.0,0.0,0.5816398351001587,0.1398044333376257,709.5243068985001,86.74992197118786,8.924913994941612,6.721489847949094,0.7001900674749034,0.15450116470605668,0.0551557481975209,0.0020376901290229178,1.0,0.0,0.021844605555125712,0.00436320176236583,0.010524249293965303,0.003659739361595277,1.875
124307,120213,10.0,10.0,/gpfs/bbp.cscs.ch/project/proj32/glusynapse_20190926_release/testing/zilberter_2009/simulations/L23PC_L23PC/124307-120213/10Hz_10ms/simulation.batch,0.6990565956018079,0.7567674081586409,1.0825552793864288,0.339674007674393,0.3850818505966348,4.0,0.25,0.3328294633389716,0.21809692067902425,729.9930444735314,124.64523693714595,2.11493359174182,2.9182576935874676,0.39874333729718436,0.14461506060999305,0.03507172195397677,0.018676535613291557,1.0,0.0,0.03153535389941731,0.0137295541798412,0.008879186900776562,0.010276647530802456,1.5250000000000001
11255,24207,20.0,-10.0,/gpfs/bbp.cscs.ch/project/proj32/glusynapse_20190926_release/testing/zilberter_2009/simulations/L23PC_L23PC/11255-24207/20Hz_-10ms/simulation.batch,0.6402649132255566,0.20276196223417078,0.3166844817603499,0.3138921996549177,0.25732012104373486,3.0,1.0,0.34280213550400607,0.2870185629165898,652.793760492574,131.58710796348072,3.825055542166996,2.731629886609781,0.5236921018690629,0.28291179359989704,0.04657135870265624,0.02694579230410923,1.0,0.0,0.08067261081095023,0.02993655637069209,3.588444732359782e-05,9.557202949594798e-06,4.800000000000001
9740,2924,20.0,-10.0,/gpfs/bbp.cscs.ch/project/proj32/glusynapse_20190926_release/testing/zilberter_2009/simulations/L23PC_L23PC/9740-2924/20Hz_-10ms/simulation.batch,2.075856708095173,2.1308986396777487,1.026515284686043,0.6119418358639599,0.5783736480223157,4.0,0.5,0.5299228722608379,0.27247606983327055,686.4810782851882,66.37923115675191,0.8802346308217602,1.476106215222057,0.6910305875657546,0.33646590045886776,0.05220897348061072,0.00827628242303533,1.0,0.0,0.022159873250058602,0.0076606797140958745,0.003969064268369272,0.0040920420392703315,0.75
23411,14318,20.0,-10.0,/gpfs/bbp.cscs.ch/project/proj32/glusynapse_20190926_release/testing/zilberter_2009/simulations/L23PC_L23PC/23411-14318/20Hz_-10ms/simulation.batch,0.5381201544968398,1.2944903728512016,2.405578683559238,0.39223401331119834,0.45594653094215204,4.0,0.25,0.3279471350934584,0.08382539646346546,720.8919821479248,122.64672103968843,11.313595353422949,16.404185497705946,0.29508216085433703,0.10445084219048936,0.02156344148190268,0.005596994166615482,1.0,0.0,0.023135672325380267,0.008089095436324481,0.02489772449051905,0.02947814101979901,1.5750000000000002
3922,22161,20.0,-10.0,/gpfs/bbp.cscs.ch/project/proj32/glusynapse_20190926_release/testing/zilberter_2009/simulations/L23PC_L23PC/3922-22161/20Hz_-10ms/simulation.batch,4.040405594612342,6.881091293506356,1.7030694400289692,0.7028657932730692,0.7222781934054148,8.0,0.0,0.5759799820169799,0.25475420001473986,656.8280310641834,90.37854024568011,25.014451133054404,33.51404021370179,0.7137587250969949,0.4450286204463536,0.04730416045101267,0.02706605087201797,1.0,0.0,0.03142470193740525,0.008098416788794699,0.0009735944663245999,0.0009815223940941632,1.5750000000000002
10434,7442,20.0,-10.0,/gpfs/bbp.cscs.ch/project/proj32/glusynapse_20190926_release/testing/zilberter_2009/simulations/L23PC_L23PC/10434-7442/20Hz_-10ms/simulation.batch,2.3592218322825413,2.441456334786042,1.0348566215258947,0.36978665862485655,0.315895492464558,3.0,0.0,0.7277665309327448,0.2533796274214884,544.5876288451901,127.81253582037988,2.0923081873824434,2.103576513308175,1.899132977959308,1.140672058470291,0.1200184563307799,0.07202587412581796,2.0,0.816496580927726,0.031861340687206495,0.00822299360681418,0.0008644699710801566,0.0005340396711557511,2.1
121566,118366,20.0,-10.0,/gpfs/bbp.cscs.ch/project/proj32/glusynapse_20190926_release/testing/zilberter_2009/simulations/L23PC_L23PC/121566-118366/20Hz_-10ms/simulation.batch,1.7185601596310012,0.8215017799229005,0.47801747021721275,0.6485804140501114,0.5412625782520633,5.0,1.0,0.3989208495004424,0.25514052928901343,611.1870956825265,81.37930024357001,3.996482863093873,4.977117172558994,0.5584844820184962,0.2621962266635268,0.03518307211400359,0.020575380629975312,1.0,0.0,0.03883569052268487,0.012625916749350078,0.0001552492855951043,0.00025688353707139106,1.675
118292,113391,20.0,-10.0,/gpfs/bbp.cscs.ch/project/proj32/glusynapse_20190926_release/testing/zilberter_2009/simulations/L23PC_L23PC/118292-113391/20Hz_-10ms/simulation.batch,4.274944211191695,5.967699134293031,1.3959712313133226,1.0661552038864797,1.1024956368965035,3.0,0.3333333333333333,0.6458599512126022,0.2805835086371813,638.0497774764108,14.807455251801347,18.92205578080766,13.390948131516001,0.8020611369807408,0.4207174643311558,0.06322899565049703,0.0384686402447199,1.3333333333333333,0.4714045207910317,0.028715761988669933,0.004082462337026486,0.013583444225467178,0.012791399908654173,1.9000000000000001
123689,124240,20.0,-10.0,/gpfs/bbp.cscs.ch/project/proj32/glusynapse_20190926_release/testing/zilberter_2009/simulations/L23PC_L23PC/123689-124240/20Hz_-10ms/simulation.batch,1.2678902603967372,0.9969657216011761,0.7863186213680782,0.6684135373041056,0.6808734199932065,4.0,0.5,0.4832905448361867,0.173953116449769,598.8163823318964,72.77983705992044,2.3113569400603717,2.348158746175678,0.6215899137322535,0.2689733533439792,0.046066530167828336,0.022646827787246464,1.0,0.0,0.03017669512995818,0.008579317307556612,0.0004021743171621822,0.0006161537981023556,2.9250000000000003
10060,12873,20.0,-10.0,/gpfs/bbp.cscs.ch/project/proj32/glusynapse_20190926_release/testing/zilberter_2009/simulations/L23PC_L23PC/10060-12873/20Hz_-10ms/simulation.batch,0.29787981010090736,0.6380410114888453,2.1419411113250932,0.2492373798598354,0.3044462025207896,2.0,0.0,0.35591764665169767,0.1995487883753944,600.8770014278398,29.940239157678832,73.39475510447642,67.74222402810753,0.3828248521815185,0.06600001802588176,0.024375532238690163,0.006270629771664612,1.0,0.0,0.026422685432983716,0.0025810369669556008,0.007944493832898828,0.004211654047948826,1.8
3153,2393,20.0,-10.0,/gpfs/bbp.cscs.ch/project/proj32/glusynapse_20190926_release/testing/zilberter_2009/simulations/L23PC_L23PC/3153-2393/20Hz_-10ms/simulation.batch,1.7363588900660367,2.1063970038387003,1.2131115381098376,0.6506011141131397,0.5808588363347438,6.0,0.5,0.42131819649234914,0.27497262097310804,630.7053059156534,77.08608807145143,7.2042977167286075,12.052175193041432,0.6454366670479124,0.38406300422698314,0.04060766356185507,0.018013854717896353,1.0,0.0,0.02784408022253652,0.006830374891303475,0.01488912094362057,0.01423860855308447,1.55
15791,12266,20.0,-10.0,/gpfs/bbp.cscs.ch/project/proj32/glusynapse_20190926_release/testing/zilberter_2009/simulations/L23PC_L23PC/15791-12266/20Hz_-10ms/simulation.batch,1.222430025592819,1.2230859246119203,1.0005365534266741,0.5985248174474941,0.5456131425032698,2.0,1.0,0.49928812458723193,0.28846838065823055,764.398689266294,13.784859440114872,58.083437654481045,58.07000557177783,0.7619856631881669,0.39916793605893053,0.03560113641215286,0.016739968169239793,1.0,0.0,0.03906697881597283,0.0027770032396296465,0.06602323997891557,0.009963187441322702,1.55
1662,7134,20.0,-10.0,/gpfs/bbp.cscs.ch/project/proj32/glusynapse_20190926_release/testing/zilberter_2009/simulations/L23PC_L23PC/1662-7134/20Hz_-10ms/simulation.batch,1.5669805782730648,2.161228963014536,1.379231493345233,0.45314928935680737,0.5744716434801983,3.0,0.0,0.6009538318281942,0.2285415758193188,754.8895445753157,92.68389085468715,2.778462679831881,2.149817831269027,0.7628768057587724,0.3492263962167445,0.058839559267462795,0.02510816313274565,1.3333333333333333,0.4714045207910317,0.021747414826378268,0.0014884985869712242,0.0015348060045786611,0.0019076580223777897,1.8
16608,5725,20.0,-10.0,/gpfs/bbp.cscs.ch/project/proj32/glusynapse_20190926_release/testing/zilberter_2009/simulations/L23PC_L23PC/16608-5725/20Hz_-10ms/simulation.batch,0.4081850640876776,0.500577111074836,1.2263484265247706,0.35487594448586535,0.32534361098185105,2.0,0.5,0.34118595885619185,0.224358668861816,756.0496660556958,18.279051159223684,27.87818482525479,21.249015136973828,0.37788548678419365,0.2953289874919567,0.02673220930084758,0.022598182105155983,1.0,0.0,0.026998160609451875,0.004939558114058145,0.081535390883998,0.08109872329994386,1.6500000000000001
123595,125298,20.0,-10.0,/gpfs/bbp.cscs.ch/project/proj32/glusynapse_20190926_release/testing/zilberter_2009/simulations/L23PC_L23PC/123595-125298/20Hz_-10ms/simulation.batch,0.949462172917355,1.1224962917758174,1.182244352428271,0.2354253627434616,0.28555230206609145,3.0,0.0,0.6067914465631332,0.33816727117931733,716.3173557520153,154.56825112149525,1.4386963678191271,1.0834636744609365,0.7765666178790251,0.367742170392206,0.07694837709751672,0.05660498564744089,1.3333333333333333,0.4714045207910317,0.02197854944104423,0.0071598025518421655,0.00840851496129979,0.0016602591594773754,1.5750000000000002
14144,12681,20.0,-10.0,/gpfs/bbp.cscs.ch/project/proj32/glusynapse_20190926_release/testing/zilberter_2009/simulations/L23PC_L23PC/14144-12681/20Hz_-10ms/simulation.batch,0.539753599173131,0.05886833638009937,0.10906520395654981,0.3760982057761824,0.1275347641399726,2.0,1.0,0.5784407404979284,0.1287667695386776,958.3370016457222,160.96548381730491,0.2936221211325686,0.04413251780040088,0.7717664350408702,0.2559558682020558,0.040526851490080805,0.015771195625238963,1.0,0.0,0.031514523587626804,0.002084314780021289,0.05791933775354454,0.007063927973773802,1.225
10351,24870,20.0,-10.0,/gpfs/bbp.cscs.ch/project/proj32/glusynapse_20190926_release/testing/zilberter_2009/simulations/L23PC_L23PC/10351-24870/20Hz_-10ms/simulation.batch,2.9119082818005038,1.6513686080128773,0.567108730152653,0.3541668337732103,0.4934121263071454,4.0,0.0,0.8029438787846415,0.11050637463023925,728.7218463366987,184.1275204560687,11.354708911444794,18.20507150740791,1.2347846348789815,0.5090919390878857,0.08135147886487239,0.030573807213181182,1.5,0.5,0.06645015522592465,0.02729318407009195,0.00018914696939213558,0.000230576370333075,2.375
5380,14038,20.0,-10.0,/gpfs/bbp.cscs.ch/project/proj32/glusynapse_20190926_release/testing/zilberter_2009/simulations/L23PC_L23PC/5380-14038/20Hz_-10ms/simulation.batch,1.4737299141574267,1.708044164067566,1.1589940243861465,0.3012259008502599,0.465348891240514,12.0,0.08333333333333333,0.3995618917457355,0.2742781093937824,689.4626228978759,72.19249433210135,20.831879925051762,29.297256869932287,0.6067447689268021,0.3544626671251095,0.04250612664073062,0.023711529390430496,1.0,0.0,0.029742014949314832,0.01149805201631457,0.025382358645094694,0.007875115685121873,1.4500000000000002
11631,26456,20.0,-10.0,/gpfs/bbp.cscs.ch/project/proj32/glusynapse_20190926_release/testing/zilberter_2009/simulations/L23PC_L23PC/11631-26456/20Hz_-10ms/simulation.batch,1.6871085756668982,3.426781909669496,2.0311567133816038,0.5152275137939717,0.3736049683695198,3.0,0.0,0.4392166972811122,0.302889106372878,704.8804909431625,197.04930389295814,3.1592930382072573,4.025662081316238,0.7321241699837907,0.570829437303404,0.055891673967871695,0.05928672110976743,1.3333333333333333,0.4714045207910317,0.05033946635104519,0.031823170445576414,0.0006117064138694126,0.00017767056216380837,2.0500000000000003
14530,22188,20.0,-10.0,/gpfs/bbp.cscs.ch/project/proj32/glusynapse_20190926_release/testing/zilberter_2009/simulations/L23PC_L23PC/14530-22188/20Hz_-10ms/simulation.batch,1.5072508563917064,3.9850702218369567,2.643932962411475,0.6551435506074696,0.7053181634017002,6.0,0.0,0.380794196464467,0.22006864650439897,628.2356409289652,100.21043257038755,21.134166339121293,35.50200389980778,0.5448419182236187,0.32566564097732903,0.0430347351786414,0.025263611382721398,1.0,0.0,0.023687169440015976,0.0060811399437398946,0.00040310349528095094,0.00013944574898388184,1.7000000000000002
5287,22282,20.0,-10.0,/gpfs/bbp.cscs.ch/project/proj32/glusynapse_20190926_release/testing/zilberter_2009/simulations/L23PC_L23PC/5287-22282/20Hz_-10ms/simulation.batch,1.2343149428240516,1.1411512624637237,0.9245219537347785,0.8631734171197923,0.7974678497505883,2.0,0.0,0.5457218235895975,0.03734025124291884,617.15256868341,102.34256358212559,0.10690859043407826,0.10643663520444753,1.0719871115199697,0.1866859060058677,0.07467128024895353,0.02363967326843696,1.0,0.0,0.02721527588247951,0.00228040494425113,0.00017825804090215323,5.4873461519294544e-05,1.925
4743,17695,20.0,-10.0,/gpfs/bbp.cscs.ch/project/proj32/glusynapse_20190926_release/testing/zilberter_2009/simulations/L23PC_L23PC/4743-17695/20Hz_-10ms/simulation.batch,1.3132181259704636,1.5868231975842118,1.208347011210765,0.39763574883201647,0.4369671468895802,4.0,0.25,0.6120297660864231,0.19073325244911626,715.4185754529193,206.93742667206024,30.746439810699037,25.14077680843959,0.6580592694413212,0.43311624385985903,0.04151069448439965,0.017033894028687137,1.0,0.0,0.025048373295371244,0.006932666073434907,0.03405767231649662,0.0028357678544498927,1.0250000000000001
121282,118842,20.0,-10.0,/gpfs/bbp.cscs.ch/project/proj32/glusynapse_20190926_release/testing/zilberter_2009/simulations/L23PC_L23PC/121282-118842/20Hz_-10ms/simulation.batch,1.0501198122628672,1.6751746038992752,1.5952223587606627,0.47042652690400794,0.31426160692585553,4.0,0.5,0.4061495481125164,0.2738652287139958,758.4324967707621,186.7508082605072,37.77345824505015,48.82520520362522,0.5234495975940708,0.21711176688366976,0.038487538043139875,0.014932175169659551,1.0,0.0,0.025486740072457898,0.003949647358909534,0.0017954202684152439,0.0011336125855357369,1.225
4179,12552,20.0,-10.0,/gpfs/bbp.cscs.ch/project/proj32/glusynapse_20190926_release/testing/zilberter_2009/simulations/L23PC_L23PC/4179-12552/20Hz_-10ms/simulation.batch,2.478314860281146,3.269492177877846,1.3192400329258192,0.4186764654538623,0.44838282797121565,3.0,0.0,0.5859419347271307,0.362783746759711,706.2369891032766,126.45474416974079,52.006034470289535,49.77702182477819,0.8735466526967103,0.6345779017451136,0.06192106072808277,0.03144089198208079,1.3333333333333333,0.4714045207910317,0.021785145475169687,0.0068607834467218866,0.009653506958004644,0.005990765342932725,1.0250000000000001
119407,7216,20.0,-10.0,/gpfs/bbp.cscs.ch/project/proj32/glusynapse_20190926_release/testing/zilberter_2009/simulations/L23PC_L23PC/119407-7216/20Hz_-10ms/simulation.batch,3.6541475972730852,6.227303825670891,1.7041741363479757,0.8681221782699031,0.7905264244644421,6.0,0.3333333333333333,0.595810422459191,0.23034535748332477,668.9732342683448,108.75920119956903,13.157080863815203,19.986142095967733,0.8626765148025878,0.48991598332927005,0.058009816749577114,0.03166422781687436,1.1666666666666667,0.3726779962499649,0.02900320243250026,0.00792825499831978,0.025711995897660475,0.023953497763511956,1.225
122624,123437,20.0,-10.0,/gpfs/bbp.cscs.ch/project/proj32/glusynapse_20190926_release/testing/zilberter_2009/simulations/L23PC_L23PC/122624-123437/20Hz_-10ms/simulation.batch,0.5955881821575576,0.8262978869949573,1.3873644772494285,0.3849474215300911,0.504611790430175,3.0,0.0,0.35295022729721687,0.21140117827043328,755.2339870498641,86.15540613955739,6.486119250592317,9.093671249644968,0.5148434112581014,0.22585188904187117,0.04492449595506117,0.013480284583699494,1.0,0.0,0.031673227035838795,0.02196221704256513,0.003308666994268779,0.003426947741483633,1.5750000000000002
25021,2676,20.0,-10.0,/gpfs/bbp.cscs.ch/project/proj32/glusynapse_20190926_release/testing/zilberter_2009/simulations/L23PC_L23PC/25021-2676/20Hz_-10ms/simulation.batch,0.92303390338643,2.1760468075399455,2.357493911714897,0.5216419904420861,0.4718817735001351,3.0,0.0,0.5170582298876518,0.12597682121303488,584.7055728647058,10.700738487082504,16.755651957972336,23.482787281769422,0.712241274006815,0.38933791069910484,0.05931015240647871,0.03608726439373719,1.0,0.0,0.020548508473801626,0.007365458814491979,0.006622547860219794,0.006691770909668464,1.2000000000000002
23031,5603,20.0,-10.0,/gpfs/bbp.cscs.ch/project/proj32/glusynapse_20190926_release/testing/zilberter_2009/simulations/L23PC_L23PC/23031-5603/20Hz_-10ms/simulation.batch,1.0251016672475608,2.907241518395377,2.8360518876156324,0.5823171135048923,0.7829592806024905,5.0,0.6,0.31239260398885166,0.14559075456969467,672.9926250202243,95.31528267230046,3.353404941637604,2.566919126579628,0.4323964388875126,0.2693353713332353,0.033753895736684504,0.018008419522128737,1.0,0.0,0.026796180921389978,0.004762896964204779,0.07073132605595153,0.0600233371321217,2.225
11503,16955,20.0,-10.0,/gpfs/bbp.cscs.ch/project/proj32/glusynapse_20190926_release/testing/zilberter_2009/simulations/L23PC_L23PC/11503-16955/20Hz_-10ms/simulation.batch,3.161404071426882,3.6518561739586866,1.1551374299048214,1.0852339566998648,0.9089353652977703,5.0,0.4,0.5473647508839926,0.18733151500554385,631.0183686315468,64.82248156260181,0.8408589410689764,1.6787164783793895,0.8745793248322545,0.4020537080228371,0.059771748400840555,0.022318629083903037,1.0,0.0,0.0296813886911526,0.007447204856517813,0.01307334297528166,0.015438102023423987,1.4500000000000002
122686,359,20.0,-10.0,/gpfs/bbp.cscs.ch/project/proj32/glusynapse_20190926_release/testing/zilberter_2009/simulations/L23PC_L23PC/122686-359/20Hz_-10ms/simulation.batch,2.346910769286189,1.658507017589007,0.7066766403281028,0.6391585301171273,0.6045938403785822,6.0,0.5,0.4793238458038889,0.2723433739828381,681.6324996638692,87.69193544968046,15.877533462215206,13.327379504690764,0.6609688522773954,0.3314701607578336,0.06611009785749024,0.026889868478254267,1.0,0.0,0.016594620997027947,0.003641580573059844,0.021281258363840275,0.01968070981195299,1.0
119392,113365,20.0,-10.0,/gpfs/bbp.cscs.ch/project/proj32/glusynapse_20190926_release/testing/zilberter_2009/simulations/L23PC_L23PC/119392-113365/20Hz_-10ms/simulation.batch,2.784102382651929,5.448019884345907,1.9568317308634777,0.8133814758740703,1.0500325665758812,6.0,0.6666666666666666,0.48726977039535835,0.2642160774812988,776.1350177525137,126.34973591095313,17.219390329193747,21.723560381155856,0.6176457397055296,0.32092473812899613,0.04566923738532102,0.02341875661528962,1.0,0.0,0.03162531172198721,0.00816323638058081,0.0007157217917440552,0.0010250925296315236,2.2
4794,16760,20.0,-10.0,/gpfs/bbp.cscs.ch/project/proj32/glusynapse_20190926_release/testing/zilberter_2009/simulations/L23PC_L23PC/4794-16760/20Hz_-10ms/simulation.batch,1.3415145745552857,1.865899368113199,1.3908901203937705,0.43650055484874833,0.47859948800205254,5.0,0.4,0.4942861030175775,0.30152303193790697,610.5980898729233,79.43438675633182,42.90139399871648,34.90263496311987,0.4926142725937274,0.26379001060383495,0.0448622212011847,0.022834286749773065,1.0,0.0,0.026351248951593798,0.00976371604168301,0.0482161458201303,0.04851304773690238,2.4250000000000003
12619,8765,20.0,-10.0,/gpfs/bbp.cscs.ch/project/proj32/glusynapse_20190926_release/testing/zilberter_2009/simulations/L23PC_L23PC/12619-8765/20Hz_-10ms/simulation.batch,0.354151769142995,0.784474299629848,2.215079431985282,0.2864642290338421,0.37406641371879684,3.0,0.0,0.3119464761876819,0.08979790033477414,756.2449013174734,27.44813501158139,2.371996383979131,3.174746862713515,0.32591253679291354,0.030702549550815517,0.02765924239607737,0.0033108366889566627,1.0,0.0,0.019341782726065234,0.002238274011308313,0.007723421559411424,0.00029332040558574285,1.75
18160,7737,20.0,-10.0,/gpfs/bbp.cscs.ch/project/proj32/glusynapse_20190926_release/testing/zilberter_2009/simulations/L23PC_L23PC/18160-7737/20Hz_-10ms/simulation.batch,0.7428184612416134,1.2185795781504234,1.6404810081235464,0.34625968358409376,0.46361059478218136,3.0,0.0,0.6047087512232306,0.1114679585669985,722.3824925332216,93.6200402332745,2.322612690279774,2.4722819447498807,0.6785183603271318,0.08095400777203399,0.048713734404261765,0.006373188062902283,1.0,0.0,0.02341629306575083,0.0010309319324334708,0.0006781861594502301,0.00014340933367279005,1.725
3154,16561,20.0,-10.0,/gpfs/bbp.cscs.ch/project/proj32/glusynapse_20190926_release/testing/zilberter_2009/simulations/L23PC_L23PC/3154-16561/20Hz_-10ms/simulation.batch,3.135387179914406,5.779352413280219,1.8432659450492463,0.9865352215765414,1.3565736896619671,3.0,0.0,0.732846561493962,0.06525510174989023,775.1721244145252,104.31509478914705,0.3363021018731058,0.2680667401779182,0.8540699632346779,0.06357212301643102,0.08805061433063975,0.024357793960790963,1.0,0.0,0.01943131026929785,0.005152700580372302,0.006560149743776528,0.006058659852275114,1.4000000000000001
4349,305,20.0,-10.0,/gpfs/bbp.cscs.ch/project/proj32/glusynapse_20190926_release/testing/zilberter_2009/simulations/L23PC_L23PC/4349-305/20Hz_-10ms/simulation.batch,2.335262928875958,4.709250890653137,2.016582729260324,0.7869826901077343,0.62313094576957,4.0,0.0,0.665467421007797,0.13345021626465886,582.8587921552935,52.04000640979487,8.624941160387184,9.438051326930537,0.9206540759134946,0.2577473746321823,0.077646808583942,0.02259614118881839,1.0,0.0,0.025374015644105127,0.007049529215336449,0.0001330346033016371,0.0001341726249611192,2.35
119963,125284,20.0,-10.0,/gpfs/bbp.cscs.ch/project/proj32/glusynapse_20190926_release/testing/zilberter_2009/simulations/L23PC_L23PC/119963-125284/20Hz_-10ms/simulation.batch,0.07732424423868593,0.10053753379631872,1.3002071314913544,0.1017640090524253,0.09573462752623797,3.0,0.3333333333333333,0.19161569324157668,0.12016218330331398,765.5960321132984,51.67134485623955,18.94032266507484,13.12292861904632,0.2199261012376733,0.06468646879701512,0.024477783479806416,0.0013359642642411587,1.0,0.0,0.015336706021466126,0.004076395587623262,0.0067932090880367295,0.008544799914437289,1.625
122368,120503,20.0,-10.0,/gpfs/bbp.cscs.ch/project/proj32/glusynapse_20190926_release/testing/zilberter_2009/simulations/L23PC_L23PC/122368-120503/20Hz_-10ms/simulation.batch,0.1818903329726415,0.8125000620980823,4.466977704748564,0.15563886084892176,0.24839094727657973,2.0,0.0,0.3691121392489941,0.1369179823180039,796.714480276747,57.98855022734176,3.7682577047650496,3.6150775173370886,0.33889070013106015,0.008562828749076573,0.021774894394064888,0.0023476407516980994,1.0,0.0,0.03454951964365986,0.004653593875736169,0.00022175677646266368,7.755467382708779e-05,2.0500000000000003
795,24004,20.0,-10.0,/gpfs/bbp.cscs.ch/project/proj32/glusynapse_20190926_release/testing/zilberter_2009/simulations/L23PC_L23PC/795-24004/20Hz_-10ms/simulation.batch,0.7113480322187162,2.399933864116614,3.3737829521101608,0.6273130094002886,0.755756966088443,2.0,0.0,0.3581571658360429,0.17596583806728444,690.1345265229975,178.65950104895228,66.8251152034644,66.67941795822391,0.4759887360928534,0.3479938214834509,0.03824300432251984,0.01935021704054778,1.0,0.0,0.017619391361110556,0.006436275223976743,0.013203272595733208,0.002303543052095032,0.925
10190,26937,20.0,-10.0,/gpfs/bbp.cscs.ch/project/proj32/glusynapse_20190926_release/testing/zilberter_2009/simulations/L23PC_L23PC/10190-26937/20Hz_-10ms/simulation.batch,2.2729831290896962,3.23957896687863,1.4252542948596563,0.4167120477343174,0.4866571991835353,6.0,0.0,0.4460655181711835,0.28344158539002484,715.1810908901074,118.47860345060933,18.408104416694886,27.094351575380927,0.6561033885474575,0.5638721903672272,0.04336924449824678,0.02625125546079119,1.1666666666666667,0.3726779962499649,0.026277994195215704,0.009205762470538973,0.006145701943482133,0.01139156280005072,1.5750000000000002
504,12211,20.0,-10.0,/gpfs/bbp.cscs.ch/project/proj32/glusynapse_20190926_release/testing/zilberter_2009/simulations/L23PC_L23PC/504-12211/20Hz_-10ms/simulation.batch,1.2266772974040496,3.235111444052141,2.637296256234978,0.5742019358695393,0.6347108692619937,4.0,0.0,0.4184141186923002,0.21099752484328774,639.9465460281722,62.318325242394216,11.675502705136799,18.957564513868412,0.6190211644665606,0.3103555874389084,0.061327401299035925,0.02276279207653654,1.0,0.0,0.020500619083611872,0.005685681727167539,0.0023358372113112045,0.002588556823705765,2.0
3049,8590,20.0,-10.0,/gpfs/bbp.cscs.ch/project/proj32/glusynapse_20190926_release/testing/zilberter_2009/simulations/L23PC_L23PC/3049-8590/20Hz_-10ms/simulation.batch,0.005793409005821104,0.20906623370056607,36.08691074469287,0.025227218318716525,0.16634221540263264,2.0,0.0,0.04511612403074937,0.027054645497703037,643.4425610604313,80.6167607846254,11.221257948805764,2.6187056760813565,0.11562091221518173,0.005543666225737626,0.011947138493125151,0.00678872501897173,1.0,0.0,0.021768731265565743,0.011572707218158057,0.0038172867937718334,0.0024421021227829204,1.6
3723,3797,20.0,-10.0,/gpfs/bbp.cscs.ch/project/proj32/glusynapse_20190926_release/testing/zilberter_2009/simulations/L23PC_L23PC/3723-3797/20Hz_-10ms/simulation.batch,1.952197271577494,1.977058737385868,1.0127351196369023,0.4180780244506643,0.4246994111150811,4.0,0.0,0.6225371061236665,0.26687251786377314,665.1873613091922,87.58822015707226,13.023413040072874,18.22182200705282,0.8844344830127349,0.5799257308814246,0.058058876665913736,0.03878383265001751,1.25,0.4330127018922193,0.043092256260582745,0.019623909872484246,0.00028691707615196335,0.00016624846784315842,2.625
125170,122680,20.0,-10.0,/gpfs/bbp.cscs.ch/project/proj32/glusynapse_20190926_release/testing/zilberter_2009/simulations/L23PC_L23PC/125170-122680/20Hz_-10ms/simulation.batch,2.6227947068044624,5.0259394812837055,1.9162534788729864,0.6016436980957005,0.5212164911444797,8.0,0.0,0.5871382153213549,0.1362796698069171,638.5685770543146,79.35602263469006,5.220750792300403,5.25369222366624,0.842178972907299,0.32793350424640655,0.06093430413061455,0.03204089257313121,1.125,0.33071891388307384,0.035955020068965976,0.010609425509607393,0.00014113830797192256,9.129134644548918e-05,1.925
3213,23642,20.0,-10.0,/gpfs/bbp.cscs.ch/project/proj32/glusynapse_20190926_release/testing/zilberter_2009/simulations/L23PC_L23PC/3213-23642/20Hz_-10ms/simulation.batch,2.3063365163252927,2.6005002292668093,1.1275458767006865,0.8264989788045628,0.7335982305158472,4.0,0.0,0.6082391722475742,0.1839370373263564,601.6242502727066,58.14865152498968,2.9717855638604815,3.420455035057051,0.9077775133855344,0.4377366014720646,0.046008222024872494,0.022832021063354954,1.0,0.0,0.046018906560534485,0.012295158953475072,0.00019385479929060186,0.00017454927430726722,2.1
120443,125062,20.0,-10.0,/gpfs/bbp.cscs.ch/project/proj32/glusynapse_20190926_release/testing/zilberter_2009/simulations/L23PC_L23PC/120443-125062/20Hz_-10ms/simulation.batch,0.13343295527040008,0.6912625841000352,5.180598621226674,0.15659158718455293,0.2505840031833243,2.0,0.0,0.3614105419327398,0.03188704776859716,672.1403661454831,21.04147875479447,0.8733321626247318,0.8733001366424167,0.3651309221150852,0.03892102695744609,0.02723510136979182,0.010334032920494075,1.0,0.0,0.026193703388822306,0.006994079274995095,0.005244887969055993,0.004786782280661727,1.5250000000000001
125113,119772,20.0,-10.0,/gpfs/bbp.cscs.ch/project/proj32/glusynapse_20190926_release/testing/zilberter_2009/simulations/L23PC_L23PC/125113-119772/20Hz_-10ms/simulation.batch,0.47520295190107714,0.48823872291895254,1.0274320076626735,0.30501821534358087,0.3002955917492579,3.0,1.0,0.430652974414845,0.2557807293890094,729.7639655482403,97.86495612051488,4.820321843355592,5.69980321442978,0.5071206222257258,0.29955491660116995,0.04100865782532185,0.024844505050904547,1.0,0.0,0.022241222034339387,0.007146747110561911,0.02502165791030904,0.007174155153533731,1.55
12555,23752,20.0,-10.0,/gpfs/bbp.cscs.ch/project/proj32/glusynapse_20190926_release/testing/zilberter_2009/simulations/L23PC_L23PC/12555-23752/20Hz_-10ms/simulation.batch,1.3487641265391093,1.3824003947248182,1.0249385845336936,0.3918600967401633,0.3241384881216017,2.0,0.0,0.6950289420268172,0.1881672911657548,657.8283465994332,53.507443579876735,5.934543080628279,5.848594732527491,1.0748570876957941,0.8776926447254068,0.08198622401819074,0.07016935015120009,1.5,0.5,0.024940671662690386,0.0024145982268031184,3.490682032833035e-05,3.485260124234935e-06,2.275
126644,119606,20.0,-10.0,/gpfs/bbp.cscs.ch/project/proj32/glusynapse_20190926_release/testing/zilberter_2009/simulations/L23PC_L23PC/126644-119606/20Hz_-10ms/simulation.batch,0.34110188150215087,1.0952235418068534,3.2108399314119507,0.24062960314507653,0.35917973053274355,2.0,0.0,0.37767014480818384,0.012298164722451904,685.3881462194961,36.38463093742001,5.598791592758595,5.598783603246722,0.3484018063174884,0.010743253874128972,0.045047156460882656,0.0009485076829982043,1.0,0.0,0.013322021501858898,0.0006972460099855336,0.02170598339196212,0.0035931201269611152,0.7000000000000001
124503,117977,20.0,-10.0,/gpfs/bbp.cscs.ch/project/proj32/glusynapse_20190926_release/testing/zilberter_2009/simulations/L23PC_L23PC/124503-117977/20Hz_-10ms/simulation.batch,0.03408471892919754,0.07457243454814441,2.1878553466452213,0.07846940043104116,0.06515250338585282,2.0,0.0,0.16502612851064383,0.11082936628118797,644.5008305215201,78.03206174191047,26.66662692782919,25.819116139042503,0.14943977582619572,0.07938306815435384,0.00795742753549648,0.006011758181078799,1.0,0.0,0.0537176774638138,0.019767665604872104,0.000567691430419359,0.0003614077978148917,1.725
9155,113120,20.0,-10.0,/gpfs/bbp.cscs.ch/project/proj32/glusynapse_20190926_release/testing/zilberter_2009/simulations/L23PC_L23PC/9155-113120/20Hz_-10ms/simulation.batch,4.33901229406729,4.681667047041085,1.078970680364816,0.8501101677861643,0.6729178391330046,7.0,0.14285714285714285,0.465029649477715,0.3419926310911943,627.75847083625,94.61486233304086,21.121816580121674,33.15801795455025,0.6641629295777794,0.5467305654975947,0.051068820792979794,0.03608142924483022,1.0,0.0,0.02949098689288484,0.007821300996192741,0.0008227084816577305,0.000925336272226324,1.6
8964,25703,20.0,-10.0,/gpfs/bbp.cscs.ch/project/proj32/glusynapse_20190926_release/testing/zilberter_2009/simulations/L23PC_L23PC/8964-25703/20Hz_-10ms/simulation.batch,0.45113638253498345,1.6309312791666157,3.6151623817219947,0.3655962136643245,0.44791809918327213,3.0,0.3333333333333333,0.34184190926461167,0.1563197756749154,646.3082455843471,108.65599492281822,9.748379071063484,12.93267095451357,0.3891314911370029,0.16393235331713288,0.02822330525782733,0.005617906859629188,1.0,0.0,0.023330976359064393,0.009634717335916252,0.0130720042746017,0.00944574525641699,0.775
7228,6552,20.0,-10.0,/gpfs/bbp.cscs.ch/project/proj32/glusynapse_20190926_release/testing/zilberter_2009/simulations/L23PC_L23PC/7228-6552/20Hz_-10ms/simulation.batch,1.6424745967983228,1.1124242646516587,0.6772855219923086,0.68931779738876,0.6059219371286667,3.0,0.6666666666666666,0.6898703217769534,0.09664376247558343,732.3121398517827,107.98487789029917,10.933861412386962,9.553989169703835,1.0285366999399443,0.2599881588302369,0.05334570784682804,0.015848052091865225,1.0,0.0,0.03532912805638163,0.009900261289107405,0.03314589192230764,0.01859072187106832,1.675
127238,125864,20.0,-10.0,/gpfs/bbp.cscs.ch/project/proj32/glusynapse_20190926_release/testing/zilberter_2009/simulations/L23PC_L23PC/127238-125864/20Hz_-10ms/simulation.batch,0.7809326036250819,0.2614162518871938,0.3347487999267824,0.296274064793861,0.21668675709043708,4.0,1.0,0.48141186976376615,0.2602191985606688,696.8033979357654,46.47107535030463,3.6448081241070396,5.899796634073474,0.6996606292120892,0.6272952636197678,0.04952299300630191,0.037079578702994644,1.0,0.0,0.026772573433503352,0.007534285198040258,0.0013881238985599673,0.002170289330302091,2.0500000000000003
125839,126732,20.0,-10.0,/gpfs/bbp.cscs.ch/project/proj32/glusynapse_20190926_release/testing/zilberter_2009/simulations/L23PC_L23PC/125839-126732/20Hz_-10ms/simulation.batch,1.6643313290159518,3.416839627629286,2.0529804180574533,0.4744649633998414,0.6340236246333734,8.0,0.25,0.37799943491477067,0.18937154521402483,705.4633403081434,162.03898654334327,11.983608314696037,13.871415632845634,0.535138868917759,0.33040465635321237,0.045465949151108256,0.0283728121059422,1.125,0.33071891388307384,0.024556517235056655,0.005467762558675735,0.0057171555101341,0.009593333949441386,0.9750000000000001
123887,123515,20.0,-10.0,/gpfs/bbp.cscs.ch/project/proj32/glusynapse_20190926_release/testing/zilberter_2009/simulations/L23PC_L23PC/123887-123515/20Hz_-10ms/simulation.batch,0.37904204800213015,0.5585564578864549,1.4736002531395038,0.23726152301443035,0.26261696129143297,4.0,0.5,0.31061230978028304,0.205689056938876,633.6901875018473,49.31442410658809,5.306623356539387,6.279740775441441,0.31132621622135404,0.17565823469676656,0.035311929871355785,0.026782299527061973,1.0,0.0,0.02220168014831848,0.008016810040518376,0.00022956406375749847,0.00014760700962413554,1.5750000000000002
5047,6400,20.0,-10.0,/gpfs/bbp.cscs.ch/project/proj32/glusynapse_20190926_release/testing/zilberter_2009/simulations/L23PC_L23PC/5047-6400/20Hz_-10ms/simulation.batch,1.6607902714435892,3.0165745368275005,1.8163488723988244,0.9878968321200947,1.009262861638106,5.0,0.4,0.4194925329542037,0.18089821575279016,655.7137515561637,90.5017280255682,37.087472703286,71.57601449238075,0.5681908479213685,0.3545945662602004,0.0381522740567688,0.01395475779867772,1.0,0.0,0.02918695783045113,0.010900797088785599,0.03195063741700447,0.03695535673905096,1.75
119407,121708,20.0,-10.0,/gpfs/bbp.cscs.ch/project/proj32/glusynapse_20190926_release/testing/zilberter_2009/simulations/L23PC_L23PC/119407-121708/20Hz_-10ms/simulation.batch,2.0150706273213297,1.9387867395195109,0.9621433180715733,0.5743672644018328,0.5238975420146438,5.0,0.2,0.5180902561718405,0.2674606947237744,683.75815767539,67.71660339895475,7.257703556317757,5.60524805812058,0.7879506968544202,0.6019071655487187,0.06292585626627739,0.04445020640010084,1.2,0.4000000000000001,0.029659547154572974,0.006152865045531091,0.0007527086977445525,0.0007765956256172961,1.7000000000000002
15965,24496,20.0,-10.0,/gpfs/bbp.cscs.ch/project/proj32/glusynapse_20190926_release/testing/zilberter_2009/simulations/L23PC_L23PC/15965-24496/20Hz_-10ms/simulation.batch,1.1612209638707225,1.405454265632308,1.2103245716021844,0.5655813286644744,0.5281620765700553,5.0,0.4,0.35415421404251995,0.29188423286950976,712.1608203096358,91.95928501442249,11.443259498708732,21.688400232250288,0.4469575893253091,0.3169168609024293,0.044739299113083705,0.04215388317748978,1.0,0.0,0.020989461516048673,0.004838611928432512,0.02852528250902947,0.033543506451048095,1.9500000000000002
18064,1029,20.0,-10.0,/gpfs/bbp.cscs.ch/project/proj32/glusynapse_20190926_release/testing/zilberter_2009/simulations/L23PC_L23PC/18064-1029/20Hz_-10ms/simulation.batch,1.2433081932866055,1.3644533984745137,1.097437792047094,0.7178209956541385,0.6088081710798198,5.0,0.0,0.34400859906110287,0.18334626413169303,753.1334735257992,90.4297365042254,59.671343073725645,72.23610147401877,0.5023405035129418,0.3693393650868302,0.03144828582854621,0.022795253709013363,1.0,0.0,0.02688163904092593,0.004274817325760206,0.012319300402806094,0.010833795146641735,1.6500000000000001
117853,126658,20.0,-10.0,/gpfs/bbp.cscs.ch/project/proj32/glusynapse_20190926_release/testing/zilberter_2009/simulations/L23PC_L23PC/117853-126658/20Hz_-10ms/simulation.batch,0.7513421087665573,1.0381500100929508,1.3817274421065424,0.35416680085364705,0.3057521857205703,2.0,0.0,0.47983383091510406,0.36988090577900223,661.6751494677723,29.906070754745656,6.921808804418754,2.0992877347119054,0.5562701724057255,0.3440674273264058,0.04186921713285098,0.035039454072431184,1.0,0.0,0.03691097248776798,0.016743293318075548,0.00993377793184707,0.0048248717802349865,0.8
1398,11507,20.0,-10.0,/gpfs/bbp.cscs.ch/project/proj32/glusynapse_20190926_release/testing/zilberter_2009/simulations/L23PC_L23PC/1398-11507/20Hz_-10ms/simulation.batch,1.4619860808023222,1.9972903635819594,1.3661486862350072,0.5238044321857425,0.694265310866463,4.0,0.5,0.5919410920563709,0.09635053615179574,624.1151178725958,103.24756136432913,16.492928023531537,20.695988922496415,0.6303569269775839,0.07197802640557525,0.043697909356071374,0.013675308752374802,1.0,0.0,0.02746786439305231,0.007215778965236851,0.029399246099374075,0.02844581131075105,1.875
8959,24371,20.0,-10.0,/gpfs/bbp.cscs.ch/project/proj32/glusynapse_20190926_release/testing/zilberter_2009/simulations/L23PC_L23PC/8959-24371/20Hz_-10ms/simulation.batch,0.5557528322267605,1.555080230262104,2.798150796697324,0.30254094880622623,0.41152130587174335,3.0,0.0,0.44547044586828505,0.1484792825677319,879.1836639752918,78.20636319308963,12.663320484318831,8.504246891944451,0.563311253329162,0.0610487030147385,0.04090316635717515,0.010895797764853714,1.0,0.0,0.03336243274879111,0.006960893983868162,0.001869088945927467,0.0021245175818591566,2.85
124882,123922,20.0,-10.0,/gpfs/bbp.cscs.ch/project/proj32/glusynapse_20190926_release/testing/zilberter_2009/simulations/L23PC_L23PC/124882-123922/20Hz_-10ms/simulation.batch,0.580057392981544,2.086795240485576,3.59756683689397,0.3208484183002848,0.421937546882663,5.0,0.0,0.28082408611136456,0.19306413207746573,619.1831548210054,116.18648315060464,4.503008998586931,8.409389019987275,0.46978162292273373,0.2876810619494091,0.04373343494851039,0.044176711956082575,1.2,0.4,0.030740567781406748,0.009730348974557098,0.000252388386891372,0.00028578407665362705,2.125
4597,13118,20.0,-10.0,/gpfs/bbp.cscs.ch/project/proj32/glusynapse_20190926_release/testing/zilberter_2009/simulations/L23PC_L23PC/4597-13118/20Hz_-10ms/simulation.batch,1.212876085316711,2.450153245193515,2.0201183573948702,0.6399246522555763,0.6073431312368786,2.0,0.0,0.6199708151096136,0.10656953346181963,684.410557286672,57.59216296290532,24.2653308795134,23.416193949376343,0.6995982273394645,0.0708706578668834,0.03163040947713189,0.00322190440925124,1.0,0.0,0.038028485686437796,0.007570860316040108,0.009864249158289786,0.0052463752900691355,0.925
8798,23624,20.0,-10.0,/gpfs/bbp.cscs.ch/project/proj32/glusynapse_20190926_release/testing/zilberter_2009/simulations/L23PC_L23PC/8798-23624/20Hz_-10ms/simulation.batch,0.1156964228795104,0.1297467057000676,1.1214409440747324,0.10800811008933094,0.13490216548867057,2.0,0.0,0.3471597627510137,0.015152822820954398,589.3561594146158,147.12297636409428,0.007223942671910511,0.007065331200997903,0.4595545696835864,0.06448714932101157,0.0530885260719534,0.007196502166074151,1.0,0.0,0.014401846335930897,0.00034312226071301667,0.00018825597943383733,0.0001283376503607175,1.85
122774,123852,20.0,-10.0,/gpfs/bbp.cscs.ch/project/proj32/glusynapse_20190926_release/testing/zilberter_2009/simulations/L23PC_L23PC/122774-123852/20Hz_-10ms/simulation.batch,0.20964160568977733,0.05060362794229742,0.2413816082728324,0.16987159649850342,0.06935465538935372,2.0,1.0,0.4268886844713069,0.09884363774916638,863.3193448718064,78.02071737617354,26.88485213390244,10.834266524632048,0.5479400506468766,0.22637696223636633,0.03490490250442401,0.016613641126780605,1.0,0.0,0.027982635725616087,0.0021892769635969596,8.053318474163717e-05,1.3738358768454367e-05,2.95
4044,14116,20.0,-10.0,/gpfs/bbp.cscs.ch/project/proj32/glusynapse_20190926_release/testing/zilberter_2009/simulations/L23PC_L23PC/4044-14116/20Hz_-10ms/simulation.batch,1.0057359136105433,1.5595297325813189,1.5506354217606515,0.5502560679034333,0.6306392481535599,5.0,0.0,0.36001459727502966,0.1045642685351339,647.1594415341741,117.87868756255848,1.8737118150015977,3.3509640351832415,0.5433427863169858,0.11511303879161255,0.04362562331753489,0.012022297180257664,1.0,0.0,0.02278059290657821,0.007163018961180481,0.0007002228818090161,0.0005732470479359511,1.725
123423,124702,20.0,-10.0,/gpfs/bbp.cscs.ch/project/proj32/glusynapse_20190926_release/testing/zilberter_2009/simulations/L23PC_L23PC/123423-124702/20Hz_-10ms/simulation.batch,0.2932815565722365,0.5209681354435968,1.77634127946017,0.2609863736089732,0.28740628620811226,2.0,0.5,0.3172113166681473,0.11351434629694307,664.9417953672303,248.64258359354204,0.05138467195143321,0.047359909871084786,0.35262948898124474,0.15010779051627934,0.036717862878682825,0.019864228341343274,1.0,0.0,0.021444847936100287,0.003151498445125297,0.011482681535920646,0.011439829931079856,1.4500000000000002
2038,15566,20.0,-10.0,/gpfs/bbp.cscs.ch/project/proj32/glusynapse_20190926_release/testing/zilberter_2009/simulations/L23PC_L23PC/2038-15566/20Hz_-10ms/simulation.batch,0.5084274793760083,0.545519242512277,1.072953891441492,0.48122401806011306,0.4611539930341281,2.0,0.0,0.41740142129963426,0.16189020743975885,681.6546554081963,85.50527854392823,0.9697719396456439,0.6230954730486453,0.6034847794664064,0.38231783428124044,0.07392348853823526,0.055148779317132,1.0,0.0,0.01532305996669844,0.0032755310389359915,0.0007505908090911118,6.844389506090463e-05,0.925
22908,15555,20.0,-10.0,/gpfs/bbp.cscs.ch/project/proj32/glusynapse_20190926_release/testing/zilberter_2009/simulations/L23PC_L23PC/22908-15555/20Hz_-10ms/simulation.batch,1.7183028230482988,2.6545919379903995,1.5448917981064056,0.7092094634579034,0.6954038080860113,4.0,0.0,0.5749767099628516,0.2652601035011292,579.343418283998,81.41030763531636,9.300240665713709,14.037669307658755,0.6739282048924241,0.1910628131705776,0.05659801105270647,0.015276020739816053,1.0,0.0,0.024707772836976248,0.009906895213162284,0.001233431893321972,0.0004900704209154322,1.6
22764,12701,20.0,-10.0,/gpfs/bbp.cscs.ch/project/proj32/glusynapse_20190926_release/testing/zilberter_2009/simulations/L23PC_L23PC/22764-12701/20Hz_-10ms/simulation.batch,0.7846878768667563,2.4116937475212468,3.0734433634314495,0.45538229005157027,0.5532626652876012,2.0,0.0,0.5828423517551211,0.07704317854018616,567.951956581551,100.67633836859156,14.46250962185548,7.281377182913568,0.4749539239285896,0.03303396316613627,0.04573816390492479,0.005280847444328607,1.0,0.0,0.017448815879501412,0.0031579708469365005,0.013456656267164586,0.0061865659083954515,0.875
125319,118407,20.0,-10.0,/gpfs/bbp.cscs.ch/project/proj32/glusynapse_20190926_release/testing/zilberter_2009/simulations/L23PC_L23PC/125319-118407/20Hz_-10ms/simulation.batch,2.275432261210949,1.9140084634234185,0.8411625764701135,0.7025105245998674,0.6032804202895667,5.0,0.4,0.4962762647632797,0.23124149670771674,644.703646202184,78.96460481457927,6.8435141123250105,8.996325138916955,0.522368522333234,0.2526751668230924,0.031308646335908255,0.016693176919415676,1.0,0.0,0.03399423196042729,0.005577627945181224,0.0012366007891782876,0.0013051363913312247,1.425
2862,12456,20.0,-10.0,/gpfs/bbp.cscs.ch/project/proj32/glusynapse_20190926_release/testing/zilberter_2009/simulations/L23PC_L23PC/2862-12456/20Hz_-10ms/simulation.batch,0.7812450102926988,1.6236168472464665,2.078242837849508,0.48148518631771325,0.4574329152665759,2.0,0.0,0.6086253295589032,0.0679053420643198,654.5978008894648,44.983786292835475,24.191686704785834,20.239828284906093,0.6781451043621729,0.16542456604135897,0.05337292172060977,0.018325387693185795,1.0,0.0,0.022972467176144408,0.0031080021779543564,0.0075463142355985755,0.0013373849657498543,1.7000000000000002
724,15573,20.0,-10.0,/gpfs/bbp.cscs.ch/project/proj32/glusynapse_20190926_release/testing/zilberter_2009/simulations/L23PC_L23PC/724-15573/20Hz_-10ms/simulation.batch,2.906713167415925,4.374976543031382,1.5051284014104311,0.7551681367027085,1.0578233078367532,7.0,0.7142857142857143,0.4387815429612873,0.3299715453583782,665.2064388381681,75.48341424684995,10.665862312894808,10.40792717312054,0.5768952287342806,0.39223829201929405,0.0504360655176054,0.025935164151588738,1.0,0.0,0.023775918128562112,0.01240985065527554,0.06056360401394079,0.043435214710212236,1.675
3879,23290,20.0,-10.0,/gpfs/bbp.cscs.ch/project/proj32/glusynapse_20190926_release/testing/zilberter_2009/simulations/L23PC_L23PC/3879-23290/20Hz_-10ms/simulation.batch,0.7634103130016467,1.7469423179554557,2.2883399506179942,0.4989158156399978,0.5935578265494473,5.0,0.2,0.29314511732945014,0.19219934622327764,705.0521334843353,102.68383792172169,5.376143071744138,5.3862709778736395,0.43300104241746834,0.3357533083867292,0.0378718470530742,0.03723267236970273,1.0,0.0,0.024999688179604147,0.004912988434141418,0.018154283334755515,0.036113586007241155,2.325
13202,9796,20.0,-10.0,/gpfs/bbp.cscs.ch/project/proj32/glusynapse_20190926_release/testing/zilberter_2009/simulations/L23PC_L23PC/13202-9796/20Hz_-10ms/simulation.batch,0.8926144248960007,1.1221161566060915,1.2571118338546123,0.4421193262411752,0.36556054351315476,3.0,0.6666666666666666,0.4922917946470702,0.24834645095623756,735.197935823017,17.929156717346753,20.836663073862656,14.125653987890749,0.6525167917799558,0.24809536173871044,0.0466915473972044,0.010556912124694706,1.0,0.0,0.029030460154314267,0.011028926462943784,0.05040362404855093,0.03457411051149191,1.925
126381,126265,20.0,-10.0,/gpfs/bbp.cscs.ch/project/proj32/glusynapse_20190926_release/testing/zilberter_2009/simulations/L23PC_L23PC/126381-126265/20Hz_-10ms/simulation.batch,0.33899475193881207,0.06453087541518863,0.19035951160340187,0.17984574483780458,0.09782550522989074,4.0,1.0,0.2658104817439222,0.24376795936810486,663.173467823981,84.99128845618927,13.15306930620431,13.709400533262901,0.29295565230489534,0.11732629709506466,0.02107715916049345,0.009274795053377548,1.0,0.0,0.029189358529701483,0.004381918007638743,0.0002980742124730097,0.00045760258218634453,3.6750000000000003
15127,4853,20.0,-10.0,/gpfs/bbp.cscs.ch/project/proj32/glusynapse_20190926_release/testing/zilberter_2009/simulations/L23PC_L23PC/15127-4853/20Hz_-10ms/simulation.batch,1.0971939333404928,3.179948151878633,2.8982553177240344,0.6114967666901886,0.4813096202898117,3.0,0.0,0.41750011605290416,0.25548604511068296,618.0430703443539,62.111662401930104,8.610395761178525,5.078962946897876,0.6831474725928312,0.4543025538673176,0.03767418206754847,0.02100377983597103,1.0,0.0,0.04646886044871921,0.013152097402165414,0.0001916848060693404,7.321833447195899e-05,2.8000000000000003
7114,24889,20.0,-10.0,/gpfs/bbp.cscs.ch/project/proj32/glusynapse_20190926_release/testing/zilberter_2009/simulations/L23PC_L23PC/7114-24889/20Hz_-10ms/simulation.batch,2.409066274800471,4.338071202720015,1.8007272145633737,0.6622963219015945,0.7714736263255987,7.0,0.0,0.5022862471766509,0.2563234262793265,738.9672153985357,139.87908844161512,8.312679610561807,9.577324646885677,0.650098972396063,0.33707949348730726,0.04242131171038493,0.02131183964006734,1.0,0.0,0.02660175924903945,0.009681728402539797,0.01741008101217118,0.003584208409175829,0.925
5696,9868,20.0,-10.0,/gpfs/bbp.cscs.ch/project/proj32/glusynapse_20190926_release/testing/zilberter_2009/simulations/L23PC_L23PC/5696-9868/20Hz_-10ms/simulation.batch,1.8049781130070803,3.3838967992231432,1.874757801680817,0.48784744371787286,0.5438615056332595,6.0,0.16666666666666666,0.49455367523340527,0.24402211302258867,647.537817443761,99.97492561486992,4.394057242939008,5.356438510786946,0.7243489241603482,0.4106079117713736,0.0515040057817699,0.040280457689693475,1.1666666666666667,0.37267799624996495,0.03138052375416052,0.010144591658662121,0.0032053166200261135,0.0031453485810685592,1.475
113897,119189,20.0,-10.0,/gpfs/bbp.cscs.ch/project/proj32/glusynapse_20190926_release/testing/zilberter_2009/simulations/L23PC_L23PC/113897-119189/20Hz_-10ms/simulation.batch,1.0237064511716512,0.5945229813930745,0.5807553334382447,0.4207897917597665,0.39374602709505346,6.0,1.0,0.3642957509568425,0.23601691117986426,661.9762868218263,97.51266060228596,1.1039246001154766,2.2875549008410005,0.6036442737748945,0.38376077878012815,0.03563957093152149,0.02193195036361658,1.0,0.0,0.030873158130520755,0.013664065054810121,0.007127018961086993,0.009489472707576165,1.3
6618,9212,20.0,-10.0,/gpfs/bbp.cscs.ch/project/proj32/glusynapse_20190926_release/testing/zilberter_2009/simulations/L23PC_L23PC/6618-9212/20Hz_-10ms/simulation.batch,0.8029831999686468,1.9350385934711594,2.409812052788545,0.3774547575363806,0.44016166058041756,4.0,0.25,0.3913043568185051,0.21295861639022398,826.2700793001729,214.35046060225056,2.4316179820261627,3.783363369696648,0.45906971562581356,0.14098548477702072,0.048402919490792125,0.03311162732506021,1.0,0.0,0.026121187466616413,0.016215247507184515,0.008569939365439774,0.008972981991988673,1.6
6430,15305,20.0,-10.0,/gpfs/bbp.cscs.ch/project/proj32/glusynapse_20190926_release/testing/zilberter_2009/simulations/L23PC_L23PC/6430-15305/20Hz_-10ms/simulation.batch,0.08628280536861202,0.656031698902112,7.603272704213247,0.10824008348712037,0.21853252859851743,3.0,0.0,0.18578082019187556,0.09742441411715952,702.5354721978583,129.96639651992064,11.695578403441472,16.235208509852384,0.2666341163139323,0.051024338887515897,0.01764648516274141,0.004309659427436571,1.0,0.0,0.02494903361099567,0.0018702483474417274,0.00019065274721062882,0.00020028080621426177,1.05
120105,125774,20.0,-10.0,/gpfs/bbp.cscs.ch/project/proj32/glusynapse_20190926_release/testing/zilberter_2009/simulations/L23PC_L23PC/120105-125774/20Hz_-10ms/simulation.batch,0.5660740435724726,0.7195263129028268,1.2710816209871105,0.24163572294228974,0.29330127947253465,3.0,0.0,0.4683075412677051,0.24759200709908308,627.2730042530326,113.6964473369567,23.30922704132239,30.576186028243082,0.5793658265030821,0.3027397866263044,0.031455915416609644,0.01310810795563088,1.0,0.0,0.03069194003291914,0.005561134980166776,0.005208967656077561,0.0023498889712013993,1.7750000000000001
12834,14728,20.0,-10.0,/gpfs/bbp.cscs.ch/project/proj32/glusynapse_20190926_release/testing/zilberter_2009/simulations/L23PC_L23PC/12834-14728/20Hz_-10ms/simulation.batch,0.5081862825278487,0.9872206812895447,1.9426354374991317,0.32961004861213106,0.36472736132292816,3.0,0.0,0.3627140156818778,0.19178480762805164,680.7340611836806,45.24124591412757,4.8052448951940745,5.760969754609213,0.3586877903319077,0.2100640620471806,0.03627295274397624,0.017368983307511004,1.0,0.0,0.018661398708139505,0.008987364746277706,0.0030762137900685565,0.004123181339062275,1.4000000000000001
3335,15231,20.0,-10.0,/gpfs/bbp.cscs.ch/project/proj32/glusynapse_20190926_release/testing/zilberter_2009/simulations/L23PC_L23PC/3335-15231/20Hz_-10ms/simulation.batch,3.3099199174844336,5.766974358101427,1.7423304798517225,0.6368752659998531,0.6536355478975375,8.0,0.25,0.5014494451697891,0.2741219149841609,661.2620804703798,99.48544053273359,10.883173274711128,20.707231907410375,0.7849291878789038,0.460396259184658,0.05732229925089423,0.029603712660118055,1.25,0.4330127018922193,0.0331402221131311,0.013707948544430693,0.0024809521836544153,0.002362805088835958,2.9250000000000003
7852,16958,20.0,-10.0,/gpfs/bbp.cscs.ch/project/proj32/glusynapse_20190926_release/testing/zilberter_2009/simulations/L23PC_L23PC/7852-16958/20Hz_-10ms/simulation.batch,3.002905310301874,5.275188449865885,1.7566949020232623,0.6515924099199505,0.7670642697441007,7.0,0.0,0.45356527251717094,0.2646675372637482,622.2863299370875,94.77052878678481,8.134211962204406,13.558804998418806,0.6835100131750387,0.4071082448994207,0.05322740502443248,0.03288919934930944,1.2857142857142858,0.45175395145262565,0.02751680297838119,0.006169333442452509,0.002359917529115773,0.0018259858887098076,1.5
117912,120116,20.0,-10.0,/gpfs/bbp.cscs.ch/project/proj32/glusynapse_20190926_release/testing/zilberter_2009/simulations/L23PC_L23PC/117912-120116/20Hz_-10ms/simulation.batch,0.5531582266129649,0.6947149739404779,1.255906430596318,0.3871712688186488,0.4121389624631532,3.0,0.0,0.30372735621157676,0.2478218191491696,589.2334731673517,54.71454261833544,21.23075471224273,14.086247680265716,0.3809649233341741,0.24423026506806256,0.04202957735418966,0.03217349592768056,1.0,0.0,0.01898289477343296,0.004650116129873857,0.001972605254291373,0.000944029660667419,1.3
14856,5000,20.0,-10.0,/gpfs/bbp.cscs.ch/project/proj32/glusynapse_20190926_release/testing/zilberter_2009/simulations/L23PC_L23PC/14856-5000/20Hz_-10ms/simulation.batch,0.1919734669585547,1.0925622818073384,5.691215036728032,0.2259392042528486,0.3931894775622191,2.0,0.0,0.2592694501808802,0.055240339942259895,597.4453240011503,51.55346105135533,7.883658921708895,7.6959516783361845,0.32898817448709555,0.13987142536201067,0.022002761718447644,0.013376207444446437,1.0,0.0,0.028972972549628155,0.00613122688735139,0.010624265431094085,0.004752719190979957,1.25
122229,121200,20.0,-10.0,/gpfs/bbp.cscs.ch/project/proj32/glusynapse_20190926_release/testing/zilberter_2009/simulations/L23PC_L23PC/122229-121200/20Hz_-10ms/simulation.batch,2.6422725987279962,3.2958662767953135,1.2473604269226275,0.6897426987323899,0.689907765948113,4.0,0.0,0.6397862018925327,0.1344574693619863,584.8542801452754,44.82691619830386,11.57291611239584,11.287260931958436,1.0267892262811298,0.42374368360176157,0.07697699371896594,0.030555164188865464,1.25,0.4330127018922193,0.025984019104422044,0.002008578812122644,0.010780724164498084,0.004670081797833486,0.875
7833,6991,20.0,-10.0,/gpfs/bbp.cscs.ch/project/proj32/glusynapse_20190926_release/testing/zilberter_2009/simulations/L23PC_L23PC/7833-6991/20Hz_-10ms/simulation.batch,0.6003066888618707,1.5430894328763016,2.5705018143340452,0.5077830918035473,0.8871354927127172,4.0,0.75,0.19415925160812392,0.08657649873727898,723.8529352221362,134.856377580553,6.030118941174645,8.236608589519147,0.38359408217835567,0.0722642318584076,0.03411160377675988,0.010133762389008089,1.0,0.0,0.020979854236152565,0.00388834046468393,0.05540461699690153,0.03488463189345801,1.475
8039,11865,20.0,-10.0,/gpfs/bbp.cscs.ch/project/proj32/glusynapse_20190926_release/testing/zilberter_2009/simulations/L23PC_L23PC/8039-11865/20Hz_-10ms/simulation.batch,1.6497204155219145,2.973605021025303,1.8024902844428685,0.4779862332022154,0.5552988214139309,4.0,0.0,0.4744614302227297,0.34592659783833646,673.0224500650543,22.92514444978856,26.572565749374853,36.41591447050294,0.7660649660193493,0.4979272090497354,0.06575954749044657,0.0432492111174916,1.0,0.0,0.024390004101259195,0.008872430758845026,0.007701587905375377,0.007980773909966044,2.075
25795,14702,20.0,-10.0,/gpfs/bbp.cscs.ch/project/proj32/glusynapse_20190926_release/testing/zilberter_2009/simulations/L23PC_L23PC/25795-14702/20Hz_-10ms/simulation.batch,1.018499501604069,1.1227295606315737,1.1023368777926246,0.5602148473527259,0.5197468014667033,2.0,0.0,0.6463953486222926,0.07574262270377385,706.8562510549689,14.572796555162483,14.492105487741858,12.617538277321993,0.8706337303056652,0.329857452596379,0.07785054129506958,0.02299663006977421,1.0,0.0,0.021279058555844468,0.0008271346921954158,0.0009405811544022291,0.0008729064222908299,1.725
124722,114247,20.0,-10.0,/gpfs/bbp.cscs.ch/project/proj32/glusynapse_20190926_release/testing/zilberter_2009/simulations/L23PC_L23PC/124722-114247/20Hz_-10ms/simulation.batch,2.072462655064743,0.4503849108154346,0.21731871004515865,0.6781787761865742,0.4162643694756594,3.0,1.0,0.5822229685877421,0.3641415360132272,691.6362739010955,53.25473011337025,22.610040187742403,18.32537542659165,0.7417143979143962,0.3768731762259666,0.049393899155787735,0.03288083194330899,1.0,0.0,0.03697087327121302,0.011673741935009864,7.686256595226155e-05,7.193198736531103e-05,2.375
3582,22858,20.0,-10.0,/gpfs/bbp.cscs.ch/project/proj32/glusynapse_20190926_release/testing/zilberter_2009/simulations/L23PC_L23PC/3582-22858/20Hz_-10ms/simulation.batch,0.1574613436277976,0.7482214243483298,4.7517784816885165,0.22950490613131305,0.4592120172410613,3.0,0.0,0.1982024719448242,0.1018361793404406,713.1012134810138,164.59177705137554,41.63526104021251,52.20717732352424,0.31014068531084504,0.14805931620431848,0.03289061232156113,0.006394176278450917,1.0,0.0,0.01479877397866331,0.006039623420939459,0.007812433031901082,0.004199200088408908,1.3250000000000002
9645,11458,20.0,-10.0,/gpfs/bbp.cscs.ch/project/proj32/glusynapse_20190926_release/testing/zilberter_2009/simulations/L23PC_L23PC/9645-11458/20Hz_-10ms/simulation.batch,1.3783644070892522,1.3111577086879118,0.9512417049833262,0.6311549319277362,0.6683044205251225,2.0,0.0,0.6782564948604521,0.0530694289882619,605.7283808381965,4.305978421328007,9.895060570843016,9.285486193497835,1.074976310160129,0.01109054231365747,0.060487116188822646,0.007912161774369656,1.0,0.0,0.039305500430329765,0.011022322745057229,0.0005374484690727029,0.00027687998508578904,2.25
123959,121769,20.0,-10.0,/gpfs/bbp.cscs.ch/project/proj32/glusynapse_20190926_release/testing/zilberter_2009/simulations/L23PC_L23PC/123959-121769/20Hz_-10ms/simulation.batch,0.3911159840134386,0.27484420614314947,0.702717908183742,0.2928180800989304,0.2044996845454848,4.0,1.0,0.32159371862464686,0.186266662992758,675.5907483138827,77.68408277470539,15.818143451462822,19.81320536844,0.4908390658707064,0.18757155427866526,0.0349702615185639,0.011494997198538895,1.0,0.0,0.026481463517199638,0.009473895467790028,0.0048385121740202085,0.00787704317859677,1.375
2751,4154,20.0,-10.0,/gpfs/bbp.cscs.ch/project/proj32/glusynapse_20190926_release/testing/zilberter_2009/simulations/L23PC_L23PC/2751-4154/20Hz_-10ms/simulation.batch,1.1481406035966542,1.2973940353897206,1.1299957786751176,0.30590267407811866,0.31874953317344,2.0,0.5,0.5073248123689117,0.38169693267896776,641.1660858965413,103.53638687695172,24.665006498247507,23.747918982726688,0.5790070051688527,0.45249682818399944,0.0868647856434728,0.07771665018081352,1.5,0.5,0.01630830383467885,0.0061297104455034996,0.02867402722627138,0.0009589688787130287,1.175
2330,15134,20.0,-10.0,/gpfs/bbp.cscs.ch/project/proj32/glusynapse_20190926_release/testing/zilberter_2009/simulations/L23PC_L23PC/2330-15134/20Hz_-10ms/simulation.batch,0.9468361950999475,2.615372152023093,2.7622224050560464,0.39364027039651467,0.42746918079445945,3.0,0.0,0.5816398351001587,0.1398044333376257,709.5243068985001,86.74992197118786,8.924913994941612,6.721489847949094,0.7001900674749034,0.15450116470605668,0.0551557481975209,0.0020376901290229178,1.0,0.0,0.021844605555125712,0.00436320176236583,0.010524249293965303,0.003659739361595277,1.8250000000000002
124307,120213,20.0,-10.0,/gpfs/bbp.cscs.ch/project/proj32/glusynapse_20190926_release/testing/zilberter_2009/simulations/L23PC_L23PC/124307-120213/20Hz_-10ms/simulation.batch,0.5712046301982799,1.6273929004707937,2.849054112019161,0.3965386262422639,0.5695686781726204,4.0,0.25,0.3328294633389716,0.21809692067902425,729.9930444735314,124.64523693714595,2.11493359174182,2.9182576935874676,0.39874333729718436,0.14461506060999305,0.03507172195397677,0.018676535613291557,1.0,0.0,0.03153535389941731,0.0137295541798412,0.008879186900776562,0.010276647530802456,1.475
11255,24207,20.0,10.0,/gpfs/bbp.cscs.ch/project/proj32/glusynapse_20190926_release/testing/zilberter_2009/simulations/L23PC_L23PC/11255-24207/20Hz_10ms/simulation.batch,0.563104798904496,0.11094140427550604,0.19701733050639827,0.3150447608123226,0.19740679460992294,3.0,1.0,0.34280213550400607,0.2870185629165898,652.793760492574,131.58710796348072,3.825055542166996,2.731629886609781,0.5236921018690629,0.28291179359989704,0.04657135870265624,0.02694579230410923,1.0,0.0,0.08067261081095023,0.02993655637069209,3.588444732359782e-05,9.557202949594798e-06,4.775
9740,2924,20.0,10.0,/gpfs/bbp.cscs.ch/project/proj32/glusynapse_20190926_release/testing/zilberter_2009/simulations/L23PC_L23PC/9740-2924/20Hz_10ms/simulation.batch,2.0115133437896766,1.909767270301714,0.9494181463910779,0.6902891192377911,0.7928194412793877,4.0,0.5,0.5299228722608379,0.27247606983327055,686.4810782851882,66.37923115675191,0.8802346308217602,1.476106215222057,0.6910305875657546,0.33646590045886776,0.05220897348061072,0.00827628242303533,1.0,0.0,0.022159873250058602,0.0076606797140958745,0.003969064268369272,0.0040920420392703315,0.775
23411,14318,20.0,10.0,/gpfs/bbp.cscs.ch/project/proj32/glusynapse_20190926_release/testing/zilberter_2009/simulations/L23PC_L23PC/23411-14318/20Hz_10ms/simulation.batch,0.5387166668009892,1.2480899838730768,2.3167836838694686,0.33515528990695875,0.466244727588832,4.0,0.25,0.3279471350934584,0.08382539646346546,720.8919821479248,122.64672103968843,11.313595353422949,16.404185497705946,0.29508216085433703,0.10445084219048936,0.02156344148190268,0.005596994166615482,1.0,0.0,0.023135672325380267,0.008089095436324481,0.02489772449051905,0.02947814101979901,1.5750000000000002
3922,22161,20.0,10.0,/gpfs/bbp.cscs.ch/project/proj32/glusynapse_20190926_release/testing/zilberter_2009/simulations/L23PC_L23PC/3922-22161/20Hz_10ms/simulation.batch,4.044529037710259,6.470754788684527,1.5998784353759603,0.8918063862677167,0.9791593476810436,8.0,0.0,0.5759799820169799,0.25475420001473986,656.8280310641834,90.37854024568011,25.014451133054404,33.51404021370179,0.7137587250969949,0.4450286204463536,0.04730416045101267,0.02706605087201797,1.0,0.0,0.03142470193740525,0.008098416788794699,0.0009735944663245999,0.0009815223940941632,1.55
10434,7442,20.0,10.0,/gpfs/bbp.cscs.ch/project/proj32/glusynapse_20190926_release/testing/zilberter_2009/simulations/L23PC_L23PC/10434-7442/20Hz_10ms/simulation.batch,2.3421119426630397,2.3680255489051936,1.0110642048187883,0.3921670161696706,0.37810838454308787,3.0,0.0,0.7277665309327448,0.2533796274214884,544.5876288451901,127.81253582037988,2.0923081873824434,2.103576513308175,1.899132977959308,1.140672058470291,0.1200184563307799,0.07202587412581796,2.0,0.816496580927726,0.031861340687206495,0.00822299360681418,0.0008644699710801566,0.0005340396711557511,2.1
121566,118366,20.0,10.0,/gpfs/bbp.cscs.ch/project/proj32/glusynapse_20190926_release/testing/zilberter_2009/simulations/L23PC_L23PC/121566-118366/20Hz_10ms/simulation.batch,1.6455270596008638,0.6953759895339952,0.4225855694543634,0.5894720321169666,0.5346289272932969,5.0,1.0,0.3989208495004424,0.25514052928901343,611.1870956825265,81.37930024357001,3.996482863093873,4.977117172558994,0.5584844820184962,0.2621962266635268,0.03518307211400359,0.020575380629975312,1.0,0.0,0.03883569052268487,0.012625916749350078,0.0001552492855951043,0.00025688353707139106,1.625
118292,113391,20.0,10.0,/gpfs/bbp.cscs.ch/project/proj32/glusynapse_20190926_release/testing/zilberter_2009/simulations/L23PC_L23PC/118292-113391/20Hz_10ms/simulation.batch,4.367913328632125,5.771775688101662,1.3214034377163744,0.7684219154354904,1.155661509679122,3.0,0.3333333333333333,0.6458599512126022,0.2805835086371813,638.0497774764108,14.807455251801347,18.92205578080766,13.390948131516001,0.8020611369807408,0.4207174643311558,0.06322899565049703,0.0384686402447199,1.3333333333333333,0.4714045207910317,0.028715761988669933,0.004082462337026486,0.013583444225467178,0.012791399908654173,1.8250000000000002
123689,124240,20.0,10.0,/gpfs/bbp.cscs.ch/project/proj32/glusynapse_20190926_release/testing/zilberter_2009/simulations/L23PC_L23PC/123689-124240/20Hz_10ms/simulation.batch,1.3809091275456198,1.205071424257477,0.8726652610366399,0.5733891273727657,0.49652373498608937,4.0,0.5,0.4832905448361867,0.173953116449769,598.8163823318964,72.77983705992044,2.3113569400603717,2.348158746175678,0.6215899137322535,0.2689733533439792,0.046066530167828336,0.022646827787246464,1.0,0.0,0.03017669512995818,0.008579317307556612,0.0004021743171621822,0.0006161537981023556,2.975
10060,12873,20.0,10.0,/gpfs/bbp.cscs.ch/project/proj32/glusynapse_20190926_release/testing/zilberter_2009/simulations/L23PC_L23PC/10060-12873/20Hz_10ms/simulation.batch,0.29973292621442954,0.6488162813922682,2.1646480070998395,0.24075174882237838,0.3257448223675776,2.0,0.0,0.35591764665169767,0.1995487883753944,600.8770014278398,29.940239157678832,73.39475510447642,67.74222402810753,0.3828248521815185,0.06600001802588176,0.024375532238690163,0.006270629771664612,1.0,0.0,0.026422685432983716,0.0025810369669556008,0.007944493832898828,0.004211654047948826,1.7750000000000001
3153,2393,20.0,10.0,/gpfs/bbp.cscs.ch/project/proj32/glusynapse_20190926_release/testing/zilberter_2009/simulations/L23PC_L23PC/3153-2393/20Hz_10ms/simulation.batch,1.703701107787434,1.9817527170766758,1.1632044541253732,0.5412065329528262,0.5856282567231141,6.0,0.5,0.42131819649234914,0.27497262097310804,630.7053059156534,77.08608807145143,7.2042977167286075,12.052175193041432,0.6454366670479124,0.38406300422698314,0.04060766356185507,0.018013854717896353,1.0,0.0,0.02784408022253652,0.006830374891303475,0.01488912094362057,0.01423860855308447,1.5
15791,12266,20.0,10.0,/gpfs/bbp.cscs.ch/project/proj32/glusynapse_20190926_release/testing/zilberter_2009/simulations/L23PC_L23PC/15791-12266/20Hz_10ms/simulation.batch,1.1228152631509045,1.2077045639417496,1.0756039783006015,0.6157537201872185,0.5536375461123236,2.0,1.0,0.49928812458723193,0.28846838065823055,764.398689266294,13.784859440114872,58.083437654481045,58.07000557177783,0.7619856631881669,0.39916793605893053,0.03560113641215286,0.016739968169239793,1.0,0.0,0.03906697881597283,0.0027770032396296465,0.06602323997891557,0.009963187441322702,1.55
1662,7134,20.0,10.0,/gpfs/bbp.cscs.ch/project/proj32/glusynapse_20190926_release/testing/zilberter_2009/simulations/L23PC_L23PC/1662-7134/20Hz_10ms/simulation.batch,1.6473212996254019,2.222731351659152,1.3493004383325813,0.44190803954530294,0.6096167636051285,3.0,0.0,0.6009538318281942,0.2285415758193188,754.8895445753157,92.68389085468715,2.778462679831881,2.149817831269027,0.7628768057587724,0.3492263962167445,0.058839559267462795,0.02510816313274565,1.3333333333333333,0.4714045207910317,0.021747414826378268,0.0014884985869712242,0.0015348060045786611,0.0019076580223777897,1.7750000000000001
16608,5725,20.0,10.0,/gpfs/bbp.cscs.ch/project/proj32/glusynapse_20190926_release/testing/zilberter_2009/simulations/L23PC_L23PC/16608-5725/20Hz_10ms/simulation.batch,0.43472874440270554,0.3847294098626932,0.884987281876866,0.34077101347923777,0.35178070172415365,2.0,0.5,0.34118595885619185,0.224358668861816,756.0496660556958,18.279051159223684,27.87818482525479,21.249015136973828,0.37788548678419365,0.2953289874919567,0.02673220930084758,0.022598182105155983,1.0,0.0,0.026998160609451875,0.004939558114058145,0.081535390883998,0.08109872329994386,1.675
123595,125298,20.0,10.0,/gpfs/bbp.cscs.ch/project/proj32/glusynapse_20190926_release/testing/zilberter_2009/simulations/L23PC_L23PC/123595-125298/20Hz_10ms/simulation.batch,0.9494402137335404,1.1739797085158679,1.2364967183129494,0.2049029342035725,0.289031727038949,3.0,0.0,0.6067914465631332,0.33816727117931733,716.3173557520153,154.56825112149525,1.4386963678191271,1.0834636744609365,0.7765666178790251,0.367742170392206,0.07694837709751672,0.05660498564744089,1.3333333333333333,0.4714045207910317,0.02197854944104423,0.0071598025518421655,0.00840851496129979,0.0016602591594773754,1.5750000000000002
14144,12681,20.0,10.0,/gpfs/bbp.cscs.ch/project/proj32/glusynapse_20190926_release/testing/zilberter_2009/simulations/L23PC_L23PC/14144-12681/20Hz_10ms/simulation.batch,0.676747834780955,0.04413416576855577,0.06521508233985086,0.3165493405274805,0.11446917189597139,2.0,1.0,0.5784407404979284,0.1287667695386776,958.3370016457222,160.96548381730491,0.2936221211325686,0.04413251780040088,0.7717664350408702,0.2559558682020558,0.040526851490080805,0.015771195625238963,1.0,0.0,0.031514523587626804,0.002084314780021289,0.05791933775354454,0.007063927973773802,1.225
10351,24870,20.0,10.0,/gpfs/bbp.cscs.ch/project/proj32/glusynapse_20190926_release/testing/zilberter_2009/simulations/L23PC_L23PC/10351-24870/20Hz_10ms/simulation.batch,2.9621497608108,2.3133750967513227,0.7809784391583583,0.3786028139844882,0.453881361339641,4.0,0.0,0.8029438787846415,0.11050637463023925,728.7218463366987,184.1275204560687,11.354708911444794,18.20507150740791,1.2347846348789815,0.5090919390878857,0.08135147886487239,0.030573807213181182,1.5,0.5,0.06645015522592465,0.02729318407009195,0.00018914696939213558,0.000230576370333075,2.375
5380,14038,20.0,10.0,/gpfs/bbp.cscs.ch/project/proj32/glusynapse_20190926_release/testing/zilberter_2009/simulations/L23PC_L23PC/5380-14038/20Hz_10ms/simulation.batch,1.513691708269733,1.480480296029066,0.978059328686797,0.41746940837148805,0.36520659053387905,12.0,0.08333333333333333,0.3995618917457355,0.2742781093937824,689.4626228978759,72.19249433210135,20.831879925051762,29.297256869932287,0.6067447689268021,0.3544626671251095,0.04250612664073062,0.023711529390430496,1.0,0.0,0.029742014949314832,0.01149805201631457,0.025382358645094694,0.007875115685121873,1.475
11631,26456,20.0,10.0,/gpfs/bbp.cscs.ch/project/proj32/glusynapse_20190926_release/testing/zilberter_2009/simulations/L23PC_L23PC/11631-26456/20Hz_10ms/simulation.batch,1.8190070315926083,3.3500981423076195,1.8417180825158679,0.35352668553369243,0.40567537220598227,3.0,0.0,0.4392166972811122,0.302889106372878,704.8804909431625,197.04930389295814,3.1592930382072573,4.025662081316238,0.7321241699837907,0.570829437303404,0.055891673967871695,0.05928672110976743,1.3333333333333333,0.4714045207910317,0.05033946635104519,0.031823170445576414,0.0006117064138694126,0.00017767056216380837,2.1
14530,22188,20.0,10.0,/gpfs/bbp.cscs.ch/project/proj32/glusynapse_20190926_release/testing/zilberter_2009/simulations/L23PC_L23PC/14530-22188/20Hz_10ms/simulation.batch,1.432188910346812,3.8126180477425597,2.662091585962158,0.7648427214550911,0.8315588509775261,6.0,0.0,0.380794196464467,0.22006864650439897,628.2356409289652,100.21043257038755,21.134166339121293,35.50200389980778,0.5448419182236187,0.32566564097732903,0.0430347351786414,0.025263611382721398,1.0,0.0,0.023687169440015976,0.0060811399437398946,0.00040310349528095094,0.00013944574898388184,1.675
5287,22282,20.0,10.0,/gpfs/bbp.cscs.ch/project/proj32/glusynapse_20190926_release/testing/zilberter_2009/simulations/L23PC_L23PC/5287-22282/20Hz_10ms/simulation.batch,1.10325184440426,1.3009209724320578,1.1791695423219857,0.8233617299866842,0.8148509062935442,2.0,0.0,0.5457218235895975,0.03734025124291884,617.15256868341,102.34256358212559,0.10690859043407826,0.10643663520444753,1.0719871115199697,0.1866859060058677,0.07467128024895353,0.02363967326843696,1.0,0.0,0.02721527588247951,0.00228040494425113,0.00017825804090215323,5.4873461519294544e-05,1.925
4743,17695,20.0,10.0,/gpfs/bbp.cscs.ch/project/proj32/glusynapse_20190926_release/testing/zilberter_2009/simulations/L23PC_L23PC/4743-17695/20Hz_10ms/simulation.batch,1.3705922887569366,1.9778394965864294,1.4430545923910296,0.2912761581769137,0.4073919925227502,4.0,0.25,0.6120297660864231,0.19073325244911626,715.4185754529193,206.93742667206024,30.746439810699037,25.14077680843959,0.6580592694413212,0.43311624385985903,0.04151069448439965,0.017033894028687137,1.0,0.0,0.025048373295371244,0.006932666073434907,0.03405767231649662,0.0028357678544498927,1.05
121282,118842,20.0,10.0,/gpfs/bbp.cscs.ch/project/proj32/glusynapse_20190926_release/testing/zilberter_2009/simulations/L23PC_L23PC/121282-118842/20Hz_10ms/simulation.batch,1.0607959856133249,1.6213544808173426,1.5284319537464286,0.4588708097417389,0.35794278471539304,4.0,0.5,0.4061495481125164,0.2738652287139958,758.4324967707621,186.7508082605072,37.77345824505015,48.82520520362522,0.5234495975940708,0.21711176688366976,0.038487538043139875,0.014932175169659551,1.0,0.0,0.025486740072457898,0.003949647358909534,0.0017954202684152439,0.0011336125855357369,1.225
4179,12552,20.0,10.0,/gpfs/bbp.cscs.ch/project/proj32/glusynapse_20190926_release/testing/zilberter_2009/simulations/L23PC_L23PC/4179-12552/20Hz_10ms/simulation.batch,2.3940867366747853,3.3471134019460305,1.3980752454252894,0.48393682011236566,0.3486068897239648,3.0,0.0,0.5859419347271307,0.362783746759711,706.2369891032766,126.45474416974079,52.006034470289535,49.77702182477819,0.8735466526967103,0.6345779017451136,0.06192106072808277,0.03144089198208079,1.3333333333333333,0.4714045207910317,0.021785145475169687,0.0068607834467218866,0.009653506958004644,0.005990765342932725,1.0250000000000001
119407,7216,20.0,10.0,/gpfs/bbp.cscs.ch/project/proj32/glusynapse_20190926_release/testing/zilberter_2009/simulations/L23PC_L23PC/119407-7216/20Hz_10ms/simulation.batch,3.7064916670630246,6.480285612490342,1.7483610364151272,0.8306083842512024,0.7722441949750376,6.0,0.3333333333333333,0.595810422459191,0.23034535748332477,668.9732342683448,108.75920119956903,13.157080863815203,19.986142095967733,0.8626765148025878,0.48991598332927005,0.058009816749577114,0.03166422781687436,1.1666666666666667,0.3726779962499649,0.02900320243250026,0.00792825499831978,0.025711995897660475,0.023953497763511956,1.25
122624,123437,20.0,10.0,/gpfs/bbp.cscs.ch/project/proj32/glusynapse_20190926_release/testing/zilberter_2009/simulations/L23PC_L23PC/122624-123437/20Hz_10ms/simulation.batch,0.6240327053568215,0.7547096499121281,1.2094072048364606,0.43502328452810357,0.4470268621696263,3.0,0.0,0.35295022729721687,0.21140117827043328,755.2339870498641,86.15540613955739,6.486119250592317,9.093671249644968,0.5148434112581014,0.22585188904187117,0.04492449595506117,0.013480284583699494,1.0,0.0,0.031673227035838795,0.02196221704256513,0.003308666994268779,0.003426947741483633,1.625
25021,2676,20.0,10.0,/gpfs/bbp.cscs.ch/project/proj32/glusynapse_20190926_release/testing/zilberter_2009/simulations/L23PC_L23PC/25021-2676/20Hz_10ms/simulation.batch,1.030111897775076,2.150714697294084,2.087845700976158,0.49125347124638163,0.5880584594131782,3.0,0.0,0.5170582298876518,0.12597682121303488,584.7055728647058,10.700738487082504,16.755651957972336,23.482787281769422,0.712241274006815,0.38933791069910484,0.05931015240647871,0.03608726439373719,1.0,0.0,0.020548508473801626,0.007365458814491979,0.006622547860219794,0.006691770909668464,1.2000000000000002
23031,5603,20.0,10.0,/gpfs/bbp.cscs.ch/project/proj32/glusynapse_20190926_release/testing/zilberter_2009/simulations/L23PC_L23PC/23031-5603/20Hz_10ms/simulation.batch,1.079454348425803,2.985930721838103,2.7661482175624794,0.6167718405859567,0.6253364751735657,5.0,0.6,0.31239260398885166,0.14559075456969467,672.9926250202243,95.31528267230046,3.353404941637604,2.566919126579628,0.4323964388875126,0.2693353713332353,0.033753895736684504,0.018008419522128737,1.0,0.0,0.026796180921389978,0.004762896964204779,0.07073132605595153,0.0600233371321217,2.25
11503,16955,20.0,10.0,/gpfs/bbp.cscs.ch/project/proj32/glusynapse_20190926_release/testing/zilberter_2009/simulations/L23PC_L23PC/11503-16955/20Hz_10ms/simulation.batch,3.1164452910695113,3.730655497682102,1.1970867925622413,1.0413846014147827,0.8220363449655992,5.0,0.4,0.5473647508839926,0.18733151500554385,631.0183686315468,64.82248156260181,0.8408589410689764,1.6787164783793895,0.8745793248322545,0.4020537080228371,0.059771748400840555,0.022318629083903037,1.0,0.0,0.0296813886911526,0.007447204856517813,0.01307334297528166,0.015438102023423987,1.4500000000000002
122686,359,20.0,10.0,/gpfs/bbp.cscs.ch/project/proj32/glusynapse_20190926_release/testing/zilberter_2009/simulations/L23PC_L23PC/122686-359/20Hz_10ms/simulation.batch,2.41250860065927,1.8187139472327918,0.7538683786394746,0.5732902655002231,0.5609957668557082,6.0,0.5,0.4793238458038889,0.2723433739828381,681.6324996638692,87.69193544968046,15.877533462215206,13.327379504690764,0.6609688522773954,0.3314701607578336,0.06611009785749024,0.026889868478254267,1.0,0.0,0.016594620997027947,0.003641580573059844,0.021281258363840275,0.01968070981195299,0.9
119392,113365,20.0,10.0,/gpfs/bbp.cscs.ch/project/proj32/glusynapse_20190926_release/testing/zilberter_2009/simulations/L23PC_L23PC/119392-113365/20Hz_10ms/simulation.batch,2.836503034951807,5.511495974314931,1.943060136513682,0.8413043060402697,0.7805874688937889,6.0,0.6666666666666666,0.48726977039535835,0.2642160774812988,776.1350177525137,126.34973591095313,17.219390329193747,21.723560381155856,0.6176457397055296,0.32092473812899613,0.04566923738532102,0.02341875661528962,1.0,0.0,0.03162531172198721,0.00816323638058081,0.0007157217917440552,0.0010250925296315236,2.0
4794,16760,20.0,10.0,/gpfs/bbp.cscs.ch/project/proj32/glusynapse_20190926_release/testing/zilberter_2009/simulations/L23PC_L23PC/4794-16760/20Hz_10ms/simulation.batch,1.3276092191359188,1.83706426303856,1.3837387060585664,0.4312055209233721,0.4455225660526676,5.0,0.4,0.4942861030175775,0.30152303193790697,610.5980898729233,79.43438675633182,42.90139399871648,34.90263496311987,0.4926142725937274,0.26379001060383495,0.0448622212011847,0.022834286749773065,1.0,0.0,0.026351248951593798,0.00976371604168301,0.0482161458201303,0.04851304773690238,2.4000000000000004
12619,8765,20.0,10.0,/gpfs/bbp.cscs.ch/project/proj32/glusynapse_20190926_release/testing/zilberter_2009/simulations/L23PC_L23PC/12619-8765/20Hz_10ms/simulation.batch,0.31071210027679563,0.7695656678704734,2.476780489671665,0.23661993103228293,0.33023976130130156,3.0,0.0,0.3119464761876819,0.08979790033477414,756.2449013174734,27.44813501158139,2.371996383979131,3.174746862713515,0.32591253679291354,0.030702549550815517,0.02765924239607737,0.0033108366889566627,1.0,0.0,0.019341782726065234,0.002238274011308313,0.007723421559411424,0.00029332040558574285,1.875
18160,7737,20.0,10.0,/gpfs/bbp.cscs.ch/project/proj32/glusynapse_20190926_release/testing/zilberter_2009/simulations/L23PC_L23PC/18160-7737/20Hz_10ms/simulation.batch,0.636327838853428,1.214363957836601,1.9083935727607197,0.3217170334805995,0.3727802041344623,3.0,0.0,0.6047087512232306,0.1114679585669985,722.3824925332216,93.6200402332745,2.322612690279774,2.4722819447498807,0.6785183603271318,0.08095400777203399,0.048713734404261765,0.006373188062902283,1.0,0.0,0.02341629306575083,0.0010309319324334708,0.0006781861594502301,0.00014340933367279005,1.725
3154,16561,20.0,10.0,/gpfs/bbp.cscs.ch/project/proj32/glusynapse_20190926_release/testing/zilberter_2009/simulations/L23PC_L23PC/3154-16561/20Hz_10ms/simulation.batch,3.216508634625682,6.061579345309017,1.8845213969134664,1.209307172208634,1.2225307030681436,3.0,0.0,0.732846561493962,0.06525510174989023,775.1721244145252,104.31509478914705,0.3363021018731058,0.2680667401779182,0.8540699632346779,0.06357212301643102,0.08805061433063975,0.024357793960790963,1.0,0.0,0.01943131026929785,0.005152700580372302,0.006560149743776528,0.006058659852275114,1.4000000000000001
4349,305,20.0,10.0,/gpfs/bbp.cscs.ch/project/proj32/glusynapse_20190926_release/testing/zilberter_2009/simulations/L23PC_L23PC/4349-305/20Hz_10ms/simulation.batch,2.4166663523818013,4.607623701573818,1.9066031589477248,0.7168797630178964,0.7400390673536522,4.0,0.0,0.665467421007797,0.13345021626465886,582.8587921552935,52.04000640979487,8.624941160387184,9.438051326930537,0.9206540759134946,0.2577473746321823,0.077646808583942,0.02259614118881839,1.0,0.0,0.025374015644105127,0.007049529215336449,0.0001330346033016371,0.0001341726249611192,2.375
119963,125284,20.0,10.0,/gpfs/bbp.cscs.ch/project/proj32/glusynapse_20190926_release/testing/zilberter_2009/simulations/L23PC_L23PC/119963-125284/20Hz_10ms/simulation.batch,0.08252877657740759,0.07601796604999483,0.9211086023878475,0.10372147680496292,0.08339087511265326,3.0,0.3333333333333333,0.19161569324157668,0.12016218330331398,765.5960321132984,51.67134485623955,18.94032266507484,13.12292861904632,0.2199261012376733,0.06468646879701512,0.024477783479806416,0.0013359642642411587,1.0,0.0,0.015336706021466126,0.004076395587623262,0.0067932090880367295,0.008544799914437289,1.6500000000000001
122368,120503,20.0,10.0,/gpfs/bbp.cscs.ch/project/proj32/glusynapse_20190926_release/testing/zilberter_2009/simulations/L23PC_L23PC/122368-120503/20Hz_10ms/simulation.batch,0.19709514658879593,0.7876689265621486,3.996389257648643,0.17846687393306065,0.2984713308208441,2.0,0.0,0.3691121392489941,0.1369179823180039,796.714480276747,57.98855022734176,3.7682577047650496,3.6150775173370886,0.33889070013106015,0.008562828749076573,0.021774894394064888,0.0023476407516980994,1.0,0.0,0.03454951964365986,0.004653593875736169,0.00022175677646266368,7.755467382708779e-05,2.0
795,24004,20.0,10.0,/gpfs/bbp.cscs.ch/project/proj32/glusynapse_20190926_release/testing/zilberter_2009/simulations/L23PC_L23PC/795-24004/20Hz_10ms/simulation.batch,0.7001773686040664,2.2814087461690415,3.2583297439582393,0.6333332036226652,0.8681929611728852,2.0,0.0,0.3581571658360429,0.17596583806728444,690.1345265229975,178.65950104895228,66.8251152034644,66.67941795822391,0.4759887360928534,0.3479938214834509,0.03824300432251984,0.01935021704054778,1.0,0.0,0.017619391361110556,0.006436275223976743,0.013203272595733208,0.002303543052095032,0.925
10190,26937,20.0,10.0,/gpfs/bbp.cscs.ch/project/proj32/glusynapse_20190926_release/testing/zilberter_2009/simulations/L23PC_L23PC/10190-26937/20Hz_10ms/simulation.batch,2.2214441455708767,3.184798537872302,1.433661316320811,0.45040133835337276,0.5815800312234762,6.0,0.0,0.4460655181711835,0.28344158539002484,715.1810908901074,118.47860345060933,18.408104416694886,27.094351575380927,0.6561033885474575,0.5638721903672272,0.04336924449824678,0.02625125546079119,1.1666666666666667,0.3726779962499649,0.026277994195215704,0.009205762470538973,0.006145701943482133,0.01139156280005072,1.55
504,12211,20.0,10.0,/gpfs/bbp.cscs.ch/project/proj32/glusynapse_20190926_release/testing/zilberter_2009/simulations/L23PC_L23PC/504-12211/20Hz_10ms/simulation.batch,1.2164966590243185,3.166048332253152,2.6025951725937793,0.6062878629826068,0.7460951139537485,4.0,0.0,0.4184141186923002,0.21099752484328774,639.9465460281722,62.318325242394216,11.675502705136799,18.957564513868412,0.6190211644665606,0.3103555874389084,0.061327401299035925,0.02276279207653654,1.0,0.0,0.020500619083611872,0.005685681727167539,0.0023358372113112045,0.002588556823705765,2.0500000000000003
3049,8590,20.0,10.0,/gpfs/bbp.cscs.ch/project/proj32/glusynapse_20190926_release/testing/zilberter_2009/simulations/L23PC_L23PC/3049-8590/20Hz_10ms/simulation.batch,0.003832423197966269,0.23889495416140438,62.33522286583002,0.02062298308913259,0.15039143894870358,2.0,0.0,0.04511612403074937,0.027054645497703037,643.4425610604313,80.6167607846254,11.221257948805764,2.6187056760813565,0.11562091221518173,0.005543666225737626,0.011947138493125151,0.00678872501897173,1.0,0.0,0.021768731265565743,0.011572707218158057,0.0038172867937718334,0.0024421021227829204,2.225
3723,3797,20.0,10.0,/gpfs/bbp.cscs.ch/project/proj32/glusynapse_20190926_release/testing/zilberter_2009/simulations/L23PC_L23PC/3723-3797/20Hz_10ms/simulation.batch,1.9379022955252894,2.1083743665416614,1.0879673198230893,0.40042445424033596,0.3825606653650867,4.0,0.0,0.6225371061236665,0.26687251786377314,665.1873613091922,87.58822015707226,13.023413040072874,18.22182200705282,0.8844344830127349,0.5799257308814246,0.058058876665913736,0.03878383265001751,1.25,0.4330127018922193,0.043092256260582745,0.019623909872484246,0.00028691707615196335,0.00016624846784315842,2.6
125170,122680,20.0,10.0,/gpfs/bbp.cscs.ch/project/proj32/glusynapse_20190926_release/testing/zilberter_2009/simulations/L23PC_L23PC/125170-122680/20Hz_10ms/simulation.batch,2.5752556198794583,5.0235910099019865,1.9507154828137523,0.6324302976972667,0.5378372675153066,8.0,0.0,0.5871382153213549,0.1362796698069171,638.5685770543146,79.35602263469006,5.220750792300403,5.25369222366624,0.842178972907299,0.32793350424640655,0.06093430413061455,0.03204089257313121,1.125,0.33071891388307384,0.035955020068965976,0.010609425509607393,0.00014113830797192256,9.129134644548918e-05,1.9000000000000001
3213,23642,20.0,10.0,/gpfs/bbp.cscs.ch/project/proj32/glusynapse_20190926_release/testing/zilberter_2009/simulations/L23PC_L23PC/3213-23642/20Hz_10ms/simulation.batch,2.3018129846856605,2.8428082899159866,1.2350300866445956,0.688865696495403,0.6952556038972443,4.0,0.0,0.6082391722475742,0.1839370373263564,601.6242502727066,58.14865152498968,2.9717855638604815,3.420455035057051,0.9077775133855344,0.4377366014720646,0.046008222024872494,0.022832021063354954,1.0,0.0,0.046018906560534485,0.012295158953475072,0.00019385479929060186,0.00017454927430726722,2.075
120443,125062,20.0,10.0,/gpfs/bbp.cscs.ch/project/proj32/glusynapse_20190926_release/testing/zilberter_2009/simulations/L23PC_L23PC/120443-125062/20Hz_10ms/simulation.batch,0.20813735170788733,0.705763363328227,3.390853960315294,0.14997299416407936,0.22103039139682493,2.0,0.0,0.3614105419327398,0.03188704776859716,672.1403661454831,21.04147875479447,0.8733321626247318,0.8733001366424167,0.3651309221150852,0.03892102695744609,0.02723510136979182,0.010334032920494075,1.0,0.0,0.026193703388822306,0.006994079274995095,0.005244887969055993,0.004786782280661727,1.475
125113,119772,20.0,10.0,/gpfs/bbp.cscs.ch/project/proj32/glusynapse_20190926_release/testing/zilberter_2009/simulations/L23PC_L23PC/125113-119772/20Hz_10ms/simulation.batch,0.5271977034924179,0.37502508923599154,0.7113556958834232,0.3011805118526011,0.22825042702540682,3.0,1.0,0.430652974414845,0.2557807293890094,729.7639655482403,97.86495612051488,4.820321843355592,5.69980321442978,0.5071206222257258,0.29955491660116995,0.04100865782532185,0.024844505050904547,1.0,0.0,0.022241222034339387,0.007146747110561911,0.02502165791030904,0.007174155153533731,1.55
12555,23752,20.0,10.0,/gpfs/bbp.cscs.ch/project/proj32/glusynapse_20190926_release/testing/zilberter_2009/simulations/L23PC_L23PC/12555-23752/20Hz_10ms/simulation.batch,1.442220356873868,1.3779483516610964,0.955435377883525,0.3201252720757052,0.326229740931333,2.0,0.0,0.6950289420268172,0.1881672911657548,657.8283465994332,53.507443579876735,5.934543080628279,5.848594732527491,1.0748570876957941,0.8776926447254068,0.08198622401819074,0.07016935015120009,1.5,0.5,0.024940671662690386,0.0024145982268031184,3.490682032833035e-05,3.485260124234935e-06,2.275
126644,119606,20.0,10.0,/gpfs/bbp.cscs.ch/project/proj32/glusynapse_20190926_release/testing/zilberter_2009/simulations/L23PC_L23PC/126644-119606/20Hz_10ms/simulation.batch,0.20154654508067746,1.0851377872678174,5.384055513496624,0.2307564379929486,0.34003001132131644,2.0,0.0,0.37767014480818384,0.012298164722451904,685.3881462194961,36.38463093742001,5.598791592758595,5.598783603246722,0.3484018063174884,0.010743253874128972,0.045047156460882656,0.0009485076829982043,1.0,0.0,0.013322021501858898,0.0006972460099855336,0.02170598339196212,0.0035931201269611152,0.7000000000000001
124503,117977,20.0,10.0,/gpfs/bbp.cscs.ch/project/proj32/glusynapse_20190926_release/testing/zilberter_2009/simulations/L23PC_L23PC/124503-117977/20Hz_10ms/simulation.batch,0.0763906008635504,0.1424395671285384,1.8646216356245877,0.10604381275569492,0.12469413260513626,2.0,0.0,0.16502612851064383,0.11082936628118797,644.5008305215201,78.03206174191047,26.66662692782919,25.819116139042503,0.14943977582619572,0.07938306815435384,0.00795742753549648,0.006011758181078799,1.0,0.0,0.0537176774638138,0.019767665604872104,0.000567691430419359,0.0003614077978148917,1.75
9155,113120,20.0,10.0,/gpfs/bbp.cscs.ch/project/proj32/glusynapse_20190926_release/testing/zilberter_2009/simulations/L23PC_L23PC/9155-113120/20Hz_10ms/simulation.batch,4.3862351049184465,4.894661913072171,1.1159141714915388,0.7158016793280196,0.7935130696820193,7.0,0.14285714285714285,0.465029649477715,0.3419926310911943,627.75847083625,94.61486233304086,21.121816580121674,33.15801795455025,0.6641629295777794,0.5467305654975947,0.051068820792979794,0.03608142924483022,1.0,0.0,0.02949098689288484,0.007821300996192741,0.0008227084816577305,0.000925336272226324,1.6
8964,25703,20.0,10.0,/gpfs/bbp.cscs.ch/project/proj32/glusynapse_20190926_release/testing/zilberter_2009/simulations/L23PC_L23PC/8964-25703/20Hz_10ms/simulation.batch,0.44544000715750653,1.4981925916597716,3.3633992627205,0.36663038035651446,0.5656997355996596,3.0,0.3333333333333333,0.34184190926461167,0.1563197756749154,646.3082455843471,108.65599492281822,9.748379071063484,12.93267095451357,0.3891314911370029,0.16393235331713288,0.02822330525782733,0.005617906859629188,1.0,0.0,0.023330976359064393,0.009634717335916252,0.0130720042746017,0.00944574525641699,0.75
7228,6552,20.0,10.0,/gpfs/bbp.cscs.ch/project/proj32/glusynapse_20190926_release/testing/zilberter_2009/simulations/L23PC_L23PC/7228-6552/20Hz_10ms/simulation.batch,1.6229843201906236,1.1188798790346233,0.6893966042156267,0.515443296042637,0.5095339551668907,3.0,0.6666666666666666,0.6898703217769534,0.09664376247558343,732.3121398517827,107.98487789029917,10.933861412386962,9.553989169703835,1.0285366999399443,0.2599881588302369,0.05334570784682804,0.015848052091865225,1.0,0.0,0.03532912805638163,0.009900261289107405,0.03314589192230764,0.01859072187106832,1.675
127238,125864,20.0,10.0,/gpfs/bbp.cscs.ch/project/proj32/glusynapse_20190926_release/testing/zilberter_2009/simulations/L23PC_L23PC/127238-125864/20Hz_10ms/simulation.batch,0.8555434682233602,0.26914847823185395,0.3145935749948198,0.2914700847331237,0.21877052124750596,4.0,1.0,0.48141186976376615,0.2602191985606688,696.8033979357654,46.47107535030463,3.6448081241070396,5.899796634073474,0.6996606292120892,0.6272952636197678,0.04952299300630191,0.037079578702994644,1.0,0.0,0.026772573433503352,0.007534285198040258,0.0013881238985599673,0.002170289330302091,2.025
125839,126732,20.0,10.0,/gpfs/bbp.cscs.ch/project/proj32/glusynapse_20190926_release/testing/zilberter_2009/simulations/L23PC_L23PC/125839-126732/20Hz_10ms/simulation.batch,1.6311717318790095,3.223130744629289,1.9759603980608718,0.5891585990955531,0.6417748926427946,8.0,0.25,0.37799943491477067,0.18937154521402483,705.4633403081434,162.03898654334327,11.983608314696037,13.871415632845634,0.535138868917759,0.33040465635321237,0.045465949151108256,0.0283728121059422,1.125,0.33071891388307384,0.024556517235056655,0.005467762558675735,0.0057171555101341,0.009593333949441386,0.9500000000000001
123887,123515,20.0,10.0,/gpfs/bbp.cscs.ch/project/proj32/glusynapse_20190926_release/testing/zilberter_2009/simulations/L23PC_L23PC/123887-123515/20Hz_10ms/simulation.batch,0.358728036875016,0.5791751744347512,1.6145244165471822,0.2501692227953651,0.2682008118686341,4.0,0.5,0.31061230978028304,0.205689056938876,633.6901875018473,49.31442410658809,5.306623356539387,6.279740775441441,0.31132621622135404,0.17565823469676656,0.035311929871355785,0.026782299527061973,1.0,0.0,0.02220168014831848,0.008016810040518376,0.00022956406375749847,0.00014760700962413554,1.55
5047,6400,20.0,10.0,/gpfs/bbp.cscs.ch/project/proj32/glusynapse_20190926_release/testing/zilberter_2009/simulations/L23PC_L23PC/5047-6400/20Hz_10ms/simulation.batch,1.8137674585390902,2.653494084284618,1.4629736969820215,0.9523487633857665,1.0844125532803843,5.0,0.4,0.4194925329542037,0.18089821575279016,655.7137515561637,90.5017280255682,37.087472703286,71.57601449238075,0.5681908479213685,0.3545945662602004,0.0381522740567688,0.01395475779867772,1.0,0.0,0.02918695783045113,0.010900797088785599,0.03195063741700447,0.03695535673905096,1.725
119407,121708,20.0,10.0,/gpfs/bbp.cscs.ch/project/proj32/glusynapse_20190926_release/testing/zilberter_2009/simulations/L23PC_L23PC/119407-121708/20Hz_10ms/simulation.batch,2.087322826736883,1.9940590019904152,0.9553189264488295,0.5554510122265189,0.47563993720948067,5.0,0.2,0.5180902561718405,0.2674606947237744,683.75815767539,67.71660339895475,7.257703556317757,5.60524805812058,0.7879506968544202,0.6019071655487187,0.06292585626627739,0.04445020640010084,1.2,0.4000000000000001,0.029659547154572974,0.006152865045531091,0.0007527086977445525,0.0007765956256172961,1.7000000000000002
15965,24496,20.0,10.0,/gpfs/bbp.cscs.ch/project/proj32/glusynapse_20190926_release/testing/zilberter_2009/simulations/L23PC_L23PC/15965-24496/20Hz_10ms/simulation.batch,1.1224315972668157,1.3571601030893439,1.2091249982574486,0.5226826846944183,0.553581221172869,5.0,0.4,0.35415421404251995,0.29188423286950976,712.1608203096358,91.95928501442249,11.443259498708732,21.688400232250288,0.4469575893253091,0.3169168609024293,0.044739299113083705,0.04215388317748978,1.0,0.0,0.020989461516048673,0.004838611928432512,0.02852528250902947,0.033543506451048095,2.0500000000000003
18064,1029,20.0,10.0,/gpfs/bbp.cscs.ch/project/proj32/glusynapse_20190926_release/testing/zilberter_2009/simulations/L23PC_L23PC/18064-1029/20Hz_10ms/simulation.batch,1.0391027260428598,1.472631669423812,1.4172147108418522,0.8528941237495322,0.7447482713834411,5.0,0.0,0.34400859906110287,0.18334626413169303,753.1334735257992,90.4297365042254,59.671343073725645,72.23610147401877,0.5023405035129418,0.3693393650868302,0.03144828582854621,0.022795253709013363,1.0,0.0,0.02688163904092593,0.004274817325760206,0.012319300402806094,0.010833795146641735,1.675
117853,126658,20.0,10.0,/gpfs/bbp.cscs.ch/project/proj32/glusynapse_20190926_release/testing/zilberter_2009/simulations/L23PC_L23PC/117853-126658/20Hz_10ms/simulation.batch,0.7662441774370485,0.9564937794209479,1.2482884798162521,0.3235978268953101,0.38396270396307386,2.0,0.0,0.47983383091510406,0.36988090577900223,661.6751494677723,29.906070754745656,6.921808804418754,2.0992877347119054,0.5562701724057255,0.3440674273264058,0.04186921713285098,0.035039454072431184,1.0,0.0,0.03691097248776798,0.016743293318075548,0.00993377793184707,0.0048248717802349865,0.8
1398,11507,20.0,10.0,/gpfs/bbp.cscs.ch/project/proj32/glusynapse_20190926_release/testing/zilberter_2009/simulations/L23PC_L23PC/1398-11507/20Hz_10ms/simulation.batch,1.4066583440547156,2.6657453296735762,1.8950908306487004,0.5152880288327112,0.643670927582461,4.0,0.5,0.5919410920563709,0.09635053615179574,624.1151178725958,103.24756136432913,16.492928023531537,20.695988922496415,0.6303569269775839,0.07197802640557525,0.043697909356071374,0.013675308752374802,1.0,0.0,0.02746786439305231,0.007215778965236851,0.029399246099374075,0.02844581131075105,1.8250000000000002
8959,24371,20.0,10.0,/gpfs/bbp.cscs.ch/project/proj32/glusynapse_20190926_release/testing/zilberter_2009/simulations/L23PC_L23PC/8959-24371/20Hz_10ms/simulation.batch,0.5206190719363761,1.5288692632671945,2.936637064755927,0.32239975870488385,0.40120592539615607,3.0,0.0,0.44547044586828505,0.1484792825677319,879.1836639752918,78.20636319308963,12.663320484318831,8.504246891944451,0.563311253329162,0.0610487030147385,0.04090316635717515,0.010895797764853714,1.0,0.0,0.03336243274879111,0.006960893983868162,0.001869088945927467,0.0021245175818591566,2.825
124882,123922,20.0,10.0,/gpfs/bbp.cscs.ch/project/proj32/glusynapse_20190926_release/testing/zilberter_2009/simulations/L23PC_L23PC/124882-123922/20Hz_10ms/simulation.batch,0.5797633061607814,1.9520116970414219,3.366911421089635,0.275336432012908,0.44711129869554406,5.0,0.0,0.28082408611136456,0.19306413207746573,619.1831548210054,116.18648315060464,4.503008998586931,8.409389019987275,0.46978162292273373,0.2876810619494091,0.04373343494851039,0.044176711956082575,1.2,0.4,0.030740567781406748,0.009730348974557098,0.000252388386891372,0.00028578407665362705,2.1
4597,13118,20.0,10.0,/gpfs/bbp.cscs.ch/project/proj32/glusynapse_20190926_release/testing/zilberter_2009/simulations/L23PC_L23PC/4597-13118/20Hz_10ms/simulation.batch,1.3369315568601994,2.4817344549393168,1.8562913278580255,0.6021097439921316,0.6707087561721035,2.0,0.0,0.6199708151096136,0.10656953346181963,684.410557286672,57.59216296290532,24.2653308795134,23.416193949376343,0.6995982273394645,0.0708706578668834,0.03163040947713189,0.00322190440925124,1.0,0.0,0.038028485686437796,0.007570860316040108,0.009864249158289786,0.0052463752900691355,0.9500000000000001
8798,23624,20.0,10.0,/gpfs/bbp.cscs.ch/project/proj32/glusynapse_20190926_release/testing/zilberter_2009/simulations/L23PC_L23PC/8798-23624/20Hz_10ms/simulation.batch,0.1469322894130952,0.1525393292239992,1.038160705405876,0.13115847827618074,0.139323406794082,2.0,0.0,0.3471597627510137,0.015152822820954398,589.3561594146158,147.12297636409428,0.007223942671910511,0.007065331200997903,0.4595545696835864,0.06448714932101157,0.0530885260719534,0.007196502166074151,1.0,0.0,0.014401846335930897,0.00034312226071301667,0.00018825597943383733,0.0001283376503607175,1.8
122774,123852,20.0,10.0,/gpfs/bbp.cscs.ch/project/proj32/glusynapse_20190926_release/testing/zilberter_2009/simulations/L23PC_L23PC/122774-123852/20Hz_10ms/simulation.batch,0.19696854007752881,0.05921197269388685,0.3006163962558712,0.1650577852141974,0.07512476137470166,2.0,1.0,0.4268886844713069,0.09884363774916638,863.3193448718064,78.02071737617354,26.88485213390244,10.834266524632048,0.5479400506468766,0.22637696223636633,0.03490490250442401,0.016613641126780605,1.0,0.0,0.027982635725616087,0.0021892769635969596,8.053318474163717e-05,1.3738358768454367e-05,2.95
4044,14116,20.0,10.0,/gpfs/bbp.cscs.ch/project/proj32/glusynapse_20190926_release/testing/zilberter_2009/simulations/L23PC_L23PC/4044-14116/20Hz_10ms/simulation.batch,1.1276205103516554,1.5448257271642143,1.369987254561777,0.5556729774425925,0.7097601211954445,5.0,0.0,0.36001459727502966,0.1045642685351339,647.1594415341741,117.87868756255848,1.8737118150015977,3.3509640351832415,0.5433427863169858,0.11511303879161255,0.04362562331753489,0.012022297180257664,1.0,0.0,0.02278059290657821,0.007163018961180481,0.0007002228818090161,0.0005732470479359511,1.7000000000000002
123423,124702,20.0,10.0,/gpfs/bbp.cscs.ch/project/proj32/glusynapse_20190926_release/testing/zilberter_2009/simulations/L23PC_L23PC/123423-124702/20Hz_10ms/simulation.batch,0.28511796581951265,0.5549442481153013,1.9463671695335956,0.28854736668408687,0.26293455008568284,2.0,0.5,0.3172113166681473,0.11351434629694307,664.9417953672303,248.64258359354204,0.05138467195143321,0.047359909871084786,0.35262948898124474,0.15010779051627934,0.036717862878682825,0.019864228341343274,1.0,0.0,0.021444847936100287,0.003151498445125297,0.011482681535920646,0.011439829931079856,1.6500000000000001
2038,15566,20.0,10.0,/gpfs/bbp.cscs.ch/project/proj32/glusynapse_20190926_release/testing/zilberter_2009/simulations/L23PC_L23PC/2038-15566/20Hz_10ms/simulation.batch,0.5071715833972206,0.5522013000975282,1.088785961545168,0.4558766369400893,0.4546082178929262,2.0,0.0,0.41740142129963426,0.16189020743975885,681.6546554081963,85.50527854392823,0.9697719396456439,0.6230954730486453,0.6034847794664064,0.38231783428124044,0.07392348853823526,0.055148779317132,1.0,0.0,0.01532305996669844,0.0032755310389359915,0.0007505908090911118,6.844389506090463e-05,0.9
22908,15555,20.0,10.0,/gpfs/bbp.cscs.ch/project/proj32/glusynapse_20190926_release/testing/zilberter_2009/simulations/L23PC_L23PC/22908-15555/20Hz_10ms/simulation.batch,1.848827240632048,2.780182475400906,1.5037546041621828,0.5629396042159507,0.5713391644110648,4.0,0.0,0.5749767099628516,0.2652601035011292,579.343418283998,81.41030763531636,9.300240665713709,14.037669307658755,0.6739282048924241,0.1910628131705776,0.05659801105270647,0.015276020739816053,1.0,0.0,0.024707772836976248,0.009906895213162284,0.001233431893321972,0.0004900704209154322,1.625
22764,12701,20.0,10.0,/gpfs/bbp.cscs.ch/project/proj32/glusynapse_20190926_release/testing/zilberter_2009/simulations/L23PC_L23PC/22764-12701/20Hz_10ms/simulation.batch,0.8499217330795752,2.3792732275864497,2.7994027390798424,0.41831156330988756,0.5858473418139037,2.0,0.0,0.5828423517551211,0.07704317854018616,567.951956581551,100.67633836859156,14.46250962185548,7.281377182913568,0.4749539239285896,0.03303396316613627,0.04573816390492479,0.005280847444328607,1.0,0.0,0.017448815879501412,0.0031579708469365005,0.013456656267164586,0.0061865659083954515,0.875
125319,118407,20.0,10.0,/gpfs/bbp.cscs.ch/project/proj32/glusynapse_20190926_release/testing/zilberter_2009/simulations/L23PC_L23PC/125319-118407/20Hz_10ms/simulation.batch,2.1522953725513494,1.6898384384078695,0.7851331466669096,0.6195842692961587,0.7654029463209652,5.0,0.4,0.4962762647632797,0.23124149670771674,644.703646202184,78.96460481457927,6.8435141123250105,8.996325138916955,0.522368522333234,0.2526751668230924,0.031308646335908255,0.016693176919415676,1.0,0.0,0.03399423196042729,0.005577627945181224,0.0012366007891782876,0.0013051363913312247,1.4000000000000001
2862,12456,20.0,10.0,/gpfs/bbp.cscs.ch/project/proj32/glusynapse_20190926_release/testing/zilberter_2009/simulations/L23PC_L23PC/2862-12456/20Hz_10ms/simulation.batch,0.7629104693513862,1.6610834447663112,2.177298007430068,0.41344060846269526,0.40011077937911077,2.0,0.0,0.6086253295589032,0.0679053420643198,654.5978008894648,44.983786292835475,24.191686704785834,20.239828284906093,0.6781451043621729,0.16542456604135897,0.05337292172060977,0.018325387693185795,1.0,0.0,0.022972467176144408,0.0031080021779543564,0.0075463142355985755,0.0013373849657498543,1.6500000000000001
724,15573,20.0,10.0,/gpfs/bbp.cscs.ch/project/proj32/glusynapse_20190926_release/testing/zilberter_2009/simulations/L23PC_L23PC/724-15573/20Hz_10ms/simulation.batch,2.873106515080632,4.181257966953268,1.455309068774961,0.887171612423247,1.0157088418388036,7.0,0.7142857142857143,0.4387815429612873,0.3299715453583782,665.2064388381681,75.48341424684995,10.665862312894808,10.40792717312054,0.5768952287342806,0.39223829201929405,0.0504360655176054,0.025935164151588738,1.0,0.0,0.023775918128562112,0.01240985065527554,0.06056360401394079,0.043435214710212236,1.6500000000000001
3879,23290,20.0,10.0,/gpfs/bbp.cscs.ch/project/proj32/glusynapse_20190926_release/testing/zilberter_2009/simulations/L23PC_L23PC/3879-23290/20Hz_10ms/simulation.batch,0.7835242585769092,1.6596713949017627,2.11821315898524,0.4890796399685522,0.5661848239203325,5.0,0.2,0.29314511732945014,0.19219934622327764,705.0521334843353,102.68383792172169,5.376143071744138,5.3862709778736395,0.43300104241746834,0.3357533083867292,0.0378718470530742,0.03723267236970273,1.0,0.0,0.024999688179604147,0.004912988434141418,0.018154283334755515,0.036113586007241155,2.325
13202,9796,20.0,10.0,/gpfs/bbp.cscs.ch/project/proj32/glusynapse_20190926_release/testing/zilberter_2009/simulations/L23PC_L23PC/13202-9796/20Hz_10ms/simulation.batch,0.8754227042425389,1.590387507843562,1.8167080887165794,0.4126820776274269,0.41569895481987224,3.0,0.6666666666666666,0.4922917946470702,0.24834645095623756,735.197935823017,17.929156717346753,20.836663073862656,14.125653987890749,0.6525167917799558,0.24809536173871044,0.0466915473972044,0.010556912124694706,1.0,0.0,0.029030460154314267,0.011028926462943784,0.05040362404855093,0.03457411051149191,1.9500000000000002
126381,126265,20.0,10.0,/gpfs/bbp.cscs.ch/project/proj32/glusynapse_20190926_release/testing/zilberter_2009/simulations/L23PC_L23PC/126381-126265/20Hz_10ms/simulation.batch,0.3048175827172476,0.06219873707401102,0.20405232703294315,0.1409566972594293,0.10703480206941411,4.0,1.0,0.2658104817439222,0.24376795936810486,663.173467823981,84.99128845618927,13.15306930620431,13.709400533262901,0.29295565230489534,0.11732629709506466,0.02107715916049345,0.009274795053377548,1.0,0.0,0.029189358529701483,0.004381918007638743,0.0002980742124730097,0.00045760258218634453,3.5250000000000004
15127,4853,20.0,10.0,/gpfs/bbp.cscs.ch/project/proj32/glusynapse_20190926_release/testing/zilberter_2009/simulations/L23PC_L23PC/15127-4853/20Hz_10ms/simulation.batch,1.1789131875127141,3.098021563470333,2.6278623365021287,0.6480775783257702,0.5270879528256917,3.0,0.0,0.41750011605290416,0.25548604511068296,618.0430703443539,62.111662401930104,8.610395761178525,5.078962946897876,0.6831474725928312,0.4543025538673176,0.03767418206754847,0.02100377983597103,1.0,0.0,0.04646886044871921,0.013152097402165414,0.0001916848060693404,7.321833447195899e-05,2.7750000000000004
7114,24889,20.0,10.0,/gpfs/bbp.cscs.ch/project/proj32/glusynapse_20190926_release/testing/zilberter_2009/simulations/L23PC_L23PC/7114-24889/20Hz_10ms/simulation.batch,2.4305238294988394,4.386609777228497,1.804800152127285,0.6466054797371402,0.6405583642309952,7.0,0.0,0.5022862471766509,0.2563234262793265,738.9672153985357,139.87908844161512,8.312679610561807,9.577324646885677,0.650098972396063,0.33707949348730726,0.04242131171038493,0.02131183964006734,1.0,0.0,0.02660175924903945,0.009681728402539797,0.01741008101217118,0.003584208409175829,0.925
5696,9868,20.0,10.0,/gpfs/bbp.cscs.ch/project/proj32/glusynapse_20190926_release/testing/zilberter_2009/simulations/L23PC_L23PC/5696-9868/20Hz_10ms/simulation.batch,1.7668482909635377,3.548263760050745,2.0082447249139457,0.5461840882601858,0.3780229468075297,6.0,0.16666666666666666,0.49455367523340527,0.24402211302258867,647.537817443761,99.97492561486992,4.394057242939008,5.356438510786946,0.7243489241603482,0.4106079117713736,0.0515040057817699,0.040280457689693475,1.1666666666666667,0.37267799624996495,0.03138052375416052,0.010144591658662121,0.0032053166200261135,0.0031453485810685592,1.5250000000000001
113897,119189,20.0,10.0,/gpfs/bbp.cscs.ch/project/proj32/glusynapse_20190926_release/testing/zilberter_2009/simulations/L23PC_L23PC/113897-119189/20Hz_10ms/simulation.batch,1.1071349141409217,0.5853581658646336,0.5287143945946648,0.4124718920569798,0.31077595807138086,6.0,1.0,0.3642957509568425,0.23601691117986426,661.9762868218263,97.51266060228596,1.1039246001154766,2.2875549008410005,0.6036442737748945,0.38376077878012815,0.03563957093152149,0.02193195036361658,1.0,0.0,0.030873158130520755,0.013664065054810121,0.007127018961086993,0.009489472707576165,1.3250000000000002
6618,9212,20.0,10.0,/gpfs/bbp.cscs.ch/project/proj32/glusynapse_20190926_release/testing/zilberter_2009/simulations/L23PC_L23PC/6618-9212/20Hz_10ms/simulation.batch,0.7911600963941096,2.0382009124229485,2.5762180394492953,0.43755011332378446,0.36827185074260255,4.0,0.25,0.3913043568185051,0.21295861639022398,826.2700793001729,214.35046060225056,2.4316179820261627,3.783363369696648,0.45906971562581356,0.14098548477702072,0.048402919490792125,0.03311162732506021,1.0,0.0,0.026121187466616413,0.016215247507184515,0.008569939365439774,0.008972981991988673,1.8
6430,15305,20.0,10.0,/gpfs/bbp.cscs.ch/project/proj32/glusynapse_20190926_release/testing/zilberter_2009/simulations/L23PC_L23PC/6430-15305/20Hz_10ms/simulation.batch,0.11319247263384304,0.6204797979931171,5.481634807998725,0.12723030497032806,0.27563838600351337,3.0,0.0,0.18578082019187556,0.09742441411715952,702.5354721978583,129.96639651992064,11.695578403441472,16.235208509852384,0.2666341163139323,0.051024338887515897,0.01764648516274141,0.004309659427436571,1.0,0.0,0.02494903361099567,0.0018702483474417274,0.00019065274721062882,0.00020028080621426177,1.0
120105,125774,20.0,10.0,/gpfs/bbp.cscs.ch/project/proj32/glusynapse_20190926_release/testing/zilberter_2009/simulations/L23PC_L23PC/120105-125774/20Hz_10ms/simulation.batch,0.5443999435617151,0.6751266078015471,1.24012982695141,0.3086484802973993,0.31755067439871065,3.0,0.0,0.4683075412677051,0.24759200709908308,627.2730042530326,113.6964473369567,23.30922704132239,30.576186028243082,0.5793658265030821,0.3027397866263044,0.031455915416609644,0.01310810795563088,1.0,0.0,0.03069194003291914,0.005561134980166776,0.005208967656077561,0.0023498889712013993,1.8
12834,14728,20.0,10.0,/gpfs/bbp.cscs.ch/project/proj32/glusynapse_20190926_release/testing/zilberter_2009/simulations/L23PC_L23PC/12834-14728/20Hz_10ms/simulation.batch,0.3964486668069585,0.9426008129598422,2.377611256841027,0.3207260935383166,0.37118638940406284,3.0,0.0,0.3627140156818778,0.19178480762805164,680.7340611836806,45.24124591412757,4.8052448951940745,5.760969754609213,0.3586877903319077,0.2100640620471806,0.03627295274397624,0.017368983307511004,1.0,0.0,0.018661398708139505,0.008987364746277706,0.0030762137900685565,0.004123181339062275,1.3250000000000002
3335,15231,20.0,10.0,/gpfs/bbp.cscs.ch/project/proj32/glusynapse_20190926_release/testing/zilberter_2009/simulations/L23PC_L23PC/3335-15231/20Hz_10ms/simulation.batch,3.2197721812814724,5.85440474349943,1.8182667635724994,0.7074504617652877,0.5845024939579623,8.0,0.25,0.5014494451697891,0.2741219149841609,661.2620804703798,99.48544053273359,10.883173274711128,20.707231907410375,0.7849291878789038,0.460396259184658,0.05732229925089423,0.029603712660118055,1.25,0.4330127018922193,0.0331402221131311,0.013707948544430693,0.0024809521836544153,0.002362805088835958,2.9250000000000003
7852,16958,20.0,10.0,/gpfs/bbp.cscs.ch/project/proj32/glusynapse_20190926_release/testing/zilberter_2009/simulations/L23PC_L23PC/7852-16958/20Hz_10ms/simulation.batch,2.8237983449763013,5.30093069053187,1.8772341516392375,0.6115376190357783,0.5961079154990084,7.0,0.0,0.45356527251717094,0.2646675372637482,622.2863299370875,94.77052878678481,8.134211962204406,13.558804998418806,0.6835100131750387,0.4071082448994207,0.05322740502443248,0.03288919934930944,1.2857142857142858,0.45175395145262565,0.02751680297838119,0.006169333442452509,0.002359917529115773,0.0018259858887098076,1.4500000000000002
117912,120116,20.0,10.0,/gpfs/bbp.cscs.ch/project/proj32/glusynapse_20190926_release/testing/zilberter_2009/simulations/L23PC_L23PC/117912-120116/20Hz_10ms/simulation.batch,0.5215151966880354,0.8185628118928634,1.5695857322879099,0.38975262689893503,0.4233039773374259,3.0,0.0,0.30372735621157676,0.2478218191491696,589.2334731673517,54.71454261833544,21.23075471224273,14.086247680265716,0.3809649233341741,0.24423026506806256,0.04202957735418966,0.03217349592768056,1.0,0.0,0.01898289477343296,0.004650116129873857,0.001972605254291373,0.000944029660667419,1.3250000000000002
14856,5000,20.0,10.0,/gpfs/bbp.cscs.ch/project/proj32/glusynapse_20190926_release/testing/zilberter_2009/simulations/L23PC_L23PC/14856-5000/20Hz_10ms/simulation.batch,0.20761028427617986,1.0468546816298399,5.042402813905065,0.24139016158593163,0.4355570762495083,2.0,0.0,0.2592694501808802,0.055240339942259895,597.4453240011503,51.55346105135533,7.883658921708895,7.6959516783361845,0.32898817448709555,0.13987142536201067,0.022002761718447644,0.013376207444446437,1.0,0.0,0.028972972549628155,0.00613122688735139,0.010624265431094085,0.004752719190979957,1.2750000000000001
122229,121200,20.0,10.0,/gpfs/bbp.cscs.ch/project/proj32/glusynapse_20190926_release/testing/zilberter_2009/simulations/L23PC_L23PC/122229-121200/20Hz_10ms/simulation.batch,2.811569367103762,3.432541601471011,1.22086320957712,0.6765135912321618,0.6804572806118272,4.0,0.0,0.6397862018925327,0.1344574693619863,584.8542801452754,44.82691619830386,11.57291611239584,11.287260931958436,1.0267892262811298,0.42374368360176157,0.07697699371896594,0.030555164188865464,1.25,0.4330127018922193,0.025984019104422044,0.002008578812122644,0.010780724164498084,0.004670081797833486,0.875
7833,6991,20.0,10.0,/gpfs/bbp.cscs.ch/project/proj32/glusynapse_20190926_release/testing/zilberter_2009/simulations/L23PC_L23PC/7833-6991/20Hz_10ms/simulation.batch,0.41947181933257577,1.6007629798770353,3.8161395023484994,0.46063681422008657,0.8729773036633609,4.0,0.75,0.19415925160812392,0.08657649873727898,723.8529352221362,134.856377580553,6.030118941174645,8.236608589519147,0.38359408217835567,0.0722642318584076,0.03411160377675988,0.010133762389008089,1.0,0.0,0.020979854236152565,0.00388834046468393,0.05540461699690153,0.03488463189345801,1.425
8039,11865,20.0,10.0,/gpfs/bbp.cscs.ch/project/proj32/glusynapse_20190926_release/testing/zilberter_2009/simulations/L23PC_L23PC/8039-11865/20Hz_10ms/simulation.batch,1.6846681599642694,2.969653012006433,1.762752500806697,0.45651384255241606,0.4903529007417657,4.0,0.0,0.4744614302227297,0.34592659783833646,673.0224500650543,22.92514444978856,26.572565749374853,36.41591447050294,0.7660649660193493,0.4979272090497354,0.06575954749044657,0.0432492111174916,1.0,0.0,0.024390004101259195,0.008872430758845026,0.007701587905375377,0.007980773909966044,2.0500000000000003
25795,14702,20.0,10.0,/gpfs/bbp.cscs.ch/project/proj32/glusynapse_20190926_release/testing/zilberter_2009/simulations/L23PC_L23PC/25795-14702/20Hz_10ms/simulation.batch,0.9583210959916867,1.2312259826559295,1.2847739529117184,0.6010568248556066,0.48881899320563743,2.0,0.0,0.6463953486222926,0.07574262270377385,706.8562510549689,14.572796555162483,14.492105487741858,12.617538277321993,0.8706337303056652,0.329857452596379,0.07785054129506958,0.02299663006977421,1.0,0.0,0.021279058555844468,0.0008271346921954158,0.0009405811544022291,0.0008729064222908299,1.7000000000000002
124722,114247,20.0,10.0,/gpfs/bbp.cscs.ch/project/proj32/glusynapse_20190926_release/testing/zilberter_2009/simulations/L23PC_L23PC/124722-114247/20Hz_10ms/simulation.batch,2.0503001426379526,0.6047437923219713,0.29495378737275857,0.5895707863701645,0.39607089568722725,3.0,1.0,0.5822229685877421,0.3641415360132272,691.6362739010955,53.25473011337025,22.610040187742403,18.32537542659165,0.7417143979143962,0.3768731762259666,0.049393899155787735,0.03288083194330899,1.0,0.0,0.03697087327121302,0.011673741935009864,7.686256595226155e-05,7.193198736531103e-05,2.4000000000000004
3582,22858,20.0,10.0,/gpfs/bbp.cscs.ch/project/proj32/glusynapse_20190926_release/testing/zilberter_2009/simulations/L23PC_L23PC/3582-22858/20Hz_10ms/simulation.batch,0.2642439647946354,0.778474316860311,2.9460438858663207,0.2583226763384623,0.36315000254906354,3.0,0.0,0.1982024719448242,0.1018361793404406,713.1012134810138,164.59177705137554,41.63526104021251,52.20717732352424,0.31014068531084504,0.14805931620431848,0.03289061232156113,0.006394176278450917,1.0,0.0,0.01479877397866331,0.006039623420939459,0.007812433031901082,0.004199200088408908,1.4000000000000001
9645,11458,20.0,10.0,/gpfs/bbp.cscs.ch/project/proj32/glusynapse_20190926_release/testing/zilberter_2009/simulations/L23PC_L23PC/9645-11458/20Hz_10ms/simulation.batch,1.2696948078288914,1.395860616500532,1.0993670352069702,0.641099478357847,0.6065027203114189,2.0,0.0,0.6782564948604521,0.0530694289882619,605.7283808381965,4.305978421328007,9.895060570843016,9.285486193497835,1.074976310160129,0.01109054231365747,0.060487116188822646,0.007912161774369656,1.0,0.0,0.039305500430329765,0.011022322745057229,0.0005374484690727029,0.00027687998508578904,2.275
123959,121769,20.0,10.0,/gpfs/bbp.cscs.ch/project/proj32/glusynapse_20190926_release/testing/zilberter_2009/simulations/L23PC_L23PC/123959-121769/20Hz_10ms/simulation.batch,0.4985806763383522,0.26505978158481225,0.5316286694692005,0.24756166872056148,0.2184507464176451,4.0,1.0,0.32159371862464686,0.186266662992758,675.5907483138827,77.68408277470539,15.818143451462822,19.81320536844,0.4908390658707064,0.18757155427866526,0.0349702615185639,0.011494997198538895,1.0,0.0,0.026481463517199638,0.009473895467790028,0.0048385121740202085,0.00787704317859677,1.225
2751,4154,20.0,10.0,/gpfs/bbp.cscs.ch/project/proj32/glusynapse_20190926_release/testing/zilberter_2009/simulations/L23PC_L23PC/2751-4154/20Hz_10ms/simulation.batch,1.1533913536562597,1.2717052740796746,1.102579163653654,0.2839082370475482,0.27978329789971607,2.0,0.5,0.5073248123689117,0.38169693267896776,641.1660858965413,103.53638687695172,24.665006498247507,23.747918982726688,0.5790070051688527,0.45249682818399944,0.0868647856434728,0.07771665018081352,1.5,0.5,0.01630830383467885,0.0061297104455034996,0.02867402722627138,0.0009589688787130287,1.175
2330,15134,20.0,10.0,/gpfs/bbp.cscs.ch/project/proj32/glusynapse_20190926_release/testing/zilberter_2009/simulations/L23PC_L23PC/2330-15134/20Hz_10ms/simulation.batch,1.0013793227678438,2.644004469031296,2.6403625568412825,0.38184165464124437,0.3898379183934179,3.0,0.0,0.5816398351001587,0.1398044333376257,709.5243068985001,86.74992197118786,8.924913994941612,6.721489847949094,0.7001900674749034,0.15450116470605668,0.0551557481975209,0.0020376901290229178,1.0,0.0,0.021844605555125712,0.00436320176236583,0.010524249293965303,0.003659739361595277,1.85
124307,120213,20.0,10.0,/gpfs/bbp.cscs.ch/project/proj32/glusynapse_20190926_release/testing/zilberter_2009/simulations/L23PC_L23PC/124307-120213/20Hz_10ms/simulation.batch,0.5838253358101518,1.5787268453034058,2.7041081441124297,0.344993552755327,0.48040303160211295,4.0,0.25,0.3328294633389716,0.21809692067902425,729.9930444735314,124.64523693714595,2.11493359174182,2.9182576935874676,0.39874333729718436,0.14461506060999305,0.03507172195397677,0.018676535613291557,1.0,0.0,0.03153535389941731,0.0137295541798412,0.008879186900776562,0.010276647530802456,1.5250000000000001
