pregid,postgid,frequency_train,dt_train,path,epsp_before,epsp_after,epsp_ratio,epsp_before_std,epsp_after_std,N,apical_ratio,Use_before_mean,Use_before_std,Dep_mean,Dep_std,Fac_mean,Fac_std,gmax_AMPA_before_mean,gmax_AMPA_before_std,spine_volume_mean,spine_volume_std,Nrrp_mean,Nrrp_std,Cpre_mean,Cpre_std,Cpost_mean,Cpost_std,risetime
11255,24207,0.2,-10.0,/gpfs/bbp.cscs.ch/project/proj32/glusynapse_20190926_release/testing/zilberter_2009/simulations/L23PC_L23PC_lowfreq/11255-24207/0Hz_-10ms/simulation.batch,0.5628070136185144,0.17711343916111227,0.3146965742704203,0.32651069371557584,0.21797792680043523,3.0,1.0,0.34280213550400607,0.2870185629165898,652.793760492574,131.58710796348072,3.825055542166996,2.731629886609781,0.5236921018690629,0.28291179359989704,0.04657135870265624,0.02694579230410923,1.0,0.0,0.08067261081095023,0.02993655637069209,3.588444732359782e-05,9.557202949594798e-06,4.775
9740,2924,0.2,-10.0,/gpfs/bbp.cscs.ch/project/proj32/glusynapse_20190926_release/testing/zilberter_2009/simulations/L23PC_L23PC_lowfreq/9740-2924/0Hz_-10ms/simulation.batch,2.1529482489605187,2.150559593315847,0.9988905187824069,0.5598741788729541,0.4797460092651852,4.0,0.5,0.5299228722608379,0.27247606983327055,686.4810782851882,66.37923115675191,0.8802346308217602,1.476106215222057,0.6910305875657546,0.33646590045886776,0.05220897348061072,0.00827628242303533,1.0,0.0,0.022159873250058602,0.0076606797140958745,0.003969064268369272,0.0040920420392703315,0.75
23411,14318,0.2,-10.0,/gpfs/bbp.cscs.ch/project/proj32/glusynapse_20190926_release/testing/zilberter_2009/simulations/L23PC_L23PC_lowfreq/23411-14318/0Hz_-10ms/simulation.batch,0.5956546913304398,0.4730326813424673,0.7941391014413284,0.4183679006217289,0.34691101065705765,4.0,0.25,0.3279471350934584,0.08382539646346546,720.8919821479248,122.64672103968843,11.313595353422949,16.404185497705946,0.29508216085433703,0.10445084219048936,0.02156344148190268,0.005596994166615482,1.0,0.0,0.023135672325380267,0.008089095436324481,0.02489772449051905,0.02947814101979901,1.5750000000000002
3922,22161,0.2,-10.0,/gpfs/bbp.cscs.ch/project/proj32/glusynapse_20190926_release/testing/zilberter_2009/simulations/L23PC_L23PC_lowfreq/3922-22161/0Hz_-10ms/simulation.batch,4.12386579718818,3.928521457867305,0.9526307719678782,0.9106163361698484,0.953839507724137,8.0,0.0,0.5759799820169799,0.25475420001473986,656.8280310641834,90.37854024568011,25.014451133054404,33.51404021370179,0.7137587250969949,0.4450286204463536,0.04730416045101267,0.02706605087201797,1.0,0.0,0.03142470193740525,0.008098416788794699,0.0009735944663245999,0.0009815223940941632,1.55
10434,7442,0.2,-10.0,/gpfs/bbp.cscs.ch/project/proj32/glusynapse_20190926_release/testing/zilberter_2009/simulations/L23PC_L23PC_lowfreq/10434-7442/0Hz_-10ms/simulation.batch,2.456200320558996,2.2891788719056034,0.9320000704928737,0.3222843178231674,0.30661409456947003,3.0,0.0,0.7277665309327448,0.2533796274214884,544.5876288451901,127.81253582037988,2.0923081873824434,2.103576513308175,1.899132977959308,1.140672058470291,0.1200184563307799,0.07202587412581796,2.0,0.816496580927726,0.031861340687206495,0.00822299360681418,0.0008644699710801566,0.0005340396711557511,2.075
121566,118366,0.2,-10.0,/gpfs/bbp.cscs.ch/project/proj32/glusynapse_20190926_release/testing/zilberter_2009/simulations/L23PC_L23PC_lowfreq/121566-118366/0Hz_-10ms/simulation.batch,1.7429954792155848,1.6226681337607751,0.9309651993423633,0.6908927771097781,0.5982585169792545,5.0,1.0,0.3989208495004424,0.25514052928901343,611.1870956825265,81.37930024357001,3.996482863093873,4.977117172558994,0.5584844820184962,0.2621962266635268,0.03518307211400359,0.020575380629975312,1.0,0.0,0.03883569052268487,0.012625916749350078,0.0001552492855951043,0.00025688353707139106,1.625
118292,113391,0.2,-10.0,/gpfs/bbp.cscs.ch/project/proj32/glusynapse_20190926_release/testing/zilberter_2009/simulations/L23PC_L23PC_lowfreq/118292-113391/0Hz_-10ms/simulation.batch,4.423560913910449,4.52718482197942,1.0234254506913452,0.9280069904408822,1.0663898205643745,3.0,0.3333333333333333,0.6458599512126022,0.2805835086371813,638.0497774764108,14.807455251801347,18.92205578080766,13.390948131516001,0.8020611369807408,0.4207174643311558,0.06322899565049703,0.0384686402447199,1.3333333333333333,0.4714045207910317,0.028715761988669933,0.004082462337026486,0.013583444225467178,0.012791399908654173,1.85
123689,124240,0.2,-10.0,/gpfs/bbp.cscs.ch/project/proj32/glusynapse_20190926_release/testing/zilberter_2009/simulations/L23PC_L23PC_lowfreq/123689-124240/0Hz_-10ms/simulation.batch,1.3233268509875298,0.7354882535630068,0.5557872970038735,0.5471370029455593,0.5542997512820876,4.0,0.5,0.4832905448361867,0.173953116449769,598.8163823318964,72.77983705992044,2.3113569400603717,2.348158746175678,0.6215899137322535,0.2689733533439792,0.046066530167828336,0.022646827787246464,1.0,0.0,0.03017669512995818,0.008579317307556612,0.0004021743171621822,0.0006161537981023556,3.075
10060,12873,0.2,-10.0,/gpfs/bbp.cscs.ch/project/proj32/glusynapse_20190926_release/testing/zilberter_2009/simulations/L23PC_L23PC_lowfreq/10060-12873/0Hz_-10ms/simulation.batch,0.2750756767330972,0.6328600563524539,2.300676177074394,0.24167402204926608,0.36191764773637586,2.0,0.0,0.35591764665169767,0.1995487883753944,600.8770014278398,29.940239157678832,73.39475510447642,67.74222402810753,0.3828248521815185,0.06600001802588176,0.024375532238690163,0.006270629771664612,1.0,0.0,0.026422685432983716,0.0025810369669556008,0.007944493832898828,0.004211654047948826,1.8
3153,2393,0.2,-10.0,/gpfs/bbp.cscs.ch/project/proj32/glusynapse_20190926_release/testing/zilberter_2009/simulations/L23PC_L23PC_lowfreq/3153-2393/0Hz_-10ms/simulation.batch,1.8594986306148873,1.7488662610482884,0.9405041941170907,0.4962338040058757,0.5233061688929508,6.0,0.5,0.42131819649234914,0.27497262097310804,630.7053059156534,77.08608807145143,7.2042977167286075,12.052175193041432,0.6454366670479124,0.38406300422698314,0.04060766356185507,0.018013854717896353,1.0,0.0,0.02784408022253652,0.006830374891303475,0.01488912094362057,0.01423860855308447,1.475
15791,12266,0.2,-10.0,/gpfs/bbp.cscs.ch/project/proj32/glusynapse_20190926_release/testing/zilberter_2009/simulations/L23PC_L23PC_lowfreq/15791-12266/0Hz_-10ms/simulation.batch,1.2687699201772182,1.1956960353560475,0.9424057241119305,0.5542645938085152,0.5994888381733892,2.0,1.0,0.49928812458723193,0.28846838065823055,764.398689266294,13.784859440114872,58.083437654481045,58.07000557177783,0.7619856631881669,0.39916793605893053,0.03560113641215286,0.016739968169239793,1.0,0.0,0.03906697881597283,0.0027770032396296465,0.06602323997891557,0.009963187441322702,1.55
1662,7134,0.2,-10.0,/gpfs/bbp.cscs.ch/project/proj32/glusynapse_20190926_release/testing/zilberter_2009/simulations/L23PC_L23PC_lowfreq/1662-7134/0Hz_-10ms/simulation.batch,1.5525347148028719,1.8341195845885516,1.1813710618518654,0.4916374327031025,0.4637903438301818,3.0,0.0,0.6009538318281942,0.2285415758193188,754.8895445753157,92.68389085468715,2.778462679831881,2.149817831269027,0.7628768057587724,0.3492263962167445,0.058839559267462795,0.02510816313274565,1.3333333333333333,0.4714045207910317,0.021747414826378268,0.0014884985869712242,0.0015348060045786611,0.0019076580223777897,1.8
16608,5725,0.2,-10.0,/gpfs/bbp.cscs.ch/project/proj32/glusynapse_20190926_release/testing/zilberter_2009/simulations/L23PC_L23PC_lowfreq/16608-5725/0Hz_-10ms/simulation.batch,0.434729286863503,0.43168215826879314,0.9929907446155875,0.34077037747382183,0.34421778898118344,2.0,0.5,0.34118595885619185,0.224358668861816,756.0496660556958,18.279051159223684,27.87818482525479,21.249015136973828,0.37788548678419365,0.2953289874919567,0.02673220930084758,0.022598182105155983,1.0,0.0,0.026998160609451875,0.004939558114058145,0.081535390883998,0.08109872329994386,1.675
123595,125298,0.2,-10.0,/gpfs/bbp.cscs.ch/project/proj32/glusynapse_20190926_release/testing/zilberter_2009/simulations/L23PC_L23PC_lowfreq/123595-125298/0Hz_-10ms/simulation.batch,0.9189153607976991,0.892557057997755,0.9713158535329491,0.23955540159054903,0.26395428251375835,3.0,0.0,0.6067914465631332,0.33816727117931733,716.3173557520153,154.56825112149525,1.4386963678191271,1.0834636744609365,0.7765666178790251,0.367742170392206,0.07694837709751672,0.05660498564744089,1.3333333333333333,0.4714045207910317,0.02197854944104423,0.0071598025518421655,0.00840851496129979,0.0016602591594773754,1.5750000000000002
14144,12681,0.2,-10.0,/gpfs/bbp.cscs.ch/project/proj32/glusynapse_20190926_release/testing/zilberter_2009/simulations/L23PC_L23PC_lowfreq/14144-12681/0Hz_-10ms/simulation.batch,0.6767261144661002,0.6316471261519863,0.9333866576884228,0.32183825243738706,0.3240888932949321,2.0,1.0,0.5784407404979284,0.1287667695386776,958.3370016457222,160.96548381730491,0.2936221211325686,0.04413251780040088,0.7717664350408702,0.2559558682020558,0.040526851490080805,0.015771195625238963,1.0,0.0,0.031514523587626804,0.002084314780021289,0.05791933775354454,0.007063927973773802,1.225
10351,24870,0.2,-10.0,/gpfs/bbp.cscs.ch/project/proj32/glusynapse_20190926_release/testing/zilberter_2009/simulations/L23PC_L23PC_lowfreq/10351-24870/0Hz_-10ms/simulation.batch,2.936350102087919,1.2860448350269396,0.4379739439491515,0.3933609573070249,0.47166131654587945,4.0,0.0,0.8029438787846415,0.11050637463023925,728.7218463366987,184.1275204560687,11.354708911444794,18.20507150740791,1.2347846348789815,0.5090919390878857,0.08135147886487239,0.030573807213181182,1.5,0.5,0.06645015522592465,0.02729318407009195,0.00018914696939213558,0.000230576370333075,2.35
5380,14038,0.2,-10.0,/gpfs/bbp.cscs.ch/project/proj32/glusynapse_20190926_release/testing/zilberter_2009/simulations/L23PC_L23PC_lowfreq/5380-14038/0Hz_-10ms/simulation.batch,1.470780684181981,0.8369345310929207,0.5690410134522585,0.3769771387770728,0.26042092581159615,12.0,0.08333333333333333,0.3995618917457355,0.2742781093937824,689.4626228978759,72.19249433210135,20.831879925051762,29.297256869932287,0.6067447689268021,0.3544626671251095,0.04250612664073062,0.023711529390430496,1.0,0.0,0.029742014949314832,0.01149805201631457,0.025382358645094694,0.007875115685121873,1.4500000000000002
11631,26456,0.2,-10.0,/gpfs/bbp.cscs.ch/project/proj32/glusynapse_20190926_release/testing/zilberter_2009/simulations/L23PC_L23PC_lowfreq/11631-26456/0Hz_-10ms/simulation.batch,1.667763576082023,3.4836777696540233,2.0888319061614347,0.5184246662939567,0.26973566709150776,3.0,0.0,0.4392166972811122,0.302889106372878,704.8804909431625,197.04930389295814,3.1592930382072573,4.025662081316238,0.7321241699837907,0.570829437303404,0.055891673967871695,0.05928672110976743,1.3333333333333333,0.4714045207910317,0.05033946635104519,0.031823170445576414,0.0006117064138694126,0.00017767056216380837,2.075
14530,22188,0.2,-10.0,/gpfs/bbp.cscs.ch/project/proj32/glusynapse_20190926_release/testing/zilberter_2009/simulations/L23PC_L23PC_lowfreq/14530-22188/0Hz_-10ms/simulation.batch,1.4614210862682475,4.01821607989604,2.749526551691267,0.6709144725583582,0.6748092246616163,6.0,0.0,0.380794196464467,0.22006864650439897,628.2356409289652,100.21043257038755,21.134166339121293,35.50200389980778,0.5448419182236187,0.32566564097732903,0.0430347351786414,0.025263611382721398,1.0,0.0,0.023687169440015976,0.0060811399437398946,0.00040310349528095094,0.00013944574898388184,1.675
5287,22282,0.2,-10.0,/gpfs/bbp.cscs.ch/project/proj32/glusynapse_20190926_release/testing/zilberter_2009/simulations/L23PC_L23PC_lowfreq/5287-22282/0Hz_-10ms/simulation.batch,1.2205442904770412,0.0459458483084191,0.037643737033468475,0.7960774259149415,0.1723917705461622,2.0,0.0,0.5457218235895975,0.03734025124291884,617.15256868341,102.34256358212559,0.10690859043407826,0.10643663520444753,1.0719871115199697,0.1866859060058677,0.07467128024895353,0.02363967326843696,1.0,0.0,0.02721527588247951,0.00228040494425113,0.00017825804090215323,5.4873461519294544e-05,1.9000000000000001
4743,17695,0.2,-10.0,/gpfs/bbp.cscs.ch/project/proj32/glusynapse_20190926_release/testing/zilberter_2009/simulations/L23PC_L23PC_lowfreq/4743-17695/0Hz_-10ms/simulation.batch,1.3233036127794024,1.7872460393396095,1.3505940904867364,0.42028021838641966,0.3553829413964449,4.0,0.25,0.6120297660864231,0.19073325244911626,715.4185754529193,206.93742667206024,30.746439810699037,25.14077680843959,0.6580592694413212,0.43311624385985903,0.04151069448439965,0.017033894028687137,1.0,0.0,0.025048373295371244,0.006932666073434907,0.03405767231649662,0.0028357678544498927,1.0250000000000001
121282,118842,0.2,-10.0,/gpfs/bbp.cscs.ch/project/proj32/glusynapse_20190926_release/testing/zilberter_2009/simulations/L23PC_L23PC_lowfreq/121282-118842/0Hz_-10ms/simulation.batch,1.0111958427112386,1.0333646397103569,1.0219233466582287,0.4912813329911426,0.45112569678916936,4.0,0.5,0.4061495481125164,0.2738652287139958,758.4324967707621,186.7508082605072,37.77345824505015,48.82520520362522,0.5234495975940708,0.21711176688366976,0.038487538043139875,0.014932175169659551,1.0,0.0,0.025486740072457898,0.003949647358909534,0.0017954202684152439,0.0011336125855357369,1.2000000000000002
4179,12552,0.2,-10.0,/gpfs/bbp.cscs.ch/project/proj32/glusynapse_20190926_release/testing/zilberter_2009/simulations/L23PC_L23PC_lowfreq/4179-12552/0Hz_-10ms/simulation.batch,2.3811925877389055,1.9253954667003772,0.8085845204686544,0.45905772343020984,0.38252044225886966,3.0,0.0,0.5859419347271307,0.362783746759711,706.2369891032766,126.45474416974079,52.006034470289535,49.77702182477819,0.8735466526967103,0.6345779017451136,0.06192106072808277,0.03144089198208079,1.3333333333333333,0.4714045207910317,0.021785145475169687,0.0068607834467218866,0.009653506958004644,0.005990765342932725,1.0250000000000001
119407,7216,0.2,-10.0,/gpfs/bbp.cscs.ch/project/proj32/glusynapse_20190926_release/testing/zilberter_2009/simulations/L23PC_L23PC_lowfreq/119407-7216/0Hz_-10ms/simulation.batch,3.5724814253744337,6.125095931999948,1.7145214215796725,0.8233631842528005,0.8720591018751368,6.0,0.3333333333333333,0.595810422459191,0.23034535748332477,668.9732342683448,108.75920119956903,13.157080863815203,19.986142095967733,0.8626765148025878,0.48991598332927005,0.058009816749577114,0.03166422781687436,1.1666666666666667,0.3726779962499649,0.02900320243250026,0.00792825499831978,0.025711995897660475,0.023953497763511956,1.25
122624,123437,0.2,-10.0,/gpfs/bbp.cscs.ch/project/proj32/glusynapse_20190926_release/testing/zilberter_2009/simulations/L23PC_L23PC_lowfreq/122624-123437/0Hz_-10ms/simulation.batch,0.4926539069642376,0.41278010624081674,0.8378703597103128,0.4027712895138484,0.3899483206309593,3.0,0.0,0.35295022729721687,0.21140117827043328,755.2339870498641,86.15540613955739,6.486119250592317,9.093671249644968,0.5148434112581014,0.22585188904187117,0.04492449595506117,0.013480284583699494,1.0,0.0,0.031673227035838795,0.02196221704256513,0.003308666994268779,0.003426947741483633,1.6
25021,2676,0.2,-10.0,/gpfs/bbp.cscs.ch/project/proj32/glusynapse_20190926_release/testing/zilberter_2009/simulations/L23PC_L23PC_lowfreq/25021-2676/0Hz_-10ms/simulation.batch,0.9301161217038664,0.8735904802451027,0.9392273285670877,0.5733718776201523,0.5279363289859418,3.0,0.0,0.5170582298876518,0.12597682121303488,584.7055728647058,10.700738487082504,16.755651957972336,23.482787281769422,0.712241274006815,0.38933791069910484,0.05931015240647871,0.03608726439373719,1.0,0.0,0.020548508473801626,0.007365458814491979,0.006622547860219794,0.006691770909668464,1.3
23031,5603,0.2,-10.0,/gpfs/bbp.cscs.ch/project/proj32/glusynapse_20190926_release/testing/zilberter_2009/simulations/L23PC_L23PC_lowfreq/23031-5603/0Hz_-10ms/simulation.batch,0.9453077564596313,2.062610355029139,2.1819458699397876,0.5985444735536961,0.6384849251193786,5.0,0.6,0.31239260398885166,0.14559075456969467,672.9926250202243,95.31528267230046,3.353404941637604,2.566919126579628,0.4323964388875126,0.2693353713332353,0.033753895736684504,0.018008419522128737,1.0,0.0,0.026796180921389978,0.004762896964204779,0.07073132605595153,0.0600233371321217,2.225
11503,16955,0.2,-10.0,/gpfs/bbp.cscs.ch/project/proj32/glusynapse_20190926_release/testing/zilberter_2009/simulations/L23PC_L23PC_lowfreq/11503-16955/0Hz_-10ms/simulation.batch,2.952224481612972,1.6263692616630208,0.5508962044696685,0.9403042023558363,0.8811608090930448,5.0,0.4,0.5473647508839926,0.18733151500554385,631.0183686315468,64.82248156260181,0.8408589410689764,1.6787164783793895,0.8745793248322545,0.4020537080228371,0.059771748400840555,0.022318629083903037,1.0,0.0,0.0296813886911526,0.007447204856517813,0.01307334297528166,0.015438102023423987,1.4500000000000002
122686,359,0.2,-10.0,/gpfs/bbp.cscs.ch/project/proj32/glusynapse_20190926_release/testing/zilberter_2009/simulations/L23PC_L23PC_lowfreq/122686-359/0Hz_-10ms/simulation.batch,2.393810594656155,2.4535916871608925,1.024973192381298,0.5816282939804129,0.5257410011866165,6.0,0.5,0.4793238458038889,0.2723433739828381,681.6324996638692,87.69193544968046,15.877533462215206,13.327379504690764,0.6609688522773954,0.3314701607578336,0.06611009785749024,0.026889868478254267,1.0,0.0,0.016594620997027947,0.003641580573059844,0.021281258363840275,0.01968070981195299,0.9500000000000001
119392,113365,0.2,-10.0,/gpfs/bbp.cscs.ch/project/proj32/glusynapse_20190926_release/testing/zilberter_2009/simulations/L23PC_L23PC_lowfreq/119392-113365/0Hz_-10ms/simulation.batch,2.8465632766755364,2.7911665623402104,0.9805390890870963,0.820751890560656,0.9187572986619651,6.0,0.6666666666666666,0.48726977039535835,0.2642160774812988,776.1350177525137,126.34973591095313,17.219390329193747,21.723560381155856,0.6176457397055296,0.32092473812899613,0.04566923738532102,0.02341875661528962,1.0,0.0,0.03162531172198721,0.00816323638058081,0.0007157217917440552,0.0010250925296315236,2.125
4794,16760,0.2,-10.0,/gpfs/bbp.cscs.ch/project/proj32/glusynapse_20190926_release/testing/zilberter_2009/simulations/L23PC_L23PC_lowfreq/4794-16760/0Hz_-10ms/simulation.batch,1.3338225239912345,1.8546463085185292,1.3904745760094221,0.35806603461884123,0.4549390086497873,5.0,0.4,0.4942861030175775,0.30152303193790697,610.5980898729233,79.43438675633182,42.90139399871648,34.90263496311987,0.4926142725937274,0.26379001060383495,0.0448622212011847,0.022834286749773065,1.0,0.0,0.026351248951593798,0.00976371604168301,0.0482161458201303,0.04851304773690238,2.45
12619,8765,0.2,-10.0,/gpfs/bbp.cscs.ch/project/proj32/glusynapse_20190926_release/testing/zilberter_2009/simulations/L23PC_L23PC_lowfreq/12619-8765/0Hz_-10ms/simulation.batch,0.350503715981147,0.7553723655155257,2.1551051560211016,0.2822166261367737,0.3965193141855922,3.0,0.0,0.3119464761876819,0.08979790033477414,756.2449013174734,27.44813501158139,2.371996383979131,3.174746862713515,0.32591253679291354,0.030702549550815517,0.02765924239607737,0.0033108366889566627,1.0,0.0,0.019341782726065234,0.002238274011308313,0.007723421559411424,0.00029332040558574285,1.8250000000000002
18160,7737,0.2,-10.0,/gpfs/bbp.cscs.ch/project/proj32/glusynapse_20190926_release/testing/zilberter_2009/simulations/L23PC_L23PC_lowfreq/18160-7737/0Hz_-10ms/simulation.batch,0.7192263733606777,1.3390085886692995,1.8617345501564544,0.2943932121965557,0.4224306642067622,3.0,0.0,0.6047087512232306,0.1114679585669985,722.3824925332216,93.6200402332745,2.322612690279774,2.4722819447498807,0.6785183603271318,0.08095400777203399,0.048713734404261765,0.006373188062902283,1.0,0.0,0.02341629306575083,0.0010309319324334708,0.0006781861594502301,0.00014340933367279005,1.725
3154,16561,0.2,-10.0,/gpfs/bbp.cscs.ch/project/proj32/glusynapse_20190926_release/testing/zilberter_2009/simulations/L23PC_L23PC_lowfreq/3154-16561/0Hz_-10ms/simulation.batch,3.006192475276763,2.3771231164102677,0.790742155054932,1.1028502410490144,1.0362875978750885,3.0,0.0,0.732846561493962,0.06525510174989023,775.1721244145252,104.31509478914705,0.3363021018731058,0.2680667401779182,0.8540699632346779,0.06357212301643102,0.08805061433063975,0.024357793960790963,1.0,0.0,0.01943131026929785,0.005152700580372302,0.006560149743776528,0.006058659852275114,1.425
4349,305,0.2,-10.0,/gpfs/bbp.cscs.ch/project/proj32/glusynapse_20190926_release/testing/zilberter_2009/simulations/L23PC_L23PC_lowfreq/4349-305/0Hz_-10ms/simulation.batch,2.294536183602716,1.5114751406392084,0.658727960552794,0.688067031429065,0.6293797752194922,4.0,0.0,0.665467421007797,0.13345021626465886,582.8587921552935,52.04000640979487,8.624941160387184,9.438051326930537,0.9206540759134946,0.2577473746321823,0.077646808583942,0.02259614118881839,1.0,0.0,0.025374015644105127,0.007049529215336449,0.0001330346033016371,0.0001341726249611192,2.325
119963,125284,0.2,-10.0,/gpfs/bbp.cscs.ch/project/proj32/glusynapse_20190926_release/testing/zilberter_2009/simulations/L23PC_L23PC_lowfreq/119963-125284/0Hz_-10ms/simulation.batch,0.06850321338649365,0.021891427995511966,0.3195678992750457,0.09176080860462672,0.050201658852113994,3.0,0.3333333333333333,0.19161569324157668,0.12016218330331398,765.5960321132984,51.67134485623955,18.94032266507484,13.12292861904632,0.2199261012376733,0.06468646879701512,0.024477783479806416,0.0013359642642411587,1.0,0.0,0.015336706021466126,0.004076395587623262,0.0067932090880367295,0.008544799914437289,1.625
122368,120503,0.2,-10.0,/gpfs/bbp.cscs.ch/project/proj32/glusynapse_20190926_release/testing/zilberter_2009/simulations/L23PC_L23PC_lowfreq/122368-120503/0Hz_-10ms/simulation.batch,0.20667576157330222,0.14400426602756938,0.6967641726893795,0.14400303626493197,0.15739973177767438,2.0,0.0,0.3691121392489941,0.1369179823180039,796.714480276747,57.98855022734176,3.7682577047650496,3.6150775173370886,0.33889070013106015,0.008562828749076573,0.021774894394064888,0.0023476407516980994,1.0,0.0,0.03454951964365986,0.004653593875736169,0.00022175677646266368,7.755467382708779e-05,2.075
795,24004,0.2,-10.0,/gpfs/bbp.cscs.ch/project/proj32/glusynapse_20190926_release/testing/zilberter_2009/simulations/L23PC_L23PC_lowfreq/795-24004/0Hz_-10ms/simulation.batch,0.692351883426547,0.6203532416806802,0.8960085998617706,0.6233940752434433,0.6289727099588296,2.0,0.0,0.3581571658360429,0.17596583806728444,690.1345265229975,178.65950104895228,66.8251152034644,66.67941795822391,0.4759887360928534,0.3479938214834509,0.03824300432251984,0.01935021704054778,1.0,0.0,0.017619391361110556,0.006436275223976743,0.013203272595733208,0.002303543052095032,0.925
10190,26937,0.2,-10.0,/gpfs/bbp.cscs.ch/project/proj32/glusynapse_20190926_release/testing/zilberter_2009/simulations/L23PC_L23PC_lowfreq/10190-26937/0Hz_-10ms/simulation.batch,2.251174580333683,2.7723102880121258,1.2314950214128646,0.49299937881844186,0.5310945360099057,6.0,0.0,0.4460655181711835,0.28344158539002484,715.1810908901074,118.47860345060933,18.408104416694886,27.094351575380927,0.6561033885474575,0.5638721903672272,0.04336924449824678,0.02625125546079119,1.1666666666666667,0.3726779962499649,0.026277994195215704,0.009205762470538973,0.006145701943482133,0.01139156280005072,1.55
504,12211,0.2,-10.0,/gpfs/bbp.cscs.ch/project/proj32/glusynapse_20190926_release/testing/zilberter_2009/simulations/L23PC_L23PC_lowfreq/504-12211/0Hz_-10ms/simulation.batch,1.2934874881799288,2.8520867895494644,2.204958931270875,0.5465008244052395,0.5524355894823284,4.0,0.0,0.4184141186923002,0.21099752484328774,639.9465460281722,62.318325242394216,11.675502705136799,18.957564513868412,0.6190211644665606,0.3103555874389084,0.061327401299035925,0.02276279207653654,1.0,0.0,0.020500619083611872,0.005685681727167539,0.0023358372113112045,0.002588556823705765,2.1
3049,8590,0.2,-10.0,/gpfs/bbp.cscs.ch/project/proj32/glusynapse_20190926_release/testing/zilberter_2009/simulations/L23PC_L23PC_lowfreq/3049-8590/0Hz_-10ms/simulation.batch,0.019274959342673034,0.14652504353258705,7.601834116878977,0.043071872104113965,0.11231617843104537,2.0,0.0,0.04511612403074937,0.027054645497703037,643.4425610604313,80.6167607846254,11.221257948805764,2.6187056760813565,0.11562091221518173,0.005543666225737626,0.011947138493125151,0.00678872501897173,1.0,0.0,0.021768731265565743,0.011572707218158057,0.0038172867937718334,0.0024421021227829204,1.725
3723,3797,0.2,-10.0,/gpfs/bbp.cscs.ch/project/proj32/glusynapse_20190926_release/testing/zilberter_2009/simulations/L23PC_L23PC_lowfreq/3723-3797/0Hz_-10ms/simulation.batch,1.9296523991625032,2.0195571534864962,1.0465911655192475,0.41433705836577106,0.48676659541178635,4.0,0.0,0.6225371061236665,0.26687251786377314,665.1873613091922,87.58822015707226,13.023413040072874,18.22182200705282,0.8844344830127349,0.5799257308814246,0.058058876665913736,0.03878383265001751,1.25,0.4330127018922193,0.043092256260582745,0.019623909872484246,0.00028691707615196335,0.00016624846784315842,2.575
125170,122680,0.2,-10.0,/gpfs/bbp.cscs.ch/project/proj32/glusynapse_20190926_release/testing/zilberter_2009/simulations/L23PC_L23PC_lowfreq/125170-122680/0Hz_-10ms/simulation.batch,2.8567556441875346,1.9834119585603038,0.6942882785917761,0.5418140681473181,0.5769556707930938,8.0,0.0,0.5871382153213549,0.1362796698069171,638.5685770543146,79.35602263469006,5.220750792300403,5.25369222366624,0.842178972907299,0.32793350424640655,0.06093430413061455,0.03204089257313121,1.125,0.33071891388307384,0.035955020068965976,0.010609425509607393,0.00014113830797192256,9.129134644548918e-05,1.9000000000000001
3213,23642,0.2,-10.0,/gpfs/bbp.cscs.ch/project/proj32/glusynapse_20190926_release/testing/zilberter_2009/simulations/L23PC_L23PC_lowfreq/3213-23642/0Hz_-10ms/simulation.batch,2.347779407377666,0.7035396935405067,0.2996617532847006,0.6600445578841339,0.45177292046025735,4.0,0.0,0.6082391722475742,0.1839370373263564,601.6242502727066,58.14865152498968,2.9717855638604815,3.420455035057051,0.9077775133855344,0.4377366014720646,0.046008222024872494,0.022832021063354954,1.0,0.0,0.046018906560534485,0.012295158953475072,0.00019385479929060186,0.00017454927430726722,2.1
120443,125062,0.2,-10.0,/gpfs/bbp.cscs.ch/project/proj32/glusynapse_20190926_release/testing/zilberter_2009/simulations/L23PC_L23PC_lowfreq/120443-125062/0Hz_-10ms/simulation.batch,0.15679372587518473,0.1979691956604346,1.2626091672700446,0.1251736436990401,0.15132215059429246,2.0,0.0,0.3614105419327398,0.03188704776859716,672.1403661454831,21.04147875479447,0.8733321626247318,0.8733001366424167,0.3651309221150852,0.03892102695744609,0.02723510136979182,0.010334032920494075,1.0,0.0,0.026193703388822306,0.006994079274995095,0.005244887969055993,0.004786782280661727,1.375
125113,119772,0.2,-10.0,/gpfs/bbp.cscs.ch/project/proj32/glusynapse_20190926_release/testing/zilberter_2009/simulations/L23PC_L23PC_lowfreq/125113-119772/0Hz_-10ms/simulation.batch,0.5364754616176436,0.5321095570337714,0.991861874594026,0.266718820737399,0.28073924766593145,3.0,1.0,0.430652974414845,0.2557807293890094,729.7639655482403,97.86495612051488,4.820321843355592,5.69980321442978,0.5071206222257258,0.29955491660116995,0.04100865782532185,0.024844505050904547,1.0,0.0,0.022241222034339387,0.007146747110561911,0.02502165791030904,0.007174155153533731,1.5750000000000002
12555,23752,0.2,-10.0,/gpfs/bbp.cscs.ch/project/proj32/glusynapse_20190926_release/testing/zilberter_2009/simulations/L23PC_L23PC_lowfreq/12555-23752/0Hz_-10ms/simulation.batch,1.382760149618023,1.3928451603403713,1.0072933912111468,0.32393691258520046,0.36198987817935663,2.0,0.0,0.6950289420268172,0.1881672911657548,657.8283465994332,53.507443579876735,5.934543080628279,5.848594732527491,1.0748570876957941,0.8776926447254068,0.08198622401819074,0.07016935015120009,1.5,0.5,0.024940671662690386,0.0024145982268031184,3.490682032833035e-05,3.485260124234935e-06,2.275
126644,119606,0.2,-10.0,/gpfs/bbp.cscs.ch/project/proj32/glusynapse_20190926_release/testing/zilberter_2009/simulations/L23PC_L23PC_lowfreq/126644-119606/0Hz_-10ms/simulation.batch,0.23503394094033492,0.2575271255987957,1.095701857223127,0.23147440484278434,0.21530147886418566,2.0,0.0,0.37767014480818384,0.012298164722451904,685.3881462194961,36.38463093742001,5.598791592758595,5.598783603246722,0.3484018063174884,0.010743253874128972,0.045047156460882656,0.0009485076829982043,1.0,0.0,0.013322021501858898,0.0006972460099855336,0.02170598339196212,0.0035931201269611152,0.7000000000000001
124503,117977,0.2,-10.0,/gpfs/bbp.cscs.ch/project/proj32/glusynapse_20190926_release/testing/zilberter_2009/simulations/L23PC_L23PC_lowfreq/124503-117977/0Hz_-10ms/simulation.batch,0.08022207263012314,0.004420292229559901,0.055100698406788544,0.10969983410352184,0.016535735451771373,2.0,0.0,0.16502612851064383,0.11082936628118797,644.5008305215201,78.03206174191047,26.66662692782919,25.819116139042503,0.14943977582619572,0.07938306815435384,0.00795742753549648,0.006011758181078799,1.0,0.0,0.0537176774638138,0.019767665604872104,0.000567691430419359,0.0003614077978148917,1.75
9155,113120,0.2,-10.0,/gpfs/bbp.cscs.ch/project/proj32/glusynapse_20190926_release/testing/zilberter_2009/simulations/L23PC_L23PC_lowfreq/9155-113120/0Hz_-10ms/simulation.batch,4.292023124872649,4.4129055475675765,1.0281644388154396,0.9242094611087566,0.762950345406599,7.0,0.14285714285714285,0.465029649477715,0.3419926310911943,627.75847083625,94.61486233304086,21.121816580121674,33.15801795455025,0.6641629295777794,0.5467305654975947,0.051068820792979794,0.03608142924483022,1.0,0.0,0.02949098689288484,0.007821300996192741,0.0008227084816577305,0.000925336272226324,1.6
8964,25703,0.2,-10.0,/gpfs/bbp.cscs.ch/project/proj32/glusynapse_20190926_release/testing/zilberter_2009/simulations/L23PC_L23PC_lowfreq/8964-25703/0Hz_-10ms/simulation.batch,0.5514261688362303,1.608367648766909,2.9167416050662314,0.36640613289570384,0.430494404484185,3.0,0.3333333333333333,0.34184190926461167,0.1563197756749154,646.3082455843471,108.65599492281822,9.748379071063484,12.93267095451357,0.3891314911370029,0.16393235331713288,0.02822330525782733,0.005617906859629188,1.0,0.0,0.023330976359064393,0.009634717335916252,0.0130720042746017,0.00944574525641699,0.7250000000000001
7228,6552,0.2,-10.0,/gpfs/bbp.cscs.ch/project/proj32/glusynapse_20190926_release/testing/zilberter_2009/simulations/L23PC_L23PC_lowfreq/7228-6552/0Hz_-10ms/simulation.batch,1.7759002802907586,1.6803840189767683,0.9462153014028738,0.5314830285703007,0.5793695477572304,3.0,0.6666666666666666,0.6898703217769534,0.09664376247558343,732.3121398517827,107.98487789029917,10.933861412386962,9.553989169703835,1.0285366999399443,0.2599881588302369,0.05334570784682804,0.015848052091865225,1.0,0.0,0.03532912805638163,0.009900261289107405,0.03314589192230764,0.01859072187106832,1.6500000000000001
127238,125864,0.2,-10.0,/gpfs/bbp.cscs.ch/project/proj32/glusynapse_20190926_release/testing/zilberter_2009/simulations/L23PC_L23PC_lowfreq/127238-125864/0Hz_-10ms/simulation.batch,0.836933116555052,0.4315029598339083,0.5155763958893659,0.24331533165177813,0.26716352026891166,4.0,1.0,0.48141186976376615,0.2602191985606688,696.8033979357654,46.47107535030463,3.6448081241070396,5.899796634073474,0.6996606292120892,0.6272952636197678,0.04952299300630191,0.037079578702994644,1.0,0.0,0.026772573433503352,0.007534285198040258,0.0013881238985599673,0.002170289330302091,2.0500000000000003
125839,126732,0.2,-10.0,/gpfs/bbp.cscs.ch/project/proj32/glusynapse_20190926_release/testing/zilberter_2009/simulations/L23PC_L23PC_lowfreq/125839-126732/0Hz_-10ms/simulation.batch,1.7110777866970883,1.4556695927784375,0.8507325640573782,0.5508136447459798,0.5273151496810111,8.0,0.25,0.37799943491477067,0.18937154521402483,705.4633403081434,162.03898654334327,11.983608314696037,13.871415632845634,0.535138868917759,0.33040465635321237,0.045465949151108256,0.0283728121059422,1.125,0.33071891388307384,0.024556517235056655,0.005467762558675735,0.0057171555101341,0.009593333949441386,0.9500000000000001
123887,123515,0.2,-10.0,/gpfs/bbp.cscs.ch/project/proj32/glusynapse_20190926_release/testing/zilberter_2009/simulations/L23PC_L23PC_lowfreq/123887-123515/0Hz_-10ms/simulation.batch,0.3510897244381608,0.2583697417437217,0.7359080137055668,0.23862810971038848,0.19630307343386605,4.0,0.5,0.31061230978028304,0.205689056938876,633.6901875018473,49.31442410658809,5.306623356539387,6.279740775441441,0.31132621622135404,0.17565823469676656,0.035311929871355785,0.026782299527061973,1.0,0.0,0.02220168014831848,0.008016810040518376,0.00022956406375749847,0.00014760700962413554,1.5750000000000002
5047,6400,0.2,-10.0,/gpfs/bbp.cscs.ch/project/proj32/glusynapse_20190926_release/testing/zilberter_2009/simulations/L23PC_L23PC_lowfreq/5047-6400/0Hz_-10ms/simulation.batch,1.919102244027137,2.7800699815659327,1.4486304678233815,0.8528457693410831,0.9646706790831835,5.0,0.4,0.4194925329542037,0.18089821575279016,655.7137515561637,90.5017280255682,37.087472703286,71.57601449238075,0.5681908479213685,0.3545945662602004,0.0381522740567688,0.01395475779867772,1.0,0.0,0.02918695783045113,0.010900797088785599,0.03195063741700447,0.03695535673905096,1.7750000000000001
119407,121708,0.2,-10.0,/gpfs/bbp.cscs.ch/project/proj32/glusynapse_20190926_release/testing/zilberter_2009/simulations/L23PC_L23PC_lowfreq/119407-121708/0Hz_-10ms/simulation.batch,2.1516863480258905,0.9018006216905092,0.4191134188855569,0.5304877668953991,0.37909200402881077,5.0,0.2,0.5180902561718405,0.2674606947237744,683.75815767539,67.71660339895475,7.257703556317757,5.60524805812058,0.7879506968544202,0.6019071655487187,0.06292585626627739,0.04445020640010084,1.2,0.4000000000000001,0.029659547154572974,0.006152865045531091,0.0007527086977445525,0.0007765956256172961,1.7000000000000002
15965,24496,0.2,-10.0,/gpfs/bbp.cscs.ch/project/proj32/glusynapse_20190926_release/testing/zilberter_2009/simulations/L23PC_L23PC_lowfreq/15965-24496/0Hz_-10ms/simulation.batch,1.0837123991127315,0.7933649062042072,0.7320806764357032,0.6082995022634387,0.36921010034761165,5.0,0.4,0.35415421404251995,0.29188423286950976,712.1608203096358,91.95928501442249,11.443259498708732,21.688400232250288,0.4469575893253091,0.3169168609024293,0.044739299113083705,0.04215388317748978,1.0,0.0,0.020989461516048673,0.004838611928432512,0.02852528250902947,0.033543506451048095,1.975
18064,1029,0.2,-10.0,/gpfs/bbp.cscs.ch/project/proj32/glusynapse_20190926_release/testing/zilberter_2009/simulations/L23PC_L23PC_lowfreq/18064-1029/0Hz_-10ms/simulation.batch,1.3586169883999692,0.7683325675019991,0.5655255116505331,0.7406852655191334,0.622802291622094,5.0,0.0,0.34400859906110287,0.18334626413169303,753.1334735257992,90.4297365042254,59.671343073725645,72.23610147401877,0.5023405035129418,0.3693393650868302,0.03144828582854621,0.022795253709013363,1.0,0.0,0.02688163904092593,0.004274817325760206,0.012319300402806094,0.010833795146641735,1.675
117853,126658,0.2,-10.0,/gpfs/bbp.cscs.ch/project/proj32/glusynapse_20190926_release/testing/zilberter_2009/simulations/L23PC_L23PC_lowfreq/117853-126658/0Hz_-10ms/simulation.batch,0.8155873419652024,0.8660976428217088,1.0619311976259942,0.26721686138642525,0.20885907851379476,2.0,0.0,0.47983383091510406,0.36988090577900223,661.6751494677723,29.906070754745656,6.921808804418754,2.0992877347119054,0.5562701724057255,0.3440674273264058,0.04186921713285098,0.035039454072431184,1.0,0.0,0.03691097248776798,0.016743293318075548,0.00993377793184707,0.0048248717802349865,0.8
1398,11507,0.2,-10.0,/gpfs/bbp.cscs.ch/project/proj32/glusynapse_20190926_release/testing/zilberter_2009/simulations/L23PC_L23PC_lowfreq/1398-11507/0Hz_-10ms/simulation.batch,1.3929627639713709,1.57901276954018,1.1335642347239607,0.5713672637063758,0.5147627787347075,4.0,0.5,0.5919410920563709,0.09635053615179574,624.1151178725958,103.24756136432913,16.492928023531537,20.695988922496415,0.6303569269775839,0.07197802640557525,0.043697909356071374,0.013675308752374802,1.0,0.0,0.02746786439305231,0.007215778965236851,0.029399246099374075,0.02844581131075105,1.9000000000000001
8959,24371,0.2,-10.0,/gpfs/bbp.cscs.ch/project/proj32/glusynapse_20190926_release/testing/zilberter_2009/simulations/L23PC_L23PC_lowfreq/8959-24371/0Hz_-10ms/simulation.batch,0.5182590522173475,0.48859827654618115,0.9427684368574673,0.2727678335769613,0.2835592016368359,3.0,0.0,0.44547044586828505,0.1484792825677319,879.1836639752918,78.20636319308963,12.663320484318831,8.504246891944451,0.563311253329162,0.0610487030147385,0.04090316635717515,0.010895797764853714,1.0,0.0,0.03336243274879111,0.006960893983868162,0.001869088945927467,0.0021245175818591566,2.7
124882,123922,0.2,-10.0,/gpfs/bbp.cscs.ch/project/proj32/glusynapse_20190926_release/testing/zilberter_2009/simulations/L23PC_L23PC_lowfreq/124882-123922/0Hz_-10ms/simulation.batch,0.6377490457158906,0.6469003892162708,1.0143494428754614,0.3596889936027603,0.30338779800856,5.0,0.0,0.28082408611136456,0.19306413207746573,619.1831548210054,116.18648315060464,4.503008998586931,8.409389019987275,0.46978162292273373,0.2876810619494091,0.04373343494851039,0.044176711956082575,1.2,0.4,0.030740567781406748,0.009730348974557098,0.000252388386891372,0.00028578407665362705,2.075
4597,13118,0.2,-10.0,/gpfs/bbp.cscs.ch/project/proj32/glusynapse_20190926_release/testing/zilberter_2009/simulations/L23PC_L23PC_lowfreq/4597-13118/0Hz_-10ms/simulation.batch,1.2061251376387505,1.346123093218089,1.1160724963028419,0.567435184816293,0.6569135832166833,2.0,0.0,0.6199708151096136,0.10656953346181963,684.410557286672,57.59216296290532,24.2653308795134,23.416193949376343,0.6995982273394645,0.0708706578668834,0.03163040947713189,0.00322190440925124,1.0,0.0,0.038028485686437796,0.007570860316040108,0.009864249158289786,0.0052463752900691355,0.925
8798,23624,0.2,-10.0,/gpfs/bbp.cscs.ch/project/proj32/glusynapse_20190926_release/testing/zilberter_2009/simulations/L23PC_L23PC_lowfreq/8798-23624/0Hz_-10ms/simulation.batch,0.12493896876405586,0.14021625687786474,1.1222780071337042,0.13685854392775954,0.1353937696586964,2.0,0.0,0.3471597627510137,0.015152822820954398,589.3561594146158,147.12297636409428,0.007223942671910511,0.007065331200997903,0.4595545696835864,0.06448714932101157,0.0530885260719534,0.007196502166074151,1.0,0.0,0.014401846335930897,0.00034312226071301667,0.00018825597943383733,0.0001283376503607175,1.7750000000000001
122774,123852,0.2,-10.0,/gpfs/bbp.cscs.ch/project/proj32/glusynapse_20190926_release/testing/zilberter_2009/simulations/L23PC_L23PC_lowfreq/122774-123852/0Hz_-10ms/simulation.batch,0.21950386459368285,0.05234690139172784,0.23847826774542513,0.16826807338518068,0.06420555366614948,2.0,1.0,0.4268886844713069,0.09884363774916638,863.3193448718064,78.02071737617354,26.88485213390244,10.834266524632048,0.5479400506468766,0.22637696223636633,0.03490490250442401,0.016613641126780605,1.0,0.0,0.027982635725616087,0.0021892769635969596,8.053318474163717e-05,1.3738358768454367e-05,2.95
4044,14116,0.2,-10.0,/gpfs/bbp.cscs.ch/project/proj32/glusynapse_20190926_release/testing/zilberter_2009/simulations/L23PC_L23PC_lowfreq/4044-14116/0Hz_-10ms/simulation.batch,1.0574208860295164,0.07845803040191252,0.07419754180997185,0.5143824516655137,0.19644914178388645,5.0,0.0,0.36001459727502966,0.1045642685351339,647.1594415341741,117.87868756255848,1.8737118150015977,3.3509640351832415,0.5433427863169858,0.11511303879161255,0.04362562331753489,0.012022297180257664,1.0,0.0,0.02278059290657821,0.007163018961180481,0.0007002228818090161,0.0005732470479359511,1.7000000000000002
123423,124702,0.2,-10.0,/gpfs/bbp.cscs.ch/project/proj32/glusynapse_20190926_release/testing/zilberter_2009/simulations/L23PC_L23PC_lowfreq/123423-124702/0Hz_-10ms/simulation.batch,0.2565509577093619,0.31580847539390267,1.230977573475565,0.26240988185218556,0.2811462964384065,2.0,0.5,0.3172113166681473,0.11351434629694307,664.9417953672303,248.64258359354204,0.05138467195143321,0.047359909871084786,0.35262948898124474,0.15010779051627934,0.036717862878682825,0.019864228341343274,1.0,0.0,0.021444847936100287,0.003151498445125297,0.011482681535920646,0.011439829931079856,1.5250000000000001
2038,15566,0.2,-10.0,/gpfs/bbp.cscs.ch/project/proj32/glusynapse_20190926_release/testing/zilberter_2009/simulations/L23PC_L23PC_lowfreq/2038-15566/0Hz_-10ms/simulation.batch,0.5305534341265097,0.08370300320079617,0.15776545361279729,0.4575285961036567,0.15321612076553126,2.0,0.0,0.41740142129963426,0.16189020743975885,681.6546554081963,85.50527854392823,0.9697719396456439,0.6230954730486453,0.6034847794664064,0.38231783428124044,0.07392348853823526,0.055148779317132,1.0,0.0,0.01532305996669844,0.0032755310389359915,0.0007505908090911118,6.844389506090463e-05,0.875
22908,15555,0.2,-10.0,/gpfs/bbp.cscs.ch/project/proj32/glusynapse_20190926_release/testing/zilberter_2009/simulations/L23PC_L23PC_lowfreq/22908-15555/0Hz_-10ms/simulation.batch,1.8963590387463092,1.2633576300688616,0.6662017077230652,0.5230842696042227,0.5547066324476148,4.0,0.0,0.5749767099628516,0.2652601035011292,579.343418283998,81.41030763531636,9.300240665713709,14.037669307658755,0.6739282048924241,0.1910628131705776,0.05659801105270647,0.015276020739816053,1.0,0.0,0.024707772836976248,0.009906895213162284,0.001233431893321972,0.0004900704209154322,1.625
22764,12701,0.2,-10.0,/gpfs/bbp.cscs.ch/project/proj32/glusynapse_20190926_release/testing/zilberter_2009/simulations/L23PC_L23PC_lowfreq/22764-12701/0Hz_-10ms/simulation.batch,0.8433415308818916,0.7563963519490581,0.8969039520182126,0.4301107176772832,0.5168883937335468,2.0,0.0,0.5828423517551211,0.07704317854018616,567.951956581551,100.67633836859156,14.46250962185548,7.281377182913568,0.4749539239285896,0.03303396316613627,0.04573816390492479,0.005280847444328607,1.0,0.0,0.017448815879501412,0.0031579708469365005,0.013456656267164586,0.0061865659083954515,0.875
125319,118407,0.2,-10.0,/gpfs/bbp.cscs.ch/project/proj32/glusynapse_20190926_release/testing/zilberter_2009/simulations/L23PC_L23PC_lowfreq/125319-118407/0Hz_-10ms/simulation.batch,2.003612186598015,1.9202072333910962,0.9583727061729773,0.7801312434923838,0.7807752544242188,5.0,0.4,0.4962762647632797,0.23124149670771674,644.703646202184,78.96460481457927,6.8435141123250105,8.996325138916955,0.522368522333234,0.2526751668230924,0.031308646335908255,0.016693176919415676,1.0,0.0,0.03399423196042729,0.005577627945181224,0.0012366007891782876,0.0013051363913312247,1.4500000000000002
2862,12456,0.2,-10.0,/gpfs/bbp.cscs.ch/project/proj32/glusynapse_20190926_release/testing/zilberter_2009/simulations/L23PC_L23PC_lowfreq/2862-12456/0Hz_-10ms/simulation.batch,0.7347705984542616,1.616011511851228,2.199341556740069,0.4656510541715646,0.5006964507008523,2.0,0.0,0.6086253295589032,0.0679053420643198,654.5978008894648,44.983786292835475,24.191686704785834,20.239828284906093,0.6781451043621729,0.16542456604135897,0.05337292172060977,0.018325387693185795,1.0,0.0,0.022972467176144408,0.0031080021779543564,0.0075463142355985755,0.0013373849657498543,1.75
724,15573,0.2,-10.0,/gpfs/bbp.cscs.ch/project/proj32/glusynapse_20190926_release/testing/zilberter_2009/simulations/L23PC_L23PC_lowfreq/724-15573/0Hz_-10ms/simulation.batch,2.7780247316944346,3.0531293972762445,1.0990288756047222,0.881446683273982,0.8307913876159725,7.0,0.7142857142857143,0.4387815429612873,0.3299715453583782,665.2064388381681,75.48341424684995,10.665862312894808,10.40792717312054,0.5768952287342806,0.39223829201929405,0.0504360655176054,0.025935164151588738,1.0,0.0,0.023775918128562112,0.01240985065527554,0.06056360401394079,0.043435214710212236,1.6500000000000001
3879,23290,0.2,-10.0,/gpfs/bbp.cscs.ch/project/proj32/glusynapse_20190926_release/testing/zilberter_2009/simulations/L23PC_L23PC_lowfreq/3879-23290/0Hz_-10ms/simulation.batch,0.8342343158847237,1.4395853871691522,1.7256367422891739,0.5860657105436018,0.5346344346902351,5.0,0.2,0.29314511732945014,0.19219934622327764,705.0521334843353,102.68383792172169,5.376143071744138,5.3862709778736395,0.43300104241746834,0.3357533083867292,0.0378718470530742,0.03723267236970273,1.0,0.0,0.024999688179604147,0.004912988434141418,0.018154283334755515,0.036113586007241155,2.325
13202,9796,0.2,-10.0,/gpfs/bbp.cscs.ch/project/proj32/glusynapse_20190926_release/testing/zilberter_2009/simulations/L23PC_L23PC_lowfreq/13202-9796/0Hz_-10ms/simulation.batch,0.7989875947945196,1.3064851277233098,1.6351757351868603,0.4114575760204447,0.3569658496237481,3.0,0.6666666666666666,0.4922917946470702,0.24834645095623756,735.197935823017,17.929156717346753,20.836663073862656,14.125653987890749,0.6525167917799558,0.24809536173871044,0.0466915473972044,0.010556912124694706,1.0,0.0,0.029030460154314267,0.011028926462943784,0.05040362404855093,0.03457411051149191,1.925
126381,126265,0.2,-10.0,/gpfs/bbp.cscs.ch/project/proj32/glusynapse_20190926_release/testing/zilberter_2009/simulations/L23PC_L23PC_lowfreq/126381-126265/0Hz_-10ms/simulation.batch,0.3124638332188859,0.29776612392774476,0.9529618863734378,0.17090490393617394,0.16609971831287446,4.0,1.0,0.2658104817439222,0.24376795936810486,663.173467823981,84.99128845618927,13.15306930620431,13.709400533262901,0.29295565230489534,0.11732629709506466,0.02107715916049345,0.009274795053377548,1.0,0.0,0.029189358529701483,0.004381918007638743,0.0002980742124730097,0.00045760258218634453,3.6500000000000004
15127,4853,0.2,-10.0,/gpfs/bbp.cscs.ch/project/proj32/glusynapse_20190926_release/testing/zilberter_2009/simulations/L23PC_L23PC_lowfreq/15127-4853/0Hz_-10ms/simulation.batch,1.3207505450742472,1.8084908647668243,1.3692902656838641,0.5493953633660245,0.7511853755214691,3.0,0.0,0.41750011605290416,0.25548604511068296,618.0430703443539,62.111662401930104,8.610395761178525,5.078962946897876,0.6831474725928312,0.4543025538673176,0.03767418206754847,0.02100377983597103,1.0,0.0,0.04646886044871921,0.013152097402165414,0.0001916848060693404,7.321833447195899e-05,2.7750000000000004
7114,24889,0.2,-10.0,/gpfs/bbp.cscs.ch/project/proj32/glusynapse_20190926_release/testing/zilberter_2009/simulations/L23PC_L23PC_lowfreq/7114-24889/0Hz_-10ms/simulation.batch,2.599774830329977,2.500739802968283,0.9619063058052901,0.5737951124447306,0.76190136326167,7.0,0.0,0.5022862471766509,0.2563234262793265,738.9672153985357,139.87908844161512,8.312679610561807,9.577324646885677,0.650098972396063,0.33707949348730726,0.04242131171038493,0.02131183964006734,1.0,0.0,0.02660175924903945,0.009681728402539797,0.01741008101217118,0.003584208409175829,0.925
5696,9868,0.2,-10.0,/gpfs/bbp.cscs.ch/project/proj32/glusynapse_20190926_release/testing/zilberter_2009/simulations/L23PC_L23PC_lowfreq/5696-9868/0Hz_-10ms/simulation.batch,1.6960698236453025,3.110636503647948,1.8340262059272818,0.5550271243662561,0.39600969388158724,6.0,0.16666666666666666,0.49455367523340527,0.24402211302258867,647.537817443761,99.97492561486992,4.394057242939008,5.356438510786946,0.7243489241603482,0.4106079117713736,0.0515040057817699,0.040280457689693475,1.1666666666666667,0.37267799624996495,0.03138052375416052,0.010144591658662121,0.0032053166200261135,0.0031453485810685592,1.4500000000000002
113897,119189,0.2,-10.0,/gpfs/bbp.cscs.ch/project/proj32/glusynapse_20190926_release/testing/zilberter_2009/simulations/L23PC_L23PC_lowfreq/113897-119189/0Hz_-10ms/simulation.batch,1.0316616633489162,0.5807599810763745,0.5629364758899225,0.4518687860666337,0.30459402442602823,6.0,1.0,0.3642957509568425,0.23601691117986426,661.9762868218263,97.51266060228596,1.1039246001154766,2.2875549008410005,0.6036442737748945,0.38376077878012815,0.03563957093152149,0.02193195036361658,1.0,0.0,0.030873158130520755,0.013664065054810121,0.007127018961086993,0.009489472707576165,1.35
6618,9212,0.2,-10.0,/gpfs/bbp.cscs.ch/project/proj32/glusynapse_20190926_release/testing/zilberter_2009/simulations/L23PC_L23PC_lowfreq/6618-9212/0Hz_-10ms/simulation.batch,0.7017840122510378,1.39910190848811,1.9936360533497477,0.4436676549104275,0.45144461052007073,4.0,0.25,0.3913043568185051,0.21295861639022398,826.2700793001729,214.35046060225056,2.4316179820261627,3.783363369696648,0.45906971562581356,0.14098548477702072,0.048402919490792125,0.03311162732506021,1.0,0.0,0.026121187466616413,0.016215247507184515,0.008569939365439774,0.008972981991988673,1.7750000000000001
6430,15305,0.2,-10.0,/gpfs/bbp.cscs.ch/project/proj32/glusynapse_20190926_release/testing/zilberter_2009/simulations/L23PC_L23PC_lowfreq/6430-15305/0Hz_-10ms/simulation.batch,0.08712753048154553,0.5793468376224798,6.649411895648657,0.12733684640153228,0.2696135916960635,3.0,0.0,0.18578082019187556,0.09742441411715952,702.5354721978583,129.96639651992064,11.695578403441472,16.235208509852384,0.2666341163139323,0.051024338887515897,0.01764648516274141,0.004309659427436571,1.0,0.0,0.02494903361099567,0.0018702483474417274,0.00019065274721062882,0.00020028080621426177,1.0
120105,125774,0.2,-10.0,/gpfs/bbp.cscs.ch/project/proj32/glusynapse_20190926_release/testing/zilberter_2009/simulations/L23PC_L23PC_lowfreq/120105-125774/0Hz_-10ms/simulation.batch,0.5402729389058624,0.4280439670254777,0.7922735643438555,0.30421174638751125,0.18915942656603194,3.0,0.0,0.4683075412677051,0.24759200709908308,627.2730042530326,113.6964473369567,23.30922704132239,30.576186028243082,0.5793658265030821,0.3027397866263044,0.031455915416609644,0.01310810795563088,1.0,0.0,0.03069194003291914,0.005561134980166776,0.005208967656077561,0.0023498889712013993,1.7750000000000001
12834,14728,0.2,-10.0,/gpfs/bbp.cscs.ch/project/proj32/glusynapse_20190926_release/testing/zilberter_2009/simulations/L23PC_L23PC_lowfreq/12834-14728/0Hz_-10ms/simulation.batch,0.4211215262768396,0.6534409038484768,1.551668255065436,0.34628375965345687,0.3269416593841582,3.0,0.0,0.3627140156818778,0.19178480762805164,680.7340611836806,45.24124591412757,4.8052448951940745,5.760969754609213,0.3586877903319077,0.2100640620471806,0.03627295274397624,0.017368983307511004,1.0,0.0,0.018661398708139505,0.008987364746277706,0.0030762137900685565,0.004123181339062275,1.375
3335,15231,0.2,-10.0,/gpfs/bbp.cscs.ch/project/proj32/glusynapse_20190926_release/testing/zilberter_2009/simulations/L23PC_L23PC_lowfreq/3335-15231/0Hz_-10ms/simulation.batch,3.4768135745879927,2.5263709915641583,0.7266340105288898,0.6304174233919781,0.5614714724640253,8.0,0.25,0.5014494451697891,0.2741219149841609,661.2620804703798,99.48544053273359,10.883173274711128,20.707231907410375,0.7849291878789038,0.460396259184658,0.05732229925089423,0.029603712660118055,1.25,0.4330127018922193,0.0331402221131311,0.013707948544430693,0.0024809521836544153,0.002362805088835958,2.975
7852,16958,0.2,-10.0,/gpfs/bbp.cscs.ch/project/proj32/glusynapse_20190926_release/testing/zilberter_2009/simulations/L23PC_L23PC_lowfreq/7852-16958/0Hz_-10ms/simulation.batch,3.1488489855726045,3.41266525571649,1.083781810862521,0.6229332932334394,0.8742288355225808,7.0,0.0,0.45356527251717094,0.2646675372637482,622.2863299370875,94.77052878678481,8.134211962204406,13.558804998418806,0.6835100131750387,0.4071082448994207,0.05322740502443248,0.03288919934930944,1.2857142857142858,0.45175395145262565,0.02751680297838119,0.006169333442452509,0.002359917529115773,0.0018259858887098076,1.475
117912,120116,0.2,-10.0,/gpfs/bbp.cscs.ch/project/proj32/glusynapse_20190926_release/testing/zilberter_2009/simulations/L23PC_L23PC_lowfreq/117912-120116/0Hz_-10ms/simulation.batch,0.5842883012048048,0.5358381861671323,0.9170784098573116,0.3955237877432951,0.3708738337345757,3.0,0.0,0.30372735621157676,0.2478218191491696,589.2334731673517,54.71454261833544,21.23075471224273,14.086247680265716,0.3809649233341741,0.24423026506806256,0.04202957735418966,0.03217349592768056,1.0,0.0,0.01898289477343296,0.004650116129873857,0.001972605254291373,0.000944029660667419,1.3
14856,5000,0.2,-10.0,/gpfs/bbp.cscs.ch/project/proj32/glusynapse_20190926_release/testing/zilberter_2009/simulations/L23PC_L23PC_lowfreq/14856-5000/0Hz_-10ms/simulation.batch,0.21220665760363672,0.20369256735828073,0.959878307582325,0.27371309225211177,0.2651353489867887,2.0,0.0,0.2592694501808802,0.055240339942259895,597.4453240011503,51.55346105135533,7.883658921708895,7.6959516783361845,0.32898817448709555,0.13987142536201067,0.022002761718447644,0.013376207444446437,1.0,0.0,0.028972972549628155,0.00613122688735139,0.010624265431094085,0.004752719190979957,1.25
122229,121200,0.2,-10.0,/gpfs/bbp.cscs.ch/project/proj32/glusynapse_20190926_release/testing/zilberter_2009/simulations/L23PC_L23PC_lowfreq/122229-121200/0Hz_-10ms/simulation.batch,2.7440918471997113,2.209530206974949,0.8051954271245435,0.7432055878443545,0.7349146449910849,4.0,0.0,0.6397862018925327,0.1344574693619863,584.8542801452754,44.82691619830386,11.57291611239584,11.287260931958436,1.0267892262811298,0.42374368360176157,0.07697699371896594,0.030555164188865464,1.25,0.4330127018922193,0.025984019104422044,0.002008578812122644,0.010780724164498084,0.004670081797833486,0.875
7833,6991,0.2,-10.0,/gpfs/bbp.cscs.ch/project/proj32/glusynapse_20190926_release/testing/zilberter_2009/simulations/L23PC_L23PC_lowfreq/7833-6991/0Hz_-10ms/simulation.batch,0.4704935281516716,0.3839878886991784,0.8161385135469778,0.49773737887967023,0.4651356508579606,4.0,0.75,0.19415925160812392,0.08657649873727898,723.8529352221362,134.856377580553,6.030118941174645,8.236608589519147,0.38359408217835567,0.0722642318584076,0.03411160377675988,0.010133762389008089,1.0,0.0,0.020979854236152565,0.00388834046468393,0.05540461699690153,0.03488463189345801,1.425
8039,11865,0.2,-10.0,/gpfs/bbp.cscs.ch/project/proj32/glusynapse_20190926_release/testing/zilberter_2009/simulations/L23PC_L23PC_lowfreq/8039-11865/0Hz_-10ms/simulation.batch,1.6962125586304917,3.011638769942613,1.7755078835014555,0.41344469555495184,0.6152479165836813,4.0,0.0,0.4744614302227297,0.34592659783833646,673.0224500650543,22.92514444978856,26.572565749374853,36.41591447050294,0.7660649660193493,0.4979272090497354,0.06575954749044657,0.0432492111174916,1.0,0.0,0.024390004101259195,0.008872430758845026,0.007701587905375377,0.007980773909966044,2.0500000000000003
25795,14702,0.2,-10.0,/gpfs/bbp.cscs.ch/project/proj32/glusynapse_20190926_release/testing/zilberter_2009/simulations/L23PC_L23PC_lowfreq/25795-14702/0Hz_-10ms/simulation.batch,1.1683114720633765,0.4090459663839655,0.35011722144741236,0.5275180646865094,0.3482856690531489,2.0,0.0,0.6463953486222926,0.07574262270377385,706.8562510549689,14.572796555162483,14.492105487741858,12.617538277321993,0.8706337303056652,0.329857452596379,0.07785054129506958,0.02299663006977421,1.0,0.0,0.021279058555844468,0.0008271346921954158,0.0009405811544022291,0.0008729064222908299,1.6500000000000001
124722,114247,0.2,-10.0,/gpfs/bbp.cscs.ch/project/proj32/glusynapse_20190926_release/testing/zilberter_2009/simulations/L23PC_L23PC_lowfreq/124722-114247/0Hz_-10ms/simulation.batch,2.073243884398027,2.2529246045915268,1.0866664657957839,0.6809184899562395,0.5367184212581807,3.0,1.0,0.5822229685877421,0.3641415360132272,691.6362739010955,53.25473011337025,22.610040187742403,18.32537542659165,0.7417143979143962,0.3768731762259666,0.049393899155787735,0.03288083194330899,1.0,0.0,0.03697087327121302,0.011673741935009864,7.686256595226155e-05,7.193198736531103e-05,2.4000000000000004
3582,22858,0.2,-10.0,/gpfs/bbp.cscs.ch/project/proj32/glusynapse_20190926_release/testing/zilberter_2009/simulations/L23PC_L23PC_lowfreq/3582-22858/0Hz_-10ms/simulation.batch,0.26377628032257644,0.25023379532145235,0.9486592009540707,0.26880482943848066,0.2796247817234703,3.0,0.0,0.1982024719448242,0.1018361793404406,713.1012134810138,164.59177705137554,41.63526104021251,52.20717732352424,0.31014068531084504,0.14805931620431848,0.03289061232156113,0.006394176278450917,1.0,0.0,0.01479877397866331,0.006039623420939459,0.007812433031901082,0.004199200088408908,1.3
9645,11458,0.2,-10.0,/gpfs/bbp.cscs.ch/project/proj32/glusynapse_20190926_release/testing/zilberter_2009/simulations/L23PC_L23PC_lowfreq/9645-11458/0Hz_-10ms/simulation.batch,1.4269160314752265,1.3349926709595124,0.9355789980012499,0.6818605683150195,0.6073265629018011,2.0,0.0,0.6782564948604521,0.0530694289882619,605.7283808381965,4.305978421328007,9.895060570843016,9.285486193497835,1.074976310160129,0.01109054231365747,0.060487116188822646,0.007912161774369656,1.0,0.0,0.039305500430329765,0.011022322745057229,0.0005374484690727029,0.00027687998508578904,2.3000000000000003
123959,121769,0.2,-10.0,/gpfs/bbp.cscs.ch/project/proj32/glusynapse_20190926_release/testing/zilberter_2009/simulations/L23PC_L23PC_lowfreq/123959-121769/0Hz_-10ms/simulation.batch,0.39044113865574015,0.28029384802700197,0.7178901511045503,0.28752240632724635,0.20546754875138734,4.0,1.0,0.32159371862464686,0.186266662992758,675.5907483138827,77.68408277470539,15.818143451462822,19.81320536844,0.4908390658707064,0.18757155427866526,0.0349702615185639,0.011494997198538895,1.0,0.0,0.026481463517199638,0.009473895467790028,0.0048385121740202085,0.00787704317859677,1.2750000000000001
2751,4154,0.2,-10.0,/gpfs/bbp.cscs.ch/project/proj32/glusynapse_20190926_release/testing/zilberter_2009/simulations/L23PC_L23PC_lowfreq/2751-4154/0Hz_-10ms/simulation.batch,1.1716590764714403,1.0858017842251926,0.9267216087252831,0.23942243357955995,0.3320618677661422,2.0,0.5,0.5073248123689117,0.38169693267896776,641.1660858965413,103.53638687695172,24.665006498247507,23.747918982726688,0.5790070051688527,0.45249682818399944,0.0868647856434728,0.07771665018081352,1.5,0.5,0.01630830383467885,0.0061297104455034996,0.02867402722627138,0.0009589688787130287,1.175
2330,15134,0.2,-10.0,/gpfs/bbp.cscs.ch/project/proj32/glusynapse_20190926_release/testing/zilberter_2009/simulations/L23PC_L23PC_lowfreq/2330-15134/0Hz_-10ms/simulation.batch,0.9830618385036272,1.8815945463004278,1.9140144318535515,0.40022307405366,0.59098454731852,3.0,0.0,0.5816398351001587,0.1398044333376257,709.5243068985001,86.74992197118786,8.924913994941612,6.721489847949094,0.7001900674749034,0.15450116470605668,0.0551557481975209,0.0020376901290229178,1.0,0.0,0.021844605555125712,0.00436320176236583,0.010524249293965303,0.003659739361595277,1.875
124307,120213,0.2,-10.0,/gpfs/bbp.cscs.ch/project/proj32/glusynapse_20190926_release/testing/zilberter_2009/simulations/L23PC_L23PC_lowfreq/124307-120213/0Hz_-10ms/simulation.batch,0.631854823055877,0.665117744311536,1.0526432972289228,0.3522067459448347,0.41106422145751764,4.0,0.25,0.3328294633389716,0.21809692067902425,729.9930444735314,124.64523693714595,2.11493359174182,2.9182576935874676,0.39874333729718436,0.14461506060999305,0.03507172195397677,0.018676535613291557,1.0,0.0,0.03153535389941731,0.0137295541798412,0.008879186900776562,0.010276647530802456,1.55
11255,24207,0.2,10.0,/gpfs/bbp.cscs.ch/project/proj32/glusynapse_20190926_release/testing/zilberter_2009/simulations/L23PC_L23PC_lowfreq/11255-24207/0Hz_10ms/simulation.batch,0.5389472533856124,0.5641769967759463,1.046813010423271,0.3478633879298356,0.33649804996691185,3.0,1.0,0.34280213550400607,0.2870185629165898,652.793760492574,131.58710796348072,3.825055542166996,2.731629886609781,0.5236921018690629,0.28291179359989704,0.04657135870265624,0.02694579230410923,1.0,0.0,0.08067261081095023,0.02993655637069209,3.588444732359782e-05,9.557202949594798e-06,4.800000000000001
9740,2924,0.2,10.0,/gpfs/bbp.cscs.ch/project/proj32/glusynapse_20190926_release/testing/zilberter_2009/simulations/L23PC_L23PC_lowfreq/9740-2924/0Hz_10ms/simulation.batch,2.1464521692582585,1.9758128790341165,0.9205017038497023,0.6212610077814381,0.6821525029340872,4.0,0.5,0.5299228722608379,0.27247606983327055,686.4810782851882,66.37923115675191,0.8802346308217602,1.476106215222057,0.6910305875657546,0.33646590045886776,0.05220897348061072,0.00827628242303533,1.0,0.0,0.022159873250058602,0.0076606797140958745,0.003969064268369272,0.0040920420392703315,0.75
23411,14318,0.2,10.0,/gpfs/bbp.cscs.ch/project/proj32/glusynapse_20190926_release/testing/zilberter_2009/simulations/L23PC_L23PC_lowfreq/23411-14318/0Hz_10ms/simulation.batch,0.5360827112702149,0.5336577732403448,0.995476559905981,0.39908950494615475,0.36522654639941543,4.0,0.25,0.3279471350934584,0.08382539646346546,720.8919821479248,122.64672103968843,11.313595353422949,16.404185497705946,0.29508216085433703,0.10445084219048936,0.02156344148190268,0.005596994166615482,1.0,0.0,0.023135672325380267,0.008089095436324481,0.02489772449051905,0.02947814101979901,1.625
3922,22161,0.2,10.0,/gpfs/bbp.cscs.ch/project/proj32/glusynapse_20190926_release/testing/zilberter_2009/simulations/L23PC_L23PC_lowfreq/3922-22161/0Hz_10ms/simulation.batch,3.938935872280577,6.649032468620385,1.6880276004013004,0.9410231125710602,0.9867885212756077,8.0,0.0,0.5759799820169799,0.25475420001473986,656.8280310641834,90.37854024568011,25.014451133054404,33.51404021370179,0.7137587250969949,0.4450286204463536,0.04730416045101267,0.02706605087201797,1.0,0.0,0.03142470193740525,0.008098416788794699,0.0009735944663245999,0.0009815223940941632,1.55
10434,7442,0.2,10.0,/gpfs/bbp.cscs.ch/project/proj32/glusynapse_20190926_release/testing/zilberter_2009/simulations/L23PC_L23PC_lowfreq/10434-7442/0Hz_10ms/simulation.batch,2.3929077237961263,2.3186999977294476,0.9689884715032158,0.3620703281324904,0.3083787462031733,3.0,0.0,0.7277665309327448,0.2533796274214884,544.5876288451901,127.81253582037988,2.0923081873824434,2.103576513308175,1.899132977959308,1.140672058470291,0.1200184563307799,0.07202587412581796,2.0,0.816496580927726,0.031861340687206495,0.00822299360681418,0.0008644699710801566,0.0005340396711557511,2.075
121566,118366,0.2,10.0,/gpfs/bbp.cscs.ch/project/proj32/glusynapse_20190926_release/testing/zilberter_2009/simulations/L23PC_L23PC_lowfreq/121566-118366/0Hz_10ms/simulation.batch,1.7222714716953988,0.9391950548204046,0.545323469763953,0.5382627100585098,0.6162300778383476,5.0,1.0,0.3989208495004424,0.25514052928901343,611.1870956825265,81.37930024357001,3.996482863093873,4.977117172558994,0.5584844820184962,0.2621962266635268,0.03518307211400359,0.020575380629975312,1.0,0.0,0.03883569052268487,0.012625916749350078,0.0001552492855951043,0.00025688353707139106,1.5750000000000002
118292,113391,0.2,10.0,/gpfs/bbp.cscs.ch/project/proj32/glusynapse_20190926_release/testing/zilberter_2009/simulations/L23PC_L23PC_lowfreq/118292-113391/0Hz_10ms/simulation.batch,4.26012990610852,4.415745901770382,1.036528462533203,0.8876266432129694,0.9219699686384683,3.0,0.3333333333333333,0.6458599512126022,0.2805835086371813,638.0497774764108,14.807455251801347,18.92205578080766,13.390948131516001,0.8020611369807408,0.4207174643311558,0.06322899565049703,0.0384686402447199,1.3333333333333333,0.4714045207910317,0.028715761988669933,0.004082462337026486,0.013583444225467178,0.012791399908654173,1.9000000000000001
123689,124240,0.2,10.0,/gpfs/bbp.cscs.ch/project/proj32/glusynapse_20190926_release/testing/zilberter_2009/simulations/L23PC_L23PC_lowfreq/123689-124240/0Hz_10ms/simulation.batch,1.3769321176326264,1.1977816487989859,0.8698915752349101,0.5827422027537358,0.4863904788312869,4.0,0.5,0.4832905448361867,0.173953116449769,598.8163823318964,72.77983705992044,2.3113569400603717,2.348158746175678,0.6215899137322535,0.2689733533439792,0.046066530167828336,0.022646827787246464,1.0,0.0,0.03017669512995818,0.008579317307556612,0.0004021743171621822,0.0006161537981023556,3.125
10060,12873,0.2,10.0,/gpfs/bbp.cscs.ch/project/proj32/glusynapse_20190926_release/testing/zilberter_2009/simulations/L23PC_L23PC_lowfreq/10060-12873/0Hz_10ms/simulation.batch,0.24509534993087242,0.7209762107240135,2.9416152159857796,0.2420174706412942,0.3235198619012611,2.0,0.0,0.35591764665169767,0.1995487883753944,600.8770014278398,29.940239157678832,73.39475510447642,67.74222402810753,0.3828248521815185,0.06600001802588176,0.024375532238690163,0.006270629771664612,1.0,0.0,0.026422685432983716,0.0025810369669556008,0.007944493832898828,0.004211654047948826,1.8250000000000002
3153,2393,0.2,10.0,/gpfs/bbp.cscs.ch/project/proj32/glusynapse_20190926_release/testing/zilberter_2009/simulations/L23PC_L23PC_lowfreq/3153-2393/0Hz_10ms/simulation.batch,1.7647762658034054,2.0343215859413335,1.152736256352144,0.5942760976104249,0.5520266556290324,6.0,0.5,0.42131819649234914,0.27497262097310804,630.7053059156534,77.08608807145143,7.2042977167286075,12.052175193041432,0.6454366670479124,0.38406300422698314,0.04060766356185507,0.018013854717896353,1.0,0.0,0.02784408022253652,0.006830374891303475,0.01488912094362057,0.01423860855308447,1.5250000000000001
15791,12266,0.2,10.0,/gpfs/bbp.cscs.ch/project/proj32/glusynapse_20190926_release/testing/zilberter_2009/simulations/L23PC_L23PC_lowfreq/15791-12266/0Hz_10ms/simulation.batch,1.1304106984896323,1.2302158111103105,1.088291019143777,0.6220722395029061,0.5854713986482016,2.0,1.0,0.49928812458723193,0.28846838065823055,764.398689266294,13.784859440114872,58.083437654481045,58.07000557177783,0.7619856631881669,0.39916793605893053,0.03560113641215286,0.016739968169239793,1.0,0.0,0.03906697881597283,0.0027770032396296465,0.06602323997891557,0.009963187441322702,1.55
1662,7134,0.2,10.0,/gpfs/bbp.cscs.ch/project/proj32/glusynapse_20190926_release/testing/zilberter_2009/simulations/L23PC_L23PC_lowfreq/1662-7134/0Hz_10ms/simulation.batch,1.6279044978828268,2.2666821350794297,1.3923925746426562,0.47144573523744926,0.5475100412803986,3.0,0.0,0.6009538318281942,0.2285415758193188,754.8895445753157,92.68389085468715,2.778462679831881,2.149817831269027,0.7628768057587724,0.3492263962167445,0.058839559267462795,0.02510816313274565,1.3333333333333333,0.4714045207910317,0.021747414826378268,0.0014884985869712242,0.0015348060045786611,0.0019076580223777897,1.7750000000000001
16608,5725,0.2,10.0,/gpfs/bbp.cscs.ch/project/proj32/glusynapse_20190926_release/testing/zilberter_2009/simulations/L23PC_L23PC_lowfreq/16608-5725/0Hz_10ms/simulation.batch,0.41840845865520154,0.4347157900186029,1.0389746694314317,0.3514103784029932,0.3438911999414816,2.0,0.5,0.34118595885619185,0.224358668861816,756.0496660556958,18.279051159223684,27.87818482525479,21.249015136973828,0.37788548678419365,0.2953289874919567,0.02673220930084758,0.022598182105155983,1.0,0.0,0.026998160609451875,0.004939558114058145,0.081535390883998,0.08109872329994386,1.6500000000000001
123595,125298,0.2,10.0,/gpfs/bbp.cscs.ch/project/proj32/glusynapse_20190926_release/testing/zilberter_2009/simulations/L23PC_L23PC_lowfreq/123595-125298/0Hz_10ms/simulation.batch,0.9337252174730267,0.8266866091188886,0.8853639096908826,0.25515460039994203,0.2651027241298356,3.0,0.0,0.6067914465631332,0.33816727117931733,716.3173557520153,154.56825112149525,1.4386963678191271,1.0834636744609365,0.7765666178790251,0.367742170392206,0.07694837709751672,0.05660498564744089,1.3333333333333333,0.4714045207910317,0.02197854944104423,0.0071598025518421655,0.00840851496129979,0.0016602591594773754,1.5750000000000002
14144,12681,0.2,10.0,/gpfs/bbp.cscs.ch/project/proj32/glusynapse_20190926_release/testing/zilberter_2009/simulations/L23PC_L23PC_lowfreq/14144-12681/0Hz_10ms/simulation.batch,0.7162913323854257,0.6307512640495001,0.8805792217936572,0.30520115096092515,0.3533433569590676,2.0,1.0,0.5784407404979284,0.1287667695386776,958.3370016457222,160.96548381730491,0.2936221211325686,0.04413251780040088,0.7717664350408702,0.2559558682020558,0.040526851490080805,0.015771195625238963,1.0,0.0,0.031514523587626804,0.002084314780021289,0.05791933775354454,0.007063927973773802,1.225
10351,24870,0.2,10.0,/gpfs/bbp.cscs.ch/project/proj32/glusynapse_20190926_release/testing/zilberter_2009/simulations/L23PC_L23PC_lowfreq/10351-24870/0Hz_10ms/simulation.batch,3.043379914362585,1.6466974038195332,0.5410752026220238,0.2894951267342017,0.4728174586079198,4.0,0.0,0.8029438787846415,0.11050637463023925,728.7218463366987,184.1275204560687,11.354708911444794,18.20507150740791,1.2347846348789815,0.5090919390878857,0.08135147886487239,0.030573807213181182,1.5,0.5,0.06645015522592465,0.02729318407009195,0.00018914696939213558,0.000230576370333075,2.375
5380,14038,0.2,10.0,/gpfs/bbp.cscs.ch/project/proj32/glusynapse_20190926_release/testing/zilberter_2009/simulations/L23PC_L23PC_lowfreq/5380-14038/0Hz_10ms/simulation.batch,1.486816290275401,0.8129872427996256,0.5467973737690466,0.3077231673383164,0.31068735246409535,12.0,0.08333333333333333,0.3995618917457355,0.2742781093937824,689.4626228978759,72.19249433210135,20.831879925051762,29.297256869932287,0.6067447689268021,0.3544626671251095,0.04250612664073062,0.023711529390430496,1.0,0.0,0.029742014949314832,0.01149805201631457,0.025382358645094694,0.007875115685121873,1.425
11631,26456,0.2,10.0,/gpfs/bbp.cscs.ch/project/proj32/glusynapse_20190926_release/testing/zilberter_2009/simulations/L23PC_L23PC_lowfreq/11631-26456/0Hz_10ms/simulation.batch,1.7320401043616622,3.3319289994341736,1.9237019922596685,0.48707479325876346,0.46418493078051104,3.0,0.0,0.4392166972811122,0.302889106372878,704.8804909431625,197.04930389295814,3.1592930382072573,4.025662081316238,0.7321241699837907,0.570829437303404,0.055891673967871695,0.05928672110976743,1.3333333333333333,0.4714045207910317,0.05033946635104519,0.031823170445576414,0.0006117064138694126,0.00017767056216380837,2.075
14530,22188,0.2,10.0,/gpfs/bbp.cscs.ch/project/proj32/glusynapse_20190926_release/testing/zilberter_2009/simulations/L23PC_L23PC_lowfreq/14530-22188/0Hz_10ms/simulation.batch,1.585592753042072,3.9169851993359845,2.47036018033065,0.7221149503174843,0.8527204593090041,6.0,0.0,0.380794196464467,0.22006864650439897,628.2356409289652,100.21043257038755,21.134166339121293,35.50200389980778,0.5448419182236187,0.32566564097732903,0.0430347351786414,0.025263611382721398,1.0,0.0,0.023687169440015976,0.0060811399437398946,0.00040310349528095094,0.00013944574898388184,1.7000000000000002
5287,22282,0.2,10.0,/gpfs/bbp.cscs.ch/project/proj32/glusynapse_20190926_release/testing/zilberter_2009/simulations/L23PC_L23PC_lowfreq/5287-22282/0Hz_10ms/simulation.batch,1.280344689373164,1.2895782303992676,1.007211761881579,0.831680735644815,0.9449432671651805,2.0,0.0,0.5457218235895975,0.03734025124291884,617.15256868341,102.34256358212559,0.10690859043407826,0.10643663520444753,1.0719871115199697,0.1866859060058677,0.07467128024895353,0.02363967326843696,1.0,0.0,0.02721527588247951,0.00228040494425113,0.00017825804090215323,5.4873461519294544e-05,1.875
4743,17695,0.2,10.0,/gpfs/bbp.cscs.ch/project/proj32/glusynapse_20190926_release/testing/zilberter_2009/simulations/L23PC_L23PC_lowfreq/4743-17695/0Hz_10ms/simulation.batch,1.2995105642046711,1.7200906145724348,1.3236449644602681,0.2745184864686791,0.3658777183930563,4.0,0.25,0.6120297660864231,0.19073325244911626,715.4185754529193,206.93742667206024,30.746439810699037,25.14077680843959,0.6580592694413212,0.43311624385985903,0.04151069448439965,0.017033894028687137,1.0,0.0,0.025048373295371244,0.006932666073434907,0.03405767231649662,0.0028357678544498927,1.0
121282,118842,0.2,10.0,/gpfs/bbp.cscs.ch/project/proj32/glusynapse_20190926_release/testing/zilberter_2009/simulations/L23PC_L23PC_lowfreq/121282-118842/0Hz_10ms/simulation.batch,1.0346956886379455,1.6481313519147769,1.5928657768781727,0.4133791194641596,0.2941139098409224,4.0,0.5,0.4061495481125164,0.2738652287139958,758.4324967707621,186.7508082605072,37.77345824505015,48.82520520362522,0.5234495975940708,0.21711176688366976,0.038487538043139875,0.014932175169659551,1.0,0.0,0.025486740072457898,0.003949647358909534,0.0017954202684152439,0.0011336125855357369,1.225
4179,12552,0.2,10.0,/gpfs/bbp.cscs.ch/project/proj32/glusynapse_20190926_release/testing/zilberter_2009/simulations/L23PC_L23PC_lowfreq/4179-12552/0Hz_10ms/simulation.batch,2.401916039220681,3.017541614831336,1.2563060346648918,0.4737502668126336,0.47953091796500247,3.0,0.0,0.5859419347271307,0.362783746759711,706.2369891032766,126.45474416974079,52.006034470289535,49.77702182477819,0.8735466526967103,0.6345779017451136,0.06192106072808277,0.03144089198208079,1.3333333333333333,0.4714045207910317,0.021785145475169687,0.0068607834467218866,0.009653506958004644,0.005990765342932725,1.0250000000000001
119407,7216,0.2,10.0,/gpfs/bbp.cscs.ch/project/proj32/glusynapse_20190926_release/testing/zilberter_2009/simulations/L23PC_L23PC_lowfreq/119407-7216/0Hz_10ms/simulation.batch,3.4993295054927,6.169688189216276,1.763105811994002,0.8251437633957072,0.6652933087918428,6.0,0.3333333333333333,0.595810422459191,0.23034535748332477,668.9732342683448,108.75920119956903,13.157080863815203,19.986142095967733,0.8626765148025878,0.48991598332927005,0.058009816749577114,0.03166422781687436,1.1666666666666667,0.3726779962499649,0.02900320243250026,0.00792825499831978,0.025711995897660475,0.023953497763511956,1.25
122624,123437,0.2,10.0,/gpfs/bbp.cscs.ch/project/proj32/glusynapse_20190926_release/testing/zilberter_2009/simulations/L23PC_L23PC_lowfreq/122624-123437/0Hz_10ms/simulation.batch,0.6332855342836025,0.24970621830005868,0.3943027351517451,0.3275114645722168,0.24450860774615024,3.0,0.0,0.35295022729721687,0.21140117827043328,755.2339870498641,86.15540613955739,6.486119250592317,9.093671249644968,0.5148434112581014,0.22585188904187117,0.04492449595506117,0.013480284583699494,1.0,0.0,0.031673227035838795,0.02196221704256513,0.003308666994268779,0.003426947741483633,1.55
25021,2676,0.2,10.0,/gpfs/bbp.cscs.ch/project/proj32/glusynapse_20190926_release/testing/zilberter_2009/simulations/L23PC_L23PC_lowfreq/25021-2676/0Hz_10ms/simulation.batch,0.9951415836146467,0.8796200896648123,0.8839145144249461,0.5498048402241192,0.560390111992801,3.0,0.0,0.5170582298876518,0.12597682121303488,584.7055728647058,10.700738487082504,16.755651957972336,23.482787281769422,0.712241274006815,0.38933791069910484,0.05931015240647871,0.03608726439373719,1.0,0.0,0.020548508473801626,0.007365458814491979,0.006622547860219794,0.006691770909668464,1.125
23031,5603,0.2,10.0,/gpfs/bbp.cscs.ch/project/proj32/glusynapse_20190926_release/testing/zilberter_2009/simulations/L23PC_L23PC_lowfreq/23031-5603/0Hz_10ms/simulation.batch,0.9356717368031127,2.2976203580298593,2.4555837989507774,0.6402929897233341,0.7421155763439503,5.0,0.6,0.31239260398885166,0.14559075456969467,672.9926250202243,95.31528267230046,3.353404941637604,2.566919126579628,0.4323964388875126,0.2693353713332353,0.033753895736684504,0.018008419522128737,1.0,0.0,0.026796180921389978,0.004762896964204779,0.07073132605595153,0.0600233371321217,2.25
11503,16955,0.2,10.0,/gpfs/bbp.cscs.ch/project/proj32/glusynapse_20190926_release/testing/zilberter_2009/simulations/L23PC_L23PC_lowfreq/11503-16955/0Hz_10ms/simulation.batch,3.063960128822261,3.7989684371033605,1.2398883397231495,1.1403063301299927,0.9098770977211896,5.0,0.4,0.5473647508839926,0.18733151500554385,631.0183686315468,64.82248156260181,0.8408589410689764,1.6787164783793895,0.8745793248322545,0.4020537080228371,0.059771748400840555,0.022318629083903037,1.0,0.0,0.0296813886911526,0.007447204856517813,0.01307334297528166,0.015438102023423987,1.4500000000000002
122686,359,0.2,10.0,/gpfs/bbp.cscs.ch/project/proj32/glusynapse_20190926_release/testing/zilberter_2009/simulations/L23PC_L23PC_lowfreq/122686-359/0Hz_10ms/simulation.batch,2.2523856584496538,1.8566030575304078,0.8242829333269382,0.6589778483665021,0.6745079495751448,6.0,0.5,0.4793238458038889,0.2723433739828381,681.6324996638692,87.69193544968046,15.877533462215206,13.327379504690764,0.6609688522773954,0.3314701607578336,0.06611009785749024,0.026889868478254267,1.0,0.0,0.016594620997027947,0.003641580573059844,0.021281258363840275,0.01968070981195299,0.925
119392,113365,0.2,10.0,/gpfs/bbp.cscs.ch/project/proj32/glusynapse_20190926_release/testing/zilberter_2009/simulations/L23PC_L23PC_lowfreq/119392-113365/0Hz_10ms/simulation.batch,2.9195603453651433,2.783687956994696,0.9534613529786609,0.7914217844221132,1.0044855439846123,6.0,0.6666666666666666,0.48726977039535835,0.2642160774812988,776.1350177525137,126.34973591095313,17.219390329193747,21.723560381155856,0.6176457397055296,0.32092473812899613,0.04566923738532102,0.02341875661528962,1.0,0.0,0.03162531172198721,0.00816323638058081,0.0007157217917440552,0.0010250925296315236,2.0500000000000003
4794,16760,0.2,10.0,/gpfs/bbp.cscs.ch/project/proj32/glusynapse_20190926_release/testing/zilberter_2009/simulations/L23PC_L23PC_lowfreq/4794-16760/0Hz_10ms/simulation.batch,1.3760538766692272,1.8147826766425275,1.3188311209407397,0.394103527501709,0.4513480100871901,5.0,0.4,0.4942861030175775,0.30152303193790697,610.5980898729233,79.43438675633182,42.90139399871648,34.90263496311987,0.4926142725937274,0.26379001060383495,0.0448622212011847,0.022834286749773065,1.0,0.0,0.026351248951593798,0.00976371604168301,0.0482161458201303,0.04851304773690238,2.45
12619,8765,0.2,10.0,/gpfs/bbp.cscs.ch/project/proj32/glusynapse_20190926_release/testing/zilberter_2009/simulations/L23PC_L23PC_lowfreq/12619-8765/0Hz_10ms/simulation.batch,0.31833236581401486,0.7500454646711304,2.3561709245403692,0.26299408113116185,0.321435608201507,3.0,0.0,0.3119464761876819,0.08979790033477414,756.2449013174734,27.44813501158139,2.371996383979131,3.174746862713515,0.32591253679291354,0.030702549550815517,0.02765924239607737,0.0033108366889566627,1.0,0.0,0.019341782726065234,0.002238274011308313,0.007723421559411424,0.00029332040558574285,1.7750000000000001
18160,7737,0.2,10.0,/gpfs/bbp.cscs.ch/project/proj32/glusynapse_20190926_release/testing/zilberter_2009/simulations/L23PC_L23PC_lowfreq/18160-7737/0Hz_10ms/simulation.batch,0.6832964682410427,1.3018699635070405,1.9052783440522438,0.2952989681945948,0.41078955747090395,3.0,0.0,0.6047087512232306,0.1114679585669985,722.3824925332216,93.6200402332745,2.322612690279774,2.4722819447498807,0.6785183603271318,0.08095400777203399,0.048713734404261765,0.006373188062902283,1.0,0.0,0.02341629306575083,0.0010309319324334708,0.0006781861594502301,0.00014340933367279005,1.75
3154,16561,0.2,10.0,/gpfs/bbp.cscs.ch/project/proj32/glusynapse_20190926_release/testing/zilberter_2009/simulations/L23PC_L23PC_lowfreq/3154-16561/0Hz_10ms/simulation.batch,3.2423077448991156,4.5148332066974985,1.392475225030799,0.9769730762758595,0.7972190541883342,3.0,0.0,0.732846561493962,0.06525510174989023,775.1721244145252,104.31509478914705,0.3363021018731058,0.2680667401779182,0.8540699632346779,0.06357212301643102,0.08805061433063975,0.024357793960790963,1.0,0.0,0.01943131026929785,0.005152700580372302,0.006560149743776528,0.006058659852275114,1.4000000000000001
4349,305,0.2,10.0,/gpfs/bbp.cscs.ch/project/proj32/glusynapse_20190926_release/testing/zilberter_2009/simulations/L23PC_L23PC_lowfreq/4349-305/0Hz_10ms/simulation.batch,2.3905278333971496,4.500498180486657,1.882637849939214,0.8170739452146353,0.8070229120194912,4.0,0.0,0.665467421007797,0.13345021626465886,582.8587921552935,52.04000640979487,8.624941160387184,9.438051326930537,0.9206540759134946,0.2577473746321823,0.077646808583942,0.02259614118881839,1.0,0.0,0.025374015644105127,0.007049529215336449,0.0001330346033016371,0.0001341726249611192,2.4000000000000004
119963,125284,0.2,10.0,/gpfs/bbp.cscs.ch/project/proj32/glusynapse_20190926_release/testing/zilberter_2009/simulations/L23PC_L23PC_lowfreq/119963-125284/0Hz_10ms/simulation.batch,0.06827565118622042,0.08495106212024955,1.2442365710807692,0.0849277439497428,0.10591478800585892,3.0,0.3333333333333333,0.19161569324157668,0.12016218330331398,765.5960321132984,51.67134485623955,18.94032266507484,13.12292861904632,0.2199261012376733,0.06468646879701512,0.024477783479806416,0.0013359642642411587,1.0,0.0,0.015336706021466126,0.004076395587623262,0.0067932090880367295,0.008544799914437289,1.625
122368,120503,0.2,10.0,/gpfs/bbp.cscs.ch/project/proj32/glusynapse_20190926_release/testing/zilberter_2009/simulations/L23PC_L23PC_lowfreq/122368-120503/0Hz_10ms/simulation.batch,0.20314422411855043,0.8041025395773604,3.958284037197652,0.18040874980344962,0.25121233755177014,2.0,0.0,0.3691121392489941,0.1369179823180039,796.714480276747,57.98855022734176,3.7682577047650496,3.6150775173370886,0.33889070013106015,0.008562828749076573,0.021774894394064888,0.0023476407516980994,1.0,0.0,0.03454951964365986,0.004653593875736169,0.00022175677646266368,7.755467382708779e-05,2.0500000000000003
795,24004,0.2,10.0,/gpfs/bbp.cscs.ch/project/proj32/glusynapse_20190926_release/testing/zilberter_2009/simulations/L23PC_L23PC_lowfreq/795-24004/0Hz_10ms/simulation.batch,0.6523035040842392,2.1633720293969305,3.316511433483807,0.6237219096790724,0.7233021865742973,2.0,0.0,0.3581571658360429,0.17596583806728444,690.1345265229975,178.65950104895228,66.8251152034644,66.67941795822391,0.4759887360928534,0.3479938214834509,0.03824300432251984,0.01935021704054778,1.0,0.0,0.017619391361110556,0.006436275223976743,0.013203272595733208,0.002303543052095032,0.925
10190,26937,0.2,10.0,/gpfs/bbp.cscs.ch/project/proj32/glusynapse_20190926_release/testing/zilberter_2009/simulations/L23PC_L23PC_lowfreq/10190-26937/0Hz_10ms/simulation.batch,2.1758414633000056,3.102271729367746,1.4257802242000956,0.47848729398130496,0.4508171953409146,6.0,0.0,0.4460655181711835,0.28344158539002484,715.1810908901074,118.47860345060933,18.408104416694886,27.094351575380927,0.6561033885474575,0.5638721903672272,0.04336924449824678,0.02625125546079119,1.1666666666666667,0.3726779962499649,0.026277994195215704,0.009205762470538973,0.006145701943482133,0.01139156280005072,1.5750000000000002
504,12211,0.2,10.0,/gpfs/bbp.cscs.ch/project/proj32/glusynapse_20190926_release/testing/zilberter_2009/simulations/L23PC_L23PC_lowfreq/504-12211/0Hz_10ms/simulation.batch,1.209447188721606,3.0794822086610005,2.546189893513279,0.5922053074538992,0.7337561418667133,4.0,0.0,0.4184141186923002,0.21099752484328774,639.9465460281722,62.318325242394216,11.675502705136799,18.957564513868412,0.6190211644665606,0.3103555874389084,0.061327401299035925,0.02276279207653654,1.0,0.0,0.020500619083611872,0.005685681727167539,0.0023358372113112045,0.002588556823705765,2.075
3049,8590,0.2,10.0,/gpfs/bbp.cscs.ch/project/proj32/glusynapse_20190926_release/testing/zilberter_2009/simulations/L23PC_L23PC_lowfreq/3049-8590/0Hz_10ms/simulation.batch,0.015385732544825477,0.24611570082997763,15.996358971724824,0.03919919131190093,0.1493760727750567,2.0,0.0,0.04511612403074937,0.027054645497703037,643.4425610604313,80.6167607846254,11.221257948805764,2.6187056760813565,0.11562091221518173,0.005543666225737626,0.011947138493125151,0.00678872501897173,1.0,0.0,0.021768731265565743,0.011572707218158057,0.0038172867937718334,0.0024421021227829204,1.925
3723,3797,0.2,10.0,/gpfs/bbp.cscs.ch/project/proj32/glusynapse_20190926_release/testing/zilberter_2009/simulations/L23PC_L23PC_lowfreq/3723-3797/0Hz_10ms/simulation.batch,1.9388737027111846,1.9803183912628013,1.0213756514896577,0.4309007034961468,0.4408888134524952,4.0,0.0,0.6225371061236665,0.26687251786377314,665.1873613091922,87.58822015707226,13.023413040072874,18.22182200705282,0.8844344830127349,0.5799257308814246,0.058058876665913736,0.03878383265001751,1.25,0.4330127018922193,0.043092256260582745,0.019623909872484246,0.00028691707615196335,0.00016624846784315842,2.575
125170,122680,0.2,10.0,/gpfs/bbp.cscs.ch/project/proj32/glusynapse_20190926_release/testing/zilberter_2009/simulations/L23PC_L23PC_lowfreq/125170-122680/0Hz_10ms/simulation.batch,2.6319836056247046,3.330606735557873,1.2654359732485299,0.6332867931810062,0.6778947923692673,8.0,0.0,0.5871382153213549,0.1362796698069171,638.5685770543146,79.35602263469006,5.220750792300403,5.25369222366624,0.842178972907299,0.32793350424640655,0.06093430413061455,0.03204089257313121,1.125,0.33071891388307384,0.035955020068965976,0.010609425509607393,0.00014113830797192256,9.129134644548918e-05,1.925
3213,23642,0.2,10.0,/gpfs/bbp.cscs.ch/project/proj32/glusynapse_20190926_release/testing/zilberter_2009/simulations/L23PC_L23PC_lowfreq/3213-23642/0Hz_10ms/simulation.batch,2.423599876210732,2.833591248648772,1.1691662788327324,0.6611879404979066,0.6944737311114999,4.0,0.0,0.6082391722475742,0.1839370373263564,601.6242502727066,58.14865152498968,2.9717855638604815,3.420455035057051,0.9077775133855344,0.4377366014720646,0.046008222024872494,0.022832021063354954,1.0,0.0,0.046018906560534485,0.012295158953475072,0.00019385479929060186,0.00017454927430726722,2.025
120443,125062,0.2,10.0,/gpfs/bbp.cscs.ch/project/proj32/glusynapse_20190926_release/testing/zilberter_2009/simulations/L23PC_L23PC_lowfreq/120443-125062/0Hz_10ms/simulation.batch,0.1690090325341283,0.7335415466655633,4.340250551504919,0.14029862023814374,0.22672485224813016,2.0,0.0,0.3614105419327398,0.03188704776859716,672.1403661454831,21.04147875479447,0.8733321626247318,0.8733001366424167,0.3651309221150852,0.03892102695744609,0.02723510136979182,0.010334032920494075,1.0,0.0,0.026193703388822306,0.006994079274995095,0.005244887969055993,0.004786782280661727,1.425
125113,119772,0.2,10.0,/gpfs/bbp.cscs.ch/project/proj32/glusynapse_20190926_release/testing/zilberter_2009/simulations/L23PC_L23PC_lowfreq/125113-119772/0Hz_10ms/simulation.batch,0.5251129554298989,0.5289291703544078,1.0072674172005234,0.2721393834009675,0.2929135191576085,3.0,1.0,0.430652974414845,0.2557807293890094,729.7639655482403,97.86495612051488,4.820321843355592,5.69980321442978,0.5071206222257258,0.29955491660116995,0.04100865782532185,0.024844505050904547,1.0,0.0,0.022241222034339387,0.007146747110561911,0.02502165791030904,0.007174155153533731,1.55
12555,23752,0.2,10.0,/gpfs/bbp.cscs.ch/project/proj32/glusynapse_20190926_release/testing/zilberter_2009/simulations/L23PC_L23PC_lowfreq/12555-23752/0Hz_10ms/simulation.batch,1.4019645162168743,1.445901534464605,1.031339607914109,0.3473388039712351,0.2936428744510866,2.0,0.0,0.6950289420268172,0.1881672911657548,657.8283465994332,53.507443579876735,5.934543080628279,5.848594732527491,1.0748570876957941,0.8776926447254068,0.08198622401819074,0.07016935015120009,1.5,0.5,0.024940671662690386,0.0024145982268031184,3.490682032833035e-05,3.485260124234935e-06,2.275
126644,119606,0.2,10.0,/gpfs/bbp.cscs.ch/project/proj32/glusynapse_20190926_release/testing/zilberter_2009/simulations/L23PC_L23PC_lowfreq/126644-119606/0Hz_10ms/simulation.batch,0.20698533726773458,0.27469790440066005,1.327137023456592,0.21289708394222806,0.2330713427467193,2.0,0.0,0.37767014480818384,0.012298164722451904,685.3881462194961,36.38463093742001,5.598791592758595,5.598783603246722,0.3484018063174884,0.010743253874128972,0.045047156460882656,0.0009485076829982043,1.0,0.0,0.013322021501858898,0.0006972460099855336,0.02170598339196212,0.0035931201269611152,0.675
124503,117977,0.2,10.0,/gpfs/bbp.cscs.ch/project/proj32/glusynapse_20190926_release/testing/zilberter_2009/simulations/L23PC_L23PC_lowfreq/124503-117977/0Hz_10ms/simulation.batch,0.05439085016396016,0.13540347437900213,2.48945317035551,0.09936766333977053,0.11384254859647068,2.0,0.0,0.16502612851064383,0.11082936628118797,644.5008305215201,78.03206174191047,26.66662692782919,25.819116139042503,0.14943977582619572,0.07938306815435384,0.00795742753549648,0.006011758181078799,1.0,0.0,0.0537176774638138,0.019767665604872104,0.000567691430419359,0.0003614077978148917,1.725
9155,113120,0.2,10.0,/gpfs/bbp.cscs.ch/project/proj32/glusynapse_20190926_release/testing/zilberter_2009/simulations/L23PC_L23PC_lowfreq/9155-113120/0Hz_10ms/simulation.batch,4.445962533377181,1.8635244265153597,0.4191498269554275,0.7451809772722305,0.7525182344405484,7.0,0.14285714285714285,0.465029649477715,0.3419926310911943,627.75847083625,94.61486233304086,21.121816580121674,33.15801795455025,0.6641629295777794,0.5467305654975947,0.051068820792979794,0.03608142924483022,1.0,0.0,0.02949098689288484,0.007821300996192741,0.0008227084816577305,0.000925336272226324,1.6
8964,25703,0.2,10.0,/gpfs/bbp.cscs.ch/project/proj32/glusynapse_20190926_release/testing/zilberter_2009/simulations/L23PC_L23PC_lowfreq/8964-25703/0Hz_10ms/simulation.batch,0.41540646141469345,1.5919221218196322,3.832203563705386,0.3354266106522055,0.4960058311941576,3.0,0.3333333333333333,0.34184190926461167,0.1563197756749154,646.3082455843471,108.65599492281822,9.748379071063484,12.93267095451357,0.3891314911370029,0.16393235331713288,0.02822330525782733,0.005617906859629188,1.0,0.0,0.023330976359064393,0.009634717335916252,0.0130720042746017,0.00944574525641699,0.75
7228,6552,0.2,10.0,/gpfs/bbp.cscs.ch/project/proj32/glusynapse_20190926_release/testing/zilberter_2009/simulations/L23PC_L23PC_lowfreq/7228-6552/0Hz_10ms/simulation.batch,1.831737805247431,1.7293907931649313,0.9441257303368947,0.49947175285739304,0.6515287654754821,3.0,0.6666666666666666,0.6898703217769534,0.09664376247558343,732.3121398517827,107.98487789029917,10.933861412386962,9.553989169703835,1.0285366999399443,0.2599881588302369,0.05334570784682804,0.015848052091865225,1.0,0.0,0.03532912805638163,0.009900261289107405,0.03314589192230764,0.01859072187106832,1.6500000000000001
127238,125864,0.2,10.0,/gpfs/bbp.cscs.ch/project/proj32/glusynapse_20190926_release/testing/zilberter_2009/simulations/L23PC_L23PC_lowfreq/127238-125864/0Hz_10ms/simulation.batch,0.8534150412184043,0.2690936386770668,0.31531391606701353,0.28021788743767884,0.22898735139422938,4.0,1.0,0.48141186976376615,0.2602191985606688,696.8033979357654,46.47107535030463,3.6448081241070396,5.899796634073474,0.6996606292120892,0.6272952636197678,0.04952299300630191,0.037079578702994644,1.0,0.0,0.026772573433503352,0.007534285198040258,0.0013881238985599673,0.002170289330302091,2.075
125839,126732,0.2,10.0,/gpfs/bbp.cscs.ch/project/proj32/glusynapse_20190926_release/testing/zilberter_2009/simulations/L23PC_L23PC_lowfreq/125839-126732/0Hz_10ms/simulation.batch,1.5779601986040899,2.93497472695463,1.859980200736999,0.554292612800271,0.4621181631215584,8.0,0.25,0.37799943491477067,0.18937154521402483,705.4633403081434,162.03898654334327,11.983608314696037,13.871415632845634,0.535138868917759,0.33040465635321237,0.045465949151108256,0.0283728121059422,1.125,0.33071891388307384,0.024556517235056655,0.005467762558675735,0.0057171555101341,0.009593333949441386,0.925
123887,123515,0.2,10.0,/gpfs/bbp.cscs.ch/project/proj32/glusynapse_20190926_release/testing/zilberter_2009/simulations/L23PC_L23PC_lowfreq/123887-123515/0Hz_10ms/simulation.batch,0.39120832236618525,0.5737130518211482,1.4665154574194663,0.23788247106499633,0.2507726001365741,4.0,0.5,0.31061230978028304,0.205689056938876,633.6901875018473,49.31442410658809,5.306623356539387,6.279740775441441,0.31132621622135404,0.17565823469676656,0.035311929871355785,0.026782299527061973,1.0,0.0,0.02220168014831848,0.008016810040518376,0.00022956406375749847,0.00014760700962413554,1.5750000000000002
5047,6400,0.2,10.0,/gpfs/bbp.cscs.ch/project/proj32/glusynapse_20190926_release/testing/zilberter_2009/simulations/L23PC_L23PC_lowfreq/5047-6400/0Hz_10ms/simulation.batch,2.019475588909309,3.1381372380342327,1.553936702809613,0.7879904661347696,1.0305081900800381,5.0,0.4,0.4194925329542037,0.18089821575279016,655.7137515561637,90.5017280255682,37.087472703286,71.57601449238075,0.5681908479213685,0.3545945662602004,0.0381522740567688,0.01395475779867772,1.0,0.0,0.02918695783045113,0.010900797088785599,0.03195063741700447,0.03695535673905096,1.75
119407,121708,0.2,10.0,/gpfs/bbp.cscs.ch/project/proj32/glusynapse_20190926_release/testing/zilberter_2009/simulations/L23PC_L23PC_lowfreq/119407-121708/0Hz_10ms/simulation.batch,2.2696944783130815,1.8358334645831624,0.8088460725108781,0.4720507869737895,0.47883028397864424,5.0,0.2,0.5180902561718405,0.2674606947237744,683.75815767539,67.71660339895475,7.257703556317757,5.60524805812058,0.7879506968544202,0.6019071655487187,0.06292585626627739,0.04445020640010084,1.2,0.4000000000000001,0.029659547154572974,0.006152865045531091,0.0007527086977445525,0.0007765956256172961,1.725
15965,24496,0.2,10.0,/gpfs/bbp.cscs.ch/project/proj32/glusynapse_20190926_release/testing/zilberter_2009/simulations/L23PC_L23PC_lowfreq/15965-24496/0Hz_10ms/simulation.batch,1.0479342358583221,1.0781916992493057,1.0288734372402681,0.5901068563761841,0.47251493114383425,5.0,0.4,0.35415421404251995,0.29188423286950976,712.1608203096358,91.95928501442249,11.443259498708732,21.688400232250288,0.4469575893253091,0.3169168609024293,0.044739299113083705,0.04215388317748978,1.0,0.0,0.020989461516048673,0.004838611928432512,0.02852528250902947,0.033543506451048095,1.975
18064,1029,0.2,10.0,/gpfs/bbp.cscs.ch/project/proj32/glusynapse_20190926_release/testing/zilberter_2009/simulations/L23PC_L23PC_lowfreq/18064-1029/0Hz_10ms/simulation.batch,1.2720340162933266,1.2193018031857785,0.9585449662256609,0.8297199223962684,0.6813290691143805,5.0,0.0,0.34400859906110287,0.18334626413169303,753.1334735257992,90.4297365042254,59.671343073725645,72.23610147401877,0.5023405035129418,0.3693393650868302,0.03144828582854621,0.022795253709013363,1.0,0.0,0.02688163904092593,0.004274817325760206,0.012319300402806094,0.010833795146641735,1.675
117853,126658,0.2,10.0,/gpfs/bbp.cscs.ch/project/proj32/glusynapse_20190926_release/testing/zilberter_2009/simulations/L23PC_L23PC_lowfreq/117853-126658/0Hz_10ms/simulation.batch,0.8155874226055568,0.43861956359567006,0.5377958897335767,0.2672168217252255,0.29229390976356234,2.0,0.0,0.47983383091510406,0.36988090577900223,661.6751494677723,29.906070754745656,6.921808804418754,2.0992877347119054,0.5562701724057255,0.3440674273264058,0.04186921713285098,0.035039454072431184,1.0,0.0,0.03691097248776798,0.016743293318075548,0.00993377793184707,0.0048248717802349865,0.8
1398,11507,0.2,10.0,/gpfs/bbp.cscs.ch/project/proj32/glusynapse_20190926_release/testing/zilberter_2009/simulations/L23PC_L23PC_lowfreq/1398-11507/0Hz_10ms/simulation.batch,1.531852994683023,2.1864776492962656,1.427341694591719,0.5017722613237988,0.4584391810737264,4.0,0.5,0.5919410920563709,0.09635053615179574,624.1151178725958,103.24756136432913,16.492928023531537,20.695988922496415,0.6303569269775839,0.07197802640557525,0.043697909356071374,0.013675308752374802,1.0,0.0,0.02746786439305231,0.007215778965236851,0.029399246099374075,0.02844581131075105,1.8250000000000002
8959,24371,0.2,10.0,/gpfs/bbp.cscs.ch/project/proj32/glusynapse_20190926_release/testing/zilberter_2009/simulations/L23PC_L23PC_lowfreq/8959-24371/0Hz_10ms/simulation.batch,0.4898968809857095,1.552902822096341,3.1698565195430177,0.31926302494410047,0.41466439279527384,3.0,0.0,0.44547044586828505,0.1484792825677319,879.1836639752918,78.20636319308963,12.663320484318831,8.504246891944451,0.563311253329162,0.0610487030147385,0.04090316635717515,0.010895797764853714,1.0,0.0,0.03336243274879111,0.006960893983868162,0.001869088945927467,0.0021245175818591566,2.85
124882,123922,0.2,10.0,/gpfs/bbp.cscs.ch/project/proj32/glusynapse_20190926_release/testing/zilberter_2009/simulations/L23PC_L23PC_lowfreq/124882-123922/0Hz_10ms/simulation.batch,0.5781605446445953,1.513874644802073,2.6184329920553058,0.2857653965723709,0.41905510055808576,5.0,0.0,0.28082408611136456,0.19306413207746573,619.1831548210054,116.18648315060464,4.503008998586931,8.409389019987275,0.46978162292273373,0.2876810619494091,0.04373343494851039,0.044176711956082575,1.2,0.4,0.030740567781406748,0.009730348974557098,0.000252388386891372,0.00028578407665362705,2.1
4597,13118,0.2,10.0,/gpfs/bbp.cscs.ch/project/proj32/glusynapse_20190926_release/testing/zilberter_2009/simulations/L23PC_L23PC_lowfreq/4597-13118/0Hz_10ms/simulation.batch,1.1391690181781613,2.5409172716363164,2.2305006817161592,0.6287587569784472,0.4613929415901653,2.0,0.0,0.6199708151096136,0.10656953346181963,684.410557286672,57.59216296290532,24.2653308795134,23.416193949376343,0.6995982273394645,0.0708706578668834,0.03163040947713189,0.00322190440925124,1.0,0.0,0.038028485686437796,0.007570860316040108,0.009864249158289786,0.0052463752900691355,0.925
8798,23624,0.2,10.0,/gpfs/bbp.cscs.ch/project/proj32/glusynapse_20190926_release/testing/zilberter_2009/simulations/L23PC_L23PC_lowfreq/8798-23624/0Hz_10ms/simulation.batch,0.14828846064225493,0.15561839588798326,1.0494302470602332,0.12705797892899404,0.1359382456511908,2.0,0.0,0.3471597627510137,0.015152822820954398,589.3561594146158,147.12297636409428,0.007223942671910511,0.007065331200997903,0.4595545696835864,0.06448714932101157,0.0530885260719534,0.007196502166074151,1.0,0.0,0.014401846335930897,0.00034312226071301667,0.00018825597943383733,0.0001283376503607175,1.875
122774,123852,0.2,10.0,/gpfs/bbp.cscs.ch/project/proj32/glusynapse_20190926_release/testing/zilberter_2009/simulations/L23PC_L23PC_lowfreq/122774-123852/0Hz_10ms/simulation.batch,0.17458360896463934,0.046279607955831636,0.2650856413743013,0.1502132029024589,0.06832325614410543,2.0,1.0,0.4268886844713069,0.09884363774916638,863.3193448718064,78.02071737617354,26.88485213390244,10.834266524632048,0.5479400506468766,0.22637696223636633,0.03490490250442401,0.016613641126780605,1.0,0.0,0.027982635725616087,0.0021892769635969596,8.053318474163717e-05,1.3738358768454367e-05,2.95
4044,14116,0.2,10.0,/gpfs/bbp.cscs.ch/project/proj32/glusynapse_20190926_release/testing/zilberter_2009/simulations/L23PC_L23PC_lowfreq/4044-14116/0Hz_10ms/simulation.batch,1.127368587752989,1.68501698276184,1.4946460288735965,0.5352216724967633,0.6132049315810479,5.0,0.0,0.36001459727502966,0.1045642685351339,647.1594415341741,117.87868756255848,1.8737118150015977,3.3509640351832415,0.5433427863169858,0.11511303879161255,0.04362562331753489,0.012022297180257664,1.0,0.0,0.02278059290657821,0.007163018961180481,0.0007002228818090161,0.0005732470479359511,1.7000000000000002
123423,124702,0.2,10.0,/gpfs/bbp.cscs.ch/project/proj32/glusynapse_20190926_release/testing/zilberter_2009/simulations/L23PC_L23PC_lowfreq/123423-124702/0Hz_10ms/simulation.batch,0.3279761896952392,0.08990476981314804,0.27411980697955246,0.3082916766725575,0.1493849727168114,2.0,0.5,0.3172113166681473,0.11351434629694307,664.9417953672303,248.64258359354204,0.05138467195143321,0.047359909871084786,0.35262948898124474,0.15010779051627934,0.036717862878682825,0.019864228341343274,1.0,0.0,0.021444847936100287,0.003151498445125297,0.011482681535920646,0.011439829931079856,1.4500000000000002
2038,15566,0.2,10.0,/gpfs/bbp.cscs.ch/project/proj32/glusynapse_20190926_release/testing/zilberter_2009/simulations/L23PC_L23PC_lowfreq/2038-15566/0Hz_10ms/simulation.batch,0.4755765556050465,0.5988269290765487,1.2591599018473447,0.45850238945980615,0.44182233466767745,2.0,0.0,0.41740142129963426,0.16189020743975885,681.6546554081963,85.50527854392823,0.9697719396456439,0.6230954730486453,0.6034847794664064,0.38231783428124044,0.07392348853823526,0.055148779317132,1.0,0.0,0.01532305996669844,0.0032755310389359915,0.0007505908090911118,6.844389506090463e-05,0.875
22908,15555,0.2,10.0,/gpfs/bbp.cscs.ch/project/proj32/glusynapse_20190926_release/testing/zilberter_2009/simulations/L23PC_L23PC_lowfreq/22908-15555/0Hz_10ms/simulation.batch,1.6954504592856763,2.6178174630769746,1.5440247450107791,0.5483386489079063,0.706924856029657,4.0,0.0,0.5749767099628516,0.2652601035011292,579.343418283998,81.41030763531636,9.300240665713709,14.037669307658755,0.6739282048924241,0.1910628131705776,0.05659801105270647,0.015276020739816053,1.0,0.0,0.024707772836976248,0.009906895213162284,0.001233431893321972,0.0004900704209154322,1.6
22764,12701,0.2,10.0,/gpfs/bbp.cscs.ch/project/proj32/glusynapse_20190926_release/testing/zilberter_2009/simulations/L23PC_L23PC_lowfreq/22764-12701/0Hz_10ms/simulation.batch,0.8372873326596917,1.4206399666715228,1.6967173767681134,0.4321150677216277,0.4673330207565322,2.0,0.0,0.5828423517551211,0.07704317854018616,567.951956581551,100.67633836859156,14.46250962185548,7.281377182913568,0.4749539239285896,0.03303396316613627,0.04573816390492479,0.005280847444328607,1.0,0.0,0.017448815879501412,0.0031579708469365005,0.013456656267164586,0.0061865659083954515,0.9
125319,118407,0.2,10.0,/gpfs/bbp.cscs.ch/project/proj32/glusynapse_20190926_release/testing/zilberter_2009/simulations/L23PC_L23PC_lowfreq/125319-118407/0Hz_10ms/simulation.batch,2.112595184173508,1.7746944004772915,0.8400541730722489,0.6971557189495424,0.6248349178218424,5.0,0.4,0.4962762647632797,0.23124149670771674,644.703646202184,78.96460481457927,6.8435141123250105,8.996325138916955,0.522368522333234,0.2526751668230924,0.031308646335908255,0.016693176919415676,1.0,0.0,0.03399423196042729,0.005577627945181224,0.0012366007891782876,0.0013051363913312247,1.425
2862,12456,0.2,10.0,/gpfs/bbp.cscs.ch/project/proj32/glusynapse_20190926_release/testing/zilberter_2009/simulations/L23PC_L23PC_lowfreq/2862-12456/0Hz_10ms/simulation.batch,0.8304495229584528,1.7331954647509422,2.087056969551241,0.4167154838907715,0.3084892679320495,2.0,0.0,0.6086253295589032,0.0679053420643198,654.5978008894648,44.983786292835475,24.191686704785834,20.239828284906093,0.6781451043621729,0.16542456604135897,0.05337292172060977,0.018325387693185795,1.0,0.0,0.022972467176144408,0.0031080021779543564,0.0075463142355985755,0.0013373849657498543,1.725
724,15573,0.2,10.0,/gpfs/bbp.cscs.ch/project/proj32/glusynapse_20190926_release/testing/zilberter_2009/simulations/L23PC_L23PC_lowfreq/724-15573/0Hz_10ms/simulation.batch,2.876726205848533,3.8842891895162532,1.3502463952319455,0.8561316172923913,0.8143396450142498,7.0,0.7142857142857143,0.4387815429612873,0.3299715453583782,665.2064388381681,75.48341424684995,10.665862312894808,10.40792717312054,0.5768952287342806,0.39223829201929405,0.0504360655176054,0.025935164151588738,1.0,0.0,0.023775918128562112,0.01240985065527554,0.06056360401394079,0.043435214710212236,1.675
3879,23290,0.2,10.0,/gpfs/bbp.cscs.ch/project/proj32/glusynapse_20190926_release/testing/zilberter_2009/simulations/L23PC_L23PC_lowfreq/3879-23290/0Hz_10ms/simulation.batch,0.8306583124358584,1.2278125151131254,1.4781198198241523,0.48886702824700085,0.5474738741606209,5.0,0.2,0.29314511732945014,0.19219934622327764,705.0521334843353,102.68383792172169,5.376143071744138,5.3862709778736395,0.43300104241746834,0.3357533083867292,0.0378718470530742,0.03723267236970273,1.0,0.0,0.024999688179604147,0.004912988434141418,0.018154283334755515,0.036113586007241155,2.4000000000000004
13202,9796,0.2,10.0,/gpfs/bbp.cscs.ch/project/proj32/glusynapse_20190926_release/testing/zilberter_2009/simulations/L23PC_L23PC_lowfreq/13202-9796/0Hz_10ms/simulation.batch,0.8622268427275941,1.3121612127208755,1.5218283028279955,0.41866399514783403,0.3508772827409555,3.0,0.6666666666666666,0.4922917946470702,0.24834645095623756,735.197935823017,17.929156717346753,20.836663073862656,14.125653987890749,0.6525167917799558,0.24809536173871044,0.0466915473972044,0.010556912124694706,1.0,0.0,0.029030460154314267,0.011028926462943784,0.05040362404855093,0.03457411051149191,1.9500000000000002
126381,126265,0.2,10.0,/gpfs/bbp.cscs.ch/project/proj32/glusynapse_20190926_release/testing/zilberter_2009/simulations/L23PC_L23PC_lowfreq/126381-126265/0Hz_10ms/simulation.batch,0.27859017015708576,0.08913567543582061,0.31995269390000586,0.16188828503932395,0.1098864041740767,4.0,1.0,0.2658104817439222,0.24376795936810486,663.173467823981,84.99128845618927,13.15306930620431,13.709400533262901,0.29295565230489534,0.11732629709506466,0.02107715916049345,0.009274795053377548,1.0,0.0,0.029189358529701483,0.004381918007638743,0.0002980742124730097,0.00045760258218634453,3.625
15127,4853,0.2,10.0,/gpfs/bbp.cscs.ch/project/proj32/glusynapse_20190926_release/testing/zilberter_2009/simulations/L23PC_L23PC_lowfreq/15127-4853/0Hz_10ms/simulation.batch,1.2971765265615998,3.0872942429148384,2.3800108772383264,0.6157609815887938,0.6488648761038719,3.0,0.0,0.41750011605290416,0.25548604511068296,618.0430703443539,62.111662401930104,8.610395761178525,5.078962946897876,0.6831474725928312,0.4543025538673176,0.03767418206754847,0.02100377983597103,1.0,0.0,0.04646886044871921,0.013152097402165414,0.0001916848060693404,7.321833447195899e-05,2.7750000000000004
7114,24889,0.2,10.0,/gpfs/bbp.cscs.ch/project/proj32/glusynapse_20190926_release/testing/zilberter_2009/simulations/L23PC_L23PC_lowfreq/7114-24889/0Hz_10ms/simulation.batch,2.4943514631326034,2.388475977199612,0.9575539022876814,0.6711592225365229,0.31676904793957406,7.0,0.0,0.5022862471766509,0.2563234262793265,738.9672153985357,139.87908844161512,8.312679610561807,9.577324646885677,0.650098972396063,0.33707949348730726,0.04242131171038493,0.02131183964006734,1.0,0.0,0.02660175924903945,0.009681728402539797,0.01741008101217118,0.003584208409175829,0.925
5696,9868,0.2,10.0,/gpfs/bbp.cscs.ch/project/proj32/glusynapse_20190926_release/testing/zilberter_2009/simulations/L23PC_L23PC_lowfreq/5696-9868/0Hz_10ms/simulation.batch,1.8011097988660145,3.4995736954247376,1.943009636407554,0.48948582676853164,0.5380478985830773,6.0,0.16666666666666666,0.49455367523340527,0.24402211302258867,647.537817443761,99.97492561486992,4.394057242939008,5.356438510786946,0.7243489241603482,0.4106079117713736,0.0515040057817699,0.040280457689693475,1.1666666666666667,0.37267799624996495,0.03138052375416052,0.010144591658662121,0.0032053166200261135,0.0031453485810685592,1.4500000000000002
113897,119189,0.2,10.0,/gpfs/bbp.cscs.ch/project/proj32/glusynapse_20190926_release/testing/zilberter_2009/simulations/L23PC_L23PC_lowfreq/113897-119189/0Hz_10ms/simulation.batch,1.0566174874598924,0.6008330150764825,0.5686381516558888,0.4296697575309117,0.3561065268843355,6.0,1.0,0.3642957509568425,0.23601691117986426,661.9762868218263,97.51266060228596,1.1039246001154766,2.2875549008410005,0.6036442737748945,0.38376077878012815,0.03563957093152149,0.02193195036361658,1.0,0.0,0.030873158130520755,0.013664065054810121,0.007127018961086993,0.009489472707576165,1.35
6618,9212,0.2,10.0,/gpfs/bbp.cscs.ch/project/proj32/glusynapse_20190926_release/testing/zilberter_2009/simulations/L23PC_L23PC_lowfreq/6618-9212/0Hz_10ms/simulation.batch,0.8059031724304239,1.26645906620777,1.5714779511146635,0.41219981829289165,0.4668614946095693,4.0,0.25,0.3913043568185051,0.21295861639022398,826.2700793001729,214.35046060225056,2.4316179820261627,3.783363369696648,0.45906971562581356,0.14098548477702072,0.048402919490792125,0.03311162732506021,1.0,0.0,0.026121187466616413,0.016215247507184515,0.008569939365439774,0.008972981991988673,1.725
6430,15305,0.2,10.0,/gpfs/bbp.cscs.ch/project/proj32/glusynapse_20190926_release/testing/zilberter_2009/simulations/L23PC_L23PC_lowfreq/6430-15305/0Hz_10ms/simulation.batch,0.10941018454359414,0.5733045436395083,5.2399559148086166,0.12908674099184161,0.2618043825975892,3.0,0.0,0.18578082019187556,0.09742441411715952,702.5354721978583,129.96639651992064,11.695578403441472,16.235208509852384,0.2666341163139323,0.051024338887515897,0.01764648516274141,0.004309659427436571,1.0,0.0,0.02494903361099567,0.0018702483474417274,0.00019065274721062882,0.00020028080621426177,1.0
120105,125774,0.2,10.0,/gpfs/bbp.cscs.ch/project/proj32/glusynapse_20190926_release/testing/zilberter_2009/simulations/L23PC_L23PC_lowfreq/120105-125774/0Hz_10ms/simulation.batch,0.5525491103513741,0.6369177519825254,1.1526898515455035,0.31706699972466995,0.316450983369593,3.0,0.0,0.4683075412677051,0.24759200709908308,627.2730042530326,113.6964473369567,23.30922704132239,30.576186028243082,0.5793658265030821,0.3027397866263044,0.031455915416609644,0.01310810795563088,1.0,0.0,0.03069194003291914,0.005561134980166776,0.005208967656077561,0.0023498889712013993,1.7750000000000001
12834,14728,0.2,10.0,/gpfs/bbp.cscs.ch/project/proj32/glusynapse_20190926_release/testing/zilberter_2009/simulations/L23PC_L23PC_lowfreq/12834-14728/0Hz_10ms/simulation.batch,0.5076856147982599,0.9568365634606292,1.8847029255316783,0.3493938569248226,0.36125954527930726,3.0,0.0,0.3627140156818778,0.19178480762805164,680.7340611836806,45.24124591412757,4.8052448951940745,5.760969754609213,0.3586877903319077,0.2100640620471806,0.03627295274397624,0.017368983307511004,1.0,0.0,0.018661398708139505,0.008987364746277706,0.0030762137900685565,0.004123181339062275,1.425
3335,15231,0.2,10.0,/gpfs/bbp.cscs.ch/project/proj32/glusynapse_20190926_release/testing/zilberter_2009/simulations/L23PC_L23PC_lowfreq/3335-15231/0Hz_10ms/simulation.batch,3.3487603815243987,5.6442223762566295,1.6854661824705734,0.593045971189299,0.7066850170352806,8.0,0.25,0.5014494451697891,0.2741219149841609,661.2620804703798,99.48544053273359,10.883173274711128,20.707231907410375,0.7849291878789038,0.460396259184658,0.05732229925089423,0.029603712660118055,1.25,0.4330127018922193,0.0331402221131311,0.013707948544430693,0.0024809521836544153,0.002362805088835958,2.85
7852,16958,0.2,10.0,/gpfs/bbp.cscs.ch/project/proj32/glusynapse_20190926_release/testing/zilberter_2009/simulations/L23PC_L23PC_lowfreq/7852-16958/0Hz_10ms/simulation.batch,3.0011768188763766,5.398565155260376,1.7988160915095859,0.649609656517632,0.527097049932216,7.0,0.0,0.45356527251717094,0.2646675372637482,622.2863299370875,94.77052878678481,8.134211962204406,13.558804998418806,0.6835100131750387,0.4071082448994207,0.05322740502443248,0.03288919934930944,1.2857142857142858,0.45175395145262565,0.02751680297838119,0.006169333442452509,0.002359917529115773,0.0018259858887098076,1.475
117912,120116,0.2,10.0,/gpfs/bbp.cscs.ch/project/proj32/glusynapse_20190926_release/testing/zilberter_2009/simulations/L23PC_L23PC_lowfreq/117912-120116/0Hz_10ms/simulation.batch,0.642665617908182,0.7088826520724176,1.1030349723387507,0.3415456009999256,0.45083304740106894,3.0,0.0,0.30372735621157676,0.2478218191491696,589.2334731673517,54.71454261833544,21.23075471224273,14.086247680265716,0.3809649233341741,0.24423026506806256,0.04202957735418966,0.03217349592768056,1.0,0.0,0.01898289477343296,0.004650116129873857,0.001972605254291373,0.000944029660667419,1.3250000000000002
14856,5000,0.2,10.0,/gpfs/bbp.cscs.ch/project/proj32/glusynapse_20190926_release/testing/zilberter_2009/simulations/L23PC_L23PC_lowfreq/14856-5000/0Hz_10ms/simulation.batch,0.15359496085214322,1.0009662363778389,6.516921068402822,0.22239291550044984,0.48414662440266726,2.0,0.0,0.2592694501808802,0.055240339942259895,597.4453240011503,51.55346105135533,7.883658921708895,7.6959516783361845,0.32898817448709555,0.13987142536201067,0.022002761718447644,0.013376207444446437,1.0,0.0,0.028972972549628155,0.00613122688735139,0.010624265431094085,0.004752719190979957,1.2750000000000001
122229,121200,0.2,10.0,/gpfs/bbp.cscs.ch/project/proj32/glusynapse_20190926_release/testing/zilberter_2009/simulations/L23PC_L23PC_lowfreq/122229-121200/0Hz_10ms/simulation.batch,2.8021746439310515,1.2572502243541792,0.44866947428745424,0.6880451408353774,0.6356827107316168,4.0,0.0,0.6397862018925327,0.1344574693619863,584.8542801452754,44.82691619830386,11.57291611239584,11.287260931958436,1.0267892262811298,0.42374368360176157,0.07697699371896594,0.030555164188865464,1.25,0.4330127018922193,0.025984019104422044,0.002008578812122644,0.010780724164498084,0.004670081797833486,0.875
7833,6991,0.2,10.0,/gpfs/bbp.cscs.ch/project/proj32/glusynapse_20190926_release/testing/zilberter_2009/simulations/L23PC_L23PC_lowfreq/7833-6991/0Hz_10ms/simulation.batch,0.5196208197988547,0.7600818301509868,1.4627624629151978,0.5018616432810508,0.7035254267094503,4.0,0.75,0.19415925160812392,0.08657649873727898,723.8529352221362,134.856377580553,6.030118941174645,8.236608589519147,0.38359408217835567,0.0722642318584076,0.03411160377675988,0.010133762389008089,1.0,0.0,0.020979854236152565,0.00388834046468393,0.05540461699690153,0.03488463189345801,1.4500000000000002
8039,11865,0.2,10.0,/gpfs/bbp.cscs.ch/project/proj32/glusynapse_20190926_release/testing/zilberter_2009/simulations/L23PC_L23PC_lowfreq/8039-11865/0Hz_10ms/simulation.batch,1.6516184284821585,2.908330156939767,1.7608971338570796,0.46552428772714094,0.671382113331134,4.0,0.0,0.4744614302227297,0.34592659783833646,673.0224500650543,22.92514444978856,26.572565749374853,36.41591447050294,0.7660649660193493,0.4979272090497354,0.06575954749044657,0.0432492111174916,1.0,0.0,0.024390004101259195,0.008872430758845026,0.007701587905375377,0.007980773909966044,2.025
25795,14702,0.2,10.0,/gpfs/bbp.cscs.ch/project/proj32/glusynapse_20190926_release/testing/zilberter_2009/simulations/L23PC_L23PC_lowfreq/25795-14702/0Hz_10ms/simulation.batch,1.0520167538726084,1.0378918376187334,0.9865734873500072,0.5967353044751901,0.5734639980741967,2.0,0.0,0.6463953486222926,0.07574262270377385,706.8562510549689,14.572796555162483,14.492105487741858,12.617538277321993,0.8706337303056652,0.329857452596379,0.07785054129506958,0.02299663006977421,1.0,0.0,0.021279058555844468,0.0008271346921954158,0.0009405811544022291,0.0008729064222908299,1.6
124722,114247,0.2,10.0,/gpfs/bbp.cscs.ch/project/proj32/glusynapse_20190926_release/testing/zilberter_2009/simulations/L23PC_L23PC_lowfreq/124722-114247/0Hz_10ms/simulation.batch,2.2131123851176584,2.081355981601605,0.9404655613505826,0.5377404512494331,0.7680342759062077,3.0,1.0,0.5822229685877421,0.3641415360132272,691.6362739010955,53.25473011337025,22.610040187742403,18.32537542659165,0.7417143979143962,0.3768731762259666,0.049393899155787735,0.03288083194330899,1.0,0.0,0.03697087327121302,0.011673741935009864,7.686256595226155e-05,7.193198736531103e-05,2.4000000000000004
3582,22858,0.2,10.0,/gpfs/bbp.cscs.ch/project/proj32/glusynapse_20190926_release/testing/zilberter_2009/simulations/L23PC_L23PC_lowfreq/3582-22858/0Hz_10ms/simulation.batch,0.19193713470555238,0.5813074578010767,3.0286346552627816,0.23703881240320615,0.24489765090276855,3.0,0.0,0.1982024719448242,0.1018361793404406,713.1012134810138,164.59177705137554,41.63526104021251,52.20717732352424,0.31014068531084504,0.14805931620431848,0.03289061232156113,0.006394176278450917,1.0,0.0,0.01479877397866331,0.006039623420939459,0.007812433031901082,0.004199200088408908,1.4000000000000001
9645,11458,0.2,10.0,/gpfs/bbp.cscs.ch/project/proj32/glusynapse_20190926_release/testing/zilberter_2009/simulations/L23PC_L23PC_lowfreq/9645-11458/0Hz_10ms/simulation.batch,1.3143935559725988,1.2833390130053859,0.9763734820319978,0.7010155932052698,0.6223702512940236,2.0,0.0,0.6782564948604521,0.0530694289882619,605.7283808381965,4.305978421328007,9.895060570843016,9.285486193497835,1.074976310160129,0.01109054231365747,0.060487116188822646,0.007912161774369656,1.0,0.0,0.039305500430329765,0.011022322745057229,0.0005374484690727029,0.00027687998508578904,2.3000000000000003
123959,121769,0.2,10.0,/gpfs/bbp.cscs.ch/project/proj32/glusynapse_20190926_release/testing/zilberter_2009/simulations/L23PC_L23PC_lowfreq/123959-121769/0Hz_10ms/simulation.batch,0.4432431617507457,0.2548932932563751,0.5750642429531995,0.27556566451550346,0.2096034650958498,4.0,1.0,0.32159371862464686,0.186266662992758,675.5907483138827,77.68408277470539,15.818143451462822,19.81320536844,0.4908390658707064,0.18757155427866526,0.0349702615185639,0.011494997198538895,1.0,0.0,0.026481463517199638,0.009473895467790028,0.0048385121740202085,0.00787704317859677,1.3250000000000002
2751,4154,0.2,10.0,/gpfs/bbp.cscs.ch/project/proj32/glusynapse_20190926_release/testing/zilberter_2009/simulations/L23PC_L23PC_lowfreq/2751-4154/0Hz_10ms/simulation.batch,1.1404452432352181,1.1227088317234282,0.9844478184139072,0.2562225980129665,0.26354670316575307,2.0,0.5,0.5073248123689117,0.38169693267896776,641.1660858965413,103.53638687695172,24.665006498247507,23.747918982726688,0.5790070051688527,0.45249682818399944,0.0868647856434728,0.07771665018081352,1.5,0.5,0.01630830383467885,0.0061297104455034996,0.02867402722627138,0.0009589688787130287,1.175
2330,15134,0.2,10.0,/gpfs/bbp.cscs.ch/project/proj32/glusynapse_20190926_release/testing/zilberter_2009/simulations/L23PC_L23PC_lowfreq/2330-15134/0Hz_10ms/simulation.batch,0.8922760506278432,2.633762848003539,2.951735447959532,0.37636577666878634,0.4168417947761524,3.0,0.0,0.5816398351001587,0.1398044333376257,709.5243068985001,86.74992197118786,8.924913994941612,6.721489847949094,0.7001900674749034,0.15450116470605668,0.0551557481975209,0.0020376901290229178,1.0,0.0,0.021844605555125712,0.00436320176236583,0.010524249293965303,0.003659739361595277,1.875
124307,120213,0.2,10.0,/gpfs/bbp.cscs.ch/project/proj32/glusynapse_20190926_release/testing/zilberter_2009/simulations/L23PC_L23PC_lowfreq/124307-120213/0Hz_10ms/simulation.batch,0.6990565956018079,0.19380507219662538,0.2772380282454546,0.339674007674393,0.23641651255479146,4.0,0.25,0.3328294633389716,0.21809692067902425,729.9930444735314,124.64523693714595,2.11493359174182,2.9182576935874676,0.39874333729718436,0.14461506060999305,0.03507172195397677,0.018676535613291557,1.0,0.0,0.03153535389941731,0.0137295541798412,0.008879186900776562,0.010276647530802456,1.5250000000000001
