,$U_\mathrm{SE}$,$\tau_\mathrm{dep}$ (ms),$\tau_\mathrm{fac}$ (ms),$N_\mathrm{RRP}$,$\hat G_\mathrm{AMPAR}$ (nS),$\hat G_\mathrm{NMDAR}$ (nS),$X$ ($\mu m^3$),$\theta_d$,$\theta_p$
0,0.18410034222873703,874.7793522625302,13.700092751376587,1.0,0.29009079509410496,0.15954993730175773,0.01944247608578011,0.07151739381314874,0.08285216902409097
1,0.46094046774437963,570.6236201591614,1.9297507838733294,5.0,1.7421667157263936,0.9581916936495165,0.21428504686432037,0.03889340412173219,0.04504970619335952
2,0.6784509627279065,896.2997069914284,18.13144439158745,5.0,2.774164177399909,1.52579029756995,0.3157721829892787,0.03551455714739983,0.04125460982958381
3,0.14278552073456569,797.806501639221,0.008980121918463908,1.0,0.3105800851913689,0.17081904685525293,0.018153583561908264,0.15005690053755544,0.17368031711328194
4,0.5473700424966972,751.5697076914176,0.00449546625613453,2.0,0.7986224132782505,0.4392423273030378,0.0841665265383127,0.04076818112038899,0.047337391956132
5,0.4277723239596609,537.0785806021089,3.0218809793879716e-05,1.0,0.6763608807633347,0.3719984844198341,0.04105389032197737,0.10644675971370296,0.12732628518173855
6,0.5755536200888272,743.2064558206674,4.345269275253366e-06,3.0,1.923042701801776,1.0576734859909769,0.16061770887440008,0.07176625765304949,0.08539475227143763
7,0.5644559335296175,847.7038200941536,21.935588519266222,2.0,1.245075351435991,0.684791443289795,0.05691000960347177,0.12186722509548646,0.14426138140444617
8,0.22112514778777062,737.4231495637251,14.088291315464618,2.0,0.9718174123262142,0.5344995767794178,0.07891359299349357,0.3631603125416535,0.5575722910970369
9,0.6734810913871225,706.837978446101,6.897230465538073,4.0,2.4926384592583597,1.3709511525920979,0.20517563278292203,0.08748473853193223,0.10542841218500566
10,0.6562669707767428,739.6793425630899,0.07352200894805437,3.0,2.0665052405948696,1.1365778823271784,0.09061040817124058,0.10678011862529754,0.12411399694611065
11,0.39178794684610635,638.6512561887034,0.02948727232451361,2.0,0.9171527102750107,0.5044339906512559,0.06089160211813394,0.06937155377282139,0.08050792248222294
12,0.7014107312919455,661.5675815138299,2.369814507534876,2.0,1.3368710176391168,0.7352790597015143,0.07765453766413508,0.12130068780947896,0.1460304451785639
13,0.5499560235986664,1003.394742494297,0.7581114604822823,3.0,1.6663626831901452,0.9164994757545799,0.17284575654493786,0.04528867270703417,0.05279051523607507
14,0.6046457504184413,612.4591179083603,2.1375105632800318,3.0,1.019610311572402,0.5607856713648212,0.11848015481927948,0.2872873216356579,0.373923552361177
15,0.34904541532307237,560.7889793391745,2.2300731262337408,2.0,0.8972824061931517,0.4935053234062335,0.06967221731342733,0.13976031467939257,0.16193189035081404
16,0.4215966706258653,682.745447908328,70.23599882429991,2.0,1.5501163182102677,0.8525639750156473,0.07496357369554042,0.20832981644363846,0.24128241330740843
17,0.6207477068895452,717.126968712635,0.0018481085580877637,3.0,2.0305044152946494,1.1167774284120573,0.11056535509002537,0.09133249632662725,0.10576001734947851
18,0.20939064414673242,875.96025318373,4.892448303376797,1.0,0.24790531617798345,0.1363479238978909,0.034381210637515584,0.07229582761530813,0.08880263016788734
19,0.6571150263133709,837.7011201091011,30.087917001318434,3.0,1.8807194052695464,1.0343956728982506,0.16291169578889092,0.05386555323858395,0.0631423284175704
20,0.5337206544678502,682.8219447854564,10.614044796634648,4.0,1.828780336897996,1.0058291852938979,0.1584557805393197,0.12223551286188743,0.1416062491182071
21,0.4331184019530894,616.7286353598344,6.43488123550425e-05,2.0,1.461423160897505,0.8037827384936278,0.09097649157920387,0.16564340480196696,0.191870499639667
22,0.23972419223130942,599.7263798865704,24.996696854415504,1.0,0.628886063686088,0.3458873350273484,0.05529469277415929,0.41236977208482917,0.4980259829477169
23,0.5100161095387947,648.2641557030271,21.647818323147888,3.0,1.7446695533253553,0.9595682543289455,0.12139039395303816,0.06611548460632852,0.07654388801483601
24,0.3030205404907441,599.585453839997,66.37687727636975,2.0,0.5541779239075727,0.304797858149165,0.03934944242624302,0.05835255171201975,0.06755415133985519
25,0.7220871023062301,642.9720188563949,0.02882071863439559,2.0,1.2816946547172205,0.7049320600944714,0.10397001138116568,0.05182668412691053,0.06006843995090508
26,0.885314172459013,710.4118006167516,53.665063670113696,5.0,4.508407600483384,2.479624180265861,0.32503831363680447,0.07532932058511607,0.08916544558233776
27,0.8276660071111367,499.1243463939926,0.0007172913687139149,5.0,2.3175336884849864,1.2746435286667426,0.2095203565153562,0.06617298823332685,0.0788588530565824
28,0.47038723988658016,879.0961132988533,0.28670390648791316,3.0,1.8288366322251357,1.0058601477238247,0.16601532138172856,0.05075021197486251,0.0593332387509132
29,0.4515216677948201,891.1169529839036,0.19839631263332486,2.0,0.7290973606812632,0.40100354837469476,0.07213316726430176,0.04727631267357908,0.05509773824091719
30,0.35308930362303903,760.0574836596987,0.06079637118988971,2.0,0.8377272238169421,0.4607499730993182,0.0434116137819759,0.12370941151425427,0.1432047457358592
31,0.6852215564928896,928.6195151355926,2.2338069727258096,2.0,0.8777559573134989,0.4827657765224244,0.11370766164758048,0.04989723839187106,0.05777240490324046
32,0.44024432143393755,588.0758075746229,0.01559297282822583,4.0,1.9013507095018372,1.0457428902260104,0.17339114349265453,0.2655941488166915,0.40233846637268533
33,0.6740694078356664,667.8298872734481,0.014669003291873213,3.0,1.2105850138506145,0.665821757617838,0.11416411998410375,0.048002142962670066,0.05599927890661798
34,0.2938715201686266,942.4546498565737,93.04865764928581,3.0,0.5936032027739665,0.3264817615256816,0.06862353462830657,0.040839248662994626,0.047791622845985524
35,0.7061186993547843,625.5628686834118,73.71305640085968,4.0,2.8407043501545846,1.5623873925850216,0.23400989923033125,0.05733204390496925,0.06641401996893687
36,0.8096503252324811,551.2834244754756,16.64999334689386,5.0,2.884184390955562,1.5863014150255592,0.29042894704730793,0.07199712276076063,0.08690649502585776
37,0.8174870789095546,738.9439341822718,8.984135882829165,3.0,2.751451045502662,1.5132980750264642,0.16710778183459546,0.06963368924293709,0.08059541390355315
38,0.35117008838404534,828.1391571150515,20.590974492218677,4.0,1.1841723750685038,0.6512948062876771,0.16897178522102027,0.03231349672402506,0.03774400379791566
39,0.4008273675099661,491.0905651520735,0.0902243047085771,2.0,1.0219674086612223,0.5620820747636723,0.10267115171621087,0.045119974714513456,0.052625300268148434
40,0.6239975700633256,602.3623791925454,57.638595458556864,3.0,1.573294250923904,0.8653118380081473,0.1609091279540047,0.04563196386685883,0.052840020075515755
41,0.8064010674168667,625.2321392063863,0.0032081701055604855,6.0,3.054724232868595,1.6800983280777273,0.3249046991547806,0.04546014648382608,0.05288249957318485
42,0.6618754755767614,924.6209809063929,0.061121438737396665,3.0,1.3178074353140659,0.7247940894227363,0.15782308071990367,0.05092239614344583,0.06107936916172935
43,0.4946768683053881,565.8288762197078,0.0009221160789975687,3.0,1.639509314179191,0.9017301227985551,0.13995548266091337,0.1817320624619972,0.33199290726637054
44,0.6138169140751726,801.9021376108527,2.0927749676957403,3.0,1.5688311434633564,0.8628571289048461,0.07394213334400326,0.9093586431644081,2.6246957184437902
45,0.2734399292906654,425.2455116626457,10.779942475377451,3.0,0.9967022027378396,0.5481862115058118,0.09139355807797322,0.7190839374557463,1.8345769627719175
46,0.6442620640176897,476.5725221681171,4.103218820019351,4.0,2.1940188068264246,1.2067103437545337,0.24563619879308268,0.052564377407585065,0.06084128702844045
47,0.6556328454833451,452.7642126275446,0.0038320673226904614,4.0,3.188039637702213,1.7534218007362175,0.14210015993564326,0.4107145886647213,0.4753260994517191
48,0.8120510638988527,724.2876913124128,55.648282977470686,3.0,2.1054866435377737,1.1580176539457756,0.16359704039142564,0.5758283981732416,1.5732732135784275
49,0.5939734755414843,617.3378384101217,0.018290612096383396,3.0,1.5819768742275713,0.8700872808251643,0.15602743690752846,0.144423397090736,0.16716144151994072
50,0.8858830450831622,471.31664833907706,0.004001676257920587,6.0,5.303823451140355,2.9171028981271956,0.4073050649465637,0.16823331429550445,0.1947106449675233
51,0.2627411148034171,478.09541067998265,34.974708946335646,1.0,0.45072721900761475,0.24789997045418813,0.05444928963135296,0.04551942145804262,0.053989267589730355
52,0.4310363375371819,662.6715172366721,51.854818159455185,2.0,0.9169125006342477,0.5043018753488363,0.09483398734427696,0.06811204385804327,0.08214270338561132
53,0.16834371276259888,921.9702772892849,0.009466825522388976,2.0,0.9709581649584688,0.5340269907271579,0.06721856999597946,0.16965721923373525,0.1963632819184279
54,0.792544071890854,545.9019449479372,21.911921117413577,3.0,1.2916056979620514,0.7103831338791283,0.12644329720337505,0.40662046433982363,0.5827488702054621
55,0.7257199287696091,804.1822705949593,0.0001505431472830024,5.0,2.6162679291937168,1.4389473610565444,0.2532064879138734,0.04948756826342079,0.058136822933290186
56,0.1820808774062589,969.3804918446475,8.95435431129627,1.0,0.4966357005531715,0.27314963530424435,0.015743451650448947,0.9288582436587598,1.0749857386891082
57,0.8465415908605247,638.120170271372,11.331233937279993,5.0,3.065248770961612,1.6858868240288867,0.29221347365899614,0.33324209705625946,0.3856680525171736
58,0.5822548580076672,898.2842137679386,3.729508365202561,4.0,1.7792126764355283,0.9785669720395407,0.20932120882832028,0.30039751696994077,0.3476583867323527
59,0.3354743907190262,612.0243093233736,6.969697107664506,2.0,1.236534767860086,0.6800941223230473,0.10375156883536846,0.05811771631970995,0.06756418824301111
60,0.5942078079573502,717.5344963300042,27.05570000458422,6.0,2.940674712128169,1.617371091670493,0.37172749991665344,0.039334201119741515,0.0456260197854633
61,0.5288407238322292,993.2405257573764,0.1267919399923026,4.0,2.485106939049408,1.3668088164771746,0.20264157401495161,0.056749062094466465,0.06578516145504039
62,0.5360922126066947,586.4152406728945,0.2737347626720966,2.0,1.1707473569606284,0.6439110463283456,0.0259704094954887,0.43449323352360625,1.1691675849954688
63,0.6306914807906308,704.5791756588906,21.62397470348229,3.0,1.3560246659679045,0.7458135662823475,0.1300992304611795,0.048049419762655386,0.055805874294716985
64,0.9783780303359404,666.8290648823214,0.12144643871860815,5.0,6.360595575578273,3.4983275665680504,0.3100269353184993,0.2552293984551788,0.5902275466051328
65,0.2560550604596319,482.3547732014742,88.8283268662641,2.0,0.5187391418261638,0.2853065280043901,0.09765106634892788,0.2816947508382834,0.31317177829919396
66,0.6978154258697346,796.8349109661343,6.999344787282663,3.0,1.8665606525801242,1.0266083589190684,0.10978603470008623,0.3340643832906746,0.5899342858038013
67,0.6998677064525705,626.0976968963765,33.5421583593041,4.0,2.0194484034139246,1.1106966218776586,0.13855852216563172,0.0718864335328161,0.08328878710206625
68,0.6428929106298675,504.420141552303,7.243130924251401e-05,4.0,1.8251224419343532,1.0038173430638944,0.2090608171620662,0.04330161510449583,0.05019573953549168
69,0.3983834682402422,615.74654266099,13.078792954091357,2.0,0.7083695138113707,0.3896032325962539,0.07858777589023887,0.044976347501058965,0.05216545009573827
70,0.38166342885915405,512.355261403415,0.0009985822674346335,3.0,0.8057254358940575,0.44314898974173167,0.13164384908437185,0.03050253532401676,0.035365147366493585
71,0.6536670120904602,759.1666607168918,0.016370862182752167,3.0,1.8407183629378323,1.0123950996158078,0.1447099258476542,0.07408356306295896,0.08582738684908503
72,0.20525284040208552,520.281647931797,1.0656479417770932,1.0,0.485919784382066,0.26725588141013634,0.04276036265978661,0.06699030802175165,0.07766326935362972
73,0.722352491136808,796.9483412065032,0.27342847600482584,3.0,1.559457275764042,0.8577015016702231,0.1487918788235694,0.23365957177735777,0.34986532056141767
74,0.5225831821949665,635.3523531406705,143.3892236457423,4.0,1.6547091042887072,0.9100900073587891,0.21189186119395126,0.14152710855228112,0.23634611690156038
75,0.34082265415330837,465.53953223246054,0.027281263004902325,3.0,1.5754120424431204,0.8664766233437163,0.17068973185272954,0.040499075080613824,0.04720307282490199
76,0.5251171293056639,927.1544909268753,1.2208305059447075,3.0,1.6070654279209022,0.8838859853564963,0.1402599500943192,0.05283160661947437,0.062021684715786986
77,0.055176243542365146,503.489148734434,0.0002499324899334604,2.0,0.44399904563716197,0.2441994751004391,0.05297462924023808,0.36452078515310377,0.41093461339604265
78,0.32149841491307357,590.011550506257,1.6522136295495362,2.0,0.521919461843252,0.2870557040137886,0.10384215059307517,0.020383490632184365,0.023703632909808932
79,0.32591790385939656,680.3876618283261,3.7584314486746915,2.0,0.9297326883733946,0.5113529786053671,0.0652330015200669,0.07738443612598365,0.08964191255629601
80,0.021933573206123325,652.9580317521163,33.55363640086088,1.0,0.056416420930979046,0.031029031512038476,0.00698231491454074,0.04576259663936839,0.05456216210605608
81,0.5939543912399189,827.1183911374465,31.799285286750816,3.0,1.8295633676765168,1.0062598522220843,0.15790238581823787,0.0640781996097863,0.07605850997116839
82,0.6408669516429353,852.898118898722,0.915103539638793,2.0,1.2833133215532717,0.7058223268542995,0.11770856578842918,0.5686935428628768,1.4735761965262335
83,0.15585811072609088,616.5686672056551,0.2613136033690282,1.0,0.5900218684930107,0.32451202767115594,0.047557007390170936,0.05451464584619674,0.06370365609366611
84,0.6447842607091336,743.9006527219271,2.0119322255499217,3.0,2.3601950057041923,1.298107253137306,0.17527276047861234,0.07051531129039247,0.08171699236473674
85,0.7000936719643911,758.1847899636025,0.02380845540855357,3.0,1.6990440186418765,0.9344742102530321,0.10914121457427343,0.2952413573570617,0.5455936878256381
86,0.3489015019057451,907.070137911961,109.91210378526827,3.0,1.1248495853048388,0.6186672719176614,0.0777682058090299,0.06529485298173955,0.07587856849976957
87,0.30504031125828107,601.7744106566402,2.4338795781213367,1.0,0.45009533491691917,0.24755243420430556,0.019856396494899953,0.12587901898735265,0.14571636926253453
88,0.7954078971446978,906.4128542103856,29.056626817633887,4.0,2.1498983881584963,1.182444113487173,0.1856472275927464,0.2853975410699777,0.5117265743959682
89,0.9700858850291564,530.1175202242899,7.343801034672546,7.0,4.98693778448711,2.7428157814679106,0.4022160888093107,0.07646124863567505,0.08864629631747115
90,0.5954581861241877,551.2240663220972,0.011040665666080385,4.0,2.0943214371891044,1.1518767904540075,0.23717814267127266,0.20347277604465122,0.23549388461487233
91,0.5925066249723066,666.3881664528922,3.7947918962264575,4.0,2.175143548702338,1.196328951786286,0.173315277055819,0.0717930320268565,0.08341752237185333
92,0.4187527132720237,553.8043158563506,14.95935226390084,3.0,1.0409986404657445,0.5725492522561595,0.07304557238614988,0.06994619193695394,0.08191040924896946
93,0.07602532318019883,915.2786798681,7.139839016689809,1.0,0.1326256644477946,0.07294411544628704,0.019006604439347142,0.20338849489848432,0.2736363717626584
94,0.4529509954505109,774.0951411189188,0.26317705268574665,1.0,0.658724346712166,0.3622983906916913,0.046848010980437,0.3827167890307183,0.4429421254012767
95,0.2930202426846133,711.3365498526424,0.017212431825489535,2.0,1.1838901655126992,0.6511395910319846,0.09279644493298192,0.0640774447209532,0.07423357936768647
96,0.2675110913818566,543.5267698480145,0.25027590804720107,2.0,0.8094339096518449,0.44518865030851473,0.08271056196932097,0.112724648767677,0.13052895861922484
97,0.7258441782310191,678.1410194399798,0.13370480760938075,4.0,2.2187860325155357,1.2203323178835448,0.20245364051605297,0.06779854578275438,0.08052827365105758
98,0.5263358504137712,534.489261211171,0.05827153855874673,4.0,2.1753326088477745,1.196432934866276,0.24377187520008403,0.06962018895666164,0.08435840145716254
99,0.0878535507267927,809.5281932790884,0.0007083680114026666,1.0,0.22607311369633235,0.1243402125329828,0.022173156815057563,0.086517125420855,0.10535126971211572
100,0.039689193670829626,617.5733979671264,0.00024431819819994386,1.0,0.18506399365871823,0.10178519651229503,0.04448089664208445,0.07307034868975765,0.09093927537854579
101,0.8701482505104672,580.8273212294145,0.2867233178330907,6.0,4.146996368062555,2.2808480024344058,0.26326885325111615,0.16223765229652384,0.18780657868352338
102,0.8200730162952703,533.6386774432027,15.86673868190225,5.0,2.937269669343385,1.6154983181388618,0.23860277498939056,0.13029710308601128,0.15084368446017438
103,0.1956715955526194,497.74137809882467,22.370814355748173,2.0,0.4617537078259217,0.25396453930425694,0.05007232402213734,0.0599915027517067,0.06952375963204153
104,0.6533805865978155,683.139237394954,136.57041784897348,5.0,2.1088359700568513,1.1598597835312683,0.229254086656875,0.04369564476765336,0.05073672897151949
105,0.2159132990219536,574.6759781079393,21.719527157190207,3.0,0.5299600489847011,0.2914780269415856,0.09804644166897158,0.031208127834639526,0.03713098452406159
106,0.2902833331887025,578.1433624706425,0.0005194838876592169,1.0,0.9955028708524024,0.5475265789688214,0.07896154485484336,0.06139799191945666,0.07213617457483769
107,0.3132624053507759,862.0150935319739,3.9673116936614794,1.0,0.6017519539957376,0.3309635746976557,0.06966550561437196,0.037158093805675155,0.043103846825932816
108,0.4238490033471651,666.9039682427635,10.614236661852887,2.0,0.9521802648836224,0.5236991456859924,0.09807652689808888,0.04131895698765675,0.047860050259040776
109,0.25295103750903913,648.1961979268343,3.061053113543696,2.0,0.7252417570607039,0.3988829663833872,0.10331781848284333,0.03302373385891427,0.038302505566607685
110,0.6573403757795664,802.9556992154012,7.986142395632184,4.0,3.0762119092316564,1.6919165500774112,0.22557260417927424,0.07573372569524708,0.08766434153873459
111,0.750393288097577,767.3429932599076,36.491272776151895,6.0,3.2745430903247166,1.8009986996785943,0.24783944856375728,0.09037386355346225,0.10863251688031489
112,0.5591065749996921,633.14121423579,0.0031935283119731432,3.0,1.7165944453351776,0.9441269449343478,0.13120741046784817,0.08321015821822195,0.09957209097978223
113,0.7935128844895507,589.5469651233275,0.0023723156817201203,7.0,4.419932581720799,2.4309629199464395,0.38615126042083353,0.12042278087896563,0.2950639092175682
114,0.8942707000112967,481.60361378804527,0.6803149059211485,7.0,3.3833168067682564,1.860824243722541,0.3827109068419143,0.04742590036737946,0.05589299965778324
115,0.5360740037156709,708.2869520862369,0.1766029077628049,2.0,1.3027481972923123,0.7165115085107718,0.07102558879316734,0.11778594098635264,0.14094123593616611
116,0.07788580815320066,471.176331611025,0.45591319859658996,2.0,0.28886765233139633,0.158877208782268,0.03330618810946235,0.087794252074519,0.1074352387686882
117,0.4634534377516589,519.2333998849577,53.587343990492904,3.0,1.6511535613331147,0.9081344587332132,0.12734645201179623,0.08853777698439552,0.10633502297127997
118,0.3951554768065075,612.3910524247696,8.762757367822587e-07,2.0,1.3284687317708697,0.7306578024739784,0.08387994310903295,0.07281385875797414,0.08435922671835738
119,0.5548453298801695,713.1030456767724,238.95403102683167,4.0,2.362676093851238,1.299471851618181,0.17589932722022536,0.0648463789891426,0.07564561937013843
120,0.6247281882933792,615.579056297672,0.1377544554847872,2.0,2.2212052484344444,1.2216628866389445,0.15551860869703746,0.06805077030816291,0.07895643031933942
121,0.4292661540632944,612.5692417607864,29.784760621043844,3.0,1.7108757047108771,0.9409816375909825,0.15576723888464847,0.05150804811156017,0.05992202558262641
122,0.6397914062339415,761.9149997696672,0.004361163949835344,4.0,2.41187291863161,1.3265301052473857,0.1505157412146152,0.09572427026526092,0.11079614689527602
123,0.5473760126996063,755.3612695226572,0.977980517482423,4.0,1.818694476798356,1.000281962239096,0.1649453461982522,0.06598168404355266,0.07637482203885847
124,0.5104568920101114,846.2098578373841,0.36904113285663914,3.0,1.4332503933994454,0.788287716369695,0.1490565930181067,0.060552936958027215,0.07010143631453405
125,0.3501604474590939,461.7943664791665,23.04747273931678,3.0,1.4173387651866456,0.7795363208526551,0.12062061357740421,0.0669566559499774,0.07750844986164138
126,0.6536309348404117,596.4165920976548,67.85137011016073,3.0,1.2456678996342372,0.6851173447988305,0.12133700046462849,0.05854548010669206,0.06777422051122182
127,0.35242776743582754,784.5194041177998,0.011024204269831646,2.0,0.5173146764660714,0.2845230720563393,0.0515165552827623,0.05458908193236561,0.06320541644454546
128,0.3585132796635082,448.67105511082735,1.8996502169488119,2.0,0.6990117867719691,0.384456482724583,0.11339048001859729,0.02872641402755699,0.03342024985053098
129,0.5761542453666781,619.9632497894064,2.908665997671376,2.0,1.9083971642909003,1.0496184403599953,0.16073410823783882,0.0822272163250388,0.0951721643296236
130,0.5498352137247705,497.15103442139764,5.5251991516962615,4.0,1.633996614837734,0.8986981381607538,0.16804918175848452,0.16546846289013725,0.1915308543512881
131,0.7702212523983126,528.7286649691927,29.12941003437014,5.0,3.120093682583525,1.716051525420939,0.2156258871060113,0.1862537910376096,0.21558783151392924
132,0.32975466277961374,638.067154490747,0.09540795795875022,2.0,1.413369415603439,0.7773531785818916,0.13577865897320165,0.10390570386029664,0.12031510053098263
133,0.6511401574779572,511.74363476805223,16.07289400837365,4.0,2.9926349318279875,1.6459492125053932,0.17342030628270677,0.11191897053056235,0.1295347925671091
134,0.8211219352686532,669.2590051919992,1.3563317321773873,3.0,1.826003767316943,1.0043020720243188,0.16339153724680247,0.04937860405451259,0.05717224042727421
135,0.6027717717759562,536.0246260389212,11.50801939632639,3.0,1.9681646121272114,1.0824905366699664,0.20258550266657063,0.06203104769937397,0.07180577471320684
136,0.6558655954796311,631.348847460772,0.006439731067030824,4.0,2.1262788999679825,1.1694533949823904,0.18085252513567876,0.07491876428458755,0.08672131306400496
137,0.6147107574599511,671.7875706898412,0.4066331115337908,3.0,1.5448719505687993,0.8496795728128397,0.08914162337588448,0.07907119021757586,0.09159896808287737
138,0.7463363437207727,650.3266582578843,13.699894745786581,4.0,2.656875250121583,1.4612813875668706,0.3153184191943822,0.0663187899485853,0.08057543627888111
139,0.643194724719913,635.4223610153198,14.130081898413158,2.0,1.754290737801134,0.9648599057906239,0.09370225778170231,0.12136001394746501,0.1459969127526854
140,0.0989272338810844,846.5382605513521,0.001812351173841776,1.0,0.3747073762792341,0.2060890569535788,0.018605140034219817,0.48445782758868355,0.708341344279334
141,0.23461193845860356,608.7063997238718,1.7893337067224164,2.0,0.8629847830565097,0.4746416306810804,0.08487489007267268,0.05240234376164405,0.06203987144668495
142,0.20052860895137525,890.4710466912658,0.34513765130917406,2.0,0.7842996662229014,0.4313648164225958,0.047989569283534025,0.07118377333673798,0.08304468523303254
143,0.17224881638649106,687.0161810152252,12.12024531782718,1.0,0.26289637324993154,0.14459300528746236,0.02561314130810618,0.04453109918964181,0.05204478717425729
144,0.17250144068379253,568.2108058832147,0.7785613719239628,1.0,0.3215678825368185,0.1768623353952502,0.024943684266539316,0.1077983123572954,0.1313255614585342
145,0.6773988268659725,587.1302879932098,0.6965430442402003,2.0,2.4805363110579126,1.364294971081852,0.11306079026082767,0.3171185980034803,0.6981688338157155
146,0.3218271145157413,525.4529020580711,0.06233691203655084,1.0,0.4450093844126106,0.24475516142693587,0.03749928910994422,0.38400018584916923,0.4977446301262536
147,0.5713273121456643,787.8248470141107,1.6074608128438e-08,3.0,2.1710307563175646,1.1940669159746606,0.19378777741069525,0.07067727490523859,0.08180398540651185
148,0.7599688252205439,628.5637373341989,8.879678079807277,3.0,2.3693863616216917,1.3031624988919306,0.1683608979940485,0.1847980726691446,0.21387352164802498
149,0.7094043151858744,594.1673293655425,2.9573142562551653,4.0,2.230178472819889,1.226598160050939,0.1880500976979864,0.3154209723318533,0.3650408948518014
150,0.33217430849328256,682.6408833156213,3.5808144588121213,2.0,0.7284717259021094,0.4006594492461602,0.06464568285726904,0.10446593492422424,0.12090808737673903
151,0.38000134770078703,693.4842308023709,9.787711739524825,2.0,0.6725087367537222,0.3698798052145473,0.06965658123762869,0.04821145521636035,0.05580821470159698
152,0.32397146453245174,576.6927589141246,13.475422348119547,2.0,1.0685295223807012,0.5876912373093857,0.04662394844100879,0.6770260322305881,0.7835275489873615
153,0.8123620301777811,435.2405234851346,45.39393169141555,4.0,2.5609589582023893,1.4085274270113142,0.2035591864309228,0.16471945175457164,0.19063618856815487
154,0.19498240972094968,515.1604335218342,2.093764280927383,1.0,0.41433422796988695,0.22788382538343785,0.04336453788517858,0.05622756574199742,0.06509088858702138
155,0.33295918718698114,923.8253021915455,19.54210242892949,2.0,0.8467123058295168,0.4656917682062343,0.04073065378604594,0.4489805450662728,0.6768534733263083
156,0.46674414522282426,712.8652661694385,22.852851827736945,2.0,0.540045996818617,0.2970252982502394,0.0380651501102825,0.05517530379408715,0.0640848318853905
157,0.05465506458446534,573.8417978773177,14.099024310293744,1.0,0.18025095823210988,0.09913802702766043,0.023565785373888155,0.08316760866389362,0.10250264558103896
158,0.41565590705794925,812.7402854705545,107.34752082427991,2.0,0.8001751084534675,0.44009630964940716,0.0626628863932132,0.05150709227018259,0.059996622347849096
159,0.7618149406821765,484.15862634857154,1.5646478602964582e-07,3.0,2.349326009712591,1.2921293053419252,0.16376136745803005,0.0664654120836926,0.07699993695150696
160,0.30672077838599965,782.8217327509047,0.00010627062212693086,2.0,0.860343600894007,0.4731889804917039,0.1263708751183108,0.031772041161044914,0.036918855629053726
161,0.3663573161807338,719.2293874053184,78.24394975679438,2.0,0.8086711561988487,0.4447691359093668,0.06404323765589139,0.0887331573134686,0.10271844559364317
162,0.7664889603245526,912.2067648256373,3.3718825623193407,6.0,3.488005931886557,1.9184032625376066,0.2734781262064773,0.369326516749853,1.0278424633899192
163,0.12229722981163066,559.1547889349437,2.302265860992713,1.0,0.23074136108594454,0.1269077485972695,0.021032075352679414,0.07802366673779208,0.09033707975136315
164,0.9064705249037955,657.2792095037463,10.642684537568202,4.0,5.032872624476916,2.768079943462304,0.23580746609322503,0.22765007911590265,0.2634798073179279
165,0.5325080041690899,593.3094137684608,0.017643967279512403,3.0,1.0509685681936127,0.578032712506487,0.13545015761608442,0.08190711892617951,0.09481025737176094
166,0.06508775783195582,597.862207308877,1.8448135930928864,1.0,0.23411255041920237,0.12876190273056132,0.030584312841894334,0.08768675918534194,0.10151165565266015
167,0.5355625848094956,540.7746640606694,0.4639439641788705,3.0,1.35204036394712,0.743622200170916,0.1646953057949324,0.21095049917897973,0.30239604410004706
168,0.9320421571629315,832.2690825295904,4.7290501971367834e-08,6.0,4.490141328332569,2.469577730582913,0.4366059768097156,0.05183445572332901,0.06050982892361494
169,0.4315218231793137,517.5954663976513,19.293942407517715,1.0,0.8241901593846104,0.45330458766153575,0.045805417182519056,0.0815875727508372,0.09499850847261519
170,0.8884415732548658,910.7559640880061,47.46577445727575,6.0,4.020394956839683,2.2112172262618257,0.45860854141331403,0.042193269058667965,0.04904525206104479
171,0.48186711908550744,662.9533351172568,0.0330020060860443,3.0,0.8648351178756404,0.47565931483160223,0.12631980247613692,0.3164734025400939,0.36707459103314566
172,0.37067076662110804,540.4014197905203,19.220490584357,2.0,0.8118444359975232,0.4465144397986378,0.11200719952639755,0.030037716214362725,0.034819290610177064
173,0.33590517082426286,737.741422911214,43.846154600024484,3.0,1.5181306402138974,0.8349718521176437,0.11707341532670582,0.06562977899818181,0.07598346827270891
174,0.4659936196601968,656.258470521069,0.7680037257348006,2.0,0.7502750101837715,0.41265125560107435,0.055649289263333845,0.05789328840362394,0.06733415925174686
175,0.5174489014308976,798.8810160778561,28.181126564925044,2.0,0.8359651043691516,0.4597808074030334,0.058946661591730315,0.05762146113923763,0.06692165030788225
176,0.45734365943125105,847.1972285425528,0.00018328092902740518,2.0,1.0576738621068114,0.5817206241587463,0.09461928486911612,0.045734279398674964,0.05307244286743546
177,0.32280562915472943,658.6240480709076,0.004151410606944076,2.0,1.2473931676754109,0.686066242221476,0.1236947856139844,0.04124512212609829,0.047753221066048804
178,0.24671220096594632,726.3495496090027,6.265468280878915,1.0,0.7134759186360764,0.39241175524984206,0.05845136662436965,0.07937249657548372,0.0918725346402814
179,0.7633590203772597,673.495337481377,0.020958540615711084,4.0,2.719545806292179,1.4957501934606985,0.21144613976582866,0.08312028635217625,0.0962044757298228
180,0.055663630148936626,664.0311928870366,0.30506469891568133,1.0,0.26271144230731847,0.14449129326902516,0.02716753404781706,0.06355883622694972,0.07357596774116124
181,0.2324487610391364,611.1135335920028,0.5328221301625062,1.0,0.9919618308500445,0.5455790069675245,0.06988123364155553,0.0993012646122805,0.11493536953064254
182,0.5294095440687479,721.3139140825494,0.4367697993234912,3.0,1.432887891303168,0.7880883402167425,0.1537107484229842,0.06541590175270276,0.07571668498283395
183,0.5835998558450588,741.8913055514157,35.88876043182055,3.0,1.5930949962696632,0.8762022479483148,0.17829427356054953,0.06273574270996915,0.07261440944144076
184,0.7076385728762877,633.847163822098,4.402260883988469,3.0,1.6896144688232921,0.9292879578528107,0.11600267427894613,0.3137989074303559,0.5267738579407003
185,0.20154953068256298,513.1816434057268,16.400568011382855,2.0,0.8785648304255858,0.4832106567340722,0.07793061196509447,0.05251112801420074,0.0607930878050432
186,0.2916363393733939,541.6873045245361,1.4152670881512002,1.0,0.45329254660281687,0.2493109006315493,0.050333385042100956,0.03798449405346707,0.0439758214093729
187,0.37701876675349855,766.2256963690464,0.039188670277745204,2.0,0.784301996301509,0.43136609796583,0.06973818732045689,0.04437151554556905,0.05139585186108592
188,0.558840067832738,715.4238005539179,15.384465796973945,3.0,1.6023423689639082,0.8812883029301496,0.11926823000067642,0.053162674642288056,0.06173174491564279
189,0.20338322254663105,826.6553325389767,0.1195449759765127,1.0,0.32406474121678136,0.17823560766922977,0.03047635783469773,0.33037550944358196,0.4273101502710145
190,0.5085406641453599,800.842032576079,0.6705997354630331,3.0,1.4454267363078237,0.7949847049693031,0.1379718460690824,0.31064024529897516,0.42152135809520275
191,0.2103834686691257,602.9958150837527,0.041795305729299535,2.0,0.28863473732717276,0.15874910552994503,0.06605830192035118,0.3025415841896737,0.29695133825511083
192,0.06563923045912289,788.8274545908627,14.650055056049098,1.0,0.05815181190820832,0.03198349654951458,0.009733767738488245,0.5846834257228528,0.5286105461005437
193,0.2340150152590337,657.1171531232983,5.482577842904653,2.0,0.7533093735405849,0.41432015544732176,0.05580574599743511,0.06260813257245326,0.07250003077451693
194,0.592211472041226,630.5777058867099,39.63038254968172,4.0,2.5170838254757997,1.3843961040116899,0.1531049039548236,0.563324439034821,1.4193162821374896
195,0.5772306642919698,673.1099514990324,6.735234601853092e-06,4.0,1.7664037940129338,0.9715220867071137,0.1934724026398395,0.042723157351669684,0.05010824519275566
196,0.8487425694588974,649.7468150727408,51.4926480750099,5.0,3.088955274198499,1.6989254008091745,0.2705225965623126,0.43023202669637006,1.1418711028632287
197,0.7832683408823493,520.4198850050551,18.895140938211586,4.0,2.45873061329671,1.3523018373131905,0.12611785608248277,0.7202574330638102,2.1086650717426982
198,0.39074616976438814,571.6491800160516,0.006170133335159482,3.0,1.0477711109919416,0.5762741110455679,0.10464675664523984,0.622087590074246,1.5841068566811993
199,0.32665437630591937,475.1550369121242,0.2416235605201731,2.0,0.9739861702807862,0.5356923936544324,0.11636122950432015,0.0387719799564032,0.045191659002004704
200,0.26942706592377225,551.4272547038231,0.15703174201463685,2.0,0.9545929383493673,0.5250261160921521,0.08705077750272007,0.05022362561710285,0.058187220156789385
201,0.8933544084640834,562.1072030934994,9.999552321673513e-06,5.0,3.7278591736260367,2.0503225454943204,0.2186345697432756,0.11435780051929058,0.13268209167857367
202,0.5339278912713478,680.9957820880376,1.335049745120816,3.0,1.4110872015451978,0.7760979608498588,0.15790610055395246,0.04204693479430945,0.04891715222495082
203,0.6931517208091906,626.7086785774402,0.045898526207722466,3.0,1.9138286973938112,1.0526057835665963,0.1305022132208873,0.27060213332290434,0.48440204740905835
204,0.5164012900214066,664.9867256103912,0.6143193493763422,3.0,1.5152027626526654,0.8333615194589661,0.11697271527039958,0.22333262252493408,0.40519833244057957
205,0.7359004186101854,552.0762435717894,0.011935628650639355,4.0,2.908188997608629,1.599503948684746,0.2232119236335276,0.20834686411422498,0.3752707773678101
206,0.04967779120690405,586.5720605632152,0.00798328640947922,1.0,0.12372364053818143,0.06804800229599979,0.025324603380157372,0.019044469200789754,0.02212316370737996
207,0.7679595250371096,544.5314102022485,0.12661846591550743,5.0,3.3765653340572617,1.8571109337314942,0.18600185413616083,0.07592786003353255,0.0878924344391458
208,0.3936231972967776,747.3896239589174,5.422955304555294,2.0,0.7995010812799149,0.4397255947039532,0.03736518943010934,0.08122678657908879,0.09405878246388026
209,0.5383501935839136,601.8243353107337,3.583029502792787,2.0,0.9569325771873363,0.526312917453035,0.05569537869253996,0.11056077638446898,0.1332203768717905
210,0.2811145160772965,502.4048025612968,0.17424392755617338,2.0,1.0050831158981268,0.5527957137439699,0.11204138163817011,0.1545035232736907,0.26108563256622563
211,0.13727049285726317,620.288992769831,55.71316048251164,2.0,0.24128485388634907,0.132706669637492,0.03571897390863521,0.027941250436550363,0.032591852227534975
212,0.6098595916468063,751.4179799003552,7.296051845666685,3.0,1.776423435779559,0.9770328896787576,0.13617903550180527,0.07538172111770294,0.08725909420933008
213,0.4671616822868427,659.8168514534564,14.603098975802494,3.0,1.6575748005351782,0.9116661402943481,0.13636617654230906,0.07441756400007372,0.08613603910659365
214,0.28400410705384943,553.6684527914565,22.207105893036218,1.0,0.9546794306433247,0.5250736868538286,0.04570565096297397,0.25566689438940027,0.5363972972965909
215,0.3899285831727971,416.1779241214177,0.8464417045967043,2.0,0.6729279453254877,0.3701103699290183,0.043129174023945976,0.23592475721205486,0.43334440391460805
216,0.6247793631017177,687.4930871100586,15.285449893269922,2.0,1.0719327870561282,0.5895630328808705,0.09330502909343559,0.20904363792048852,0.34556033616544946
217,0.7735489028965549,588.9233288169322,7.311464503333863,3.0,1.3179321034851816,0.7248626569168499,0.10374014877807092,0.2851420180865362,0.44319790440456674
218,0.49925859755511426,540.4722736380342,21.166160391625187,3.0,1.3639324764713479,0.7501628620592414,0.14766614049510113,0.037205186474463976,0.04318786147699698
219,0.253969377391426,533.0181766082632,5.199437338268529,1.0,0.2986582735479018,0.164262050451346,0.012588672476257149,0.15182567963069538,0.18280810375122986
220,0.17348186953017072,884.6624584943083,19.504497672299063,2.0,0.501269681715685,0.2756983249436268,0.07120461784310818,0.03017916053389912,0.035069706144981706
221,0.7079000838070153,556.7490171446998,44.7072817462684,3.0,1.831006002511591,1.0070533013813752,0.11844375522278326,0.07012987247834263,0.08126695353253456
222,0.3602184107798251,682.6157759215777,1.582650852766847,3.0,0.8485110673364866,0.46668108703506767,0.16556640936474873,0.022256886675510037,0.025782257077103327
223,0.42074471093165877,551.0803165339369,2.0957696101335146,3.0,2.392988621798128,1.3161437419889706,0.0831047903033072,0.1429176558325217,0.16541351586228353
224,0.6199587357115816,715.9538646910374,0.0007622263833925989,2.0,1.1426673872797473,0.628467063003861,0.1077861910630411,0.047030602631626506,0.05444455781832867
225,0.3979719291388982,778.8031909522376,42.91960349527021,2.0,1.2614122062220159,0.6937767134221088,0.036101896525388276,0.5177663479764988,1.0001099826201056
226,0.32962335646485696,785.9297087861544,0.03365585539376377,1.0,0.8014466238769214,0.44079564313230685,0.0421427815087809,0.07246075456280097,0.0839895519471078
227,0.15473703937897426,701.1569617579527,10.891337701581792,3.0,0.539927345464979,0.2969600400057385,0.07801932136673101,0.14393611392234607,0.2160872104022622
228,0.4737610242389265,913.5158084011003,133.0216447827225,2.0,1.0903545587771641,0.5996950073274403,0.06995165071733235,0.061534047693272795,0.07133644945327311
229,0.6203531734154337,681.5905869962113,8.75763825529619,3.0,1.6176353998938287,0.8896994699416059,0.24893761449250523,0.041708539910111475,0.05008739762644297
230,0.2214610812306224,798.390174001187,8.423950208450165e-05,1.0,0.22456328795362607,0.12350980837449435,0.04785676824461166,0.0733292701472785,0.09109569583213312
231,0.4808852317328245,555.3331230466086,3.9135805761589664,3.0,1.567530518704063,0.8621417852872346,0.10230871364023864,0.06839188574689718,0.07919623788916552
232,0.5126301482910669,650.4222995012836,3.372141478694451,3.0,1.264304323708294,0.6953673780395618,0.0822384487724035,0.07695798085886865,0.0891142476237809
233,0.6089612327436744,799.6770569405477,17.184191012218793,4.0,2.07634934419985,1.1419921393099175,0.2468679729001113,0.04736554696902226,0.05539280499164228
234,0.33917494072020454,608.8334554568191,0.07333820426278409,3.0,1.2530367707632604,0.6891702239197932,0.08660695317347347,0.07244708893586153,0.08389295370796515
235,0.7925555140649014,691.0029956933545,12.852243548685477,4.0,2.270121813429841,1.2485669973864126,0.28923157413053824,0.04235991244701874,0.04912120636045893
236,0.2287101673419734,632.1382186049599,0.9551269605289306,2.0,0.7850148699748434,0.4317581784861639,0.13082923984602166,0.02667774265524874,0.030977748199445584
237,0.37002905903571603,663.2946446057674,18.90112895902797,2.0,1.0482383164473854,0.5765310740460621,0.07890738316255445,0.3014571329403559,0.4931848889210871
238,0.37858805673516055,683.7445322884303,0.012076425238909038,2.0,1.1835362608558,0.6509449434706901,0.08329891575320353,0.05745926198537366,0.06657623241016299
239,0.3926676555629145,616.9471079508503,1.528293518414541,2.0,0.8491141819512534,0.4670128000731894,0.11312839118433818,0.03235087601703202,0.0375901085425685
240,0.6041023235605582,701.9053476546063,40.28036767572915,4.0,2.1185889752085743,1.1652239363647159,0.23426927203016942,0.040220714905738225,0.04716656097711147
241,0.22231651520518525,594.8667843942119,0.961775473404214,2.0,0.7001524656332616,0.38508385609829393,0.0832879379699175,0.04042319325336843,0.047769505198694114
242,0.6052855335906262,673.1128272897934,0.03668207304286854,3.0,2.025947077459232,1.1142708926025777,0.08999341878653963,0.12955577276286473,0.15507186407253234
243,0.3904300379187468,741.0981014083355,9.883423151905014,2.0,0.982780881275391,0.5405294847014651,0.052824392072502474,0.0739168604930986,0.08559791716674267
244,0.4807804119617749,827.0180724581081,3.4144690488265174e-08,2.0,0.8337759781971624,0.4585767880084394,0.03253655316393102,0.11388420647643338,0.13209671283969768
245,0.3091125403969901,581.2713115278953,16.107387707524836,2.0,0.775375476676686,0.42645651217217734,0.09637488362717003,0.038975059849179934,0.045849228053330034
246,0.2629305685893968,585.8553962573072,0.026394885506859072,2.0,0.6297408965130417,0.34635749308217295,0.06762259288451189,0.04047472493959492,0.046893373245263645
247,0.18301860806728998,794.870421335804,0.9421920747582497,1.0,0.4849517093809762,0.2667234401595369,0.03157145243529487,0.06673305903257487,0.07788797140958068
248,0.893118815724444,723.0447659310582,0.132813723824733,4.0,3.1718261582792677,1.7445043870535974,0.20311757982604617,0.071820037336586,0.0839688072218478
249,0.767983137720695,700.4251463944175,33.43630308645613,5.0,3.374727767881046,1.8561002723345754,0.2761155914173066,0.06564058534775191,0.0763608556135096
250,0.270201111150008,655.348418389417,0.003934903422321627,3.0,1.2211895055624014,0.6716542280593208,0.11447776001279192,0.08054470944161317,0.09322871131194278
251,0.7870443234109024,572.9717799478464,12.29944130578022,4.0,2.6996046959155557,1.4847825827535557,0.14095447709031855,0.1435760582147703,0.16617341310841927
252,0.41767951705259393,592.2690857964271,0.0028820266903572356,2.0,1.7832051100500492,0.9807628105275271,0.11476697377880758,0.11674065079136947,0.13511798685954363
253,0.3739881891650431,593.4946891061124,0.01195164952261667,2.0,0.8464000292780682,0.4655200161029376,0.07934265489481301,0.06753174142415966,0.07823418747649646
254,0.3012952438737858,526.9797405343838,8.320743983711523,2.0,1.0710389008134147,0.5890713954473781,0.045812767319998816,0.12663920444034843,0.14665548401824616
255,0.3810104274395812,484.97054389372386,0.22995882218235317,2.0,1.2013844756224554,0.6607614615923505,0.08090892215538538,0.09346814879021305,0.10824967937964314
256,0.097320694907459,683.8352491887308,0.03995469203433726,2.0,0.511210320077106,0.28116567604240833,0.06782505565979739,0.23532030861691305,0.3314809305687564
257,0.6475373148268275,689.9498744980327,0.1991038953728804,3.0,1.6069439544536084,0.8838191749494847,0.11025301247086003,0.23420971733580326,0.48229666144732874
258,0.524906913102448,517.755773252481,21.628152104225617,2.0,1.3756265508393444,0.7565946029616395,0.1477450021936648,0.25961365715154133,0.38598354421393155
259,0.5552054832587294,863.0124270987067,2.6134511147127166,3.0,1.5150995108692762,0.833304730978102,0.08041636834846723,0.36292450915846025,0.6679628000864914
260,0.9214090167368962,782.4313114309625,0.00039503632671389886,6.0,4.333567747071757,2.3834622608894667,0.380422784288359,0.20964318766624918,0.40782138649168775
261,0.14824996962074702,579.7120303636551,0.5354358821546426,1.0,0.2673047850351065,0.1470176317693086,0.022566264183007383,0.0576260576856536,0.06731277987076018
262,0.8061652079659518,906.4375491116086,70.43912407297037,4.0,2.384336957470899,1.3113853266089945,0.18759574480872812,0.059133990583718175,0.06848191396524174
263,0.6534498376729772,744.7425573355579,3.95132739259961,4.0,1.479183407160003,0.8135508739380017,0.09721083739185599,0.10983368759460951,0.13215830804959944
264,0.5828008437719192,579.3602082143058,0.0003152125817429328,3.0,1.519987256226099,0.8359929909243545,0.1032021343959061,0.09554664154258503,0.11405179937468474
265,0.04557988208985402,744.9518917972512,94.14670488936932,1.0,0.100606577338241,0.05533361753603255,0.02498733860301807,0.01844144140871914,0.021450733510686337
266,0.35503711072991484,628.8422270263676,1.4103419499561405,2.0,0.6487689170748647,0.35682290439117564,0.038253204297573666,0.07918351255022314,0.09222745992191904
267,0.42011891191433304,772.9960150847762,8.163144119339524e-06,2.0,0.8141716037638718,0.4477943820701295,0.07754873222565346,0.08511361467977199,0.10303087263834132
268,0.48928394862485874,384.50918781844643,0.004912020963446616,3.0,1.7715121689290902,0.9743316929109997,0.1564774919700303,0.08363331662054617,0.09680145306486959
269,0.10614708481482173,629.9063264118944,27.515090829548168,1.0,0.43696318981866195,0.24032975440026408,0.03840231612487657,0.06878994444639006,0.08229591503305829
270,0.7145486918188113,776.8330998764251,2.6622035719292665,3.0,1.9026865517503897,1.0464776034627143,0.14316623928032915,0.061354134426528754,0.07182155857849916
271,0.2522476408833668,631.2099234964156,1.77643200826288e-09,2.0,0.7888780386969981,0.433882921283349,0.07252654878325117,0.05496894161482554,0.06463393052043279
272,0.7927234269058443,435.0563934101175,24.529810266202936,3.0,2.046175798161448,1.1253966889887965,0.1134413079282256,0.08406281193357668,0.09863458432135858
273,0.13638152140861567,568.9420146286781,71.03769831007853,1.0,0.3482104026690422,0.19151572146797322,0.028298183415069657,0.4247560175918246,0.5548919405706161
274,0.48642371624053504,687.7091057780375,7.307832818938218,2.0,0.5996689104962731,0.32981790077295026,0.0527817479730212,0.5259184260259936,1.2449116490597005
275,0.4948420321987089,555.1830435840805,3.306737275633661,3.0,1.5172697311145584,0.8344983521130072,0.15395969091880196,0.2714432672878315,0.394403064587269
276,0.7673184843857244,700.7261992908476,4.3325335402217755,5.0,2.2764269198197296,1.2520348059008513,0.2791159222484036,0.03986416573754691,0.04616379627040438
277,0.3531570883578593,591.4368129935863,24.968595077695444,1.0,0.8337468441672403,0.4585607642919822,0.03347115653632043,0.10392461639243006,0.12063012142690097
278,0.2436805105430957,657.2713316214738,0.06806203710262244,2.0,0.5689969157618056,0.31294830366899307,0.08136779909828153,0.030678096557564254,0.03577297787697425
279,0.4650993725030621,854.5270304520809,19.274144736068568,5.0,2.1000366883764756,1.1550201786070617,0.17619035360366248,0.1337924360794823,0.15485466260463832
280,0.16366363500006184,527.4715403530529,0.007306895330946849,1.0,0.3994785790474734,0.2197132184761104,0.061359270648454964,0.02702061318531568,0.031380827128197335
281,0.3839229404683829,580.8872274810693,0.007233936639238731,3.0,0.9754279898255905,0.5364853944040748,0.12259447923870061,0.03328031196259403,0.03854306533631253
282,0.32834424183819705,704.4870596522994,5.111539814947378,2.0,1.056395159932697,0.5810173379629834,0.10976894023684511,0.04704784318841655,0.05446063695602689
283,0.5568520855886067,774.1015781883617,0.7060636756587171,4.0,2.3476750771398707,1.291221292426929,0.18452794591980567,0.2315445185345209,0.41198020798678153
284,0.40553240612617547,578.1594612640671,67.55271641263334,2.0,0.7328781457071587,0.40308298013893734,0.1029418601241335,0.03679635187575594,0.042615737626939744
285,0.6545224920820341,655.3855814863742,0.9651324209547896,4.0,2.218146396339129,1.219980517986521,0.16448292903437764,0.07704265177689767,0.08917579173253609
286,0.541864900971802,500.13103976256326,0.0005814161230225767,3.0,1.210435335697351,0.6657394346335431,0.08001542400496703,0.07324237346374174,0.08579182403338424
287,0.33675856293844,742.519009251416,0.5013056561459017,1.0,0.5602772751993805,0.3081525013596593,0.035663494424194774,0.08539818738905777,0.09885397390317453
288,0.9416254353663402,681.437139689846,0.0013933403433347008,5.0,4.576077405772387,2.516842573174813,0.4033876090855423,0.06892521419923224,0.07977855019175047
289,0.7003200324015277,506.46713128128806,3.2624980416696068,5.0,2.1347502852962563,1.174112656912941,0.223052259091352,0.05825158513540777,0.06742864138580548
290,0.35279542147268483,750.3316448288425,0.0016825232515775663,2.0,0.9916255417565925,0.5453940479661259,0.09479943085240672,0.06374522620671882,0.07379117843590673
291,0.61586599182365,1090.9763946526227,44.2614382725954,3.0,1.2516562412930892,0.6884109327111991,0.20128835912396817,0.030623282326026853,0.03554925053583626
292,0.3206836100930147,779.3903615140238,0.6082287462240716,3.0,0.9859607254929286,0.5422783990211107,0.14416728931078893,0.19769401835684797,0.2751670326445212
293,0.7801809973448085,831.5459727456835,0.0021250257149628923,3.0,2.2540101991615282,1.2397056095388406,0.26438735691058673,0.20656982517984654,0.3303960877045604
294,0.258141932585883,603.4750197420639,3.0412098715637015e-07,1.0,0.23888618274678036,0.1313874005107292,0.029722505542919275,0.043515834183074004,0.051452447541364126
295,0.8085870894182383,594.5750221095745,49.06248719573384,6.0,2.8092371077882867,1.5450804092835577,0.23367356095582445,0.06048154196495231,0.07078877368130801
296,0.6261578889046137,792.4514171811757,1.5913332635925233,4.0,1.9632847143754,1.07980659290647,0.20195717699309515,0.5849311004159089,0.6769437272018699
297,0.8534456630438751,812.6683542470543,58.35979127766096,7.0,4.447456714325592,2.446101192879076,0.39566985469476684,0.05016569360931262,0.05809061270241271
298,0.18554862144498824,748.5973274397663,110.98430570039861,2.0,0.709704905598903,0.39033769807939667,0.12594547683109725,0.06478577142888535,0.07972545558871566
299,0.7086132554505472,577.9794127180124,0.20423240863619593,4.0,2.014193395726388,1.1078063676495133,0.17395456084331723,0.1909583518012012,0.35002289337469167
300,0.6561939915176298,607.3356299224185,0.20263235538973834,3.0,1.0145253713355482,0.5579889542345515,0.17500637303664607,0.02786791827292944,0.03251528875525376
301,0.5269171924338278,622.7558704212161,0.04257367593715512,3.0,1.5795556484247062,0.8687556066335885,0.11698764487019132,0.05780381767910161,0.06707365689139336
302,0.14556870650821116,737.4524305745415,54.665721841831,1.0,0.4598474761280281,0.25291611187041546,0.03921315690075118,0.055042555865192216,0.06412785729928751
303,0.19649084348969212,734.0119648449411,0.0029602316107073274,2.0,1.0513171489516402,0.5782244319234021,0.10657884881708254,0.07680630584915318,0.09261728722596826
304,0.6311452467018737,783.3023724190925,92.39243883611199,3.0,1.607934918310019,0.8843642050705105,0.07830167432934428,0.11541826395818944,0.13570564879666588
305,0.404283519400308,674.778289155535,0.003908954742722927,4.0,2.3770003058178224,1.3073501681998023,0.1382821248501262,0.0966167179619268,0.11360029928409944
306,0.13952630029737753,736.3102369723649,121.46716899916944,2.0,0.7373428290981504,0.40553855600398275,0.035592841812233836,0.10161212029874063,0.11764510354608738
307,0.2501558060529901,629.2057174261387,10.22420604138587,1.0,0.7035214495933813,0.3869367972763597,0.0401448667067281,0.08812587401141275,0.10219267100835722
308,0.921953632493557,623.3316155485256,253.3088787012963,5.0,2.7890773596827176,1.5339925478254948,0.26792131035943895,0.06381632236635171,0.07386441252829151
309,0.22040197471060358,642.0219749351204,0.0012874246381747118,1.0,0.3873839788527571,0.2130611883690164,0.04817966877874361,0.056117237512722476,0.06711652563198706
310,0.3526947370033094,717.1876764259525,4.67139668052326,2.0,0.4820366263065339,0.26512014446859367,0.04658134659079137,0.07054139702663192,0.08414364480417603
311,0.6671493765128779,630.5158917477879,10.54752304791855,4.0,1.9141592513682704,1.0527875882525488,0.19049747816298487,0.05519141867350476,0.06392275239920245
312,0.7852926473985469,680.2547444178965,0.0427964283114807,5.0,2.4474959678329804,1.3461227823081394,0.1749289194444277,0.07154384587971624,0.08298833950938939
313,0.6788818219828396,600.8043803857129,27.056595080452652,3.0,2.2613906867446087,1.243764877709535,0.18048147996938405,0.08969842611494144,0.10777097857132109
314,0.7438260015499272,804.5750318659484,1.762472175950636,3.0,1.2521747871610824,0.6886961329385954,0.1264185001238691,0.05303207040140459,0.06241976821166554
315,0.4654694140439621,710.8792409812253,3.7218481902798053,3.0,1.1228984746874284,0.6175941610780857,0.18227557542469558,0.29817276816268756,0.34954992603447915
316,0.6011606577394029,423.6547319491097,4.555904266960205,3.0,1.4596215590982395,0.8027918575040318,0.1411912737619027,0.06323978323401545,0.07319753075493107
317,0.37443657870753616,692.5166408322832,0.09606880438746743,4.0,1.585437077309545,0.8719903925202498,0.16131258153980496,0.03969908973484378,0.04596840173983039
318,0.7459636298330059,686.4423679741734,0.14213312727866104,6.0,3.5907577954223844,1.9749167874823115,0.236869043118826,0.11183080664586449,0.12943448206554392
319,0.39802555737339385,576.534801631248,3.574543092276575,2.0,0.5215371779966238,0.2868454478981431,0.06426800574256819,0.06517120140197968,0.07543806761752685
320,0.36889209903790826,682.9266496058804,0.12416380855961692,2.0,1.0166703236515289,0.5591686780083409,0.08003166841478561,0.05117174152688977,0.05928700522597467
321,0.7018499346035507,837.4366802309612,0.5286092672052882,3.0,1.5647834438633592,0.8606308941248476,0.13530010934505454,0.06114034941882107,0.28295866393001956
322,0.4053610172839522,828.7728588369853,7.494485969380222,3.0,1.0972279122302566,0.6034753517266412,0.13685356298020643,0.14861421237545958,0.2464986294984112
323,0.17342965289046644,763.4795287395139,1.6727137210904017,2.0,0.5238051316483748,0.28809282240660616,0.04934675609545571,0.20032398105797908,0.3289489911119403
324,0.09454315157608614,532.139557331731,5.835130725574737,1.0,0.3177648773730891,0.17477068255519904,0.03508826580055147,0.03540462533631913,0.04099662802597001
325,0.7675573331657183,785.5207840584098,48.64047676864395,5.0,3.3620705198385243,1.8491387859111885,0.33726515296185783,0.054214032943450216,0.06330304313209024
326,0.23299970027200795,702.9034089713115,0.8348376413628666,1.0,0.3589975935226461,0.19744867643745537,0.028354197967732007,0.06743289159321829,0.07848595120364323
327,0.5124540706260169,650.9217356153163,37.79047543939549,3.0,0.9042237883552974,0.4973230835954136,0.22305719635451057,0.02213664901159139,0.02576163182906106
328,0.4249468889674629,638.5328124337306,1.18416517566395,2.0,0.8590692886796936,0.4724881087738315,0.06204109750690955,0.07411073168936315,0.08597167166803431
329,0.22244217907582944,668.6191457169006,135.22796207855228,2.0,0.5272153161161818,0.2899684238639,0.059515366372528,0.5501042851603879,1.1976836126499268
330,0.28728286021576166,906.300826331744,0.1432961625311611,2.0,0.5968434893067287,0.3282639191187008,0.04065273449660342,0.6697700444735721,1.5957567248139677
331,0.7771259302867705,665.181555447664,6.359222198124111e-05,3.0,1.9807163118481432,1.0893939715164789,0.2578646580246068,0.38164360916116413,0.8832791662473592
332,0.4639770050671114,705.4931791006983,10.258495448730697,2.0,1.6937057999596445,0.9315381899778046,0.12802929328900342,0.07073024358061704,0.08238242620354798
333,0.17754181382654677,618.5369604458324,0.25960774283297705,3.0,0.8821365409625535,0.48517509752940446,0.1307274350700758,0.034823702157100046,0.040426534391489584
334,0.6092990943455947,780.5955065467667,3.2598963041810176,3.0,1.2645284387280258,0.6954906413004143,0.14649348432909673,0.08290867647025635,0.10092889540211908
335,0.5848123575428346,672.2277558959361,0.08617546299991137,4.0,2.1265981196422503,1.1696289658032377,0.22077262799790157,0.23158785261007336,0.39538342534364745
336,0.7136135752054129,703.5995674249785,0.006282862465893986,4.0,2.1190021563181007,1.1654511859749555,0.20743293604991897,0.06330639842765817,0.07368975990266775
337,0.6179210624804095,574.4569734980493,0.0766482064451248,3.0,2.8319026680942043,1.5575464674518125,0.13386101737122338,0.34721763342300793,0.8804476816264701
338,0.5284293466203116,659.685988499921,230.60932990445556,4.0,2.383544833055173,1.3109496581803453,0.18140779141349708,0.10553383899931341,0.1221477841010877
339,0.47938799855290437,639.8551999631042,0.11426569947726314,2.0,1.103956089164931,0.6071758490407121,0.09166399953000058,0.05088433845703609,0.05917142559778448
340,0.5184425205001613,656.7016820202832,3.178012266993235e-10,3.0,1.2420288876129424,0.6831158881871183,0.1552419236779306,0.03340349531238827,0.03876992749441868
341,0.912365561155963,633.6319482020693,1.5615395619778436,5.0,3.308471180679034,1.8196591493734688,0.2929298935159596,0.05171248459930959,0.060515876568032034
342,0.7487435787026739,646.7779289521811,1.227100775474325,5.0,2.343705909839389,1.2890382504116642,0.22364560000332878,0.20330088183428477,0.3369774925138363
343,0.5221057761736452,729.8508574582149,4.819528651530907e-05,3.0,1.1696370360965977,0.6433003698531288,0.2320385274461864,0.020165947972396778,0.02336945820145839
344,0.5790612728842286,801.1210713930997,0.10234605067165924,2.0,1.4352244339357065,0.7893734386646386,0.1115015626252613,0.05833686553373897,0.06833323566992355
345,0.278286553945286,750.7704830733302,20.439071339339602,1.0,0.4558862034889949,0.2507374119189472,0.01574536415577585,0.4705937475095503,0.8635102604233188
346,0.3329244204093868,679.6088187332475,0.005750648727147775,2.0,1.1593350470652093,0.6376342758858652,0.12444052103254531,0.05552529782890007,0.06428530907197538
347,0.7722485722184905,685.8487978088784,27.03031955475672,5.0,3.9264251301069417,2.159533821558818,0.2621079670264856,0.09168725275030709,0.1093977556609406
348,0.3281671245062473,701.3923802949142,4.725953227465398,1.0,0.44654957899535563,0.24560226844744562,0.033410343332235845,0.05735655287024485,0.0664470841333973
349,0.7350292384727322,480.5836796890363,0.005425721038317575,4.0,2.6712025586432984,1.4691614072538142,0.17950333884153427,0.07048279266171922,0.08177143365021478
350,0.8938342086005916,450.56343557557324,42.98266964094163,6.0,3.018425955168905,1.6601342753428978,0.29702008169024186,0.055077588958115736,0.06511463658856909
351,0.24754828665113393,779.5522314283467,14.323582218803367,3.0,1.289155858185096,0.7090357220018029,0.12601407071447157,0.05507119656661788,0.06516142031561652
352,0.3758466940361344,819.804374511169,33.921133997375804,2.0,0.7781587571572869,0.42798731643650784,0.07258503235229107,0.052247104241838906,0.06051943475579551
353,0.49161398684725105,784.1605405260639,2.1754617777683833,3.0,2.0127397656157004,1.1070068710886354,0.13827751075042855,0.31255832482116813,0.5016356624990707
354,0.9702233251553101,847.3960649467306,6.196168922131742,7.0,5.307488565572515,2.9191187110648835,0.4812862133252087,0.0499628354270929,0.05812657845156609
355,0.2573024776177261,553.9407191719835,57.03630047464055,3.0,0.43998474693547723,0.2419916108145125,0.11554526005556871,0.18572687839681248,0.20421965802742653
356,0.5490366546799431,650.4012912260353,0.5507037151764813,2.0,1.0999647119537395,0.6049805915745567,0.19102656834583404,0.02791117132519291,0.03289440780117585
357,0.3580014513059266,629.9558878949573,138.5231183737456,2.0,0.6990902925897174,0.3844996609243446,0.05692715808148015,0.051771543277883775,0.06006819426199283
358,0.1838597841424126,838.9016012403351,0.00017638060215959174,1.0,0.7520754595281807,0.4136415027404994,0.04079532695083195,0.07717274831000151,0.08948246854611734
359,0.18593757770412367,589.697702823539,9.478739593824562,1.0,0.4091593019686773,0.22503761608277253,0.0386325749856631,0.04497523267082698,0.052116728121307215
360,0.8659418590363225,819.2137952159244,0.0018206297943150818,5.0,2.954138442005593,1.6247761431030763,0.25123302749245213,0.049313817031776126,0.05725219293287061
361,0.8209586619120561,479.7190711628114,0.0033181997060184616,4.0,2.1364825100796567,1.1750653805438114,0.2068277947846783,0.08622219381555823,0.10446075474660499
362,0.9857290300456576,703.9704738600267,7.414072161539012,8.0,6.697248473582055,3.683486660470131,0.44158637269388323,0.18082153717167815,0.4580368197770843
363,0.6771165002059905,529.7256038898267,86.18930944039244,3.0,2.79612887596424,1.5378708817803322,0.15315719933206168,0.23397164376444224,0.563067831065046
364,0.2553639934754607,629.1349212424922,16.99999604212749,3.0,1.1972605633275892,0.6584933098301742,0.14633698051456087,0.04285232355665013,0.05024091735524954
365,0.13246341412201157,565.164231653273,1.5110240867039606,1.0,0.35050558597842457,0.19277807228813354,0.028961741745041823,0.0625952374512701,0.07346189834663747
366,0.638767768084199,644.6686654451901,37.646104019330636,2.0,2.0858322502688833,1.147207737647886,0.11395693065898946,0.6802173070499908,1.8419209317134522
367,0.8251085469040623,550.9527623560683,3.7873928900144075e-05,4.0,3.4140504029863425,1.8777277216424886,0.17041611007224047,0.11827035062595961,0.13688520936498058
368,0.2830134810719285,754.592105899203,224.35049324326658,1.0,0.7343740253990685,0.4039057139694877,0.04780648164278853,0.0684907762288626,0.07940742063681881
369,0.23549802144582213,594.6241020537759,83.99437257238029,2.0,0.547314496677692,0.30102297317273063,0.03452974479088014,0.07077745649877423,0.0820699043078435
370,0.22446990263150718,467.22807280172304,0.46240819203974726,1.0,0.4403711186522595,0.24220411525874272,0.01823104601007496,0.14747987266233611,0.17070607344249739
371,0.3490729899242552,545.8642685429671,85.76552550869272,2.0,0.992918134719657,0.5461049740958114,0.11157577896034022,0.056691001395814504,0.06563782781086758
372,0.4452999604661992,677.7714768525283,12.369018310934397,2.0,1.1442322155613105,0.6293277185587208,0.0667676203032754,0.07494832759596053,0.08682865319511003
373,0.3502680084625856,629.4284528887667,0.11045318552909542,1.0,0.509161566615026,0.2800388616382643,0.03432054525906068,0.19273615458566634,0.4327522114432872
374,0.38325689779317257,753.1208707253203,54.378333240795385,3.0,1.4064433610611293,0.7735438485836212,0.14328941979595208,0.12622343280225706,0.28536090011513743
375,0.4249854057522175,563.1733891997326,0.04347722532219091,2.0,0.9133409624089791,0.5023375293249386,0.056559955627283436,0.100970861250111,0.11689011673444626
376,0.49665964938287016,767.3486343175429,1.694824948876988e-05,1.0,1.095238417100626,0.6023811294053444,0.04459413112467398,0.1158700887149135,0.13589686511615057
377,0.3424778674407824,996.9666694463393,3.366159313023655e-13,3.0,1.4384244816805793,0.7911334649243187,0.10588331861888946,0.08303138425689646,0.09922403053407491
378,0.44571758184107957,699.8621413005658,15.43331546907532,3.0,1.9748843439464212,1.0861863891705317,0.16493222825058032,0.08465845445220609,0.10208710677059289
379,0.1085461181833206,707.6147186252099,0.6451657880831625,1.0,0.5297427441641381,0.291358509290276,0.032247768189288005,0.12549015738205357,0.1519525530365577
380,0.6303216000360778,534.4093299521862,2.821282484496254,2.0,1.836602808038169,1.010131544420993,0.11831728240906601,0.10235133132992813,0.12296178645179073
381,0.7839033351409934,781.1418070979802,160.2786587186145,5.0,3.502691012516901,1.9264800568842957,0.20099837212339625,0.10633944931152686,0.12307909204069728
382,0.8412148490309826,605.052395298381,0.3146724950351758,3.0,2.8623455132972127,1.574290032313467,0.13513965409387493,0.10316143808792612,0.11942690506873599
383,0.7019229247396803,905.1626851964379,0.2582024213576567,4.0,2.2071135444805297,1.2139124494642914,0.26032165703185717,0.20137578908520165,0.3325408189184069
384,0.20532509320508757,670.5039148227793,33.23199129961606,2.0,0.9202660823123652,0.5061463452718009,0.05147150895288918,0.08730468334416408,0.1010907045011537
385,0.5483744550452834,481.04214751539774,3.982438329906534,4.0,2.824315217210718,1.553373369465895,0.1560598245644111,0.1005814251352146,0.11644533586014366
386,0.40245523406040634,685.8713206524257,7.0823652476572185,3.0,0.970718319233184,0.5338950755782512,0.05628367455462523,0.10319111135711527,0.12355965653430237
387,0.38385487021602444,774.4710416859953,69.1616430855646,2.0,0.6255607396329389,0.34405840679811645,0.08110556498237861,0.031220485249363675,0.036262845742229016
388,0.3181876606874314,849.6450776753823,0.9814536713247304,3.0,1.0631219454518201,0.5847170699985011,0.0798417260657552,0.0999823111393555,0.12134035565544803
389,0.1709680399536935,747.0435607445721,3.905214211640774e-05,1.0,0.18671778106081396,0.10269477958344769,0.029651779866713347,0.026112968269672413,0.030397391850226812
390,0.6910825149467543,521.4111975368735,0.001620081280590362,4.0,3.845286294314643,2.1149074618730537,0.14286001092275644,0.13287440429915123,0.15378990829419184
391,0.4112154315184971,847.1578127812986,0.0013832324876722104,3.0,0.8880476545443391,0.4884262099993865,0.11217128167158427,0.04178967402011728,0.04838817006441555
392,0.3785626085885228,849.6413465590194,0.011420332733230417,1.0,0.8453929411879473,0.46496611765337104,0.06789247598380498,0.05655038433500888,0.06545379257846413
393,0.37378987294802574,870.6765939083318,0.09900332439896957,2.0,1.0634949717453444,0.5849222344599394,0.11131373710694942,0.07286839297963342,0.08433737013756952
394,0.37391471972050017,658.6087713753126,31.66817724401031,2.0,0.7173788740689611,0.3945583807379286,0.05983024105009394,0.06078386780952758,0.07035631571970817
395,0.7971282502910182,601.205068351778,22.437952399598906,4.0,3.3956185707189537,1.8675902138954246,0.25071934907949966,0.22747840271556358,0.26326469478239867
396,0.5111754152550323,684.1973795062868,0.001004014321115686,2.0,0.9822514190361226,0.5402382804698674,0.05314653983167302,0.08253743250611255,0.09557414314476939
397,0.2690083959860258,518.447975999034,0.6827272689331392,1.0,0.510715397192798,0.2808934684560389,0.0450687266246897,0.05598320006650359,0.06486395144074925
398,0.7472729554437003,870.9801495962097,4.8264799034166114e-05,3.0,1.9586770555657804,1.0772723805611792,0.1759736113391755,0.051009514129777625,0.05905921780892852
399,0.6967803851813041,500.6551181575686,3.141442104103798,3.0,1.9318326411936955,1.0625079526565326,0.16596519529260653,0.05143727922921118,0.05971098274733357
400,0.9269903438646594,379.7518278730567,30.569010610421284,4.0,2.7717928610904075,1.5244860735997243,0.28931968529030117,0.04678132875255666,0.054180565421108655
401,0.6207756849357216,603.2516545751904,6.858254706686852e-09,3.0,2.203442154038021,1.2118931847209116,0.08696623613148118,0.8248600391417362,2.5109270161972552
402,0.1557557080036703,761.20954657475,1.3789027767051931,2.0,0.5665520055821962,0.31160360307020796,0.10067448492585403,0.07560074191631323,0.09346948164378818
403,0.36034366423153297,585.9325372137624,129.2735179808152,3.0,1.3506377309791904,0.7428507520385548,0.12995024876605524,0.08449509817167743,0.10254177558576949
404,0.6765914743433117,634.3748334855563,4.6708195302317215,4.0,1.698599068613221,0.9342294877372717,0.16871741796690223,0.13443958755018948,0.2736387037462872
405,0.9119125767416286,279.62795194052535,12.577929619107797,6.0,3.2268553025668907,1.7747704164117901,0.27466010318284934,0.0616122571140291,0.07149876312057658
406,0.6568293137024306,767.0229350593181,0.5214373528770239,3.0,1.5932169267049014,0.8762693096876959,0.16813874138065138,0.042300906872487935,0.049517363919144505
407,0.5777049807592542,524.3016092445478,23.170620737925574,2.0,1.2059093696301342,0.6632501532965739,0.09441000719929067,0.0937932254310778,0.10868970403279377
408,0.6359671943235865,522.7647992459265,0.649230819204256,3.0,1.5027075699582928,0.8264891634770611,0.12599794816042517,0.0874447773882362,0.10132975235143248
409,0.4796744447320656,525.2122332942229,0.0001399181896682096,1.0,1.3394611999062078,0.7367036599484144,0.09849418274132246,0.05956611210564605,0.0689605314186238
410,0.901068639997633,666.1092409936317,39.104046885720834,6.0,4.231140148654368,2.3271270817599023,0.4003297563910096,0.1389814657078192,0.16084826539340752
411,0.6327654064485366,624.1311010791813,0.0013200167070368354,4.0,1.6656552168442045,0.9161103692643126,0.09591719978468323,0.0910600536715841,0.10540290512222496
412,0.7043478810918398,617.825460194645,52.012996865152004,4.0,2.65146080745261,1.4583034440989355,0.21749806483033696,0.06391823502067091,0.07398716230552294
413,0.7608264608693657,1038.839488012548,140.11852488310703,4.0,2.3472406843991966,1.2909823764195583,0.1586389900251195,0.07986406394140161,0.09286188989199824
414,0.6797363369146665,565.6125830888747,1.0561716627173476,3.0,1.3528920848417927,0.7440906466629861,0.14790035979201627,0.0509695929559236,0.05943243580008781
415,0.8503080159756522,635.3068514502924,3.2568816093219044,7.0,3.4245767057386307,1.8835171881562471,0.6212017218530833,0.030837364426057355,0.0359687505735488
416,0.44757632167896727,691.1860286521361,6.2527590844616805,5.0,1.356690096244432,0.7461795529344376,0.10710605089176439,0.07237665675339869,0.08381984056521963
417,0.14799327489798939,570.1813901781112,15.47413595769929,1.0,0.26039277837953223,0.14321602810874273,0.02365331006998694,0.06360127589250547,0.07370222666326273
418,0.6461012929439742,422.71836907823393,1.6552416308878843,5.0,2.009916430166989,1.1054540365918442,0.19883938394363607,0.07301097921874798,0.0845284056865177
419,0.7475739653631472,745.6750631160271,277.18118423865826,3.0,1.985166229310155,1.0918414261205853,0.13721855936050675,0.06473749545017249,0.0749506303439016
420,0.7821131170972,567.367827723428,0.0019082886302562991,4.0,2.3691992922313774,1.3030596107272576,0.22549491256215123,0.0606200000043994,0.07024991698426365
421,0.6610603851543768,445.09681318861203,0.0009015207574801637,4.0,3.162164037955406,1.7391902208754735,0.3011137874142988,0.05902295338513142,0.06925900658739755
422,0.21883852541307272,580.9334767753357,92.64247815400468,1.0,0.3333990577000028,0.18336948173500153,0.024601310189611588,0.08375831449200147,0.09901755596280856
423,0.22649639303638017,540.2601682452678,11.310413095311079,1.0,0.4494074348657479,0.24717408917616138,0.05432038506106871,0.05430218285408281,0.0644725465017058
424,0.15098321954372257,643.89720398674,0.017277940010143895,2.0,0.5302325402494598,0.2916278971372029,0.03853007748314281,0.06609187761937364,0.07779602958976832
425,0.6356043650901988,546.8320948368225,12.901460739812823,3.0,1.504488992551379,0.8274689459032585,0.15043108431667307,0.2991118920241087,0.4102019455960948
426,0.4818925849981873,574.9719250167017,15.194137428106073,3.0,1.329317196861463,0.7311244582738047,0.14274542457547018,0.049188403465089715,0.057061896580678936
427,0.4981222001035807,852.1665045864033,28.7851872078601,2.0,0.9175203428046905,0.5046361885425799,0.12552516456213064,0.03718069745544997,0.0430680668759028
428,0.8473359757535729,571.5874786571459,0.1214496770155143,6.0,2.9421322163302586,1.6181727189816424,0.3631194674445117,0.04650587672074825,0.05382925741094837
429,0.5432563141782925,900.4152806654157,30.703876501664947,3.0,1.7649869339503337,0.9707428136726836,0.14510447748311872,0.05561425398935522,0.06442260094000155
430,0.6801389614475554,876.6143857649306,5.937095647863415,3.0,2.2505752981786666,1.2378164139982668,0.1396105149940302,0.1992981502656278,0.42257072497196146
431,0.8604429953667563,695.369879898674,98.42463119613691,5.0,2.12859246466595,1.1707258555662725,0.2500014819196676,0.04096963524658538,0.047637084671938924
432,0.16804206057730564,427.9708703019132,0.07214774864326963,2.0,0.2870209717220623,0.15786153444713427,0.06592040227726621,0.25148726926670206,0.25731968904889024
433,0.48582701780488613,602.5223733859403,1.7923925161823293,2.0,1.0232053566124812,0.5627629461368647,0.09125214840331429,0.055384376302241946,0.06410515143885466
434,0.4522405921542872,602.328570434681,1.1499765700902613,2.0,1.3057311452528884,0.7181521298890886,0.09559614109156267,0.09036925854561906,0.104600939884882
435,0.7172686257486209,609.5721560922622,10.463653149691787,4.0,2.68771500326157,1.4782432517938635,0.1832058342313828,0.06586174149670948,0.07690624514550905
436,0.5225688478656159,631.2292265331109,0.01928268165322511,2.0,1.2760351526959584,0.7018193339827772,0.12063705869764954,0.05083139406394813,0.059422436776451995
437,0.49165749958854504,471.2573876003676,36.93809100024365,2.0,1.3844968302505363,0.761473256637795,0.08087337878520019,0.07734753116622853,0.08956608101984503
438,0.31165095501969453,794.1891495911217,0.0017350477496996094,4.0,1.2743175902754755,0.7008746746515117,0.16349226814990944,0.06340376205159305,0.07689256143440482
439,0.11692399948304837,620.3447866816723,9.430280124797278,2.0,0.39259789845859294,0.21592884415222613,0.07179148064797784,0.04964104013728625,0.060632012648396155
440,0.8780707072507878,683.8462832887167,0.021032003236902692,5.0,2.1445370590333463,1.1794953824683405,0.28274942400385233,0.04827275358946937,0.05794566378725213
441,0.6070027266030413,688.238063568177,0.0016919296172229804,3.0,2.0422336978037503,1.1232285337920627,0.10354287199156716,0.16997056554523898,0.4656499591687526
442,0.12929156311830087,575.3794088393599,0.00023182863579769843,2.0,0.5357687933429331,0.29467283633861324,0.05218561600225386,0.1471445339318613,0.2850156705048084
443,0.46886850678097136,771.5099210259351,0.21699343119740602,3.0,1.340752056237458,0.737413630930602,0.15701709483222612,0.11490366471700963,0.23193605007239057
444,0.6712328973901913,767.0827675545045,9.183032837920795,3.0,1.298663237481227,0.7142647806146749,0.15936747032378554,0.034101949688956905,0.03957955877392195
445,0.9160353548325837,529.2124094994351,10.69526749292637,3.0,2.0524220735439176,1.1288321404491548,0.13417813793364966,0.06176900545526036,0.07151912422602376
446,0.5021360230586855,841.9805168602514,1.0083615152435712,2.0,0.8683268674917634,0.4775797771204699,0.08098132764324358,0.11141399633343055,0.1289760483664025
447,0.7592672505954698,676.4486764596965,0.0009316988534405734,4.0,2.0992386005480457,1.1545812303014251,0.2368980807167894,0.09055469806138791,0.10482450043043358
448,0.37330294633392586,509.44881737368235,2.553825952181853e-05,2.0,1.8936541585355868,1.0415097871945729,0.06595399203479431,0.2753189767516978,0.31866468021156774
449,0.7493642419575279,849.3705626918238,7.141025600481075,2.0,1.8780245435426683,1.0329134989484676,0.10627086660853326,0.069679884584583,0.08078668673768095
450,0.287560653170895,505.4631053119853,0.3503194841549969,1.0,0.4055924190405933,0.22307583047232632,0.02251059776586937,0.0723069313932009,0.08378176751197919
451,0.7072156845105961,757.5444521355672,0.12009483265245413,2.0,1.0840609527917406,0.5962335240354574,0.07478543901791497,0.060667338618915004,0.07062519709788925
452,0.6308148934882809,468.3221244061397,7.576730822560066,3.0,1.3675862811902504,0.7521724546546378,0.10579879788667128,0.05284131749252334,0.0612329675895516
453,0.28684243658296277,472.28101084241297,104.15567919073078,1.0,0.7222732654661901,0.3972502960064046,0.04895266370944283,0.060424362075963196,0.0700319326969827
454,0.21842656062841095,744.0880311357599,2.3492611899331584,3.0,1.0307271211418096,0.5668999166279953,0.10984436132905771,0.2533494616284171,0.3436363580693229
455,0.6367151358098275,571.340382431121,0.00623664169403605,2.0,1.082578097624075,0.5954179536932414,0.06798509775451522,0.36789351261042813,0.5433536221370127
456,0.6473616487285139,636.3871436248603,47.895835920397126,2.0,1.4086975856917892,0.774783672130484,0.0779624969841144,0.274407364877331,0.5308010598435644
457,0.6342865888365927,827.7960057936882,16.59936016975525,3.0,1.7159510865931604,0.9437730976262383,0.12976196922642788,0.08892754183700885,0.1073200352299518
458,0.3287397518804605,971.2578447044266,0.366361504133778,1.0,0.312818951980679,0.17205042358937347,0.021082973178154978,0.11607041252351502,0.1411529778566628
459,0.5594305755736335,618.5238064028648,19.34737783375317,2.0,0.8994871511227887,0.4947179331175338,0.1023334182616795,0.04454995966987205,0.052776284657697146
460,0.45061970125741785,817.2492845679518,4.1511236351385,3.0,1.0825402606201175,0.5953971433410647,0.15313586164604293,0.06811660154675926,0.08337565189964846
461,0.7496923516230817,720.5987964831726,0.0028010168833742816,4.0,2.0681495997761563,1.137482279876886,0.24473239431513674,0.11759758586374092,0.13612860259194104
462,0.49223115644411186,387.1969639336579,44.124940261724,3.0,1.153283316272878,0.634305823950083,0.11789030494845824,0.056463396704724604,0.06542629896824825
463,0.4191025836381055,601.7705077942036,22.98193827288219,4.0,1.5565979586081824,0.8561288772345004,0.17049637206306334,0.04767543406319367,0.05631424028663385
464,0.425645227847496,707.1720827421198,2.340957939783136,3.0,1.4267758744771593,0.7847267309624376,0.15252721709753592,0.30811150238588775,0.4116824079895499
465,0.3061503386795011,751.1122281087937,0.0001463163053291786,3.0,0.8297071973877256,0.45633895856324913,0.1299564987073249,0.030794033061492275,0.035675602596682066
466,0.07448932039953562,589.2588628686581,0.000347258601632076,1.0,0.32130982796189117,0.17672040537904016,0.06626819147850865,0.02239019452460451,0.025968029749710998
467,0.6984136185997636,712.5889823638672,9.3196151027126,4.0,2.610936012636515,1.4360148069500833,0.2319159734239292,0.05179235494602957,0.0599649094685067
468,0.74797738987222,594.8061201496375,0.1884040322837267,5.0,3.231569986497794,1.777363492573787,0.4327271375802711,0.03499194898931391,0.04072258916504509
469,0.4169467071149466,765.9489065232797,0.1284633428492532,2.0,0.9115941432790128,0.5013767788034571,0.0525091189794626,0.3672589041560782,0.5908701360648003
470,0.9735727645559398,664.4342840572109,9.823772268525762,8.0,6.433849174664008,3.538617046065205,0.5519672048923797,0.06854228338175501,0.07935193003220066
471,0.19982910935791992,806.2870387423235,16.603490386282935,2.0,0.6865851274823594,0.3776218201152977,0.07586647270819308,0.03933742838981059,0.045548991784828324
472,0.46567216493355934,731.0613521794137,0.23334265992958012,4.0,1.7427848987683485,0.9585316943225918,0.09891460745555648,0.09446866486301214,0.11154002952367592
473,0.31205228198990875,626.1772723614246,5.132488641257261,3.0,1.13717412165788,0.625445766911834,0.16021190117670922,0.031113438953980516,0.036074615703520004
474,0.3936875595731072,747.7055985524619,0.0397155249446285,1.0,0.8590050820813375,0.47245279514473565,0.03434606641278487,0.11162682897690127,0.1292939426162424
475,0.6080692375144304,583.5347968022189,0.006157389382528789,3.0,1.985769107045063,1.0921730088747847,0.08757563732517801,0.10263947104717218,0.11883146306428555
476,0.19206678292578144,533.4276237857875,0.04739766199011133,2.0,0.40924939331361676,0.22508716632248923,0.0838254900905405,0.027544022500752743,0.03260256053628231
477,0.637643343464263,668.9104773069693,9.502069762525679,3.0,2.472714683275039,1.3599930758012715,0.13083197547787995,0.08730009097528235,0.1016620377615151
478,0.2577858739935906,786.8427246969636,78.86492920846165,2.0,0.4297259063259018,0.23634924847924602,0.042886161052911015,0.04341024308108949,0.05037925450329289
479,0.23666458048354833,945.4823402483406,26.364429029767923,3.0,1.5896484459204392,0.8743066452562416,0.1714730298890684,0.06972997485673604,0.08468522843783266
480,0.628816569310563,624.478297067525,2.238323631197878,3.0,2.1672988159106925,1.192014348750881,0.16459392550947005,0.5436708665200765,1.2387459554422564
481,0.052634745127691764,765.6624734366382,15.273937044825018,1.0,0.3229200110213109,0.177606006061721,0.03511707584741488,0.4858232736191455,0.5180740558263505
482,0.2420954002987306,617.2436736840475,0.015679601657591417,2.0,0.4694931518846555,0.25822123353656057,0.04511847391630315,0.20969762887962284,0.3247770043754671
483,0.2651773264547701,601.9838081326936,1.0627427289618945,2.0,0.5633984897549532,0.3098691693652243,0.06226873531253297,0.05474195698579032,0.06337316378796234
484,0.8832832948618924,745.1745659724262,108.29646833258568,6.0,3.81784089709066,2.099812493399863,0.34710303854741414,0.07094513904630916,0.08211538241404633
485,0.23036129491775226,793.082961100286,0.18106822185522578,2.0,1.1045493198806848,0.6075021259343767,0.11776767586636418,0.05652778766871865,0.06543593263435667
486,0.552655258223737,613.5014687388712,19.77293305435648,3.0,1.4248033941265161,0.7836418667695839,0.1849688781577625,0.03825898091079122,0.04522062657942177
487,0.8168831998389205,711.6625273068952,0.24883614351601438,4.0,3.5583371060652804,1.9570854083359044,0.16141706648103912,0.2472649588127166,0.583634642735393
488,0.8642377930999812,740.7286213051981,37.88915977973341,4.0,2.2979811896050433,1.263889654282774,0.15364269686319404,0.07870627926102808,0.09109339730864414
489,0.582041946744301,528.095982213906,31.679343462125043,3.0,1.4726064969312245,0.8099335733121735,0.11233686929957495,0.05965853939676426,0.0690724019960086
490,0.5421119848394256,495.2051393198346,0.0002681436731624191,2.0,1.3530117265998147,0.7441564496298981,0.11219598690694056,0.05555891745602889,0.06451625054731756
491,0.3186950544328078,629.4699717476908,40.74023304887734,2.0,0.47981611200139584,0.26389886160076775,0.07819889435242754,0.02742685567891169,0.03176421790425526
492,0.13074061946214607,679.4415582717457,0.2313617926325938,2.0,0.3881726235841104,0.21349494297126076,0.06343124090555934,0.02684062211780322,0.03113870429164344
493,0.7630861259392915,640.160255841652,2.019049677486247,3.0,3.050466404351452,1.6777565223932986,0.1439890718566931,0.4017384299716932,0.8415254507090446
494,0.4972909920691512,521.6894600911661,5.094835722171309,2.0,1.8515543545489883,1.0183548950019436,0.10938825891374042,0.08005768558724144,0.09272525825722092
495,0.343668167890136,563.2405727196349,0.06678059391590657,2.0,0.8258064894996123,0.4541935692247868,0.09173751699227196,0.041671080316763066,0.04825014792271825
496,0.8434523723915681,744.1440311327387,9.422221058988281,4.0,2.2315765101127982,1.2273670805620391,0.18109212197768326,0.05588738409017687,0.06495637642304017
497,0.2568747053201036,656.9738624571957,1.2017103026416402,1.0,0.42015181434765536,0.23108349789121047,0.04560518849493469,0.3897788860494591,0.4571577350076812
498,0.7547777837906486,670.55665244846,40.94923536116206,4.0,1.5137881207737063,0.8325834664255385,0.1475858493521748,0.12393598822267529,0.27563340928169566
499,0.5874892599251907,700.1237498933477,0.002277906583485312,1.0,0.8020268080309275,0.44111474441701015,0.05416009398113383,0.08488305630464249,0.09824604538132402
500,0.6146009830263399,797.4158351548778,11.952935655644982,4.0,2.0960100253530114,1.1528055139441564,0.12042474099615261,0.12421385481017157,0.14375992791267045
501,0.6566330591055731,749.7223117390988,21.861795175824074,3.0,1.9603573165936623,1.0781965241265143,0.10971761823838876,0.22647733160523187,0.26210979961740116
502,0.4091544916053055,558.1540523465374,2.158785730473829,2.0,1.1737282771735367,0.6455505524454452,0.13016686642243122,0.0488797897325817,0.22593134295821746
503,0.4982748383050432,593.4621591138176,0.1099785089483056,3.0,1.5667310017738536,0.8617020509756196,0.15345455528059412,0.13611830523450122,0.15753654684492685
504,0.8292787015911517,640.7124228166034,0.489042528861711,4.0,3.507033967973685,1.928868682385527,0.2750565894245949,0.060180218557951734,0.07052708217856721
505,0.32937161930672004,701.6199378926163,0.03961890992175794,3.0,1.0895402038474828,0.5992471121161156,0.14259160885518304,0.0602077334179574,0.07306311005198302
506,0.8039073985935474,765.6032012530981,210.65459068369475,5.0,1.985600115264117,1.0920800633952643,0.17786754422743517,0.07224742915644966,0.08677370956091277
507,0.015885078601176973,769.8660550829607,11.286917530027575,1.0,0.1039051019154603,0.05714780605350317,0.01676491776053893,0.08211324946121396,0.10155088018079433
508,0.5387241363790907,825.3559035588811,2.0957209182482646,2.0,1.104019249350027,0.6072105871425149,0.05339890045191967,0.12817358418735747,0.15360081637916667
509,0.800786635582328,625.7525378580413,31.871363379288727,4.0,2.490554767544862,1.369805122149674,0.2464249050149775,0.04485113540075852,0.05192910515310536
510,0.4770685091162836,973.8121582490795,50.25651147116015,3.0,1.6857040896338318,0.9271372492986075,0.11361035097418189,0.06933939003641997,0.0812968158090367
511,0.3456830345713571,817.7323946962229,101.61861087747931,3.0,1.3888311988622637,0.7638571593742451,0.15948954243833038,0.06952385630981586,0.0845303197062684
512,0.5777793565347272,1043.946022433607,0.32236826304039945,4.0,1.2782875600889554,0.7030581580489256,0.17540715650763328,0.05398486918372706,0.0652935297127206
513,0.4161854612812536,865.2246636125699,0.3108174903542599,3.0,1.3348696527040926,0.734178308987251,0.161025532004818,0.05865708222041345,0.07077592350422704
514,0.46025796493083093,689.4965750144981,3.9293053187545355,2.0,0.8905004217588551,0.4897752319673704,0.050177297381698245,0.13835012388379025,0.16030763905341358
515,0.17599345784180978,720.0170333805022,2.437538557008865,1.0,0.3966624296114109,0.21816433628627602,0.02869007344508683,0.1105180218599942,0.1281368674425818
516,0.7405031076810411,857.9015614155976,0.010178115546552556,5.0,2.4165283951645136,1.3290906173404826,0.2687779629834143,0.045662009815504195,0.05346082582761644
517,0.27760282676617365,582.3847697519968,14.337852967534138,2.0,0.7052720600780507,0.3878996330429279,0.06849080615378085,0.045278058595660746,0.052442530365989
518,0.8529086423137282,811.6198652114374,67.88981446573644,4.0,3.1802722905798375,1.7491497598189107,0.23910918140965526,0.10146745252926245,0.11754659918054444
519,0.25876931495552286,969.8332521702554,0.44946943893044583,1.0,0.7181454388071229,0.39497999134391765,0.034824169460554694,0.09155120640825942,0.10681657283446798
520,0.6582681539363444,677.9076867759909,24.75779289823766,2.0,1.72300193468228,0.9476510640752541,0.10209085399890737,0.07194361711562862,0.08346820263414133
521,0.08841411658619437,799.3978910385846,8.749191168388549,1.0,0.2358794240273927,0.129733683215066,0.03850481589649593,0.0348142938584267,0.0406034500038179
522,0.17352809510085793,774.3471203025338,2.497672466393931,1.0,0.3531006516547032,0.1942053584100868,0.040826927466506714,0.03937603400577928,0.04619624485131642
523,0.36861886955682543,537.8604882834006,3.910301112209773,3.0,0.9536014231561641,0.5244807827358903,0.059364209121595,0.07705588524052717,0.09081819062606422
524,0.474181180122937,559.135651075538,0.6956160223641783,2.0,1.163579027052396,0.6399684648788179,0.060401216637338044,0.07655743391009852,0.08865616935781132
525,0.5175585961239044,525.6448250426969,0.1264217118892955,3.0,1.2886907231938207,0.7087798977566014,0.09540452717742573,0.05869048861272739,0.06841567805605793
526,0.2575172027103087,674.1981683820393,1.697544170814801e-07,2.0,0.7772692722937385,0.4274980997615562,0.051532927381618944,0.08146726403796163,0.3764400206742635
527,0.4598064812818927,603.4290418212191,0.3440324487121957,1.0,0.9420742711908398,0.518140849154962,0.044643719582937266,0.08922160857487874,0.10357259112273737
528,0.4329534855540944,668.1400109870509,0.19562446771180128,2.0,1.3437681870977036,0.739072502903737,0.0952131069979227,0.06078711345157833,0.07044445190353417
529,0.42497041684527337,1082.7342153287948,97.00469120621638,4.0,1.3855550130850551,0.7620552571967804,0.21866242297430336,0.028291272353339836,0.0328030649711783
530,0.14579141356570094,754.6263162494624,33.865198791596335,1.0,0.7361725384530866,0.40489489614919766,0.03561103024098537,0.1292002070172701,0.14976239871049082
531,0.44132412826691947,563.6235957774483,0.10303789559552355,1.0,0.5356072841439855,0.29458400627919207,0.03797155155401351,0.11321219377575134,0.13116291641042005
532,0.848706149918331,694.8292447283675,8.179023239354782,4.0,3.5221540180732043,1.9371847099402626,0.19078041949587693,0.18967448042439064,0.21957257245893688
533,0.35950111496327164,709.6927334384623,5.745566916655451,4.0,2.0101745288574904,1.1055959908716197,0.23565543275982415,0.09362852536866882,0.10841502031161472
534,0.3340840156142469,660.4196640092908,85.10363708865707,1.0,0.6561176957232078,0.3608647326477643,0.06889708657365286,0.10856455528388853,0.12573012729323915
535,0.8990136878964354,806.425915326845,97.54960959761914,6.0,4.088459039539835,2.2486524717469094,0.29187403187835664,0.14513623369479925,0.16802044072499425
536,0.500541279382311,584.1766217260185,0.3968193511671037,4.0,2.3222654246920293,1.2772459835806163,0.18646770535073348,0.15253907855399745,0.1765881297186754
537,0.5822609878120352,617.307518233513,0.09330796064447054,3.0,1.3978943073036003,0.7688418690169803,0.1202874461822204,0.14709575418167029,0.17029731638667198
538,0.4769266498180627,559.1047024011749,2.0106494246599262,3.0,1.330796801635536,0.7319382408995448,0.0917348659728564,0.17903272487464855,0.20726377166121485
539,0.9103986244985984,672.009088794794,0.0007582702795300433,6.0,3.391052235915759,1.8650787297536677,0.3444170681260335,0.047022036033300525,0.05444662932414527
540,0.16978292893553015,521.9883502417589,4.751993330769182,2.0,0.8951317852408107,0.49232248188244593,0.09280865333649463,0.13230780662980166,0.15318482209062104
541,0.13651565810688898,810.0969740442628,0.00046078862615488874,1.0,0.4581073266899338,0.2519590296794636,0.01797544302223847,0.5335896278744173,0.8435353707636248
542,0.6513021255161342,479.1384379980996,0.00024958071585356507,4.0,1.9110502512411052,1.051077638182608,0.13044797327246008,0.2541482572644825,0.44905375725136376
543,0.253593846596279,582.9734212066077,35.64695854856216,1.0,0.44089801344244905,0.242493907393347,0.06739464959285749,0.032007095945445985,0.1463306555570106
544,0.7997582430936909,570.8214001967704,1.988416245966656,7.0,4.4274952926745375,2.4351224109709957,0.35768854148613766,0.059680076973949385,0.27594040933988123
545,0.22546859309528947,762.2480921821198,24.153188448145375,1.0,0.7272781485814079,0.4000029817197744,0.04483109676765757,0.07821597872540038,0.361619355340717
546,0.8223332145350778,634.5323406237532,1.1448950905479307,4.0,2.544912633902621,1.3997019486464417,0.22279084348555964,0.06426707595581507,0.07659844775173494
547,0.6570684596813477,567.3811053426853,0.06884459323448036,3.0,1.4777143755996143,0.8127429065797879,0.12797310385454083,0.06841686617697562,0.08181704757251446
548,0.573631534638058,679.939065260717,0.15807500501042432,4.0,1.6358366383133738,0.8997101510723556,0.2534803519962072,0.026776061205992706,0.031009926624713507
549,0.3334353468286418,530.681023433104,2.6994282200990685,2.0,1.0591935960097456,0.5825564778053601,0.07366030152820822,0.0649941187429037,0.0753206563347995
550,0.5581321076479209,621.7182953870105,0.04839835977380676,3.0,1.5525727246207441,0.8539149985414094,0.1433207065070456,0.06636007481690395,0.07692877903727038
551,0.607661704587556,816.5025221182796,4.394151811224613,4.0,1.9403967704276408,1.0672182237352026,0.20736056699669872,0.05735116810393342,0.0664879271919956
552,0.5769147951452109,662.8871410009159,1.7931416104722335,4.0,1.84316936381267,1.0137431500969687,0.18827961810889665,0.05998672871604979,0.06954176816798531
553,0.7956748885440732,703.0995700135387,10.15153759199337,5.0,3.1709884413128173,1.7440436427220496,0.2930690930431056,0.21702294360520127,0.39104380122123783
554,0.9707190818685375,601.2196574290593,4.637075952038931e-07,8.0,4.8619308281401565,2.6740619554770864,0.6095676078148479,0.05954231576860378,0.06891939584536007
555,0.8638666108362335,566.4379347978303,5.7930154948525605e-05,5.0,2.218745065333838,1.220309785933611,0.21014795021906493,0.10307624431494072,0.11929962637498882
556,0.5768758525307266,607.4365628977553,16.78626459605336,3.0,1.2627110983881409,0.6944911041134776,0.184532247081793,0.030582915508628943,0.03540987385384171
557,0.7289566266506652,769.0959883423112,0.03161613351189297,5.0,3.6221558827298397,1.992185735501412,0.2791434923557081,0.3915246760592597,0.453118155522275
558,0.7316099106851941,852.0742616397004,1.6045101723704827,5.0,2.6525791451506335,1.4589185298328486,0.23022824780729814,0.35921758385732777,0.41573004094221255
559,0.22698970766192625,421.71441298548706,0.1397301631647545,2.0,0.744306833198937,0.4093687582594154,0.030982980445956914,0.7271368130510509,0.841529925978368
560,0.8819025826497354,625.1392040646157,5.940545041317615,4.0,3.5732535684612365,1.9652894626536803,0.14893653627289133,0.14852636352763446,0.17742596266231442
561,0.3808987156514319,693.4755933137224,35.64618346987477,2.0,1.458625741713654,0.8022441579425097,0.09799861419698533,0.06961581570139576,0.08066467453539831
562,0.7019646985887262,719.9933109691826,1.5719143709233405,5.0,2.559287122690154,1.4076079174795848,0.23510694254908907,0.06774865092901386,0.07849739142293319
563,0.5412822289303367,787.1625941646149,0.19573775111946448,2.0,0.7474689725676207,0.4111079349121914,0.05760681774924805,0.06305842356044507,0.07348622365718484
564,0.4752613235431852,846.8983666345031,18.59259363425256,2.0,1.221962541900966,0.6720793980455314,0.08995077899614261,0.09229119792113913,0.10694009833401133
565,0.24814551332333612,499.1010034244302,0.31721350089837264,1.0,0.3538147818028699,0.19459812999157847,0.059709861371228565,0.03096279448020474,0.036474310928461186
566,0.4967427372815527,661.25805036872,23.826913877280802,2.0,0.8970848334766668,0.4933966584121668,0.05551964621545024,0.08013260213066897,0.09284366433733504
567,0.5131154037622198,555.6023006535535,15.74773866027788,2.0,0.8835385782428862,0.48594621803358745,0.06172268332144156,0.07813427462944493,0.09053248960528806
568,0.8495370895581156,742.2535478479763,1.0929744524841421e-05,6.0,3.35532815927281,1.8454304876000458,0.31575426897556097,0.054260515433280566,0.06358942403231016
569,0.6106327580249385,580.3106662301976,0.004551665201481051,4.0,1.4901337305758853,0.819573551816737,0.1657596626639733,0.07461084725080766,0.0905711743571341
570,0.8460364653471835,520.7671672482544,144.29322107902698,5.0,2.8386797989908925,1.561273889444991,0.27107705192123693,0.10400568705276779,0.26706011877721414
571,0.400878607854929,834.1457131749742,0.13438219477967353,2.0,1.1759696166540865,0.6467832891597476,0.06632340732435195,0.11297281223952538,0.13077799570500007
572,0.6147041439007483,595.7486212309024,0.0015623928330704682,4.0,1.8595037775351493,1.0227270776443322,0.14873225022037606,0.057208981400959674,0.2647395015340919
573,0.33672721472163303,524.6326730230579,0.4122183819213904,2.0,0.8186301351320437,0.4502465743226241,0.08348559691328213,0.04559934704022567,0.21083694793787103
574,0.2507507315290724,575.075306345733,7.802136245702865,3.0,0.8631277494645709,0.47472026220551405,0.12447497356317787,0.028521722696750924,0.0330659333573343
575,0.39839070547574607,760.0215128477098,0.02606522462132833,2.0,1.252855609118575,0.6890705850152163,0.09749213102193778,0.05284901212250356,0.061520394246193016
576,0.3080258934596392,846.9752389389757,0.21958823947269943,3.0,1.0054001192781457,0.5529700656029801,0.09413104265004957,0.043032370840491344,0.04995994487005925
577,0.7316701666915447,556.0821479174214,2.9244191865525924,4.0,2.91302328438719,1.6021628064129547,0.23966091766260605,0.08073638150890705,0.09705026028717917
578,0.3595640967414996,830.2025255053211,15.740164732521166,3.0,0.9634800103812633,0.5299140057096948,0.10192526975252224,0.06969009632158077,0.08424160308552439
579,0.610953999619555,543.1193901609396,23.69820372524084,3.0,1.1205051330774112,0.6162778231925762,0.16946100098139075,0.029393821806139597,0.03410247949228883
580,0.4917363898638874,713.8296852418766,0.09540869925701087,4.0,2.1857717513604165,1.2021744632482292,0.16346765358785123,0.06347624459690433,0.07363019510558513
581,0.41528245876404096,815.4843643845837,2.0082084141961167,2.0,1.0498636818899514,0.5774250250394733,0.055427207858226295,0.09981154966634498,0.11803433478736892
582,0.7963330452556128,737.8488941705959,0.16997351630542534,3.0,1.5471591847819297,0.8509375516300615,0.1256830531522146,0.17992971373644093,0.3413834453532509
583,0.5658772045564778,511.65666622273557,38.9160305204601,4.0,1.7151580235968118,0.9433369129782465,0.19162324638915987,0.16554007226350134,0.27379568384746383
584,0.9485008239818845,835.4735005055747,0.09619069581931006,6.0,4.085116662365293,2.246814164300911,0.31253213130967505,0.13883832590500442,0.3247216748980576
585,0.06198694502884215,821.741952788785,11.177528596475575,1.0,0.38747096669469977,0.2131090316820849,0.032381194752396154,0.057036571170756833,0.06726907266159231
586,0.8735002361186839,667.4921885896803,29.259619912538962,5.0,3.0475335026688617,1.676143426467874,0.18403419589945622,0.08389860344542649,0.09911577841543048
587,0.4597836785932251,785.0538790640617,11.286143725416668,2.0,0.789450196231455,0.4341976079273003,0.045493900495894364,0.07377804539089994,0.08615610335523977
588,0.8535210618239875,689.2082489738718,0.424297671981926,5.0,2.8877094018820384,1.5882401710351213,0.18495063678777185,0.09455131577463685,0.1097919905203942
589,0.7747631536768247,828.6546430525544,0.6394231668929907,3.0,1.622448655865024,0.8923467607257632,0.12694496319084264,0.07855940816035331,0.09133204792591273
590,0.19550101006013548,648.0621387949153,3.503123131653177,2.0,0.48827538772242995,0.2685514632473365,0.05316767373950963,0.0590369869338871,0.06887253669845633
591,0.4581486162112156,649.9539692107991,0.034231038712348213,1.0,0.8485616430081377,0.4667089036544758,0.05249469013541791,0.09951678782583337,0.11572174288665238
592,0.17525457161732239,639.7465164466105,0.0030392304521823415,2.0,0.4400222837940152,0.24201225608670837,0.04377265863164587,0.04209961030335293,0.04873634207908265
593,0.1177332556258526,824.1069532397082,32.92978528774413,1.0,0.30310325543535926,0.16670679048944761,0.030883950687969838,0.04290455461495232,0.04976658215852911
594,0.6799404125658692,636.5426756152146,0.08363337700822637,2.0,1.2688184661625836,0.697850156389421,0.09238563017695735,0.37597656893250453,0.5191430140770046
595,0.5275972863587194,785.5281644679309,3.6969057380911403,2.0,1.53468237850745,0.8440753081790975,0.10330232324616673,0.06612184013974637,0.07658941607038014
596,0.4830062490167397,814.7899271355202,0.07383767592851298,2.0,1.395161913517836,0.7673390524348098,0.07909804902652161,0.0759726660784485,0.08800583304106674
597,0.14524191024986852,625.1865936791515,59.89823240235818,2.0,1.0216535782109037,0.5619094680159971,0.07896924630056308,0.06091274264472743,0.07057487796311901
598,0.5814363929686042,588.9533432720482,6.314086483499349,2.0,1.0269123239532534,0.5648017781742894,0.06712193746327832,0.0676141554750681,0.07828072218508912
599,0.472650116922699,390.45989069382705,0.04633591886696083,2.0,0.9604089947014148,0.5282249470857782,0.07867944531173661,0.1007014964128338,0.1220049705539018
600,0.8936358771214152,641.4357815563276,14.880314007059841,7.0,3.747714466766794,2.061242956721737,0.5059640039197988,0.052655455928654823,0.06325473474315293
601,0.7260361997052733,696.4238496175568,2.6595087247656005e-06,3.0,2.0888288758443396,1.1488558817143868,0.20437565804590413,0.10478321052006213,0.12128658788430051
602,0.39275653560687823,722.7173881610765,3.035537261919206e-05,3.0,1.3105687334611957,0.7208128034036577,0.08440104097293365,0.15801787854762475,0.18290210913620059
603,0.6717823194318682,516.8257252497785,23.26669380605484,4.0,1.573646989079351,0.865505843993643,0.1350252762147663,0.060271549141666686,0.0697699533009324
604,0.5808295771885781,723.3711886279416,0.0007808124549771756,3.0,1.4361481080622442,0.7898814594342344,0.1370346027868346,0.15579326319270687,0.1803098142283324
605,0.44952652615215266,775.0516625775593,0.020837316951837194,3.0,2.270588009159088,1.2488234050374987,0.2117612597992761,0.06951611105982786,0.08047609844074771
606,0.1664739276163688,493.4204194034989,26.90917046219279,2.0,0.8112995463527584,0.44621475049401715,0.07208791005329332,0.35246105044981946,0.4824678291004555
607,0.2739521522703584,754.6229323175145,25.302029171351197,3.0,0.8602116648186667,0.47311641565026674,0.10632545250178826,0.04348441075960084,0.05034021419057929
608,0.19271085538080313,531.6526376972665,0.11675364232757073,1.0,0.42048156034159767,0.23126485818787873,0.026487526749978552,0.24717590561455216,0.2860738304531148
609,0.3966182726239591,608.6678412786113,0.09365593066510904,1.0,0.6267167285208584,0.3446942006864721,0.036940402704927405,0.08950053702337755,0.10361866692341803
610,0.35096124429184145,670.4817360161646,18.313953323379966,2.0,1.1668119638986834,0.6417465801442759,0.08349709445974716,0.06515072692993529,0.07561334337971018
611,0.4786999619860812,1043.6776729445749,4.913466031468828e-05,3.0,1.4236029488127888,0.7829816218470339,0.17074939664721087,0.04650174226483514,0.053890881174589095
612,0.27928664125650865,596.3134681410824,54.96924417497341,2.0,1.0793063010935104,0.5936184656014308,0.051791149576587675,0.10381968254011353,0.1203118920030827
613,0.41803589064880214,734.6376609099626,6.707568522168776e-05,2.0,0.6801744779108931,0.3740959628509913,0.06874228270387246,0.05725149157378891,0.06766175970884637
614,0.7576585588913213,640.0860854616278,14.953478883936246,4.0,2.095712778963968,1.1526420284301824,0.11845472520286096,0.09557546376595327,0.1123041169514801
615,0.8202982873955637,368.59567832541154,4.281603630065349,4.0,2.4653196881769133,1.3559258284973024,0.23536262197128627,0.05172704391198265,0.06046313519384368
616,0.15817306819773153,559.8331245974294,7.248166127493118,1.0,0.3519822246495306,0.19359022355724184,0.05962292813287857,0.11373967694567033,0.13166547065643142
617,0.5151657720009538,668.6758140598403,6.120154986997157,3.0,1.6424677438445674,0.9033572591145121,0.10689213259690422,0.22056187001387237,0.2552837410739205
618,0.6582409751938327,610.2748911205476,0.013257292260306613,6.0,3.625247890977086,1.9938863400373976,0.3387441837191282,0.15416094073822117,0.17842915996095357
619,0.6264823638919006,764.8070345652385,0.18484897489594238,4.0,3.040518522232564,1.6722851872279103,0.15552324866445927,0.1063143015499171,0.12308271735160746
620,0.8319883361517125,908.250821415901,13.495292812786778,4.0,2.87634685154416,1.581990768349288,0.24481400812755055,0.08664252646819835,0.1042567628621108
621,0.615638224868076,467.02648604777545,8.701368295536213,4.0,3.237414336783829,1.780577885231106,0.1472171361733441,0.1765881053950194,0.2043924881818073
622,0.7582370864641893,643.9038195760829,6.967577537076667,3.0,2.443956260072567,1.344175943039912,0.16892614680113388,0.06553185344100416,0.07585948630586965
623,0.58467553001076,821.7159460377353,3.1837730730859226e-07,1.0,0.8891157501201621,0.4890136625660892,0.0421584735150779,0.17791604411263204,0.4785910732466732
624,0.28805658088108893,784.5285794845579,0.847804409242063,2.0,0.6573476485116262,0.36154120668139444,0.08060384739520755,0.10734947774437595,0.213126415924266
625,0.2635166120783835,870.5337443314996,19.311699609455946,1.0,0.33031774621423665,0.18167476041783018,0.030323005211180767,0.04759122653855106,0.055788137501783366
626,0.733673760071913,615.075408535871,14.858376529040074,3.0,1.5051692481343417,0.827843086473888,0.17389738797578985,0.041270608521914276,0.047853342422873014
627,0.32858054976229056,840.2665196370963,3.3737754100534263e-06,2.0,0.7276870520910798,0.4002278786500939,0.08884179323875138,0.034807152641437474,0.040325879930510886
628,0.22983802670218398,550.6196822337935,14.470165912110474,2.0,0.5394726045282313,0.29670993249052724,0.043735464225581666,0.051519389046775416,0.05993487885560983
629,0.10833600453876502,928.5869709503334,16.856030407428747,1.0,0.35274940689504825,0.19401217379227656,0.0719595745379228,0.027326316195583122,0.03255369828497744
630,0.3669843011984954,709.0418442868646,0.0150718768131937,2.0,1.5088193294980272,0.829850631223915,0.09836472742639678,0.06546838618340951,0.07632070268291659
631,0.4180241218051766,685.7820378061251,0.7279751903419643,3.0,1.5133204291363922,0.8323262360250158,0.10696826507753872,0.05800636202439262,0.06736405590778438
632,0.8249727413768422,793.0142594406929,3.008053287333164,4.0,2.8288246155251233,1.555853538538818,0.17853294789557844,0.06460565649460509,0.07482829054046974
633,0.5629928836094279,807.7242410934655,8.82042014789315e-05,2.0,1.1628044769777588,0.6395424623377673,0.0750347550766799,0.2059073770884275,0.4181407745911644
634,0.7124851578728277,924.5936436733635,0.05806005456679439,4.0,2.3046874047783277,1.2675780726280803,0.21664211543065923,0.15762937678632483,0.2991655056877198
635,0.9232944507481452,676.7968606916535,0.1796145219959018,4.0,4.221260190135322,2.321693104574427,0.19362736838995065,0.11238569398601482,0.13300102043662387
636,0.051549988269597155,827.8508145823535,2.168920372212101,1.0,0.28428554398737055,0.15635704919305382,0.022997967452678854,0.07522351750159514,0.09005414802259057
637,0.6012661732545193,561.9932510899447,0.14095005820580328,2.0,1.4522596935579177,0.7987428314568548,0.10408726143811829,0.06259115702520678,0.07280573675980392
638,0.7611469838357275,663.6447861857824,5.166006551330829e-08,5.0,3.350160115331191,1.8425880634321552,0.2580988917808332,0.05905446468209001,0.0684184982721742
639,0.3585545575766786,519.2096248953569,0.00018054189497702597,2.0,0.9105480299364921,0.5008014164650707,0.06204473880119753,0.06464574865657033,0.07537638697144838
640,0.8536510239062641,839.8886123849403,66.5105710103768,5.0,2.943135872687861,1.6187247299783236,0.2512260597252245,0.05989381645795963,0.06969694761484432
641,0.6313012936220315,754.2424072599164,85.07625001436928,3.0,1.2763099357501468,0.7019704646625808,0.1615410776862045,0.04983247572501927,0.05968505827746397
642,0.3537962212638574,645.2215016193421,0.05626631261916638,2.0,1.0619921583874028,0.5840956871130716,0.11410562164022188,0.04987714248981708,0.05774268584495404
643,0.6171997663946821,465.38983928311563,11.47689136615684,3.0,1.658263665546441,0.9120450160505426,0.11961670431191507,0.07102342462730195,0.0822087650720437
644,0.10456542983173212,783.6055667662961,0.08378794035150343,1.0,0.36072362555765614,0.19839799405671088,0.019286992129609735,0.10374888713859629,0.12008498508480898
645,0.3929420963016738,556.5824027902237,22.472059312340665,3.0,1.3603046049801704,0.7481675327390938,0.1012743405486957,0.07285199827093829,0.08683662111257393
646,0.8098953507479214,686.731334479632,1.6627749708912607,4.0,2.5814373507139265,1.4197905428926598,0.23175425359967938,0.05983387036604377,0.07006931027823499
647,0.16239293956735065,711.4195579363417,0.002382492579634434,1.0,0.20908127130286996,0.11499469921657848,0.032665871273371484,0.03509872673777135,0.041598374396207075
648,0.22685278296630085,410.96696812215157,0.009978438371590277,1.0,0.7160630268784863,0.39383466478316753,0.047993606990268,0.07402100749036128,0.08602844655417144
649,0.38554709028793127,602.1570078483235,1.6387354776209713,3.0,1.144070582540956,0.6292388203975259,0.15156238225402963,0.03962521869969454,0.04685132132656538
650,0.9854821249233855,637.5036900614945,0.5511115851191873,9.0,7.332645601371212,4.032955080754167,0.47916180222824567,0.07815245201779407,0.09109982068571723
651,0.5799181363833005,590.8509034705626,26.297627631105964,3.0,1.8189620594771867,1.0004291327124528,0.08959764381614221,0.10099272042648683,0.11698067126027835
652,0.829301622772641,966.2236185063845,0.0010074154328978914,4.0,2.8053530855601827,1.5429441970581006,0.283659922458017,0.22780798415850034,0.3654705999936949
653,0.2419765940142191,550.0943186107789,10.718097395267263,1.0,0.2600856279630499,0.14304709537967747,0.01086254897170481,0.5797497248074366,0.9052943557511874
654,0.4972738603020688,608.3657132996995,117.55324108303107,3.0,1.6307741770408752,0.8969257973724815,0.16406003160107052,0.05316916697054554,0.06155083034916069
655,0.279490272727982,530.4659994794557,0.23411317064902853,2.0,0.9290444183489723,0.5109744300919348,0.11148905771570673,0.03422562316770021,0.03961807813611658
656,0.3958361329109671,742.3708481936195,0.03881688348847457,3.0,1.1485991818918193,0.6317295500405007,0.07074511099946496,0.16874729898703278,0.41345519540761244
657,0.19083194849609958,646.9806098196652,11.867512541767592,2.0,0.5974223744142444,0.32858230592783444,0.056571763960284856,0.059719486961269524,0.07137444001040748
658,0.3765799405192191,776.7259043635808,72.82241911201425,2.0,0.5683790104050183,0.3126084557227601,0.038143359308402826,0.38845923665848786,0.5399373928020035
659,0.07628276749635957,724.9025758330373,0.026687037313046336,1.0,0.3891022801506881,0.21400625408287846,0.03826305765224554,0.04171564615271534,0.04861334340348105
660,0.3671152243927075,560.8495989532752,0.07829714379390469,2.0,0.8837828784741613,0.4860805831607887,0.06118472460477823,0.06496719651852975,0.07520215372511792
661,0.31569466043119665,928.2389011284026,2.434168888259466,2.0,1.2880635160427152,0.7084349338234934,0.10899951996610281,0.048068607214455335,0.05564410556778901
662,0.37434510739503757,840.0374088308125,8.558520188566652,2.0,0.7927312099289203,0.4360021654609062,0.05606243100676753,0.06001529985783319,0.07016947970316287
663,0.8895529304886259,651.5370789097204,26.439428205858274,5.0,3.734766992785099,2.0541218460318045,0.31306597816968607,0.0668964130276301,0.07742501229860699
664,0.7283535147428929,522.3000483252147,0.0483347441463757,4.0,2.235795620572322,1.2296875913147771,0.24983756687550873,0.040471994311779086,0.04684528806814564
665,0.2834960821647344,833.6014529637121,24.082357163405344,2.0,0.7795816932235652,0.42876993127296087,0.05752405284502522,0.13597364608014043,0.15737195969184414
666,0.1258646930689519,683.356879759353,17.521656504992883,1.0,0.21786130225517764,0.11982371624034771,0.039366890519670135,0.023703789579091576,0.027474438489760156
667,0.3317465926576078,644.8173563925554,0.8084474168894836,3.0,1.0365009819840107,0.570075540091206,0.11166018326948347,0.04380088886377716,0.050703466804660514
668,0.17001725285674982,744.101688926551,0.001020614484029163,2.0,0.6246805608121009,0.3435743084466555,0.07303006405044903,0.08727460033536583,0.10101210635642512
669,0.5119740182651742,569.3044673753711,0.022597897549970488,3.0,1.1131288535924018,0.612220869475821,0.11764562625433575,0.4512271293231306,1.1426304356158574
670,0.2537090955619314,579.4670456454713,11.072403889851175,2.0,0.5785580109215103,0.31820690600683066,0.059736482384769245,0.05324043428041227,0.06344633708505328
671,0.4468256005346957,658.1504925467246,0.5495803899604038,3.0,1.580793610608153,0.8694364858344843,0.08833614872979463,0.08229688288493231,0.09536393984188728
672,0.5854106960735546,531.5261415823697,0.0050742731008684054,3.0,1.8092478254242184,0.9950863039833202,0.06616708152895817,0.12418815759994306,0.14412682002481342
673,0.44691322194851274,593.7802408012911,41.11478585898789,4.0,2.175392992536074,1.196466145894841,0.19115801081489595,0.06833502326614806,0.0790953083083911
674,0.16900962347426726,621.9253599139589,2.1249510592653453,3.0,0.8707487962286874,0.4789118379257781,0.09087289057025985,0.039415157086501056,0.045633579412136034
675,0.6764150618905178,620.9203880563128,0.011060578720799944,3.0,1.7007875874283904,0.9354331730856148,0.14874680151883127,0.054007921850120016,0.0625165188676135
676,0.8043567274121384,760.2382682005895,41.568559778121724,4.0,2.926263998179521,1.6094451989987366,0.2710197842938838,0.062185349666088796,0.07313090527396462
677,0.7558619712311644,564.3062767424578,0.31716047961334115,3.0,1.683959645428977,0.9261778049859374,0.10511231047655695,0.303554446691206,0.5204313209829016
678,0.6281002112554873,586.1956823135321,1.4460083868033364,3.0,1.8292472619015199,1.006085994045836,0.09444771891304488,0.342186809924187,0.7166249587192933
679,0.9617184407753638,550.5429511812224,5.369154516133466e-08,7.0,4.983216387220855,2.7407690129714704,0.4067671984959737,0.14447480041182964,0.1672096202535747
680,0.3295662696078976,584.8542363242801,0.020191419527491917,2.0,1.0274554607482702,0.5651005034115487,0.06416261000993308,0.07202272532547076,0.08369879265698749
681,0.6727608619233584,893.3449898864344,0.06185852018784701,3.0,1.7547677598983393,0.9651222679440867,0.13146741865976386,0.06723210856785802,0.07936251220047437
682,0.6070668995524051,758.4806757477942,9.482443988155492,4.0,1.4884197249847264,0.8186308487415996,0.11473020556573571,0.10153931977199403,0.12323294204046341
683,0.7811883643037137,686.3273752010833,0.1778769121166159,5.0,2.952877356593625,1.6240825461264938,0.29067329805867553,0.06971357470106399,0.08399538165099912
684,0.43518293906314626,631.2534591228125,5.091200182033363e-07,3.0,0.9723556246279056,0.5347955935453481,0.13742816618058434,0.18312885237940113,0.26068562867141554
685,0.538079505620511,660.7312637065534,5.049488945802745,3.0,1.9638943827845936,1.0801419105315266,0.18577180732717669,0.049660334524686225,0.05793594512422899
686,0.7288955954039683,673.0715625231893,3.4430397913019717,3.0,1.699722865730842,0.9348475761519632,0.13218520975429535,0.3280134266653064,0.4944556220115995
687,0.3670671089532946,599.9305879223132,74.62146498818802,3.0,1.0527402284816048,0.5790071256648827,0.11854702606287595,0.04384526892799952,0.05172386012335707
688,0.7453486230950905,583.1973319345734,1.509016107641638,5.0,2.8817302800205025,1.5849516540112765,0.2899523219768273,0.045893147893464395,0.05385200781448274
689,0.8650373908556874,541.4628921989164,1.5191738165425497,4.0,2.9818096794829625,1.6399953237156295,0.18852715665260145,0.20903784342003523,0.46447686425968
690,0.6829783234720126,728.8656625634012,0.2370443688138767,3.0,1.5640279700188182,0.8602153835103501,0.10731371757879125,0.6535163860299589,1.792335769107627
691,0.8713951437748596,668.6087851424943,0.0003076659908422373,5.0,3.422840214350315,1.8825621178926735,0.28201784485598563,0.12330737719168083,0.5717402246609745
692,0.8270536773213731,814.292483629089,66.22775902387114,6.0,3.5408886941859783,1.9474887818022881,0.29141821473098023,0.07965746774636251,0.09230864512300092
693,0.5788597713976444,542.2686717583729,16.291514382334327,3.0,1.3271773856293034,0.729947562096117,0.1037419575246978,0.3350757105517186,0.6843849963532007
694,0.574964264092316,790.960431053304,78.43068963985327,1.0,1.2771447094974475,0.7024295902235962,0.05858671448809378,0.13336990836707885,0.15438776359821063
695,0.3370893167011227,621.0470241911767,1.2022415442126022,2.0,0.891396882258254,0.49026828524203975,0.0937249674808436,0.060681241081156634,0.07025606940063314
696,0.09229922568345614,1138.8356376141573,9.481239073826718,1.0,0.100663096737283,0.055364703205505655,0.015536871958561712,0.0284076330485148,0.03291924931621919
697,0.6146171704547538,819.0820058808657,0.149290324707596,3.0,1.8319627938311422,1.0075795366071283,0.15096777265671799,0.39326167645735244,0.45513156057524745
698,0.6926169012536001,629.6595514101012,9.538271669216509e-05,5.0,2.895818486906972,1.5927001677988346,0.27843826414013917,0.07429313309311925,0.08615475358109861
699,0.5319438176901391,709.2839149946534,9.024223860229611,2.0,0.9278275544792856,0.5103051549636071,0.13232702910266814,0.043742952540545416,0.05097804579259042
700,0.5784268636568558,795.8422466961716,0.38952430349382267,4.0,1.945730720984029,1.070151896541216,0.12482341694472987,0.1008529020547437,0.11682786996386102
701,0.32267632330018103,768.890547418993,0.026565292355558927,3.0,0.8582292383258241,0.4720260810792033,0.20603033866860818,0.04997257257901725,0.05784476258568754
702,0.8530962407279479,623.9690784244564,1.9621950161429962,4.0,3.3377171881928565,1.8357444535060712,0.2508878816613806,0.06362267551402721,0.07454653696900093
703,0.7188358670679953,716.07761313666,0.249179584108408,3.0,1.3964498014371374,0.7680473907904256,0.1535849528769053,0.13657060959484932,0.2666453248814522
704,0.5910289772150523,639.1053225040159,1.823608477161716e-06,1.0,0.9284034027348749,0.5106218715041813,0.041368480753077565,0.17379830612695263,0.20117265642806748
705,0.40138232767491633,711.7020109849509,3.9270154447901735,3.0,0.8434896797973247,0.46391932388852863,0.055427906740998935,0.1185203571325155,0.13719645677043632
706,0.5151910347910915,723.453523023889,13.47220507464879,2.0,1.9422346379856383,1.068229050892101,0.07770828750622168,0.11114342016193267,0.1288563415856411
707,0.36857470165077383,755.1921902862956,5.533422595530354,2.0,0.9019523025450996,0.4960737663998048,0.07285258093490711,0.09640648931094908,0.11673447198064787
708,0.6008428822507622,787.9779805299744,4.041103356341249,4.0,2.0145231002803783,1.1079877051542082,0.15753947691853368,0.11358949251265973,0.31457242327999557
709,0.37760897137061494,665.5158863331901,0.0523854451479168,2.0,0.5699584762369155,0.31347716193030356,0.10952368963180448,0.08866113475106092,0.15906361821994414
