pre_gid,post_gid,freq_hz,delay_ms,n_synapses,n_potentiated_initial,n_potentiated_final,n_0to1,n_1to0,initial_rho_array,final_rho_array,initial_rho_bin,final_rho_bin,mean_epsp_before,mean_epsp_after,epsp_ratio
180164,197248,10.0,-50.0,4,2,2,0,0,"[1.0, 0.0, 1.0, 0.0]","[0.652113, 0.449939, 0.656788, 0.0]","[1, 0, 1, 0]","[1, 0, 1, 0]",1.3503350694748417,1.3503350694748417,1.0083629333164386
180236,203656,10.0,-50.0,8,3,3,2,2,"[0.0, 1.0, 1.0, 0.0, 0.0, 1.0, 0.0, 0.0]","[0.077001, 0.932801, 0.077375, 0.679349, 0.55948, 0.160579, 0.0, 0.128385]","[0, 1, 1, 0, 0, 1, 0, 0]","[0, 1, 0, 1, 1, 0, 0, 0]",1.5000173534132406,1.9726682693089872,1.32124603275685
180329,189548,10.0,-50.0,4,2,0,0,2,"[1.0, 1.0, 0.0, 0.0]","[0.438833, 0.483844, 0.473825, 0.490217]","[1, 1, 0, 0]","[0, 0, 0, 0]",1.3000633885575328,0.2108644313357808,0.16361940649151108
180687,187024,10.0,-50.0,7,4,2,0,2,"[1.0, 0.0, 1.0, 0.0, 0.0, 1.0, 1.0]","[0.481281, 0.369211, 1.0, 0.0, 0.0, 0.472074, 0.544948]","[1, 0, 1, 0, 0, 1, 1]","[0, 0, 1, 0, 0, 0, 1]",1.6253912852413142,0.8886309294757755,0.5495719553156115
180723,207048,10.0,-50.0,10,5,5,1,1,"[0.0, 0.0, 0.0, 1.0, 0.0, 1.0, 1.0, 1.0, 0.0, 1.0]","[0.545324, 0.324119, 0.280544, 1.0, 0.473458, 0.898522, 1.0, 0.242504, 0.0, 1.0]","[0, 0, 0, 1, 0, 1, 1, 1, 0, 1]","[1, 0, 0, 1, 0, 1, 1, 0, 0, 1]",4.400504749829486,4.068194859004545,0.9334753665132474
180815,206160,10.0,-50.0,14,7,8,1,0,"[1.0, 0.0, 1.0, 1.0, 0.0, 1.0, 0.0, 0.0, 1.0, 0.0, 0.0, 0.0, 1.0, 1.0]","[0.920907, 0.0, 0.547165, 0.843152, 0.362047, 1.0, 0.0, 0.309911, 0.821556, 0.0, 0.0, 0.542978, 0.845659, 1.0]","[1, 0, 1, 1, 0, 1, 0, 0, 1, 0, 0, 0, 1, 1]","[1, 0, 1, 1, 0, 1, 0, 0, 1, 0, 0, 1, 1, 1]",2.485215616303847,2.5687128799830155,1.0987061214775733
180834,205125,10.0,-50.0,5,3,2,0,1,"[0.0, 0.0, 1.0, 1.0, 1.0]","[0.431483, 0.460362, 0.603998, 0.403731, 0.612844]","[0, 0, 1, 1, 1]","[0, 0, 1, 0, 1]",2.04071236596328,0.8048758649048684,0.3957560584903901
181002,188173,10.0,-50.0,9,4,4,0,0,"[1.0, 0.0, 0.0, 0.0, 0.0, 1.0, 1.0, 1.0, 0.0]","[0.621693, 0.0, 0.0, 0.0, 0.0, 1.0, 1.0, 1.0, 0.0]","[1, 0, 0, 0, 0, 1, 1, 1, 0]","[1, 0, 0, 0, 0, 1, 1, 1, 0]",1.7103073873347658,1.7103073873347658,1.0063469966970993
181023,208822,10.0,-50.0,4,2,2,1,1,"[0.0, 1.0, 1.0, 0.0]","[0.568548, 0.549035, 0.226696, 0.284765]","[0, 1, 1, 0]","[1, 1, 0, 0]",1.3152556806315001,1.487418292677952,1.142878570903216
181295,210119,10.0,-50.0,9,5,3,0,2,"[0.0, 1.0, 1.0, 1.0, 0.0, 1.0, 0.0, 0.0, 1.0]","[0.0, 1.0, 0.630108, 0.441915, 0.0, 0.32069, 0.0, 0.0, 1.0]","[0, 1, 1, 1, 0, 1, 0, 0, 1]","[0, 1, 1, 0, 0, 0, 0, 0, 1]",3.008892835511307,1.955400109042499,0.6608041854592394
181588,206273,10.0,-50.0,8,4,4,3,3,"[0.0, 1.0, 1.0, 0.0, 0.0, 0.0, 1.0, 1.0]","[0.606376, 0.353924, 0.543941, 0.592622, 0.537777, 0.0, 0.023306, 0.177281]","[0, 1, 1, 0, 0, 0, 1, 1]","[1, 0, 1, 1, 1, 0, 0, 0]",1.0663860012584387,1.4603092016064867,1.3963268447011257
182072,199843,10.0,-50.0,7,4,1,0,3,"[1.0, 1.0, 1.0, 0.0, 0.0, 1.0, 0.0]","[0.425539, 0.384485, 0.574878, 0.0, 0.0, 0.218487, 0.149223]","[1, 1, 1, 0, 0, 1, 0]","[0, 0, 1, 0, 0, 0, 0]",3.3702220490220873,1.05244548891844,0.3133174586557
182354,185997,10.0,-50.0,10,5,5,1,1,"[1.0, 1.0, 0.0, 0.0, 1.0, 1.0, 0.0, 0.0, 0.0, 1.0]","[0.402848, 0.613219, 0.300779, 0.0, 1.0, 1.0, 0.548457, 0.0, 0.0, 1.0]","[1, 1, 0, 0, 1, 1, 0, 0, 0, 1]","[0, 1, 0, 0, 1, 1, 1, 0, 0, 1]",2.7841428864838265,2.402470542459175,0.8651609785545138
182369,181607,10.0,-50.0,5,1,0,0,1,"[0.0, 0.0, 1.0, 0.0, 0.0]","[0.0, 0.0, 0.462422, 0.0, 0.0]","[0, 0, 1, 0, 0]","[0, 0, 0, 0, 0]",1.890689514944936,0.7870588156692516,0.4172377799752218
182581,208651,10.0,-50.0,4,3,0,0,3,"[1.0, 1.0, 0.0, 1.0]","[0.449102, 0.094005, 0.0, 0.461406]","[1, 1, 0, 1]","[0, 0, 0, 0]",1.2466489006211838,0.1230608838388404,0.09907967184684996
182967,198780,10.0,-50.0,10,6,4,3,5,"[0.0, 1.0, 0.0, 1.0, 1.0, 1.0, 1.0, 0.0, 1.0, 0.0]","[0.580078, 0.353904, 0.585987, 0.455714, 0.485658, 0.415723, 0.44295, 0.582557, 0.616538, 0.436406]","[0, 1, 0, 1, 1, 1, 1, 0, 1, 0]","[1, 0, 1, 0, 0, 0, 0, 1, 1, 0]",1.888907079208392,1.54127841801381,0.8305819823015854
183423,197906,10.0,-50.0,7,2,2,1,1,"[0.0, 1.0, 0.0, 0.0, 0.0, 1.0, 0.0]","[0.590534, 0.546023, 0.0, 0.389879, 0.268728, 0.437483, 0.0]","[0, 1, 0, 0, 0, 1, 0]","[1, 1, 0, 0, 0, 0, 0]",1.277267934628681,1.3760190588476129,1.080933468005628
183796,186882,10.0,-50.0,11,5,4,1,2,"[0.0, 0.0, 0.0, 1.0, 0.0, 1.0, 0.0, 1.0, 1.0, 1.0, 0.0]","[0.486172, 0.488803, 0.0, 1.0, 0.0, 1.0, 0.0, 0.316694, 0.35414, 1.0, 0.577748]","[0, 0, 0, 1, 0, 1, 0, 1, 1, 1, 0]","[0, 0, 0, 1, 0, 1, 0, 0, 0, 1, 1]",2.004656692239265,1.4759898609968025,0.7460226233001919
184015,184061,10.0,-50.0,7,5,4,1,2,"[1.0, 0.0, 1.0, 1.0, 1.0, 0.0, 1.0]","[0.600431, 0.620631, 0.481569, 0.563234, 0.686814, 0.0, 0.344929]","[1, 0, 1, 1, 1, 0, 1]","[1, 1, 0, 1, 1, 0, 0]",1.7220825838071119,1.5041964753266674,0.881016780212506
184033,189853,10.0,-50.0,7,2,4,4,2,"[1.0, 0.0, 0.0, 1.0, 0.0, 0.0, 0.0]","[0.473396, 0.601728, 0.537362, 0.121461, 0.434358, 0.615278, 0.610134]","[1, 0, 0, 1, 0, 0, 0]","[0, 1, 1, 0, 0, 1, 1]",1.2074199308863212,2.081014495405329,1.7262732277414243
184090,195582,10.0,-50.0,9,6,4,0,2,"[0.0, 1.0, 0.0, 1.0, 1.0, 1.0, 0.0, 1.0, 1.0]","[0.283936, 1.0, 0.0, 1.0, 1.0, 0.120033, 0.0, 0.583801, 0.08323]","[0, 1, 0, 1, 1, 1, 0, 1, 1]","[0, 1, 0, 1, 1, 0, 0, 1, 0]",5.504358321570608,2.5555137955225673,0.46732954866167437
184709,196154,10.0,-50.0,5,2,5,3,0,"[1.0, 0.0, 1.0, 0.0, 0.0]","[0.532126, 0.632249, 0.503122, 0.595264, 0.527227]","[1, 0, 1, 0, 0]","[1, 1, 1, 1, 1]",1.0905231466271232,2.3635530211123092,2.1793622752631108
185337,193957,10.0,-50.0,4,3,1,0,2,"[1.0, 1.0, 1.0, 0.0]","[0.168484, 0.459412, 0.568764, 0.305622]","[1, 1, 1, 0]","[0, 0, 1, 0]",1.4900048388367595,0.6214692478624748,0.4187140849305524
185785,189513,10.0,-50.0,5,1,2,2,1,"[0.0, 0.0, 0.0, 1.0, 0.0]","[0.255061, 0.561961, 0.453093, 0.42474, 0.631598]","[0, 0, 0, 1, 0]","[0, 1, 0, 0, 1]",1.096883275055878,0.9729106796851574,0.8884761214417244
185875,206473,10.0,-50.0,23,11,7,1,5,"[0.0, 0.0, 0.0, 0.0, 1.0, 1.0, 0.0, 1.0, 0.0, 0.0, 1.0, 0.0, 1.0, 1.0, 0.0, 1.0, 1.0, 1.0, 1.0, 0.0, 0.0, 0.0, 1.0]","[0.554292, 0.0, 0.276969, 0.487536, 0.318923, 0.487143, 0.494527, 0.567174, 0.289836, 0.36682, 0.624704, 0.494023, 0.924069, 0.454558, 0.262529, 0.243838, 0.420087, 0.746152, 1.0, 0.0, 0.0, 0.0, 1.0]","[0, 0, 0, 0, 1, 1, 0, 1, 0, 0, 1, 0, 1, 1, 0, 1, 1, 1, 1, 0, 0, 0, 1]","[1, 0, 0, 0, 0, 0, 0, 1, 0, 0, 1, 0, 1, 0, 0, 0, 0, 1, 1, 0, 0, 0, 1]",4.886928355255206,3.264409102289847,0.7195636681746193
186117,200624,10.0,-50.0,6,3,6,3,0,"[0.0, 0.0, 1.0, 1.0, 0.0, 1.0]","[0.579622, 0.580594, 0.553349, 0.514185, 0.627357, 0.613109]","[0, 0, 1, 1, 0, 1]","[1, 1, 1, 1, 1, 1]",1.2084231400862042,2.035890947143499,1.6947472986549583
186198,204134,10.0,-50.0,4,2,1,1,2,"[1.0, 1.0, 0.0, 0.0]","[0.038065, 0.07155, 0.0, 0.617626]","[1, 1, 0, 0]","[0, 0, 0, 1]",1.1375601839142244,0.9978396707682631,0.8806973540296937
186356,189091,10.0,-50.0,11,6,3,1,4,"[0.0, 0.0, 1.0, 1.0, 1.0, 1.0, 1.0, 0.0, 1.0, 0.0, 0.0]","[0.465028, 0.034071, 0.578624, 0.381052, 0.418332, 0.499394, 0.11196, 0.0, 0.562147, 0.572665, 0.403913]","[0, 0, 1, 1, 1, 1, 1, 0, 1, 0, 0]","[0, 0, 1, 0, 0, 0, 0, 0, 1, 1, 0]",2.35684050341058,1.3517518320286648,0.5787090136097651
186407,182154,10.0,-50.0,11,7,5,0,2,"[1.0, 1.0, 0.0, 0.0, 1.0, 0.0, 0.0, 1.0, 1.0, 1.0, 1.0]","[1.0, 1.0, 0.0, 0.0, 0.32357, 0.400877, 0.416356, 0.746024, 1.0, 0.095012, 0.546118]","[1, 1, 0, 0, 1, 0, 0, 1, 1, 1, 1]","[1, 1, 0, 0, 0, 0, 0, 1, 1, 0, 1]",2.2899527895725864,1.8580180959159147,0.8982923175998738
186810,208210,10.0,-50.0,6,3,2,0,1,"[1.0, 0.0, 1.0, 0.0, 1.0, 0.0]","[0.648304, 0.093906, 0.048361, 0.0, 0.83588, 0.413482]","[1, 0, 1, 0, 1, 0]","[1, 0, 0, 0, 1, 0]",1.5429417425142504,1.5044359802335971,0.995597740362476
187212,192870,10.0,-50.0,4,3,1,0,2,"[1.0, 1.0, 1.0, 0.0]","[0.334516, 0.352054, 0.622568, 0.0]","[1, 1, 1, 0]","[0, 0, 1, 0]",1.0349589618918746,0.3316445770185195,0.32398112912640104
187417,207485,10.0,-50.0,9,5,3,0,2,"[1.0, 1.0, 0.0, 0.0, 1.0, 0.0, 1.0, 1.0, 0.0]","[0.464169, 0.30115, 0.493777, 0.0, 1.0, 0.148701, 1.0, 1.0, 0.0]","[1, 1, 0, 0, 1, 0, 1, 1, 0]","[0, 0, 0, 0, 1, 0, 1, 1, 0]",6.94984716193321,3.473332500965211,0.5025348625934662
188013,194919,10.0,-50.0,14,7,7,1,1,"[0.0, 1.0, 0.0, 1.0, 1.0, 1.0, 1.0, 0.0, 0.0, 0.0, 0.0, 0.0, 1.0, 1.0]","[0.0, 1.0, 0.0, 1.0, 1.0, 1.0, 1.0, 0.419132, 0.101904, 0.0, 0.0, 0.551921, 1.0, 0.396692]","[0, 1, 0, 1, 1, 1, 1, 0, 0, 0, 0, 0, 1, 1]","[0, 1, 0, 1, 1, 1, 1, 0, 0, 0, 0, 1, 1, 0]",2.030727725621682,1.7004902940155144,0.8489216902299255
189027,190257,10.0,-50.0,10,5,6,1,0,"[0.0, 1.0, 0.0, 0.0, 0.0, 1.0, 0.0, 1.0, 1.0, 1.0]","[0.226836, 0.688646, 0.502084, 0.320088, 0.0, 1.0, 0.0, 1.0, 0.581277, 0.500529]","[0, 1, 0, 0, 0, 1, 0, 1, 1, 1]","[0, 1, 1, 0, 0, 1, 0, 1, 1, 1]",1.7231368189640917,2.391447330353322,1.398641492675206
189143,193722,10.0,-50.0,7,6,3,0,3,"[1.0, 1.0, 1.0, 1.0, 0.0, 1.0, 1.0]","[0.596291, 0.399178, 0.329113, 0.632647, 0.0, 0.597121, 0.158325]","[1, 1, 1, 1, 0, 1, 1]","[1, 0, 0, 1, 0, 1, 0]",2.2624827365965325,1.1635083288548353,0.5161708291783442
189265,184120,10.0,-50.0,3,1,1,1,1,"[0.0, 1.0, 0.0]","[0.400047, 0.336126, 0.559335]","[0, 1, 0]","[0, 0, 1]",0.6659566324703287,0.5970459563096207,0.9023275112429814
189415,192019,10.0,-50.0,4,1,3,2,0,"[0.0, 0.0, 0.0, 1.0]","[0.543528, 0.497355, 0.60109, 0.616186]","[0, 0, 0, 1]","[1, 0, 1, 1]",0.6447041095006346,1.8686176682773987,2.9061644288576356
189500,185042,10.0,-50.0,9,4,3,1,2,"[0.0, 1.0, 0.0, 1.0, 0.0, 1.0, 0.0, 0.0, 1.0]","[0.514241, 0.354735, 0.0, 0.205619, 0.0, 0.765953, 0.0, 0.0, 0.777628]","[0, 1, 0, 1, 0, 1, 0, 0, 1]","[1, 0, 0, 0, 0, 1, 0, 0, 1]",2.4319789532021403,2.7321016964865894,1.1277650282611567
190073,201891,10.0,-50.0,10,4,2,1,3,"[0.0, 1.0, 1.0, 0.0, 0.0, 0.0, 1.0, 0.0, 0.0, 1.0]","[0.371915, 0.278157, 0.761885, 0.0, 0.605742, 0.414937, 0.477444, 0.019064, 0.327829, 0.201303]","[0, 1, 1, 0, 0, 0, 1, 0, 0, 1]","[0, 0, 1, 0, 1, 0, 0, 0, 0, 0]",3.0597045339056397,2.3142222944497988,0.7619235040146539
190353,181954,10.0,-50.0,5,2,2,0,0,"[0.0, 0.0, 1.0, 1.0, 0.0]","[0.0, 0.378058, 0.529193, 1.0, 0.202738]","[0, 0, 1, 1, 0]","[0, 0, 1, 1, 0]",0.7357414751184999,0.7357414751184999,1.0057619091916592
190392,207670,10.0,-50.0,6,3,2,0,1,"[1.0, 0.0, 0.0, 0.0, 1.0, 1.0]","[0.510172, 0.042522, 0.0, 0.24084, 0.62288, 0.471596]","[1, 0, 0, 0, 1, 1]","[1, 0, 0, 0, 1, 0]",1.5945893567808214,1.2964504478052623,0.8146513325264264
190525,205438,10.0,-50.0,5,1,1,0,0,"[0.0, 0.0, 0.0, 0.0, 1.0]","[0.426374, 0.468285, 0.0, 0.0, 0.83696]","[0, 0, 0, 0, 1]","[0, 0, 0, 0, 1]",0.511267040163908,0.511267040163908,1.00204213052871
190541,188497,10.0,-50.0,16,10,6,0,4,"[0.0, 0.0, 1.0, 1.0, 0.0, 0.0, 0.0, 1.0, 1.0, 1.0, 1.0, 1.0, 1.0, 1.0, 0.0, 1.0]","[0.0, 0.354846, 0.136473, 0.639347, 0.386717, 0.234024, 0.218409, 0.93092, 0.587755, 1.0, 0.470051, 0.564317, 0.521594, 0.37563, 0.0, 0.147335]","[0, 0, 1, 1, 0, 0, 0, 1, 1, 1, 1, 1, 1, 1, 0, 1]","[0, 0, 0, 1, 0, 0, 0, 1, 1, 1, 0, 1, 1, 0, 0, 0]",4.129356437975285,3.0294492510906483,0.741868472991237
191341,181892,10.0,-50.0,4,3,1,0,2,"[1.0, 1.0, 0.0, 1.0]","[0.469935, 0.268296, 0.460282, 0.640535]","[1, 1, 0, 1]","[0, 0, 0, 1]",2.916701422157724,1.0394250470506698,0.3575890258264058
191917,186517,10.0,-50.0,5,4,4,1,1,"[1.0, 1.0, 1.0, 1.0, 0.0]","[0.544943, 0.539206, 0.606387, 0.479614, 0.527186]","[1, 1, 1, 1, 0]","[1, 1, 1, 0, 1]",1.566234792102183,1.8801422062264197,1.2077521817705603
192816,200992,10.0,-50.0,6,3,2,1,2,"[1.0, 0.0, 0.0, 1.0, 0.0, 1.0]","[1.0, 0.0, 0.0, 0.247773, 0.569216, 0.441025]","[1, 0, 0, 1, 0, 1]","[1, 0, 0, 0, 1, 0]",1.8831528294415765,1.5833496490151564,0.8472359249088279
193467,199529,10.0,-50.0,5,2,3,2,1,"[0.0, 1.0, 1.0, 0.0, 0.0]","[0.557259, 0.523643, 0.410417, 0.282692, 0.529767]","[0, 1, 1, 0, 0]","[1, 1, 0, 0, 1]",0.5985732774030423,0.9666083865039539,1.6231769833669016
193481,196243,10.0,-50.0,30,14,6,0,8,"[1.0, 0.0, 0.0, 0.0, 1.0, 0.0, 1.0, 0.0, 0.0, 0.0, 0.0, 1.0, 0.0, 0.0, 0.0, 0.0, 1.0, 0.0, 1.0, 0.0, 1.0, 1.0, 1.0, 1.0, 1.0, 0.0, 1.0, 0.0, 1.0, 1.0]","[0.534404, 0.447216, 0.0, 0.0, 0.516655, 0.358185, 0.411071, 0.138802, 0.26902, 0.0, 0.0, 0.295324, 0.0, 0.0, 0.0, 0.0, 1.0, 0.0, 0.424029, 0.203526, 0.407468, 0.256058, 0.140251, 0.308214, 0.733952, 0.356551, 0.445005, 0.0, 0.621127, 0.641235]","[1, 0, 0, 0, 1, 0, 1, 0, 0, 0, 0, 1, 0, 0, 0, 0, 1, 0, 1, 0, 1, 1, 1, 1, 1, 0, 1, 0, 1, 1]","[1, 0, 0, 0, 1, 0, 0, 0, 0, 0, 0, 0, 0, 0, 0, 0, 1, 0, 0, 0, 0, 0, 0, 0, 1, 0, 0, 0, 1, 1]",5.562472890855041,3.289322382870724,0.5999532405559889
193709,181631,10.0,-50.0,9,5,3,0,2,"[1.0, 0.0, 1.0, 1.0, 0.0, 0.0, 1.0, 0.0, 1.0]","[0.594293, 0.0, 0.474234, 0.27854, 0.0, 0.0, 0.504159, 0.0, 0.535966]","[1, 0, 1, 1, 0, 0, 1, 0, 1]","[1, 0, 0, 0, 0, 0, 1, 0, 1]",1.7931513759953182,1.2897825238985134,0.7282414061502256
194277,200870,10.0,-50.0,5,2,0,0,2,"[1.0, 0.0, 0.0, 0.0, 1.0]","[0.461923, 0.0, 0.0, 0.0, 0.169862]","[1, 0, 0, 0, 1]","[0, 0, 0, 0, 0]",3.6447445888738166,0.7432657346069247,0.2045687650903668
194532,187415,10.0,-50.0,19,12,7,0,5,"[0.0, 1.0, 1.0, 1.0, 0.0, 1.0, 0.0, 1.0, 1.0, 0.0, 1.0, 0.0, 1.0, 0.0, 0.0, 1.0, 1.0, 1.0, 1.0]","[0.186073, 0.603758, 0.500101, 0.23387, 0.423315, 0.643247, 0.217351, 0.778861, 0.28212, 0.244717, 0.355299, 0.0, 0.247344, 0.0, 0.0, 0.251137, 0.529029, 0.547854, 0.532539]","[0, 1, 1, 1, 0, 1, 0, 1, 1, 0, 1, 0, 1, 0, 0, 1, 1, 1, 1]","[0, 1, 1, 0, 0, 1, 0, 1, 0, 0, 0, 0, 0, 0, 0, 0, 1, 1, 1]",3.813404707067371,2.543832075262838,0.6973195025241453
194969,207559,10.0,-50.0,8,5,2,0,3,"[1.0, 0.0, 1.0, 1.0, 0.0, 0.0, 1.0, 1.0]","[0.494391, 0.488601, 0.177513, 0.348212, 0.458215, 0.372861, 0.579645, 0.578132]","[1, 0, 1, 1, 0, 0, 1, 1]","[0, 0, 0, 0, 0, 0, 1, 1]",0.9357177679676041,0.6115892448481404,0.660605206860513
195214,208946,10.0,-50.0,5,2,2,1,1,"[0.0, 1.0, 0.0, 0.0, 1.0]","[0.586992, 0.795455, 0.0, 0.0, 0.235302]","[0, 1, 0, 0, 1]","[1, 1, 0, 0, 0]",1.1094801464806896,1.3793655708144454,1.2453622363708412
196430,183658,10.0,-50.0,10,4,3,0,1,"[0.0, 1.0, 0.0, 0.0, 0.0, 0.0, 1.0, 1.0, 0.0, 1.0]","[0.257163, 0.386683, 0.0, 0.0, 0.0, 0.0, 1.0, 1.0, 0.40844, 0.64194]","[0, 1, 0, 0, 0, 0, 1, 1, 0, 1]","[0, 0, 0, 0, 0, 0, 1, 1, 0, 1]",2.3173904579122726,1.8559329346856515,0.8032295197382665
196562,186098,10.0,-50.0,7,6,4,0,2,"[1.0, 1.0, 1.0, 1.0, 1.0, 0.0, 1.0]","[1.0, 0.61124, 0.912929, 0.319157, 1.0, 0.103695, 0.432429]","[1, 1, 1, 1, 1, 0, 1]","[1, 1, 1, 0, 1, 0, 0]",2.4031913505981137,1.7709187359355114,0.740804989089235
196654,200262,10.0,-50.0,5,1,2,2,1,"[0.0, 0.0, 0.0, 1.0, 0.0]","[0.475882, 0.0, 0.584463, 0.271879, 0.575555]","[0, 0, 0, 1, 0]","[0, 0, 1, 0, 1]",0.632434304346728,1.0667880266907592,1.6991972970538487
196734,181209,10.0,-50.0,6,4,4,2,2,"[1.0, 1.0, 1.0, 1.0, 0.0, 0.0]","[0.405244, 0.626201, 0.555346, 0.496487, 0.594998, 0.56068]","[1, 1, 1, 1, 0, 0]","[0, 1, 1, 0, 1, 1]",1.5052644695180817,1.2472990146746306,0.8344563846400314
196748,180959,10.0,-50.0,5,2,3,2,1,"[1.0, 0.0, 0.0, 0.0, 1.0]","[0.590769, 0.614427, 0.429664, 0.566095, 0.090856]","[1, 0, 0, 0, 1]","[1, 1, 0, 1, 0]",1.2303767965802235,1.5019971540615495,1.2220273843826481
197652,203951,10.0,-50.0,7,5,4,1,2,"[1.0, 0.0, 1.0, 1.0, 1.0, 1.0, 0.0]","[0.861157, 0.0, 0.562319, 0.065347, 0.214803, 0.514839, 0.578766]","[1, 0, 1, 1, 1, 1, 0]","[1, 0, 1, 0, 0, 1, 1]",2.2017434983795585,1.5445119205886926,0.7089593306266488
198242,189050,10.0,-50.0,4,3,0,0,3,"[1.0, 0.0, 1.0, 1.0]","[0.346493, 0.489924, 0.483419, 0.354928]","[1, 0, 1, 1]","[0, 0, 0, 0]",1.1188037279980818,0.1116321963581967,0.10009985817959338
198864,197551,10.0,-50.0,5,1,2,1,0,"[0.0, 1.0, 0.0, 0.0, 0.0]","[0.497622, 0.544884, 0.617939, 0.472946, 0.0]","[0, 1, 0, 0, 0]","[0, 1, 1, 0, 0]",1.4671249801397064,2.564702707000897,1.7568030818293507
198910,188914,10.0,-50.0,10,6,1,0,5,"[0.0, 0.0, 1.0, 1.0, 1.0, 1.0, 1.0, 1.0, 0.0, 0.0]","[0.0, 0.0, 0.173032, 0.527442, 0.301694, 0.345758, 0.016933, 0.043185, 0.0, 0.0]","[0, 0, 1, 1, 1, 1, 1, 1, 0, 0]","[0, 0, 0, 1, 0, 0, 0, 0, 0, 0]",3.240930231353663,0.5672269280299899,0.17662654153839719
199365,195486,10.0,-50.0,4,2,2,1,1,"[1.0, 0.0, 0.0, 1.0]","[0.478639, 0.193399, 0.501657, 0.78828]","[1, 0, 0, 1]","[0, 0, 1, 1]",2.4897397318193075,2.833474101296025,1.1463025188092588
199521,190468,10.0,-50.0,6,3,3,1,1,"[1.0, 0.0, 0.0, 1.0, 0.0, 1.0]","[0.207414, 0.0, 0.531257, 0.592824, 0.447996, 0.625626]","[1, 0, 0, 1, 0, 1]","[0, 0, 1, 1, 0, 1]",1.2854271824029877,1.1558454478004476,0.9059912526195956
199599,194835,10.0,-50.0,9,2,1,1,2,"[1.0, 1.0, 0.0, 0.0, 0.0, 0.0, 0.0, 0.0, 0.0]","[0.363027, 0.195946, 0.0, 0.0, 0.619532, 0.0, 0.0, 0.493198, 0.347983]","[1, 1, 0, 0, 0, 0, 0, 0, 0]","[0, 0, 0, 0, 1, 0, 0, 0, 0]",0.912065462936108,0.7975767194020532,0.876925720183281
199879,192945,10.0,-50.0,11,6,6,2,2,"[1.0, 1.0, 1.0, 0.0, 1.0, 0.0, 1.0, 0.0, 1.0, 0.0, 0.0]","[0.451696, 0.515283, 0.554461, 0.0, 0.588544, 0.420389, 1.0, 0.529216, 0.303998, 0.0, 0.608104]","[1, 1, 1, 0, 1, 0, 1, 0, 1, 0, 0]","[0, 1, 1, 0, 1, 0, 1, 1, 0, 0, 1]",1.752341395656637,1.93051706314705,1.1118276879606024
199932,195364,10.0,-50.0,6,2,3,2,1,"[0.0, 0.0, 0.0, 0.0, 1.0, 1.0]","[0.536521, 0.386869, 0.529594, 0.485451, 0.562674, 0.333194]","[0, 0, 0, 0, 1, 1]","[1, 0, 1, 0, 1, 0]",1.8897575018523494,1.9322895644793556,1.0259767414517553
200132,185914,10.0,-50.0,6,3,5,2,0,"[1.0, 0.0, 1.0, 0.0, 0.0, 1.0]","[1.0, 0.509877, 0.981901, 0.521959, 0.0, 0.601831]","[1, 0, 1, 0, 0, 1]","[1, 1, 1, 1, 0, 1]",1.124574092101589,1.5113615648663639,1.3487667278698494
200462,204393,10.0,-50.0,7,4,3,2,3,"[0.0, 1.0, 1.0, 1.0, 1.0, 0.0, 0.0]","[0.591589, 0.13657, 0.379374, 0.437362, 0.595417, 0.579953, 0.476989]","[0, 1, 1, 1, 1, 0, 0]","[1, 0, 0, 0, 1, 1, 0]",1.2377832737792454,1.1508011676492043,0.9444591509354856
200586,209048,10.0,-50.0,4,2,2,0,0,"[1.0, 0.0, 0.0, 1.0]","[0.546725, 0.174528, 0.304286, 0.520231]","[1, 0, 0, 1]","[1, 0, 0, 1]",1.0216994104343216,1.0216994104343216,1.0076633241491244
201258,187071,10.0,-50.0,5,3,4,1,0,"[0.0, 1.0, 1.0, 0.0, 1.0]","[0.551105, 1.0, 1.0, 0.0, 0.613109]","[0, 1, 1, 0, 1]","[1, 1, 1, 0, 1]",1.4850781228585155,2.126695354337257,1.443780335302435
201281,199420,10.0,-50.0,10,6,4,0,2,"[1.0, 0.0, 1.0, 1.0, 0.0, 1.0, 1.0, 0.0, 1.0, 0.0]","[0.439521, 0.304598, 0.318637, 1.0, 0.409664, 1.0, 1.0, 0.483998, 0.577672, 0.398467]","[1, 0, 1, 1, 0, 1, 1, 0, 1, 0]","[0, 0, 0, 1, 0, 1, 1, 0, 1, 0]",1.619040294536289,1.105906694904752,0.6921718372260292
201521,209101,10.0,-50.0,5,3,3,0,0,"[1.0, 1.0, 0.0, 1.0, 0.0]","[0.755618, 0.582081, 0.0, 0.614151, 0.0]","[1, 1, 0, 1, 0]","[1, 1, 0, 1, 0]",2.1892663654162368,2.1892663654162368,1.0353554273166425
202328,190143,10.0,-50.0,5,2,1,0,1,"[0.0, 1.0, 0.0, 0.0, 1.0]","[0.389166, 0.467335, 0.385785, 0.445442, 0.611787]","[0, 1, 0, 0, 1]","[0, 0, 0, 0, 1]",1.293556776455307,0.827152124804791,0.6406179954803574
202571,195398,10.0,-50.0,5,4,4,1,1,"[1.0, 1.0, 1.0, 0.0, 1.0]","[0.320944, 0.511579, 0.599715, 0.569508, 0.557477]","[1, 1, 1, 0, 1]","[0, 1, 1, 1, 1]",0.751905875569516,0.8729288007087579,1.172373591233133
203038,207594,10.0,-50.0,15,9,10,1,0,"[1.0, 0.0, 1.0, 0.0, 0.0, 1.0, 1.0, 1.0, 1.0, 0.0, 1.0, 1.0, 0.0, 0.0, 1.0]","[0.556768, 0.495411, 0.541869, 0.0, 0.535536, 0.525619, 0.901087, 1.0, 0.596514, 0.0, 0.761167, 1.0, 0.442572, 0.0, 0.552744]","[1, 0, 1, 0, 0, 1, 1, 1, 1, 0, 1, 1, 0, 0, 1]","[1, 0, 1, 0, 1, 1, 1, 1, 1, 0, 1, 1, 0, 0, 1]",2.7686344004505745,2.8173908487169697,1.022001603693491
203171,197644,10.0,-50.0,3,1,1,0,0,"[1.0, 0.0, 0.0]","[0.743462, 0.0, 0.0]","[1, 0, 0]","[1, 0, 0]",0.5090846544142453,0.5090846544142453,1.0169541314807207
203300,206195,10.0,-50.0,5,3,3,0,0,"[0.0, 1.0, 1.0, 1.0, 0.0]","[0.0, 1.0, 1.0, 0.560291, 0.339581]","[0, 1, 1, 1, 0]","[0, 1, 1, 1, 0]",0.9164351167519311,0.9164351167519311,1.0029355586757058
203710,206592,10.0,-50.0,8,5,4,0,1,"[1.0, 1.0, 0.0, 1.0, 0.0, 1.0, 1.0, 0.0]","[0.451508, 0.628906, 0.28442, 0.959419, 0.0, 1.0, 0.679266, 0.367216]","[1, 1, 0, 1, 0, 1, 1, 0]","[0, 1, 0, 1, 0, 1, 1, 0]",1.4841866228446592,1.2233352147752168,0.8379357433734798
203919,187736,10.0,-50.0,6,3,1,0,2,"[1.0, 0.0, 1.0, 0.0, 0.0, 1.0]","[0.58036, 0.0, 0.339344, 0.0, 0.0, 0.397057]","[1, 0, 1, 0, 0, 1]","[1, 0, 0, 0, 0, 0]",1.616590150546727,0.6147399748819582,0.381237337896204
203964,196350,10.0,-50.0,8,4,2,2,4,"[0.0, 1.0, 1.0, 1.0, 0.0, 0.0, 1.0, 0.0]","[0.595236, 0.40432, 0.436297, 0.4513, 0.108667, 0.24953, 0.108517, 0.554273]","[0, 1, 1, 1, 0, 0, 1, 0]","[1, 0, 0, 0, 0, 0, 0, 1]",1.5154956095606311,1.0225716694179985,0.6873176506778909
204120,188861,10.0,-50.0,4,1,1,0,0,"[0.0, 1.0, 0.0, 0.0]","[0.381158, 0.516727, 0.375152, 0.0]","[0, 1, 0, 0]","[0, 1, 0, 0]",1.3692745658192838,1.3692745658192838,1.0044875599870542
204194,205064,10.0,-50.0,6,3,2,0,1,"[1.0, 0.0, 0.0, 1.0, 1.0, 0.0]","[0.121888, 0.488899, 0.291986, 0.779183, 1.0, 0.0]","[1, 0, 0, 1, 1, 0]","[0, 0, 0, 1, 1, 0]",0.914066192569595,0.5439796529355456,0.5962321604439501
204883,200512,10.0,-50.0,14,6,6,0,0,"[0.0, 1.0, 0.0, 1.0, 0.0, 1.0, 1.0, 0.0, 1.0, 0.0, 0.0, 0.0, 1.0, 0.0]","[0.0, 0.560765, 0.0, 1.0, 0.0, 1.0, 1.0, 0.0, 1.0, 0.4685, 0.0, 0.0, 0.593296, 0.0]","[0, 1, 0, 1, 0, 1, 1, 0, 1, 0, 0, 0, 1, 0]","[0, 1, 0, 1, 0, 1, 1, 0, 1, 0, 0, 0, 1, 0]",5.356489087366031,5.356489087366031,1.0098810341662194
205300,191467,10.0,-50.0,8,4,5,1,0,"[1.0, 1.0, 0.0, 0.0, 1.0, 0.0, 0.0, 1.0]","[1.0, 1.0, 0.0, 0.0, 0.712671, 0.522361, 0.0, 0.588771]","[1, 1, 0, 0, 1, 0, 0, 1]","[1, 1, 0, 0, 1, 1, 0, 1]",1.6200950157697556,2.046131526759414,1.2718145845190902
205327,192314,10.0,-50.0,5,2,3,2,1,"[1.0, 1.0, 0.0, 0.0, 0.0]","[0.502113, 0.478759, 0.501175, 0.471838, 0.502005]","[1, 1, 0, 0, 0]","[1, 0, 1, 0, 1]",0.2006276565495691,0.6520997711811161,3.2557936510624033
205559,199162,10.0,-50.0,8,3,3,0,0,"[0.0, 1.0, 1.0, 0.0, 0.0, 1.0, 0.0, 0.0]","[0.0, 0.759386, 0.958277, 0.0, 0.366208, 1.0, 0.0, 0.0]","[0, 1, 1, 0, 0, 1, 0, 0]","[0, 1, 1, 0, 0, 1, 0, 0]",2.7044351226650205,2.7044351226650205,1.0038113789875536
205643,189193,10.0,-50.0,12,7,5,1,3,"[0.0, 1.0, 1.0, 1.0, 1.0, 0.0, 1.0, 0.0, 0.0, 1.0, 0.0, 1.0]","[0.529036, 0.16739, 0.091579, 0.611785, 0.026568, 0.464488, 0.572404, 0.444377, 0.460263, 0.614805, 0.417168, 0.537437]","[0, 1, 1, 1, 1, 0, 1, 0, 0, 1, 0, 1]","[1, 0, 0, 1, 0, 0, 1, 0, 0, 1, 0, 1]",3.101090872126953,2.81900974354284,0.9189627911756901
206314,189443,10.0,-50.0,12,3,4,3,2,"[1.0, 1.0, 0.0, 0.0, 0.0, 0.0, 0.0, 0.0, 0.0, 0.0, 1.0, 0.0]","[0.504253, 0.455718, 0.594036, 0.361733, 0.423992, 0.590432, 0.600492, 0.0, 0.039735, 0.328019, 0.449116, 0.0]","[1, 1, 0, 0, 0, 0, 0, 0, 0, 0, 1, 0]","[1, 0, 1, 0, 0, 1, 1, 0, 0, 0, 0, 0]",2.0809594630971175,2.6636207762809248,1.3100755520572276
206930,184305,10.0,-50.0,6,4,5,2,1,"[1.0, 1.0, 1.0, 1.0, 0.0, 0.0]","[0.505677, 0.459214, 0.590611, 0.53022, 0.574619, 0.595302]","[1, 1, 1, 1, 0, 0]","[1, 0, 1, 1, 1, 1]",1.7154923048810975,2.19016267581761,1.287506953287655
207423,186224,10.0,-50.0,4,2,2,1,1,"[0.0, 0.0, 1.0, 1.0]","[0.0, 0.59081, 0.602901, 0.150769]","[0, 0, 1, 1]","[0, 1, 1, 0]",0.8259317485463354,0.8569772345510753,1.0400159223009555
207475,192618,10.0,-50.0,5,2,2,1,1,"[1.0, 1.0, 0.0, 0.0, 0.0]","[0.448479, 0.71852, 0.569457, 0.247142, 0.357534]","[1, 1, 0, 0, 0]","[0, 1, 1, 0, 0]",0.8792259254211634,0.6068427737878672,0.6921623820182097
207836,184831,10.0,-50.0,4,2,0,0,2,"[0.0, 0.0, 1.0, 1.0]","[0.499998, 0.427044, 0.430466, 0.476471]","[0, 0, 1, 1]","[0, 0, 0, 0]",0.8873538536132757,0.2308844594424321,0.2652184383916632
208093,203811,10.0,-50.0,6,4,3,0,1,"[1.0, 0.0, 1.0, 0.0, 1.0, 1.0]","[0.371988, 0.0, 0.909917, 0.0, 1.0, 0.78544]","[1, 0, 1, 0, 1, 1]","[0, 0, 1, 0, 1, 1]",3.135315397336999,2.4749190461086297,0.7906530047203977
208904,200676,10.0,-50.0,11,5,4,1,2,"[1.0, 1.0, 0.0, 1.0, 0.0, 0.0, 1.0, 0.0, 0.0, 1.0, 0.0]","[0.059672, 0.040893, 0.242364, 1.0, 0.508952, 0.0, 0.565492, 0.218487, 0.0, 0.69478, 0.0]","[1, 1, 0, 1, 0, 0, 1, 0, 0, 1, 0]","[0, 0, 0, 1, 1, 0, 1, 0, 0, 1, 0]",3.422680825932712,2.926043965885568,0.8616637588996213
208966,196199,10.0,-50.0,7,4,1,0,3,"[0.0, 1.0, 1.0, 1.0, 0.0, 0.0, 1.0]","[0.487018, 0.460743, 0.549823, 0.484758, 0.0, 0.0, 0.0846]","[0, 1, 1, 1, 0, 0, 1]","[0, 0, 1, 0, 0, 0, 0]",1.4405262350925365,0.5357593797790178,0.3736637077924379
208976,188476,10.0,-50.0,5,3,4,2,1,"[0.0, 0.0, 1.0, 1.0, 1.0]","[0.514583, 0.605047, 0.498809, 0.58617, 0.577739]","[0, 0, 1, 1, 1]","[1, 1, 0, 1, 1]",1.2326579509944042,1.9258553624214119,1.6009000242242555
209495,189342,10.0,-50.0,4,2,4,2,0,"[1.0, 0.0, 1.0, 0.0]","[0.624426, 0.603278, 0.511414, 0.617564]","[1, 0, 1, 0]","[1, 1, 1, 1]",1.0005348172133366,1.7237394496200842,1.7300379155864005
209709,184968,10.0,-50.0,10,6,3,0,3,"[1.0, 0.0, 0.0, 1.0, 0.0, 0.0, 1.0, 1.0, 1.0, 1.0]","[0.9078, 0.0, 0.0, 0.083522, 0.0, 0.0, 0.498814, 0.052683, 0.545272, 0.602699]","[1, 0, 0, 1, 0, 0, 1, 1, 1, 1]","[1, 0, 0, 0, 0, 0, 0, 0, 1, 1]",1.7467054007923886,1.0583073148597375,0.6255323171138222
210209,180231,10.0,-50.0,7,3,3,0,0,"[1.0, 0.0, 0.0, 0.0, 1.0, 1.0, 0.0]","[1.0, 0.0, 0.388812, 0.0, 1.0, 0.700903, 0.293332]","[1, 0, 0, 0, 1, 1, 0]","[1, 0, 0, 0, 1, 1, 0]",1.0665700221371255,1.0665700221371255,1.0158660578998187
180164,197248,10.0,-30.0,4,2,2,0,0,"[1.0, 0.0, 1.0, 0.0]","[0.626238, 0.455255, 0.701785, 0.0]","[1, 0, 1, 0]","[1, 0, 1, 0]",1.3503350694748417,1.3503350694748417,1.0083629333164386
180236,203656,10.0,-30.0,8,3,3,2,2,"[0.0, 1.0, 1.0, 0.0, 0.0, 1.0, 0.0, 0.0]","[0.156628, 0.895163, 0.099478, 0.677226, 0.524976, 0.178334, 0.0, 0.069483]","[0, 1, 1, 0, 0, 1, 0, 0]","[0, 1, 0, 1, 1, 0, 0, 0]",1.5000173534132406,1.9726682693089872,1.32124603275685
180329,189548,10.0,-30.0,4,2,0,0,2,"[1.0, 1.0, 0.0, 0.0]","[0.406556, 0.485008, 0.341061, 0.325125]","[1, 1, 0, 0]","[0, 0, 0, 0]",1.3000633885575328,0.2108644313357808,0.16361940649151108
180687,187024,10.0,-30.0,7,4,2,0,2,"[1.0, 0.0, 1.0, 0.0, 0.0, 1.0, 1.0]","[0.454033, 0.408503, 1.0, 0.0, 0.0, 0.480533, 0.535334]","[1, 0, 1, 0, 0, 1, 1]","[0, 0, 1, 0, 0, 0, 1]",1.6253912852413142,0.8886309294757755,0.5495719553156115
180723,207048,10.0,-30.0,10,5,5,1,1,"[0.0, 0.0, 0.0, 1.0, 0.0, 1.0, 1.0, 1.0, 0.0, 1.0]","[0.527433, 0.265392, 0.236103, 1.0, 0.455379, 0.906664, 1.0, 0.274888, 0.0, 1.0]","[0, 0, 0, 1, 0, 1, 1, 1, 0, 1]","[1, 0, 0, 1, 0, 1, 1, 0, 0, 1]",4.400504749829486,4.068194859004545,0.9334753665132474
180815,206160,10.0,-30.0,14,7,8,1,0,"[1.0, 0.0, 1.0, 1.0, 0.0, 1.0, 0.0, 0.0, 1.0, 0.0, 0.0, 0.0, 1.0, 1.0]","[0.937918, 0.0, 0.621371, 0.83921, 0.367487, 1.0, 0.0, 0.356539, 0.864673, 0.0, 0.0, 0.564288, 0.849275, 1.0]","[1, 0, 1, 1, 0, 1, 0, 0, 1, 0, 0, 0, 1, 1]","[1, 0, 1, 1, 0, 1, 0, 0, 1, 0, 0, 1, 1, 1]",2.485215616303847,2.5687128799830155,1.0987061214775733
180834,205125,10.0,-30.0,5,3,2,0,1,"[0.0, 0.0, 1.0, 1.0, 1.0]","[0.439406, 0.476076, 0.647018, 0.492917, 0.614883]","[0, 0, 1, 1, 1]","[0, 0, 1, 0, 1]",2.04071236596328,0.8048758649048684,0.3957560584903901
181002,188173,10.0,-30.0,9,4,4,0,0,"[1.0, 0.0, 0.0, 0.0, 0.0, 1.0, 1.0, 1.0, 0.0]","[0.690495, 0.0, 0.0, 0.0, 0.0, 1.0, 1.0, 1.0, 0.0]","[1, 0, 0, 0, 0, 1, 1, 1, 0]","[1, 0, 0, 0, 0, 1, 1, 1, 0]",1.7103073873347658,1.7103073873347658,1.0063469966970993
181023,208822,10.0,-30.0,4,2,2,1,1,"[0.0, 1.0, 1.0, 0.0]","[0.554728, 0.550511, 0.248574, 0.278562]","[0, 1, 1, 0]","[1, 1, 0, 0]",1.3152556806315001,1.487418292677952,1.142878570903216
181295,210119,10.0,-30.0,9,5,3,0,2,"[0.0, 1.0, 1.0, 1.0, 0.0, 1.0, 0.0, 0.0, 1.0]","[0.0, 1.0, 0.635558, 0.430925, 0.061245, 0.373974, 0.0, 0.0, 1.0]","[0, 1, 1, 1, 0, 1, 0, 0, 1]","[0, 1, 1, 0, 0, 0, 0, 0, 1]",3.008892835511307,1.955400109042499,0.6608041854592394
181588,206273,10.0,-30.0,8,4,4,3,3,"[0.0, 1.0, 1.0, 0.0, 0.0, 0.0, 1.0, 1.0]","[0.595041, 0.305756, 0.515899, 0.57945, 0.509619, 0.0, 0.030468, 0.205715]","[0, 1, 1, 0, 0, 0, 1, 1]","[1, 0, 1, 1, 1, 0, 0, 0]",1.0663860012584387,1.4603092016064867,1.3963268447011257
182072,199843,10.0,-30.0,7,4,2,0,2,"[1.0, 1.0, 1.0, 0.0, 0.0, 1.0, 0.0]","[0.500285, 0.432797, 0.606362, 0.0, 0.0, 0.135263, 0.146409]","[1, 1, 1, 0, 0, 1, 0]","[1, 0, 1, 0, 0, 0, 0]",3.3702220490220873,1.6264080694223622,0.48418853842227666
182354,185997,10.0,-30.0,10,5,5,1,1,"[1.0, 1.0, 0.0, 0.0, 1.0, 1.0, 0.0, 0.0, 0.0, 1.0]","[0.414264, 0.750271, 0.298977, 0.0, 1.0, 1.0, 0.522426, 0.0, 0.0, 1.0]","[1, 1, 0, 0, 1, 1, 0, 0, 0, 1]","[0, 1, 0, 0, 1, 1, 1, 0, 0, 1]",2.7841428864838265,2.402470542459175,0.8651609785545138
182369,181607,10.0,-30.0,5,1,0,0,1,"[0.0, 0.0, 1.0, 0.0, 0.0]","[0.0, 0.0, 0.455877, 0.0, 0.0]","[0, 0, 1, 0, 0]","[0, 0, 0, 0, 0]",1.890689514944936,0.7870588156692516,0.4172377799752218
182581,208651,10.0,-30.0,4,3,1,0,2,"[1.0, 1.0, 0.0, 1.0]","[0.510067, 0.131522, 0.0, 0.389877]","[1, 1, 0, 1]","[1, 0, 0, 0]",1.2466489006211838,0.4731161732286598,0.38091872678504196
182967,198780,10.0,-30.0,10,6,5,4,5,"[0.0, 1.0, 0.0, 1.0, 1.0, 1.0, 1.0, 0.0, 1.0, 0.0]","[0.575694, 0.404659, 0.589316, 0.393352, 0.482835, 0.353139, 0.440301, 0.578032, 0.611857, 0.531755]","[0, 1, 0, 1, 1, 1, 1, 0, 1, 0]","[1, 0, 1, 0, 0, 0, 0, 1, 1, 1]",1.888907079208392,1.9466693384918243,1.049043741320829
183423,197906,10.0,-30.0,7,2,2,1,1,"[0.0, 1.0, 0.0, 0.0, 0.0, 1.0, 0.0]","[0.580091, 0.540833, 0.0, 0.225791, 0.304408, 0.447937, 0.0]","[0, 1, 0, 0, 0, 1, 0]","[1, 1, 0, 0, 0, 0, 0]",1.277267934628681,1.3760190588476129,1.080933468005628
183796,186882,10.0,-30.0,11,5,4,1,2,"[0.0, 0.0, 0.0, 1.0, 0.0, 1.0, 0.0, 1.0, 1.0, 1.0, 0.0]","[0.489072, 0.483009, 0.0, 1.0, 0.0, 1.0, 0.0, 0.315148, 0.39514, 1.0, 0.538876]","[0, 0, 0, 1, 0, 1, 0, 1, 1, 1, 0]","[0, 0, 0, 1, 0, 1, 0, 0, 0, 1, 1]",2.004656692239265,1.4759898609968025,0.7460226233001919
184015,184061,10.0,-30.0,7,5,5,1,1,"[1.0, 0.0, 1.0, 1.0, 1.0, 0.0, 1.0]","[0.587675, 0.616007, 0.51354, 0.531586, 0.699923, 0.0, 0.363598]","[1, 0, 1, 1, 1, 0, 1]","[1, 1, 1, 1, 1, 0, 0]",1.7220825838071119,1.7568049821553744,1.028971078065906
184033,189853,10.0,-30.0,7,2,4,4,2,"[1.0, 0.0, 0.0, 1.0, 0.0, 0.0, 0.0]","[0.388625, 0.604415, 0.569123, 0.130981, 0.46906, 0.610549, 0.596827]","[1, 0, 0, 1, 0, 0, 0]","[0, 1, 1, 0, 0, 1, 1]",1.2074199308863212,2.081014495405329,1.7262732277414243
184090,195582,10.0,-30.0,9,6,4,0,2,"[0.0, 1.0, 0.0, 1.0, 1.0, 1.0, 0.0, 1.0, 1.0]","[0.311363, 1.0, 0.0, 1.0, 0.966538, 0.106521, 0.0, 0.54763, 0.129108]","[0, 1, 0, 1, 1, 1, 0, 1, 1]","[0, 1, 0, 1, 1, 0, 0, 1, 0]",5.504358321570608,2.5555137955225673,0.46732954866167437
184709,196154,10.0,-30.0,5,2,3,2,1,"[1.0, 0.0, 1.0, 0.0, 0.0]","[0.530153, 0.630692, 0.475937, 0.587968, 0.494973]","[1, 0, 1, 0, 0]","[1, 1, 0, 1, 0]",1.0905231466271232,1.7171250867193288,1.583310212411851
185337,193957,10.0,-30.0,4,3,1,0,2,"[1.0, 1.0, 1.0, 0.0]","[0.193169, 0.463474, 0.57561, 0.283685]","[1, 1, 1, 0]","[0, 0, 1, 0]",1.4900048388367595,0.6214692478624748,0.4187140849305524
185785,189513,10.0,-30.0,5,1,3,3,1,"[0.0, 0.0, 0.0, 1.0, 0.0]","[0.187549, 0.562312, 0.501877, 0.397373, 0.624741]","[0, 0, 0, 1, 0]","[0, 1, 1, 0, 1]",1.096883275055878,1.382509541900719,1.2625277338322807
185875,206473,10.0,-30.0,23,11,10,3,4,"[0.0, 0.0, 0.0, 0.0, 1.0, 1.0, 0.0, 1.0, 0.0, 0.0, 1.0, 0.0, 1.0, 1.0, 0.0, 1.0, 1.0, 1.0, 1.0, 0.0, 0.0, 0.0, 1.0]","[0.53024, 0.0, 0.331369, 0.460152, 0.424378, 0.427547, 0.524863, 0.542605, 0.263657, 0.328765, 0.623019, 0.501552, 0.924076, 0.546016, 0.257989, 0.318013, 0.323486, 0.866638, 1.0, 0.0, 0.0, 0.0, 1.0]","[0, 0, 0, 0, 1, 1, 0, 1, 0, 0, 1, 0, 1, 1, 0, 1, 1, 1, 1, 0, 0, 0, 1]","[1, 0, 0, 0, 0, 0, 1, 1, 0, 0, 1, 1, 1, 1, 0, 0, 0, 1, 1, 0, 0, 0, 1]",4.886928355255206,4.310582588863458,0.9501684753410643
186117,200624,10.0,-30.0,6,3,6,3,0,"[0.0, 0.0, 1.0, 1.0, 0.0, 1.0]","[0.563488, 0.545839, 0.551951, 0.551316, 0.618582, 0.60147]","[0, 0, 1, 1, 0, 1]","[1, 1, 1, 1, 1, 1]",1.2084231400862042,2.035890947143499,1.6947472986549583
186198,204134,10.0,-30.0,4,2,1,1,2,"[1.0, 1.0, 0.0, 0.0]","[0.05843, 0.110083, 0.0, 0.625308]","[1, 1, 0, 0]","[0, 0, 0, 1]",1.1375601839142244,0.9978396707682631,0.8806973540296937
186356,189091,10.0,-30.0,11,6,4,1,3,"[0.0, 0.0, 1.0, 1.0, 1.0, 1.0, 1.0, 0.0, 1.0, 0.0, 0.0]","[0.475665, 0.031779, 0.562345, 0.423951, 0.376321, 0.513562, 0.140637, 0.0, 0.565005, 0.564163, 0.348969]","[0, 0, 1, 1, 1, 1, 1, 0, 1, 0, 0]","[0, 0, 1, 0, 0, 1, 0, 0, 1, 1, 0]",2.35684050341058,1.6835436440846183,0.7207549925603051
186407,182154,10.0,-30.0,11,7,5,0,2,"[1.0, 1.0, 0.0, 0.0, 1.0, 0.0, 0.0, 1.0, 1.0, 1.0, 1.0]","[1.0, 0.948864, 0.0, 0.0, 0.430279, 0.362826, 0.37635, 0.800152, 1.0, 0.145486, 0.542899]","[1, 1, 0, 0, 1, 0, 0, 1, 1, 1, 1]","[1, 1, 0, 0, 0, 0, 0, 1, 1, 0, 1]",2.2899527895725864,1.8580180959159147,0.8982923175998738
186810,208210,10.0,-30.0,6,3,2,0,1,"[1.0, 0.0, 1.0, 0.0, 1.0, 0.0]","[0.654785, 0.095845, 0.047424, 0.0, 0.838194, 0.427302]","[1, 0, 1, 0, 1, 0]","[1, 0, 0, 0, 1, 0]",1.5429417425142504,1.5044359802335971,0.995597740362476
187212,192870,10.0,-30.0,4,3,1,0,2,"[1.0, 1.0, 1.0, 0.0]","[0.3488, 0.389697, 0.620858, 0.0]","[1, 1, 1, 0]","[0, 0, 1, 0]",1.0349589618918746,0.3316445770185195,0.32398112912640104
187417,207485,10.0,-30.0,9,5,4,1,2,"[1.0, 1.0, 0.0, 0.0, 1.0, 0.0, 1.0, 1.0, 0.0]","[0.415474, 0.353185, 0.516446, 0.0, 1.0, 0.073601, 1.0, 1.0, 0.0]","[1, 1, 0, 0, 1, 0, 1, 1, 0]","[0, 0, 1, 0, 1, 0, 1, 1, 0]",6.94984716193321,4.647668115512113,0.6724421739524981
188013,194919,10.0,-30.0,14,7,7,1,1,"[0.0, 1.0, 0.0, 1.0, 1.0, 1.0, 1.0, 0.0, 0.0, 0.0, 0.0, 0.0, 1.0, 1.0]","[0.0, 1.0, 0.0, 1.0, 1.0, 1.0, 1.0, 0.374576, 0.087485, 0.0, 0.0, 0.522419, 1.0, 0.465143]","[0, 1, 0, 1, 1, 1, 1, 0, 0, 0, 0, 0, 1, 1]","[0, 1, 0, 1, 1, 1, 1, 0, 0, 0, 0, 1, 1, 0]",2.030727725621682,1.7004902940155144,0.8489216902299255
189027,190257,10.0,-30.0,10,5,6,1,0,"[0.0, 1.0, 0.0, 0.0, 0.0, 1.0, 0.0, 1.0, 1.0, 1.0]","[0.209283, 0.78774, 0.530197, 0.336935, 0.0, 1.0, 0.0, 1.0, 0.616334, 0.519089]","[0, 1, 0, 0, 0, 1, 0, 1, 1, 1]","[0, 1, 1, 0, 0, 1, 0, 1, 1, 1]",1.7231368189640917,2.391447330353322,1.398641492675206
189143,193722,10.0,-30.0,7,6,3,0,3,"[1.0, 1.0, 1.0, 1.0, 0.0, 1.0, 1.0]","[0.59049, 0.36945, 0.315309, 0.699778, 0.0, 0.595087, 0.136697]","[1, 1, 1, 1, 0, 1, 1]","[1, 0, 0, 1, 0, 1, 0]",2.2624827365965325,1.1635083288548353,0.5161708291783442
189265,184120,10.0,-30.0,3,1,1,1,1,"[0.0, 1.0, 0.0]","[0.371218, 0.318089, 0.527338]","[0, 1, 0]","[0, 0, 1]",0.6659566324703287,0.5970459563096207,0.9023275112429814
189415,192019,10.0,-30.0,4,1,3,2,0,"[0.0, 0.0, 0.0, 1.0]","[0.544476, 0.462092, 0.576134, 0.607616]","[0, 0, 0, 1]","[1, 0, 1, 1]",0.6447041095006346,1.8686176682773987,2.9061644288576356
189500,185042,10.0,-30.0,9,4,3,1,2,"[0.0, 1.0, 0.0, 1.0, 0.0, 1.0, 0.0, 0.0, 1.0]","[0.522661, 0.366672, 0.0, 0.231482, 0.0, 0.771331, 0.0, 0.0, 0.80916]","[0, 1, 0, 1, 0, 1, 0, 0, 1]","[1, 0, 0, 0, 0, 1, 0, 0, 1]",2.4319789532021403,2.7321016964865894,1.1277650282611567
190073,201891,10.0,-30.0,10,4,3,1,2,"[0.0, 1.0, 1.0, 0.0, 0.0, 0.0, 1.0, 0.0, 0.0, 1.0]","[0.379356, 0.274864, 0.860173, 0.0, 0.612224, 0.373734, 0.582313, 0.0, 0.393199, 0.200239]","[0, 1, 1, 0, 0, 0, 1, 0, 0, 1]","[0, 0, 1, 0, 1, 0, 1, 0, 0, 0]",3.0597045339056397,2.6051101137466177,0.8576940214300981
190353,181954,10.0,-30.0,5,2,2,0,0,"[0.0, 0.0, 1.0, 1.0, 0.0]","[0.0, 0.385809, 0.558931, 1.0, 0.154845]","[0, 0, 1, 1, 0]","[0, 0, 1, 1, 0]",0.7357414751184999,0.7357414751184999,1.0057619091916592
190392,207670,10.0,-30.0,6,3,2,0,1,"[1.0, 0.0, 0.0, 0.0, 1.0, 1.0]","[0.639749, 0.0, 0.0, 0.240892, 0.655841, 0.40414]","[1, 0, 0, 0, 1, 1]","[1, 0, 0, 0, 1, 0]",1.5945893567808214,1.2964504478052623,0.8146513325264264
190525,205438,10.0,-30.0,5,1,2,1,0,"[0.0, 0.0, 0.0, 0.0, 1.0]","[0.516134, 0.475935, 0.0, 0.0, 0.85086]","[0, 0, 0, 0, 1]","[1, 0, 0, 0, 1]",0.511267040163908,0.864320257368261,1.6939979386794723
190541,188497,10.0,-30.0,16,10,5,0,5,"[0.0, 0.0, 1.0, 1.0, 0.0, 0.0, 0.0, 1.0, 1.0, 1.0, 1.0, 1.0, 1.0, 1.0, 0.0, 1.0]","[0.0, 0.345309, 0.192866, 0.666362, 0.313597, 0.179296, 0.095195, 0.948043, 0.570324, 1.0, 0.441329, 0.627111, 0.477564, 0.383864, 0.0, 0.220019]","[0, 0, 1, 1, 0, 0, 0, 1, 1, 1, 1, 1, 1, 1, 0, 1]","[0, 0, 0, 1, 0, 0, 0, 1, 1, 1, 0, 1, 0, 0, 0, 0]",4.129356437975285,2.6821295617659615,0.6568148852916469
191341,181892,10.0,-30.0,4,3,1,0,2,"[1.0, 1.0, 0.0, 1.0]","[0.409326, 0.250216, 0.433335, 0.674211]","[1, 1, 0, 1]","[0, 0, 0, 1]",2.916701422157724,1.0394250470506698,0.3575890258264058
191917,186517,10.0,-30.0,5,4,4,1,1,"[1.0, 1.0, 1.0, 1.0, 0.0]","[0.563227, 0.543509, 0.61056, 0.478778, 0.50642]","[1, 1, 1, 1, 0]","[1, 1, 1, 0, 1]",1.566234792102183,1.8801422062264197,1.2077521817705603
192816,200992,10.0,-30.0,6,3,2,1,2,"[1.0, 0.0, 0.0, 1.0, 0.0, 1.0]","[1.0, 0.0, 0.0, 0.24666, 0.572051, 0.438514]","[1, 0, 0, 1, 0, 1]","[1, 0, 0, 0, 1, 0]",1.8831528294415765,1.5833496490151564,0.8472359249088279
193467,199529,10.0,-30.0,5,2,3,2,1,"[0.0, 1.0, 1.0, 0.0, 0.0]","[0.523401, 0.545068, 0.38022, 0.299484, 0.534852]","[0, 1, 1, 0, 0]","[1, 1, 0, 0, 1]",0.5985732774030423,0.9666083865039539,1.6231769833669016
193481,196243,10.0,-30.0,30,14,7,1,8,"[1.0, 0.0, 0.0, 0.0, 1.0, 0.0, 1.0, 0.0, 0.0, 0.0, 0.0, 1.0, 0.0, 0.0, 0.0, 0.0, 1.0, 0.0, 1.0, 0.0, 1.0, 1.0, 1.0, 1.0, 1.0, 0.0, 1.0, 0.0, 1.0, 1.0]","[0.504502, 0.505974, 0.0, 0.0, 0.64458, 0.299615, 0.404819, 0.151699, 0.252541, 0.0, 0.0, 0.235986, 0.0, 0.0, 0.0, 0.0, 1.0, 0.0, 0.4213, 0.161715, 0.435973, 0.406951, 0.203827, 0.308369, 0.746805, 0.38222, 0.470538, 0.0, 0.616591, 0.636165]","[1, 0, 0, 0, 1, 0, 1, 0, 0, 0, 0, 1, 0, 0, 0, 0, 1, 0, 1, 0, 1, 1, 1, 1, 1, 0, 1, 0, 1, 1]","[1, 1, 0, 0, 1, 0, 0, 0, 0, 0, 0, 0, 0, 0, 0, 0, 1, 0, 0, 0, 0, 0, 0, 0, 1, 0, 0, 0, 1, 1]",5.562472890855041,3.8912511494865303,0.7097415410265103
193709,181631,10.0,-30.0,9,5,3,0,2,"[1.0, 0.0, 1.0, 1.0, 0.0, 0.0, 1.0, 0.0, 1.0]","[0.580741, 0.0, 0.485174, 0.382465, 0.0, 0.0, 0.536413, 0.0, 0.501661]","[1, 0, 1, 1, 0, 0, 1, 0, 1]","[1, 0, 0, 0, 0, 0, 1, 0, 1]",1.7931513759953182,1.2897825238985134,0.7282414061502256
194277,200870,10.0,-30.0,5,2,0,0,2,"[1.0, 0.0, 0.0, 0.0, 1.0]","[0.467009, 0.0, 0.0, 0.0, 0.203685]","[1, 0, 0, 0, 1]","[0, 0, 0, 0, 0]",3.6447445888738166,0.7432657346069247,0.2045687650903668
194532,187415,10.0,-30.0,19,12,6,0,6,"[0.0, 1.0, 1.0, 1.0, 0.0, 1.0, 0.0, 1.0, 1.0, 0.0, 1.0, 0.0, 1.0, 0.0, 0.0, 1.0, 1.0, 1.0, 1.0]","[0.168252, 0.603578, 0.548667, 0.216086, 0.411335, 0.639492, 0.167004, 0.791604, 0.353667, 0.348722, 0.335933, 0.0, 0.287612, 0.0, 0.0, 0.294706, 0.526028, 0.480249, 0.594217]","[0, 1, 1, 1, 0, 1, 0, 1, 1, 0, 1, 0, 1, 0, 0, 1, 1, 1, 1]","[0, 1, 1, 0, 0, 1, 0, 1, 0, 0, 0, 0, 0, 0, 0, 0, 1, 0, 1]",3.813404707067371,2.2480535306670326,0.6162401932487672
194969,207559,10.0,-30.0,8,5,2,0,3,"[1.0, 0.0, 1.0, 1.0, 0.0, 0.0, 1.0, 1.0]","[0.479148, 0.453287, 0.374843, 0.462372, 0.329766, 0.366755, 0.614286, 0.543984]","[1, 0, 1, 1, 0, 0, 1, 1]","[0, 0, 0, 0, 0, 0, 1, 1]",0.9357177679676041,0.6115892448481404,0.660605206860513
195214,208946,10.0,-30.0,5,2,2,1,1,"[0.0, 1.0, 0.0, 0.0, 1.0]","[0.509317, 0.795641, 0.0, 0.0, 0.287338]","[0, 1, 0, 0, 1]","[1, 1, 0, 0, 0]",1.1094801464806896,1.3793655708144454,1.2453622363708412
196430,183658,10.0,-30.0,10,4,3,0,1,"[0.0, 1.0, 0.0, 0.0, 0.0, 0.0, 1.0, 1.0, 0.0, 1.0]","[0.29349, 0.489008, 0.0, 0.0, 0.0, 0.0, 1.0, 1.0, 0.366606, 0.697105]","[0, 1, 0, 0, 0, 0, 1, 1, 0, 1]","[0, 0, 0, 0, 0, 0, 1, 1, 0, 1]",2.3173904579122726,1.8559329346856515,0.8032295197382665
196562,186098,10.0,-30.0,7,6,4,0,2,"[1.0, 1.0, 1.0, 1.0, 1.0, 0.0, 1.0]","[1.0, 0.655321, 0.932155, 0.357513, 1.0, 0.121306, 0.336574]","[1, 1, 1, 1, 1, 0, 1]","[1, 1, 1, 0, 1, 0, 0]",2.4031913505981137,1.7709187359355114,0.740804989089235
196654,200262,10.0,-30.0,5,1,2,2,1,"[0.0, 0.0, 0.0, 1.0, 0.0]","[0.493863, 0.0, 0.517298, 0.310907, 0.570753]","[0, 0, 0, 1, 0]","[0, 0, 1, 0, 1]",0.632434304346728,1.0667880266907592,1.6991972970538487
196734,181209,10.0,-30.0,6,4,5,2,1,"[1.0, 1.0, 1.0, 1.0, 0.0, 0.0]","[0.41956, 0.622099, 0.567634, 0.506734, 0.594215, 0.52024]","[1, 1, 1, 1, 0, 0]","[0, 1, 1, 1, 1, 1]",1.5052644695180817,1.5966557143773341,1.0681797542201297
196748,180959,10.0,-30.0,5,2,3,2,1,"[1.0, 0.0, 0.0, 0.0, 1.0]","[0.572379, 0.614731, 0.342629, 0.574104, 0.099887]","[1, 0, 0, 0, 1]","[1, 1, 0, 1, 0]",1.2303767965802235,1.5019971540615495,1.2220273843826481
197652,203951,10.0,-30.0,7,5,4,1,2,"[1.0, 0.0, 1.0, 1.0, 1.0, 1.0, 0.0]","[0.859277, 0.0, 0.539737, 0.079333, 0.221473, 0.525894, 0.575333]","[1, 0, 1, 1, 1, 1, 0]","[1, 0, 1, 0, 0, 1, 1]",2.2017434983795585,1.5445119205886926,0.7089593306266488
198242,189050,10.0,-30.0,4,3,0,0,3,"[1.0, 0.0, 1.0, 1.0]","[0.345527, 0.483519, 0.454501, 0.380155]","[1, 0, 1, 1]","[0, 0, 0, 0]",1.1188037279980818,0.1116321963581967,0.10009985817959338
198864,197551,10.0,-30.0,5,1,2,1,0,"[0.0, 1.0, 0.0, 0.0, 0.0]","[0.461473, 0.548948, 0.618895, 0.462225, 0.0]","[0, 1, 0, 0, 0]","[0, 1, 1, 0, 0]",1.4671249801397064,2.564702707000897,1.7568030818293507
198910,188914,10.0,-30.0,10,6,1,0,5,"[0.0, 0.0, 1.0, 1.0, 1.0, 1.0, 1.0, 1.0, 0.0, 0.0]","[0.0, 0.0, 0.228265, 0.556428, 0.284865, 0.468846, 0.021985, 0.06024, 0.0, 0.0]","[0, 0, 1, 1, 1, 1, 1, 1, 0, 0]","[0, 0, 0, 1, 0, 0, 0, 0, 0, 0]",3.240930231353663,0.5672269280299899,0.17662654153839719
199365,195486,10.0,-30.0,4,2,1,0,1,"[1.0, 0.0, 0.0, 1.0]","[0.458231, 0.084786, 0.457062, 0.794049]","[1, 0, 0, 1]","[0, 0, 0, 1]",2.4897397318193075,1.8681145654635087,0.7557593100411968
199521,190468,10.0,-30.0,6,3,3,1,1,"[1.0, 0.0, 0.0, 1.0, 0.0, 1.0]","[0.230319, 0.0, 0.535312, 0.581389, 0.422126, 0.625109]","[1, 0, 0, 1, 0, 1]","[0, 0, 1, 1, 0, 1]",1.2854271824029877,1.1558454478004476,0.9059912526195956
199599,194835,10.0,-30.0,9,2,2,2,2,"[1.0, 1.0, 0.0, 0.0, 0.0, 0.0, 0.0, 0.0, 0.0]","[0.325157, 0.247666, 0.0, 0.0, 0.609045, 0.0, 0.0, 0.512623, 0.271675]","[1, 1, 0, 0, 0, 0, 0, 0, 0]","[0, 0, 0, 0, 1, 0, 0, 1, 0]",0.912065462936108,1.1526540110903554,1.2673288026202074
199879,192945,10.0,-30.0,11,6,6,1,1,"[1.0, 1.0, 1.0, 0.0, 1.0, 0.0, 1.0, 0.0, 1.0, 0.0, 0.0]","[0.556461, 0.533984, 0.513789, 0.0, 0.573754, 0.43646, 1.0, 0.353297, 0.282221, 0.0, 0.604598]","[1, 1, 1, 0, 1, 0, 1, 0, 1, 0, 0]","[1, 1, 1, 0, 1, 0, 1, 0, 0, 0, 1]",1.752341395656637,1.8598250818349877,1.0711146045903792
199932,195364,10.0,-30.0,6,2,2,1,1,"[0.0, 0.0, 0.0, 0.0, 1.0, 1.0]","[0.521693, 0.384492, 0.384201, 0.440969, 0.55975, 0.354528]","[0, 0, 0, 0, 1, 1]","[1, 0, 0, 0, 1, 0]",1.8897575018523494,1.529349315164299,0.8120298612369309
200132,185914,10.0,-30.0,6,3,4,1,0,"[1.0, 0.0, 1.0, 0.0, 0.0, 1.0]","[1.0, 0.445335, 1.0, 0.526323, 0.0, 0.610517]","[1, 0, 1, 0, 0, 1]","[1, 0, 1, 1, 0, 1]",1.124574092101589,1.1945536215125987,1.0660415196512476
200462,204393,10.0,-30.0,7,4,3,2,3,"[0.0, 1.0, 1.0, 1.0, 1.0, 0.0, 0.0]","[0.569463, 0.153335, 0.397018, 0.402525, 0.580214, 0.546603, 0.397755]","[0, 1, 1, 1, 1, 0, 0]","[1, 0, 0, 0, 1, 1, 0]",1.2377832737792454,1.1508011676492043,0.9444591509354856
200586,209048,10.0,-30.0,4,2,2,0,0,"[1.0, 0.0, 0.0, 1.0]","[0.567284, 0.10265, 0.482218, 0.548411]","[1, 0, 0, 1]","[1, 0, 0, 1]",1.0216994104343216,1.0216994104343216,1.0076633241491244
201258,187071,10.0,-30.0,5,3,4,1,0,"[0.0, 1.0, 1.0, 0.0, 1.0]","[0.552828, 1.0, 1.0, 0.0, 0.613866]","[0, 1, 1, 0, 1]","[1, 1, 1, 0, 1]",1.4850781228585155,2.126695354337257,1.443780335302435
201281,199420,10.0,-30.0,10,6,4,0,2,"[1.0, 0.0, 1.0, 1.0, 0.0, 1.0, 1.0, 0.0, 1.0, 0.0]","[0.44843, 0.318352, 0.384783, 1.0, 0.399165, 1.0, 1.0, 0.458069, 0.590903, 0.38393]","[1, 0, 1, 1, 0, 1, 1, 0, 1, 0]","[0, 0, 0, 1, 0, 1, 1, 0, 1, 0]",1.619040294536289,1.105906694904752,0.6921718372260292
201521,209101,10.0,-30.0,5,3,3,0,0,"[1.0, 1.0, 0.0, 1.0, 0.0]","[0.787473, 0.662579, 0.0, 0.713133, 0.0]","[1, 1, 0, 1, 0]","[1, 1, 0, 1, 0]",2.1892663654162368,2.1892663654162368,1.0353554273166425
202328,190143,10.0,-30.0,5,2,1,0,1,"[0.0, 1.0, 0.0, 0.0, 1.0]","[0.377192, 0.475066, 0.379851, 0.473069, 0.684451]","[0, 1, 0, 0, 1]","[0, 0, 0, 0, 1]",1.293556776455307,0.827152124804791,0.6406179954803574
202571,195398,10.0,-30.0,5,4,3,1,2,"[1.0, 1.0, 1.0, 0.0, 1.0]","[0.3261, 0.479907, 0.594124, 0.544973, 0.573928]","[1, 1, 1, 0, 1]","[0, 0, 1, 1, 1]",0.751905875569516,0.569994090574816,0.7655217910169663
203038,207594,10.0,-30.0,15,9,9,0,0,"[1.0, 0.0, 1.0, 0.0, 0.0, 1.0, 1.0, 1.0, 1.0, 0.0, 1.0, 1.0, 0.0, 0.0, 1.0]","[0.52742, 0.43228, 0.509511, 0.0, 0.451825, 0.658345, 0.88845, 1.0, 0.602453, 0.0, 0.748204, 1.0, 0.46926, 0.0, 0.537644]","[1, 0, 1, 0, 0, 1, 1, 1, 1, 0, 1, 1, 0, 0, 1]","[1, 0, 1, 0, 0, 1, 1, 1, 1, 0, 1, 1, 0, 0, 1]",2.7686344004505745,2.7686344004505745,1.0043153219547158
203171,197644,10.0,-30.0,3,1,1,0,0,"[1.0, 0.0, 0.0]","[0.813189, 0.0, 0.0]","[1, 0, 0]","[1, 0, 0]",0.5090846544142453,0.5090846544142453,1.0169541314807207
203300,206195,10.0,-30.0,5,3,3,0,0,"[0.0, 1.0, 1.0, 1.0, 0.0]","[0.0, 1.0, 1.0, 0.577296, 0.286352]","[0, 1, 1, 1, 0]","[0, 1, 1, 1, 0]",0.9164351167519311,0.9164351167519311,1.0029355586757058
203710,206592,10.0,-30.0,8,5,4,0,1,"[1.0, 1.0, 0.0, 1.0, 0.0, 1.0, 1.0, 0.0]","[0.488794, 0.623337, 0.302716, 0.946913, 0.0, 0.996317, 0.668109, 0.366859]","[1, 1, 0, 1, 0, 1, 1, 0]","[0, 1, 0, 1, 0, 1, 1, 0]",1.4841866228446592,1.2233352147752168,0.8379357433734798
203919,187736,10.0,-30.0,6,3,1,0,2,"[1.0, 0.0, 1.0, 0.0, 0.0, 1.0]","[0.583927, 0.0, 0.420012, 0.0, 0.0, 0.314714]","[1, 0, 1, 0, 0, 1]","[1, 0, 0, 0, 0, 0]",1.616590150546727,0.6147399748819582,0.381237337896204
203964,196350,10.0,-30.0,8,4,2,2,4,"[0.0, 1.0, 1.0, 1.0, 0.0, 0.0, 1.0, 0.0]","[0.591787, 0.356356, 0.480222, 0.427736, 0.096364, 0.25387, 0.131862, 0.527229]","[0, 1, 1, 1, 0, 0, 1, 0]","[1, 0, 0, 0, 0, 0, 0, 1]",1.5154956095606311,1.0225716694179985,0.6873176506778909
204120,188861,10.0,-30.0,4,1,1,0,0,"[0.0, 1.0, 0.0, 0.0]","[0.344333, 0.515162, 0.370848, 0.0]","[0, 1, 0, 0]","[0, 1, 0, 0]",1.3692745658192838,1.3692745658192838,1.0044875599870542
204194,205064,10.0,-30.0,6,3,2,0,1,"[1.0, 0.0, 0.0, 1.0, 1.0, 0.0]","[0.175551, 0.493923, 0.299245, 0.775229, 1.0, 0.0]","[1, 0, 0, 1, 1, 0]","[0, 0, 0, 1, 1, 0]",0.914066192569595,0.5439796529355456,0.5962321604439501
204883,200512,10.0,-30.0,14,6,6,0,0,"[0.0, 1.0, 0.0, 1.0, 0.0, 1.0, 1.0, 0.0, 1.0, 0.0, 0.0, 0.0, 1.0, 0.0]","[0.0, 0.603226, 0.0, 1.0, 0.0, 1.0, 1.0, 0.0, 1.0, 0.306368, 0.0, 0.0, 0.607868, 0.0]","[0, 1, 0, 1, 0, 1, 1, 0, 1, 0, 0, 0, 1, 0]","[0, 1, 0, 1, 0, 1, 1, 0, 1, 0, 0, 0, 1, 0]",5.356489087366031,5.356489087366031,1.0098810341662194
205300,191467,10.0,-30.0,8,4,4,0,0,"[1.0, 1.0, 0.0, 0.0, 1.0, 0.0, 0.0, 1.0]","[1.0, 1.0, 0.0, 0.0, 0.807305, 0.473531, 0.0, 0.668959]","[1, 1, 0, 0, 1, 0, 0, 1]","[1, 1, 0, 0, 1, 0, 0, 1]",1.6200950157697556,1.6200950157697556,1.0070029430737235
205327,192314,10.0,-30.0,5,2,1,1,2,"[1.0, 1.0, 0.0, 0.0, 0.0]","[0.496002, 0.479462, 0.429716, 0.45511, 0.502195]","[1, 1, 0, 0, 0]","[0, 0, 0, 0, 1]",0.2006276565495691,0.3587436694818812,1.7911298440458057
205559,199162,10.0,-30.0,8,3,3,0,0,"[0.0, 1.0, 1.0, 0.0, 0.0, 1.0, 0.0, 0.0]","[0.0, 0.75391, 0.949184, 0.0, 0.354318, 1.0, 0.0, 0.0]","[0, 1, 1, 0, 0, 1, 0, 0]","[0, 1, 1, 0, 0, 1, 0, 0]",2.7044351226650205,2.7044351226650205,1.0038113789875536
205643,189193,10.0,-30.0,12,7,5,1,3,"[0.0, 1.0, 1.0, 1.0, 1.0, 0.0, 1.0, 0.0, 0.0, 1.0, 0.0, 1.0]","[0.514559, 0.222102, 0.107088, 0.715149, 0.031575, 0.423564, 0.509989, 0.338036, 0.404033, 0.59979, 0.404498, 0.53539]","[0, 1, 1, 1, 1, 0, 1, 0, 0, 1, 0, 1]","[1, 0, 0, 1, 0, 0, 1, 0, 0, 1, 0, 1]",3.101090872126953,2.81900974354284,0.9189627911756901
206314,189443,10.0,-30.0,12,3,3,3,3,"[1.0, 1.0, 0.0, 0.0, 0.0, 0.0, 0.0, 0.0, 0.0, 0.0, 1.0, 0.0]","[0.4634, 0.443659, 0.581981, 0.178867, 0.47148, 0.550149, 0.582639, 0.0, 0.086687, 0.343424, 0.406924, 0.0]","[1, 1, 0, 0, 0, 0, 0, 0, 0, 0, 1, 0]","[0, 0, 1, 0, 0, 1, 1, 0, 0, 0, 0, 0]",2.0809594630971175,2.43787642668351,1.1990454249249551
206930,184305,10.0,-30.0,6,4,5,2,1,"[1.0, 1.0, 1.0, 1.0, 0.0, 0.0]","[0.471002, 0.50854, 0.558303, 0.544333, 0.550434, 0.589137]","[1, 1, 1, 1, 0, 0]","[0, 1, 1, 1, 1, 1]",1.7154923048810975,2.4739586032381493,1.4543389580072406
207423,186224,10.0,-30.0,4,2,2,1,1,"[0.0, 0.0, 1.0, 1.0]","[0.0, 0.583835, 0.589642, 0.176546]","[0, 0, 1, 1]","[0, 1, 1, 0]",0.8259317485463354,0.8569772345510753,1.0400159223009555
207475,192618,10.0,-30.0,5,2,2,1,1,"[1.0, 1.0, 0.0, 0.0, 0.0]","[0.467274, 0.657819, 0.571831, 0.22347, 0.310486]","[1, 1, 0, 0, 0]","[0, 1, 1, 0, 0]",0.8792259254211634,0.6068427737878672,0.6921623820182097
207836,184831,10.0,-30.0,4,2,0,0,2,"[0.0, 0.0, 1.0, 1.0]","[0.321248, 0.214731, 0.464184, 0.483703]","[0, 0, 1, 1]","[0, 0, 0, 0]",0.8873538536132757,0.2308844594424321,0.2652184383916632
208093,203811,10.0,-30.0,6,4,3,0,1,"[1.0, 0.0, 1.0, 0.0, 1.0, 1.0]","[0.332043, 0.0, 0.918375, 0.0, 1.0, 0.828552]","[1, 0, 1, 0, 1, 1]","[0, 0, 1, 0, 1, 1]",3.135315397336999,2.4749190461086297,0.7906530047203977
208904,200676,10.0,-30.0,11,5,3,0,2,"[1.0, 1.0, 0.0, 1.0, 0.0, 0.0, 1.0, 0.0, 0.0, 1.0, 0.0]","[0.077034, 0.0694, 0.23002, 1.0, 0.495723, 0.0, 0.564134, 0.215838, 0.0, 0.694061, 0.0]","[1, 1, 0, 1, 0, 0, 1, 0, 0, 1, 0]","[0, 0, 0, 1, 0, 0, 1, 0, 0, 1, 0]",3.422680825932712,2.39438510938884,0.7051004351484016
208966,196199,10.0,-30.0,7,4,2,0,2,"[0.0, 1.0, 1.0, 1.0, 0.0, 0.0, 1.0]","[0.489595, 0.483625, 0.506115, 0.512622, 0.0, 0.0, 0.092992]","[0, 1, 1, 1, 0, 0, 1]","[0, 0, 1, 1, 0, 0, 0]",1.4405262350925365,0.9276085225178152,0.6469576697786198
208976,188476,10.0,-30.0,5,3,4,1,0,"[0.0, 0.0, 1.0, 1.0, 1.0]","[0.490056, 0.604646, 0.616523, 0.57118, 0.549276]","[0, 0, 1, 1, 1]","[0, 1, 1, 1, 1]",1.2326579509944042,1.6239476174814778,1.3499340765114745
209495,189342,10.0,-30.0,4,2,4,2,0,"[1.0, 0.0, 1.0, 0.0]","[0.62472, 0.601954, 0.519727, 0.61686]","[1, 0, 1, 0]","[1, 1, 1, 1]",1.0005348172133366,1.7237394496200842,1.7300379155864005
209709,184968,10.0,-30.0,10,6,3,0,3,"[1.0, 0.0, 0.0, 1.0, 0.0, 0.0, 1.0, 1.0, 1.0, 1.0]","[0.867859, 0.0, 0.0, 0.118198, 0.0, 0.0, 0.461211, 0.08452, 0.538299, 0.595369]","[1, 0, 0, 1, 0, 0, 1, 1, 1, 1]","[1, 0, 0, 0, 0, 0, 0, 0, 1, 1]",1.7467054007923886,1.0583073148597375,0.6255323171138222
210209,180231,10.0,-30.0,7,3,3,0,0,"[1.0, 0.0, 0.0, 0.0, 1.0, 1.0, 0.0]","[1.0, 0.0, 0.384418, 0.0, 1.0, 0.7185, 0.174604]","[1, 0, 0, 0, 1, 1, 0]","[1, 0, 0, 0, 1, 1, 0]",1.0665700221371255,1.0665700221371255,1.0158660578998187
180164,197248,10.0,-10.0,4,2,2,0,0,"[1.0, 0.0, 1.0, 0.0]","[0.634974, 0.308069, 0.870385, 0.0]","[1, 0, 1, 0]","[1, 0, 1, 0]",1.3503350694748417,1.3503350694748417,1.0083629333164386
180236,203656,10.0,-10.0,8,3,3,2,2,"[0.0, 1.0, 1.0, 0.0, 0.0, 1.0, 0.0, 0.0]","[0.273739, 0.821687, 0.070906, 0.680029, 0.501931, 0.162262, 0.0, 0.113601]","[0, 1, 1, 0, 0, 1, 0, 0]","[0, 1, 0, 1, 1, 0, 0, 0]",1.5000173534132406,1.9726682693089872,1.32124603275685
180329,189548,10.0,-10.0,4,2,1,0,1,"[1.0, 1.0, 0.0, 0.0]","[0.414018, 0.527588, 0.205787, 0.291032]","[1, 1, 0, 0]","[0, 1, 0, 0]",1.3000633885575328,0.5645558148246044,0.4380648114419991
180687,187024,10.0,-10.0,7,4,3,0,1,"[1.0, 0.0, 1.0, 0.0, 0.0, 1.0, 1.0]","[0.453637, 0.482796, 1.0, 0.0, 0.0, 0.51079, 0.588426]","[1, 0, 1, 0, 0, 1, 1]","[0, 0, 1, 0, 0, 1, 1]",1.6253912852413142,1.2865832527220609,0.7956847442749939
180723,207048,10.0,-10.0,10,5,6,2,1,"[0.0, 0.0, 0.0, 1.0, 0.0, 1.0, 1.0, 1.0, 0.0, 1.0]","[0.527801, 0.338239, 0.237792, 0.93415, 0.577642, 0.775041, 0.761803, 0.255394, 0.0, 1.0]","[0, 0, 0, 1, 0, 1, 1, 1, 0, 1]","[1, 0, 0, 1, 1, 1, 1, 0, 0, 1]",4.400504749829486,4.505221101880804,1.0337540518721502
180815,206160,10.0,-10.0,14,7,8,1,0,"[1.0, 0.0, 1.0, 1.0, 0.0, 1.0, 0.0, 0.0, 1.0, 0.0, 0.0, 0.0, 1.0, 1.0]","[0.942337, 0.0, 0.52127, 0.816437, 0.376829, 0.940862, 0.0, 0.391272, 0.773665, 0.0, 0.0, 0.538969, 0.84198, 1.0]","[1, 0, 1, 1, 0, 1, 0, 0, 1, 0, 0, 0, 1, 1]","[1, 0, 1, 1, 0, 1, 0, 0, 1, 0, 0, 1, 1, 1]",2.485215616303847,2.5687128799830155,1.0987061214775733
180834,205125,10.0,-10.0,5,3,3,1,1,"[0.0, 0.0, 1.0, 1.0, 1.0]","[0.478021, 0.513822, 1.0, 0.415762, 0.618965]","[0, 0, 1, 1, 1]","[0, 1, 1, 0, 1]",2.04071236596328,0.99721847104687,0.49033058234634536
181002,188173,10.0,-10.0,9,4,4,0,0,"[1.0, 0.0, 0.0, 0.0, 0.0, 1.0, 1.0, 1.0, 0.0]","[0.697336, 0.0, 0.0, 0.0, 0.0, 1.0, 1.0, 1.0, 0.0]","[1, 0, 0, 0, 0, 1, 1, 1, 0]","[1, 0, 0, 0, 0, 1, 1, 1, 0]",1.7103073873347658,1.7103073873347658,1.0063469966970993
181023,208822,10.0,-10.0,4,2,2,2,2,"[0.0, 1.0, 1.0, 0.0]","[0.556994, 0.439162, 0.220168, 0.575017]","[0, 1, 1, 0]","[1, 0, 0, 1]",1.3152556806315001,1.7068601627402922,1.311489789474183
181295,210119,10.0,-10.0,9,5,3,0,2,"[0.0, 1.0, 1.0, 1.0, 0.0, 1.0, 0.0, 0.0, 1.0]","[0.0, 1.0, 0.626954, 0.391352, 0.202769, 0.334706, 0.0, 0.0, 1.0]","[0, 1, 1, 1, 0, 1, 0, 0, 1]","[0, 1, 1, 0, 0, 0, 0, 0, 1]",3.008892835511307,1.955400109042499,0.6608041854592394
181588,206273,10.0,-10.0,8,4,3,3,4,"[0.0, 1.0, 1.0, 0.0, 0.0, 0.0, 1.0, 1.0]","[0.596785, 0.446034, 0.490331, 0.575483, 0.517881, 0.0, 0.018535, 0.179901]","[0, 1, 1, 0, 0, 0, 1, 1]","[1, 0, 0, 1, 1, 0, 0, 0]",1.0663860012584387,1.2275524583851012,1.1737681643287154
182072,199843,10.0,-10.0,7,4,2,0,2,"[1.0, 1.0, 1.0, 0.0, 0.0, 1.0, 0.0]","[0.501907, 0.471776, 0.588714, 0.0, 0.0, 0.126868, 0.152742]","[1, 1, 1, 0, 0, 1, 0]","[1, 0, 1, 0, 0, 0, 0]",3.3702220490220873,1.6264080694223622,0.48418853842227666
182354,185997,10.0,-10.0,10,5,5,1,1,"[1.0, 1.0, 0.0, 0.0, 1.0, 1.0, 0.0, 0.0, 0.0, 1.0]","[0.393463, 0.820269, 0.303076, 0.0, 1.0, 1.0, 0.501692, 0.0, 0.0, 1.0]","[1, 1, 0, 0, 1, 1, 0, 0, 0, 1]","[0, 1, 0, 0, 1, 1, 1, 0, 0, 1]",2.7841428864838265,2.402470542459175,0.8651609785545138
182369,181607,10.0,-10.0,5,1,0,0,1,"[0.0, 0.0, 1.0, 0.0, 0.0]","[0.0, 0.0, 0.455891, 0.0, 0.0]","[0, 0, 1, 0, 0]","[0, 0, 0, 0, 0]",1.890689514944936,0.7870588156692516,0.4172377799752218
182581,208651,10.0,-10.0,4,3,0,0,3,"[1.0, 1.0, 0.0, 1.0]","[0.48763, 0.112851, 0.0, 0.381026]","[1, 1, 0, 1]","[0, 0, 0, 0]",1.2466489006211838,0.1230608838388404,0.09907967184684996
182967,198780,10.0,-10.0,10,6,6,4,4,"[0.0, 1.0, 0.0, 1.0, 1.0, 1.0, 1.0, 0.0, 1.0, 0.0]","[0.596414, 0.365981, 0.608764, 0.399554, 0.502226, 0.361257, 0.419764, 0.587019, 0.609693, 0.5752]","[0, 1, 0, 1, 1, 1, 1, 0, 1, 0]","[1, 0, 1, 0, 1, 0, 0, 1, 1, 1]",1.888907079208392,2.157241849795309,1.1625194974285773
183423,197906,10.0,-10.0,7,2,2,1,1,"[0.0, 1.0, 0.0, 0.0, 0.0, 1.0, 0.0]","[0.569729, 0.542856, 0.0, 0.025526, 0.299378, 0.436774, 0.0]","[0, 1, 0, 0, 0, 1, 0]","[1, 1, 0, 0, 0, 0, 0]",1.277267934628681,1.3760190588476129,1.080933468005628
183796,186882,10.0,-10.0,11,5,6,3,2,"[0.0, 0.0, 0.0, 1.0, 0.0, 1.0, 0.0, 1.0, 1.0, 1.0, 0.0]","[0.528376, 0.556063, 0.0, 1.0, 0.0, 1.0, 0.0, 0.29779, 0.412881, 1.0, 0.513863]","[0, 0, 0, 1, 0, 1, 0, 1, 1, 1, 0]","[1, 1, 0, 1, 0, 1, 0, 0, 0, 1, 1]",2.004656692239265,1.9638264266143017,0.9925941777808844
184015,184061,10.0,-10.0,7,5,4,1,2,"[1.0, 0.0, 1.0, 1.0, 1.0, 0.0, 1.0]","[0.598583, 0.615923, 0.519922, 0.546053, 0.450797, 0.0, 0.335104]","[1, 0, 1, 1, 1, 0, 1]","[1, 1, 1, 1, 0, 0, 0]",1.7220825838071119,1.4745998476066182,0.8636818601493519
184033,189853,10.0,-10.0,7,2,4,4,2,"[1.0, 0.0, 0.0, 1.0, 0.0, 0.0, 0.0]","[0.432999, 0.612138, 0.589084, 0.109568, 0.465127, 0.60655, 0.600232]","[1, 0, 0, 1, 0, 0, 0]","[0, 1, 1, 0, 0, 1, 1]",1.2074199308863212,2.081014495405329,1.7262732277414243
184090,195582,10.0,-10.0,9,6,4,0,2,"[0.0, 1.0, 0.0, 1.0, 1.0, 1.0, 0.0, 1.0, 1.0]","[0.360777, 1.0, 0.0, 1.0, 0.918875, 0.103338, 0.0, 0.527431, 0.112579]","[0, 1, 0, 1, 1, 1, 0, 1, 1]","[0, 1, 0, 1, 1, 0, 0, 1, 0]",5.504358321570608,2.5555137955225673,0.46732954866167437
184709,196154,10.0,-10.0,5,2,5,3,0,"[1.0, 0.0, 1.0, 0.0, 0.0]","[0.541506, 0.629875, 0.501836, 0.589439, 0.523537]","[1, 0, 1, 0, 0]","[1, 1, 1, 1, 1]",1.0905231466271232,2.3635530211123092,2.1793622752631108
185337,193957,10.0,-10.0,4,3,1,0,2,"[1.0, 1.0, 1.0, 0.0]","[0.158395, 0.448516, 0.597851, 0.337792]","[1, 1, 1, 0]","[0, 0, 1, 0]",1.4900048388367595,0.6214692478624748,0.4187140849305524
185785,189513,10.0,-10.0,5,1,2,2,1,"[0.0, 0.0, 0.0, 1.0, 0.0]","[0.467371, 0.569539, 0.476289, 0.413295, 0.618113]","[0, 0, 0, 1, 0]","[0, 1, 0, 0, 1]",1.096883275055878,0.9729106796851574,0.8884761214417244
185875,206473,10.0,-10.0,23,11,10,3,4,"[0.0, 0.0, 0.0, 0.0, 1.0, 1.0, 0.0, 1.0, 0.0, 0.0, 1.0, 0.0, 1.0, 1.0, 0.0, 1.0, 1.0, 1.0, 1.0, 0.0, 0.0, 0.0, 1.0]","[0.52661, 0.144246, 0.436922, 0.371468, 0.382638, 0.360054, 0.518323, 0.560964, 0.181459, 0.340773, 0.571522, 0.543809, 0.894086, 0.628078, 0.250539, 0.332906, 0.326221, 0.94482, 1.0, 0.0, 0.0, 0.0, 1.0]","[0, 0, 0, 0, 1, 1, 0, 1, 0, 0, 1, 0, 1, 1, 0, 1, 1, 1, 1, 0, 0, 0, 1]","[1, 0, 0, 0, 0, 0, 1, 1, 0, 0, 1, 1, 1, 1, 0, 0, 0, 1, 1, 0, 0, 0, 1]",4.886928355255206,4.310582588863458,0.9501684753410643
186117,200624,10.0,-10.0,6,3,5,3,1,"[0.0, 0.0, 1.0, 1.0, 0.0, 1.0]","[0.550905, 0.533339, 0.558158, 0.449609, 0.614841, 0.588845]","[0, 0, 1, 1, 0, 1]","[1, 1, 1, 0, 1, 1]",1.2084231400862042,1.741770540530758,1.4499111175787491
186198,204134,10.0,-10.0,4,2,1,1,2,"[1.0, 1.0, 0.0, 0.0]","[0.070006, 0.127611, 0.0, 0.626437]","[1, 1, 0, 0]","[0, 0, 0, 1]",1.1375601839142244,0.9978396707682631,0.8806973540296937
186356,189091,10.0,-10.0,11,6,5,1,2,"[0.0, 0.0, 1.0, 1.0, 1.0, 1.0, 1.0, 0.0, 1.0, 0.0, 0.0]","[0.425547, 0.336793, 0.558371, 0.580985, 0.431771, 0.533269, 0.122417, 0.0, 0.574697, 0.56703, 0.389287]","[0, 0, 1, 1, 1, 1, 1, 0, 1, 0, 0]","[0, 0, 1, 1, 0, 1, 0, 0, 1, 1, 0]",2.35684050341058,2.2080041568376085,0.9452858708037299
186407,182154,10.0,-10.0,11,7,5,0,2,"[1.0, 1.0, 0.0, 0.0, 1.0, 0.0, 0.0, 1.0, 1.0, 1.0, 1.0]","[1.0, 0.90388, 0.0, 0.0, 0.421205, 0.396581, 0.370134, 0.855517, 0.968138, 0.063588, 0.552676]","[1, 1, 0, 0, 1, 0, 0, 1, 1, 1, 1]","[1, 1, 0, 0, 0, 0, 0, 1, 1, 0, 1]",2.2899527895725864,1.8580180959159147,0.8982923175998738
186810,208210,10.0,-10.0,6,3,2,0,1,"[1.0, 0.0, 1.0, 0.0, 1.0, 0.0]","[0.655334, 0.106151, 0.036705, 0.0, 0.835258, 0.442644]","[1, 0, 1, 0, 1, 0]","[1, 0, 0, 0, 1, 0]",1.5429417425142504,1.5044359802335971,0.995597740362476
187212,192870,10.0,-10.0,4,3,1,0,2,"[1.0, 1.0, 1.0, 0.0]","[0.366708, 0.412032, 0.625972, 0.0]","[1, 1, 1, 0]","[0, 0, 1, 0]",1.0349589618918746,0.3316445770185195,0.32398112912640104
187417,207485,10.0,-10.0,9,5,5,1,1,"[1.0, 1.0, 0.0, 0.0, 1.0, 0.0, 1.0, 1.0, 0.0]","[0.433922, 0.520674, 0.5387, 0.0, 1.0, 0.0, 1.0, 1.0, 0.0]","[1, 1, 0, 0, 1, 0, 1, 1, 0]","[0, 1, 1, 0, 1, 0, 1, 1, 0]",6.94984716193321,6.852638053664613,0.9914655512376458
188013,194919,10.0,-10.0,14,7,7,1,1,"[0.0, 1.0, 0.0, 1.0, 1.0, 1.0, 1.0, 0.0, 0.0, 0.0, 0.0, 0.0, 1.0, 1.0]","[0.0, 1.0, 0.0, 1.0, 1.0, 1.0, 1.0, 0.390673, 0.109904, 0.0, 0.0, 0.526952, 1.0, 0.461282]","[0, 1, 0, 1, 1, 1, 1, 0, 0, 0, 0, 0, 1, 1]","[0, 1, 0, 1, 1, 1, 1, 0, 0, 0, 0, 1, 1, 0]",2.030727725621682,1.7004902940155144,0.8489216902299255
189027,190257,10.0,-10.0,10,5,6,1,0,"[0.0, 1.0, 0.0, 0.0, 0.0, 1.0, 0.0, 1.0, 1.0, 1.0]","[0.206826, 0.814327, 0.561804, 0.336703, 0.0, 1.0, 0.0, 1.0, 0.609226, 0.516179]","[0, 1, 0, 0, 0, 1, 0, 1, 1, 1]","[0, 1, 1, 0, 0, 1, 0, 1, 1, 1]",1.7231368189640917,2.391447330353322,1.398641492675206
189143,193722,10.0,-10.0,7,6,3,0,3,"[1.0, 1.0, 1.0, 1.0, 0.0, 1.0, 1.0]","[0.570972, 0.398329, 0.300963, 0.544242, 0.0, 0.59062, 0.103687]","[1, 1, 1, 1, 0, 1, 1]","[1, 0, 0, 1, 0, 1, 0]",2.2624827365965325,1.1635083288548353,0.5161708291783442
189265,184120,10.0,-10.0,3,1,0,0,1,"[0.0, 1.0, 0.0]","[0.449323, 0.333738, 0.406189]","[0, 1, 0]","[0, 0, 0]",0.6659566324703287,0.2269838057984027,0.34304517167237797
189415,192019,10.0,-10.0,4,1,4,3,0,"[0.0, 0.0, 0.0, 1.0]","[0.571108, 0.506991, 0.57487, 0.615302]","[0, 0, 0, 1]","[1, 1, 1, 1]",0.6447041095006346,2.4387976416454515,3.7929358560896076
189500,185042,10.0,-10.0,9,4,3,1,2,"[0.0, 1.0, 0.0, 1.0, 0.0, 1.0, 0.0, 0.0, 1.0]","[0.526455, 0.382345, 0.0, 0.055524, 0.0, 0.744575, 0.0, 0.0, 0.746683]","[0, 1, 0, 1, 0, 1, 0, 0, 1]","[1, 0, 0, 0, 0, 1, 0, 0, 1]",2.4319789532021403,2.7321016964865894,1.1277650282611567
190073,201891,10.0,-10.0,10,4,3,1,2,"[0.0, 1.0, 1.0, 0.0, 0.0, 0.0, 1.0, 0.0, 0.0, 1.0]","[0.408862, 0.275961, 0.872422, 0.0, 0.612346, 0.375266, 0.718147, 0.0, 0.45606, 0.208056]","[0, 1, 1, 0, 0, 0, 1, 0, 0, 1]","[0, 0, 1, 0, 1, 0, 1, 0, 0, 0]",3.0597045339056397,2.6051101137466177,0.8576940214300981
190353,181954,10.0,-10.0,5,2,2,0,0,"[0.0, 0.0, 1.0, 1.0, 0.0]","[0.0, 0.40862, 0.557748, 1.0, 0.156777]","[0, 0, 1, 1, 0]","[0, 0, 1, 1, 0]",0.7357414751184999,0.7357414751184999,1.0057619091916592
190392,207670,10.0,-10.0,6,3,2,0,1,"[1.0, 0.0, 0.0, 0.0, 1.0, 1.0]","[0.645198, 0.0, 0.0, 0.322456, 0.671061, 0.407514]","[1, 0, 0, 0, 1, 1]","[1, 0, 0, 0, 1, 0]",1.5945893567808214,1.2964504478052623,0.8146513325264264
190525,205438,10.0,-10.0,5,1,2,1,0,"[0.0, 0.0, 0.0, 0.0, 1.0]","[0.44272, 0.500494, 0.0, 0.0, 0.815516]","[0, 0, 0, 0, 1]","[0, 1, 0, 0, 1]",0.511267040163908,0.833381652594835,1.6333607706100999
190541,188497,10.0,-10.0,16,10,5,0,5,"[0.0, 0.0, 1.0, 1.0, 0.0, 0.0, 0.0, 1.0, 1.0, 1.0, 1.0, 1.0, 1.0, 1.0, 0.0, 1.0]","[0.0, 0.333299, 0.186768, 0.688752, 0.246902, 0.124984, 0.0, 0.825494, 0.501385, 1.0, 0.409072, 0.655163, 0.432743, 0.366314, 0.0, 0.272119]","[0, 0, 1, 1, 0, 0, 0, 1, 1, 1, 1, 1, 1, 1, 0, 1]","[0, 0, 0, 1, 0, 0, 0, 1, 1, 1, 0, 1, 0, 0, 0, 0]",4.129356437975285,2.6821295617659615,0.6568148852916469
191341,181892,10.0,-10.0,4,3,1,0,2,"[1.0, 1.0, 0.0, 1.0]","[0.371572, 0.461178, 0.493481, 0.750296]","[1, 1, 0, 1]","[0, 0, 0, 1]",2.916701422157724,1.0394250470506698,0.3575890258264058
191917,186517,10.0,-10.0,5,4,4,1,1,"[1.0, 1.0, 1.0, 1.0, 0.0]","[0.584437, 0.487892, 0.61982, 0.535877, 0.511194]","[1, 1, 1, 1, 0]","[1, 0, 1, 1, 1]",1.566234792102183,1.7578520302202683,1.1291963010550412
192816,200992,10.0,-10.0,6,3,2,1,2,"[1.0, 0.0, 0.0, 1.0, 0.0, 1.0]","[1.0, 0.0, 0.0, 0.202372, 0.590985, 0.432193]","[1, 0, 0, 1, 0, 1]","[1, 0, 0, 0, 1, 0]",1.8831528294415765,1.5833496490151564,0.8472359249088279
193467,199529,10.0,-10.0,5,2,3,2,1,"[0.0, 1.0, 1.0, 0.0, 0.0]","[0.517458, 0.522543, 0.384186, 0.365167, 0.582678]","[0, 1, 1, 0, 0]","[1, 1, 0, 0, 1]",0.5985732774030423,0.9666083865039539,1.6231769833669016
193481,196243,10.0,-10.0,30,14,6,1,9,"[1.0, 0.0, 0.0, 0.0, 1.0, 0.0, 1.0, 0.0, 0.0, 0.0, 0.0, 1.0, 0.0, 0.0, 0.0, 0.0, 1.0, 0.0, 1.0, 0.0, 1.0, 1.0, 1.0, 1.0, 1.0, 0.0, 1.0, 0.0, 1.0, 1.0]","[0.490685, 0.5005, 0.0, 0.0, 0.776869, 0.246477, 0.379331, 0.148758, 0.260208, 0.0, 0.0, 0.210188, 0.0, 0.0, 0.0, 0.0, 1.0, 0.0, 0.397645, 0.109951, 0.449607, 0.442247, 0.257196, 0.320916, 0.731131, 0.420212, 0.493895, 0.0, 0.616343, 0.626944]","[1, 0, 0, 0, 1, 0, 1, 0, 0, 0, 0, 1, 0, 0, 0, 0, 1, 0, 1, 0, 1, 1, 1, 1, 1, 0, 1, 0, 1, 1]","[0, 1, 0, 0, 1, 0, 0, 0, 0, 0, 0, 0, 0, 0, 0, 0, 1, 0, 0, 0, 0, 0, 0, 0, 1, 0, 0, 0, 1, 1]",5.562472890855041,3.4693739307036875,0.6327935939831991
193709,181631,10.0,-10.0,9,5,1,0,4,"[1.0, 0.0, 1.0, 1.0, 0.0, 0.0, 1.0, 0.0, 1.0]","[0.584434, 0.0, 0.480509, 0.388662, 0.0, 0.0, 0.489353, 0.0, 0.475527]","[1, 0, 1, 1, 0, 0, 1, 0, 1]","[1, 0, 0, 0, 0, 0, 0, 0, 0]",1.7931513759953182,0.8670001938107283,0.4895286054619573
194277,200870,10.0,-10.0,5,2,0,0,2,"[1.0, 0.0, 0.0, 0.0, 1.0]","[0.459408, 0.0, 0.0, 0.0, 0.195027]","[1, 0, 0, 0, 1]","[0, 0, 0, 0, 0]",3.6447445888738166,0.7432657346069247,0.2045687650903668
194532,187415,10.0,-10.0,19,12,6,0,6,"[0.0, 1.0, 1.0, 1.0, 0.0, 1.0, 0.0, 1.0, 1.0, 0.0, 1.0, 0.0, 1.0, 0.0, 0.0, 1.0, 1.0, 1.0, 1.0]","[0.177305, 0.612736, 0.519495, 0.295507, 0.469436, 0.631468, 0.233014, 0.663117, 0.298247, 0.281209, 0.40291, 0.0, 0.287653, 0.0, 0.0, 0.273683, 0.528068, 0.465928, 0.554091]","[0, 1, 1, 1, 0, 1, 0, 1, 1, 0, 1, 0, 1, 0, 0, 1, 1, 1, 1]","[0, 1, 1, 0, 0, 1, 0, 1, 0, 0, 0, 0, 0, 0, 0, 0, 1, 0, 1]",3.813404707067371,2.2480535306670326,0.6162401932487672
194969,207559,10.0,-10.0,8,5,3,0,2,"[1.0, 0.0, 1.0, 1.0, 0.0, 0.0, 1.0, 1.0]","[0.552005, 0.47105, 0.39093, 0.277025, 0.391614, 0.406953, 0.558532, 0.554432]","[1, 0, 1, 1, 0, 0, 1, 1]","[1, 0, 0, 0, 0, 0, 1, 1]",0.9357177679676041,0.8692861293872582,0.9389552680368567
195214,208946,10.0,-10.0,5,2,2,1,1,"[0.0, 1.0, 0.0, 0.0, 1.0]","[0.51329, 0.712084, 0.0, 0.0, 0.276287]","[0, 1, 0, 0, 1]","[1, 1, 0, 0, 0]",1.1094801464806896,1.3793655708144454,1.2453622363708412
196430,183658,10.0,-10.0,10,4,4,0,0,"[0.0, 1.0, 0.0, 0.0, 0.0, 0.0, 1.0, 1.0, 0.0, 1.0]","[0.325901, 0.609578, 0.0, 0.0, 0.0, 0.0, 1.0, 1.0, 0.295302, 0.71824]","[0, 1, 0, 0, 0, 0, 1, 1, 0, 1]","[0, 1, 0, 0, 0, 0, 1, 1, 0, 1]",2.3173904579122726,2.3173904579122726,1.0029437970344495
196562,186098,10.0,-10.0,7,6,4,0,2,"[1.0, 1.0, 1.0, 1.0, 1.0, 0.0, 1.0]","[1.0, 0.69741, 0.935471, 0.390736, 1.0, 0.135912, 0.312592]","[1, 1, 1, 1, 1, 0, 1]","[1, 1, 1, 0, 1, 0, 0]",2.4031913505981137,1.7709187359355114,0.740804989089235
196654,200262,10.0,-10.0,5,1,2,2,1,"[0.0, 0.0, 0.0, 1.0, 0.0]","[0.503418, 0.0, 0.478446, 0.319115, 0.570627]","[0, 0, 0, 1, 0]","[1, 0, 0, 0, 1]",0.632434304346728,1.0807390980673865,1.7214187901537545
196734,181209,10.0,-10.0,6,4,5,2,1,"[1.0, 1.0, 1.0, 1.0, 0.0, 0.0]","[0.398769, 0.573281, 0.565341, 0.55771, 0.621731, 0.523211]","[1, 1, 1, 1, 0, 0]","[0, 1, 1, 1, 1, 1]",1.5052644695180817,1.5966557143773341,1.0681797542201297
196748,180959,10.0,-10.0,5,2,3,2,1,"[1.0, 0.0, 0.0, 0.0, 1.0]","[0.567337, 0.612069, 0.41382, 0.589869, 0.090164]","[1, 0, 0, 0, 1]","[1, 1, 0, 1, 0]",1.2303767965802235,1.5019971540615495,1.2220273843826481
197652,203951,10.0,-10.0,7,5,3,1,3,"[1.0, 0.0, 1.0, 1.0, 1.0, 1.0, 0.0]","[0.849247, 0.0, 0.521983, 0.069885, 0.268963, 0.475639, 0.575473]","[1, 0, 1, 1, 1, 1, 0]","[1, 0, 1, 0, 0, 0, 1]",2.2017434983795585,1.1356717367998672,0.5212941794753876
198242,189050,10.0,-10.0,4,3,1,1,3,"[1.0, 0.0, 1.0, 1.0]","[0.318457, 0.505399, 0.462708, 0.403927]","[1, 0, 1, 1]","[0, 1, 0, 0]",1.1188037279980818,0.6468483101329754,0.5800246364432137
198864,197551,10.0,-10.0,5,1,2,1,0,"[0.0, 1.0, 0.0, 0.0, 0.0]","[0.442936, 0.546754, 0.622073, 0.473418, 0.103825]","[0, 1, 0, 0, 0]","[0, 1, 1, 0, 0]",1.4671249801397064,2.564702707000897,1.7568030818293507
198910,188914,10.0,-10.0,10,6,1,0,5,"[0.0, 0.0, 1.0, 1.0, 1.0, 1.0, 1.0, 1.0, 0.0, 0.0]","[0.0, 0.0, 0.270894, 0.536533, 0.42863, 0.439154, 0.019257, 0.074867, 0.0, 0.0]","[0, 0, 1, 1, 1, 1, 1, 1, 0, 0]","[0, 0, 0, 1, 0, 0, 0, 0, 0, 0]",3.240930231353663,0.5672269280299899,0.17662654153839719
199365,195486,10.0,-10.0,4,2,1,0,1,"[1.0, 0.0, 0.0, 1.0]","[0.428831, 0.009669, 0.404952, 0.803013]","[1, 0, 0, 1]","[0, 0, 0, 1]",2.4897397318193075,1.8681145654635087,0.7557593100411968
199521,190468,10.0,-10.0,6,3,3,1,1,"[1.0, 0.0, 0.0, 1.0, 0.0, 1.0]","[0.242801, 0.0, 0.539356, 0.572064, 0.46728, 0.62522]","[1, 0, 0, 1, 0, 1]","[0, 0, 1, 1, 0, 1]",1.2854271824029877,1.1558454478004476,0.9059912526195956
199599,194835,10.0,-10.0,9,2,1,1,2,"[1.0, 1.0, 0.0, 0.0, 0.0, 0.0, 0.0, 0.0, 0.0]","[0.267226, 0.229241, 0.0, 0.0, 0.60566, 0.0, 0.0, 0.465354, 0.305776]","[1, 1, 0, 0, 0, 0, 0, 0, 0]","[0, 0, 0, 0, 1, 0, 0, 0, 0]",0.912065462936108,0.7975767194020532,0.876925720183281
199879,192945,10.0,-10.0,11,6,5,1,2,"[1.0, 1.0, 1.0, 0.0, 1.0, 0.0, 1.0, 0.0, 1.0, 0.0, 0.0]","[0.519773, 0.547245, 0.492638, 0.0, 0.565733, 0.448939, 1.0, 0.419917, 0.443881, 0.0, 0.613876]","[1, 1, 1, 0, 1, 0, 1, 0, 1, 0, 0]","[1, 1, 0, 0, 1, 0, 1, 0, 0, 0, 1]",1.752341395656637,1.6587291742325572,0.9552990014672077
199932,195364,10.0,-10.0,6,2,3,2,1,"[0.0, 0.0, 0.0, 0.0, 1.0, 1.0]","[0.529173, 0.39392, 0.558246, 0.417706, 0.557022, 0.352727]","[0, 0, 0, 0, 1, 1]","[1, 0, 1, 0, 1, 0]",1.8897575018523494,1.9322895644793556,1.0259767414517553
200132,185914,10.0,-10.0,6,3,4,1,0,"[1.0, 0.0, 1.0, 0.0, 0.0, 1.0]","[0.937745, 0.39407, 0.984508, 0.52895, 0.0, 0.605424]","[1, 0, 1, 0, 0, 1]","[1, 0, 1, 1, 0, 1]",1.124574092101589,1.1945536215125987,1.0660415196512476
200462,204393,10.0,-10.0,7,4,2,1,3,"[0.0, 1.0, 1.0, 1.0, 1.0, 0.0, 0.0]","[0.485902, 0.142561, 0.451614, 0.459153, 0.587056, 0.531415, 0.420845]","[0, 1, 1, 1, 1, 0, 0]","[0, 0, 0, 0, 1, 1, 0]",1.2377832737792454,0.9022687039808202,0.7404892852325876
200586,209048,10.0,-10.0,4,2,2,0,0,"[1.0, 0.0, 0.0, 1.0]","[0.572786, 0.137584, 0.491971, 0.562885]","[1, 0, 0, 1]","[1, 0, 0, 1]",1.0216994104343216,1.0216994104343216,1.0076633241491244
201258,187071,10.0,-10.0,5,3,4,1,0,"[0.0, 1.0, 1.0, 0.0, 1.0]","[0.557056, 1.0, 1.0, 0.0, 0.613633]","[0, 1, 1, 0, 1]","[1, 1, 1, 0, 1]",1.4850781228585155,2.126695354337257,1.443780335302435
201281,199420,10.0,-10.0,10,6,4,0,2,"[1.0, 0.0, 1.0, 1.0, 0.0, 1.0, 1.0, 0.0, 1.0, 0.0]","[0.469392, 0.340695, 0.443237, 1.0, 0.373045, 0.887947, 1.0, 0.48299, 0.595857, 0.409071]","[1, 0, 1, 1, 0, 1, 1, 0, 1, 0]","[0, 0, 0, 1, 0, 1, 1, 0, 1, 0]",1.619040294536289,1.105906694904752,0.6921718372260292
201521,209101,10.0,-10.0,5,3,3,0,0,"[1.0, 1.0, 0.0, 1.0, 0.0]","[0.812692, 0.734613, 0.0, 0.701114, 0.0]","[1, 1, 0, 1, 0]","[1, 1, 0, 1, 0]",2.1892663654162368,2.1892663654162368,1.0353554273166425
202328,190143,10.0,-10.0,5,2,1,0,1,"[0.0, 1.0, 0.0, 0.0, 1.0]","[0.375406, 0.489414, 0.394196, 0.495023, 0.673454]","[0, 1, 0, 0, 1]","[0, 0, 0, 0, 1]",1.293556776455307,0.827152124804791,0.6406179954803574
202571,195398,10.0,-10.0,5,4,3,1,2,"[1.0, 1.0, 1.0, 0.0, 1.0]","[0.392106, 0.473601, 0.592259, 0.563253, 0.531954]","[1, 1, 1, 0, 1]","[0, 0, 1, 1, 1]",0.751905875569516,0.569994090574816,0.7655217910169663
203038,207594,10.0,-10.0,15,9,7,0,2,"[1.0, 0.0, 1.0, 0.0, 0.0, 1.0, 1.0, 1.0, 1.0, 0.0, 1.0, 1.0, 0.0, 0.0, 1.0]","[0.529299, 0.435424, 0.443275, 0.0, 0.32851, 0.156515, 0.847726, 0.770174, 0.612125, 0.0, 0.733631, 1.0, 0.485531, 0.0, 0.543529]","[1, 0, 1, 0, 0, 1, 1, 1, 1, 0, 1, 1, 0, 0, 1]","[1, 0, 0, 0, 0, 0, 1, 1, 1, 0, 1, 1, 0, 0, 1]",2.7686344004505745,2.6776732066944193,0.9713193725517426
203171,197644,10.0,-10.0,3,1,1,0,0,"[1.0, 0.0, 0.0]","[0.807113, 0.0, 0.0]","[1, 0, 0]","[1, 0, 0]",0.5090846544142453,0.5090846544142453,1.0169541314807207
203300,206195,10.0,-10.0,5,3,3,0,0,"[0.0, 1.0, 1.0, 1.0, 0.0]","[0.0, 1.0, 1.0, 0.597205, 0.287178]","[0, 1, 1, 1, 0]","[0, 1, 1, 1, 0]",0.9164351167519311,0.9164351167519311,1.0029355586757058
203710,206592,10.0,-10.0,8,5,3,0,2,"[1.0, 1.0, 0.0, 1.0, 0.0, 1.0, 1.0, 0.0]","[0.496031, 0.634227, 0.315221, 0.761656, 0.0, 0.88708, 0.445545, 0.38743]","[1, 1, 0, 1, 0, 1, 1, 0]","[0, 1, 0, 1, 0, 1, 0, 0]",1.4841866228446592,1.051496367455081,0.7202329988349785
203919,187736,10.0,-10.0,6,3,1,0,2,"[1.0, 0.0, 1.0, 0.0, 0.0, 1.0]","[0.583769, 0.0, 0.442878, 0.0, 0.0, 0.267876]","[1, 0, 1, 0, 0, 1]","[1, 0, 0, 0, 0, 0]",1.616590150546727,0.6147399748819582,0.381237337896204
203964,196350,10.0,-10.0,8,4,3,2,3,"[0.0, 1.0, 1.0, 1.0, 0.0, 0.0, 1.0, 0.0]","[0.590866, 0.513422, 0.438229, 0.447172, 0.466425, 0.288755, 0.118617, 0.531112]","[0, 1, 1, 1, 0, 0, 1, 0]","[1, 1, 0, 0, 0, 0, 0, 1]",1.5154956095606311,1.3796920920684863,0.9273547818111353
204120,188861,10.0,-10.0,4,1,1,0,0,"[0.0, 1.0, 0.0, 0.0]","[0.376122, 0.505881, 0.36278, 0.0]","[0, 1, 0, 0]","[0, 1, 0, 0]",1.3692745658192838,1.3692745658192838,1.0044875599870542
204194,205064,10.0,-10.0,6,3,3,1,1,"[1.0, 0.0, 0.0, 1.0, 1.0, 0.0]","[0.179114, 0.51422, 0.373771, 0.776269, 1.0, 0.0]","[1, 0, 0, 1, 1, 0]","[0, 1, 0, 1, 1, 0]",0.914066192569595,0.7707397654375103,0.844773941464534
204883,200512,10.0,-10.0,14,6,6,0,0,"[0.0, 1.0, 0.0, 1.0, 0.0, 1.0, 1.0, 0.0, 1.0, 0.0, 0.0, 0.0, 1.0, 0.0]","[0.0, 0.581163, 0.0, 1.0, 0.0, 1.0, 1.0, 0.0, 1.0, 0.235187, 0.0, 0.0, 0.602482, 0.0]","[0, 1, 0, 1, 0, 1, 1, 0, 1, 0, 0, 0, 1, 0]","[0, 1, 0, 1, 0, 1, 1, 0, 1, 0, 0, 0, 1, 0]",5.356489087366031,5.356489087366031,1.0098810341662194
205300,191467,10.0,-10.0,8,4,4,0,0,"[1.0, 1.0, 0.0, 0.0, 1.0, 0.0, 0.0, 1.0]","[1.0, 1.0, 0.0, 0.0, 0.792001, 0.482259, 0.0, 0.682652]","[1, 1, 0, 0, 1, 0, 0, 1]","[1, 1, 0, 0, 1, 0, 0, 1]",1.6200950157697556,1.6200950157697556,1.0070029430737235
205327,192314,10.0,-10.0,5,2,1,1,2,"[1.0, 1.0, 0.0, 0.0, 0.0]","[0.423115, 0.222512, 0.396381, 0.480494, 0.515604]","[1, 1, 0, 0, 0]","[0, 0, 0, 0, 1]",0.2006276565495691,0.3587436694818812,1.7911298440458057
205559,199162,10.0,-10.0,8,3,3,0,0,"[0.0, 1.0, 1.0, 0.0, 0.0, 1.0, 0.0, 0.0]","[0.0, 0.74948, 0.943493, 0.0, 0.340371, 1.0, 0.0, 0.0]","[0, 1, 1, 0, 0, 1, 0, 0]","[0, 1, 1, 0, 0, 1, 0, 0]",2.7044351226650205,2.7044351226650205,1.0038113789875536
205643,189193,10.0,-10.0,12,7,5,1,3,"[0.0, 1.0, 1.0, 1.0, 1.0, 0.0, 1.0, 0.0, 0.0, 1.0, 0.0, 1.0]","[0.545569, 0.232388, 0.093444, 0.715797, 0.027655, 0.396559, 0.507659, 0.359619, 0.406915, 0.601666, 0.439615, 0.581752]","[0, 1, 1, 1, 1, 0, 1, 0, 0, 1, 0, 1]","[1, 0, 0, 1, 0, 0, 1, 0, 0, 1, 0, 1]",3.101090872126953,2.81900974354284,0.9189627911756901
206314,189443,10.0,-10.0,12,3,3,3,3,"[1.0, 1.0, 0.0, 0.0, 0.0, 0.0, 0.0, 0.0, 0.0, 0.0, 1.0, 0.0]","[0.492298, 0.459142, 0.603212, 0.239224, 0.455502, 0.53954, 0.579603, 0.0, 0.399884, 0.390902, 0.457934, 0.0]","[1, 1, 0, 0, 0, 0, 0, 0, 0, 0, 1, 0]","[0, 0, 1, 0, 0, 1, 1, 0, 0, 0, 0, 0]",2.0809594630971175,2.43787642668351,1.1990454249249551
206930,184305,10.0,-10.0,6,4,5,2,1,"[1.0, 1.0, 1.0, 1.0, 0.0, 0.0]","[0.486442, 0.509745, 0.594692, 0.513272, 0.565219, 0.588712]","[1, 1, 1, 1, 0, 0]","[0, 1, 1, 1, 1, 1]",1.7154923048810975,2.4739586032381493,1.4543389580072406
207423,186224,10.0,-10.0,4,2,2,1,1,"[0.0, 0.0, 1.0, 1.0]","[0.0, 0.577786, 0.590526, 0.136352]","[0, 0, 1, 1]","[0, 1, 1, 0]",0.8259317485463354,0.8569772345510753,1.0400159223009555
207475,192618,10.0,-10.0,5,2,1,1,2,"[1.0, 1.0, 0.0, 0.0, 0.0]","[0.449586, 0.441158, 0.565342, 0.2656, 0.339392]","[1, 1, 0, 0, 0]","[0, 0, 1, 0, 0]",0.8792259254211634,0.4769926103429799,0.5440558174883907
207836,184831,10.0,-10.0,4,2,2,1,1,"[0.0, 0.0, 1.0, 1.0]","[0.521146, 0.226447, 0.407208, 0.510437]","[0, 0, 1, 1]","[1, 0, 0, 1]",0.8873538536132757,1.0050923486282741,1.1545559358405644
208093,203811,10.0,-10.0,6,4,3,0,1,"[1.0, 0.0, 1.0, 0.0, 1.0, 1.0]","[0.277585, 0.0, 0.948851, 0.0, 1.0, 0.863557]","[1, 0, 1, 0, 1, 1]","[0, 0, 1, 0, 1, 1]",3.135315397336999,2.4749190461086297,0.7906530047203977
208904,200676,10.0,-10.0,11,5,4,1,2,"[1.0, 1.0, 0.0, 1.0, 0.0, 0.0, 1.0, 0.0, 0.0, 1.0, 0.0]","[0.075928, 0.081214, 0.289378, 1.0, 0.557031, 0.0, 0.582426, 0.30142, 0.09397, 0.690807, 0.0]","[1, 1, 0, 1, 0, 0, 1, 0, 0, 1, 0]","[0, 0, 0, 1, 1, 0, 1, 0, 0, 1, 0]",3.422680825932712,2.926043965885568,0.8616637588996213
208966,196199,10.0,-10.0,7,4,2,1,3,"[0.0, 1.0, 1.0, 1.0, 0.0, 0.0, 1.0]","[0.50474, 0.458837, 0.515805, 0.449957, 0.0, 0.0, 0.081413]","[0, 1, 1, 1, 0, 0, 1]","[1, 0, 1, 0, 0, 0, 0]",1.4405262350925365,0.9299637352189873,0.6486003055285022
208976,188476,10.0,-10.0,5,3,3,1,1,"[0.0, 0.0, 1.0, 1.0, 1.0]","[0.486656, 0.605592, 0.621281, 0.585587, 0.482076]","[0, 0, 1, 1, 1]","[0, 1, 1, 1, 0]",1.2326579509944042,1.289792136947737,1.072161650129188
209495,189342,10.0,-10.0,4,2,4,2,0,"[1.0, 0.0, 1.0, 0.0]","[0.624761, 0.605413, 0.540542, 0.624108]","[1, 0, 1, 0]","[1, 1, 1, 1]",1.0005348172133366,1.7237394496200842,1.7300379155864005
209709,184968,10.0,-10.0,10,6,3,0,3,"[1.0, 0.0, 0.0, 1.0, 0.0, 0.0, 1.0, 1.0, 1.0, 1.0]","[0.83325, 0.0, 0.0, 0.130716, 0.0, 0.0, 0.434529, 0.053254, 0.573965, 0.588916]","[1, 0, 0, 1, 0, 0, 1, 1, 1, 1]","[1, 0, 0, 0, 0, 0, 0, 0, 1, 1]",1.7467054007923886,1.0583073148597375,0.6255323171138222
210209,180231,10.0,-10.0,7,3,3,0,0,"[1.0, 0.0, 0.0, 0.0, 1.0, 1.0, 0.0]","[0.981521, 0.0, 0.440529, 0.0, 1.0, 0.66461, 0.099861]","[1, 0, 0, 0, 1, 1, 0]","[1, 0, 0, 0, 1, 1, 0]",1.0665700221371255,1.0665700221371255,1.0158660578998187
180164,197248,10.0,5.0,4,2,1,0,1,"[1.0, 0.0, 1.0, 0.0]","[0.630672, 0.105016, 0.431903, 0.0]","[1, 0, 1, 0]","[1, 0, 0, 0]",1.3503350694748417,0.9978267293132256,0.7451272728206205
180236,203656,10.0,5.0,8,3,3,2,2,"[0.0, 1.0, 1.0, 0.0, 0.0, 1.0, 0.0, 0.0]","[0.368353, 0.722175, 0.006887, 0.686813, 0.566318, 0.038782, 0.0, 0.359484]","[0, 1, 1, 0, 0, 1, 0, 0]","[0, 1, 0, 1, 1, 0, 0, 0]",1.5000173534132406,1.9726682693089872,1.32124603275685
180329,189548,10.0,5.0,4,2,3,2,1,"[1.0, 1.0, 0.0, 0.0]","[0.506627, 0.460708, 0.572437, 0.587332]","[1, 1, 0, 0]","[1, 0, 1, 1]",1.3000633885575328,1.6383236486223378,1.2712506387657778
180687,187024,10.0,5.0,7,4,5,1,0,"[1.0, 0.0, 1.0, 0.0, 0.0, 1.0, 1.0]","[0.609483, 0.607866, 0.591636, 0.0, 0.0, 0.61239, 0.620449]","[1, 0, 1, 0, 0, 1, 1]","[1, 1, 1, 0, 0, 1, 1]",1.6253912852413142,1.8791183918682854,1.1621368721633423
180723,207048,10.0,5.0,10,5,8,4,1,"[0.0, 0.0, 0.0, 1.0, 0.0, 1.0, 1.0, 1.0, 0.0, 1.0]","[0.612832, 0.591853, 0.546166, 0.636922, 0.610167, 0.63771, 0.543466, 0.458307, 0.0, 1.0]","[0, 0, 0, 1, 0, 1, 1, 1, 0, 1]","[1, 1, 1, 1, 1, 1, 1, 0, 0, 1]",4.400504749829486,6.32558717421614,1.4514496012385605
180815,206160,10.0,5.0,14,7,8,3,2,"[1.0, 0.0, 1.0, 1.0, 0.0, 1.0, 0.0, 0.0, 1.0, 0.0, 0.0, 0.0, 1.0, 1.0]","[0.77322, 0.0, 0.579195, 0.361671, 0.586392, 0.567652, 0.0, 0.46809, 0.420486, 0.0, 0.528934, 0.582634, 0.809718, 0.961946]","[1, 0, 1, 1, 0, 1, 0, 0, 1, 0, 0, 0, 1, 1]","[1, 0, 1, 0, 1, 1, 0, 0, 0, 0, 1, 1, 1, 1]",2.485215616303847,2.8389872079008653,1.2143095666409511
180834,205125,10.0,5.0,5,3,3,1,1,"[0.0, 0.0, 1.0, 1.0, 1.0]","[0.626135, 0.199363, 0.423208, 0.610115, 0.63363]","[0, 0, 1, 1, 1]","[1, 0, 0, 1, 1]",2.04071236596328,1.8910445106678624,0.92982328655147
181002,188173,10.0,5.0,9,4,3,0,1,"[1.0, 0.0, 0.0, 0.0, 0.0, 1.0, 1.0, 1.0, 0.0]","[0.477998, 0.0, 0.0, 0.0, 0.0, 1.0, 1.0, 0.811617, 0.336027]","[1, 0, 0, 0, 0, 1, 1, 1, 0]","[0, 0, 0, 0, 0, 1, 1, 1, 0]",1.7103073873347658,1.1908016143003413,0.7006691528595064
181023,208822,10.0,5.0,4,2,3,2,1,"[0.0, 1.0, 1.0, 0.0]","[0.629307, 0.478746, 0.562974, 0.627178]","[0, 1, 1, 0]","[1, 0, 1, 1]",1.3152556806315001,2.2489802052441235,1.7280352780463863
181295,210119,10.0,5.0,9,5,2,0,3,"[0.0, 1.0, 1.0, 1.0, 0.0, 1.0, 0.0, 0.0, 1.0]","[0.0, 1.0, 0.456581, 0.482518, 0.349077, 0.128412, 0.0, 0.0, 0.978049]","[0, 1, 1, 1, 0, 1, 0, 0, 1]","[0, 1, 0, 0, 0, 0, 0, 0, 1]",3.008892835511307,1.500418441994677,0.5070485481847565
181588,206273,10.0,5.0,8,4,5,3,2,"[0.0, 1.0, 1.0, 0.0, 0.0, 0.0, 1.0, 1.0]","[0.615016, 0.555974, 0.558458, 0.622757, 0.585831, 0.077388, 0.002564, 0.0506]","[0, 1, 1, 0, 0, 0, 1, 1]","[1, 1, 1, 1, 1, 0, 0, 0]",1.0663860012584387,1.7187535566308805,1.643447653352494
182072,199843,10.0,5.0,7,4,1,0,3,"[1.0, 1.0, 1.0, 0.0, 0.0, 1.0, 0.0]","[0.267788, 0.436329, 0.559015, 0.262085, 0.262465, 0.454427, 0.471822]","[1, 1, 1, 0, 0, 1, 0]","[0, 0, 1, 0, 0, 0, 0]",3.3702220490220873,1.05244548891844,0.3133174586557
182354,185997,10.0,5.0,10,5,5,1,1,"[1.0, 1.0, 0.0, 0.0, 1.0, 1.0, 0.0, 0.0, 0.0, 1.0]","[0.530933, 0.492269, 0.46167, 0.0, 1.0, 0.780105, 0.602791, 0.0, 0.0, 1.0]","[1, 1, 0, 0, 1, 1, 0, 0, 0, 1]","[1, 0, 0, 0, 1, 1, 1, 0, 0, 1]",2.7841428864838265,2.9125602651070692,1.0488509409483613
182369,181607,10.0,5.0,5,1,1,0,0,"[0.0, 0.0, 1.0, 0.0, 0.0]","[0.0, 0.123918, 0.596974, 0.230578, 0.0]","[0, 0, 1, 0, 0]","[0, 0, 1, 0, 0]",1.890689514944936,1.890689514944936,1.0022975159324845
182581,208651,10.0,5.0,4,3,1,0,2,"[1.0, 1.0, 0.0, 1.0]","[0.399412, 0.00837, 0.0, 0.600094]","[1, 1, 0, 1]","[0, 0, 0, 1]",1.2466489006211838,0.315396053799553,0.253933959658335
182967,198780,10.0,5.0,10,6,9,4,1,"[0.0, 1.0, 0.0, 1.0, 1.0, 1.0, 1.0, 0.0, 1.0, 0.0]","[0.604142, 0.609554, 0.610451, 0.4889, 0.627776, 0.591451, 0.530407, 0.623252, 0.632758, 0.621415]","[0, 1, 0, 1, 1, 1, 1, 0, 1, 0]","[1, 1, 1, 0, 1, 1, 1, 1, 1, 1]",1.888907079208392,2.729575734342351,1.4709454163342874
183423,197906,10.0,5.0,7,2,2,1,1,"[0.0, 1.0, 0.0, 0.0, 0.0, 1.0, 0.0]","[0.618207, 0.61929, 0.0, 0.480044, 0.301946, 0.497353, 0.233852]","[0, 1, 0, 0, 0, 1, 0]","[1, 1, 0, 0, 0, 0, 0]",1.277267934628681,1.3760190588476129,1.080933468005628
183796,186882,10.0,5.0,11,5,8,3,0,"[0.0, 0.0, 0.0, 1.0, 0.0, 1.0, 0.0, 1.0, 1.0, 1.0, 0.0]","[0.535472, 0.592489, 0.0, 1.0, 0.0, 1.0, 0.0, 0.511377, 0.511491, 1.0, 0.580132]","[0, 0, 0, 1, 0, 1, 0, 1, 1, 1, 0]","[1, 1, 0, 1, 0, 1, 0, 1, 1, 1, 1]",2.004656692239265,2.904856196681528,1.4682271859880114
184015,184061,10.0,5.0,7,5,4,1,2,"[1.0, 0.0, 1.0, 1.0, 1.0, 0.0, 1.0]","[0.497847, 0.637024, 0.571756, 0.625249, 0.401109, 0.187435, 0.529949]","[1, 0, 1, 1, 1, 0, 1]","[0, 1, 1, 1, 0, 0, 1]",1.7220825838071119,1.5752035714479984,0.9226060567619468
184033,189853,10.0,5.0,7,2,6,5,1,"[1.0, 0.0, 0.0, 1.0, 0.0, 0.0, 0.0]","[0.598163, 0.630624, 0.610404, 0.058894, 0.513314, 0.626407, 0.634476]","[1, 0, 0, 1, 0, 0, 0]","[1, 1, 1, 0, 1, 1, 1]",1.2074199308863212,2.869381340265039,2.3802506896596887
184090,195582,10.0,5.0,9,6,2,0,4,"[0.0, 1.0, 0.0, 1.0, 1.0, 1.0, 0.0, 1.0, 1.0]","[0.460224, 1.0, 0.0, 1.0, 0.443728, 0.030478, 0.0, 0.293211, 0.008932]","[0, 1, 0, 1, 1, 1, 0, 1, 1]","[0, 1, 0, 1, 0, 0, 0, 0, 0]",5.504358321570608,1.0113527334231227,0.18494715907089487
184709,196154,10.0,5.0,5,2,5,3,0,"[1.0, 0.0, 1.0, 0.0, 0.0]","[0.620699, 0.636425, 0.540429, 0.624954, 0.625172]","[1, 0, 1, 0, 0]","[1, 1, 1, 1, 1]",1.0905231466271232,2.3635530211123092,2.1793622752631108
185337,193957,10.0,5.0,4,3,2,1,2,"[1.0, 1.0, 1.0, 0.0]","[0.026412, 0.424575, 0.618197, 0.5799]","[1, 1, 1, 0]","[0, 0, 1, 1]",1.4900048388367595,1.060494339551511,0.7145066606056815
185785,189513,10.0,5.0,5,1,3,2,0,"[0.0, 0.0, 0.0, 1.0, 0.0]","[0.484033, 0.612215, 0.424627, 0.507851, 0.639052]","[0, 0, 0, 1, 0]","[0, 1, 0, 1, 1]",1.096883275055878,1.5674663994904525,1.4314330145498841
185875,206473,10.0,5.0,23,11,11,2,2,"[0.0, 0.0, 0.0, 0.0, 1.0, 1.0, 0.0, 1.0, 0.0, 0.0, 1.0, 0.0, 1.0, 1.0, 0.0, 1.0, 1.0, 1.0, 1.0, 0.0, 0.0, 0.0, 1.0]","[0.609274, 0.237562, 0.446558, 0.456602, 0.406236, 0.569829, 0.494247, 0.530534, 0.557164, 0.400956, 0.59557, 0.393981, 0.533879, 0.539854, 0.437073, 0.04863, 0.625942, 0.876531, 1.0, 0.0, 0.0, 0.0, 1.0]","[0, 0, 0, 0, 1, 1, 0, 1, 0, 0, 1, 0, 1, 1, 0, 1, 1, 1, 1, 0, 0, 0, 1]","[1, 0, 0, 0, 0, 1, 0, 1, 1, 0, 1, 0, 1, 1, 0, 0, 1, 1, 1, 0, 0, 0, 1]",4.886928355255206,4.947246488177218,1.0905063424494525
186117,200624,10.0,5.0,6,3,6,3,0,"[0.0, 0.0, 1.0, 1.0, 0.0, 1.0]","[0.609127, 0.610354, 0.608662, 0.574632, 0.633228, 0.631188]","[0, 0, 1, 1, 0, 1]","[1, 1, 1, 1, 1, 1]",1.2084231400862042,2.035890947143499,1.6947472986549583
186198,204134,10.0,5.0,4,2,1,1,2,"[1.0, 1.0, 0.0, 0.0]","[0.004276, 0.008549, 0.0, 0.607291]","[1, 1, 0, 0]","[0, 0, 0, 1]",1.1375601839142244,0.9978396707682631,0.8806973540296937
186356,189091,10.0,5.0,11,6,8,4,2,"[0.0, 0.0, 1.0, 1.0, 1.0, 1.0, 1.0, 0.0, 1.0, 0.0, 0.0]","[0.585242, 0.570906, 0.595486, 0.594635, 0.476881, 0.615677, 0.033308, 0.0, 0.607605, 0.629196, 0.60619]","[0, 0, 1, 1, 1, 1, 1, 0, 1, 0, 0]","[1, 1, 1, 1, 0, 1, 0, 0, 1, 1, 1]",2.35684050341058,2.9454132454988047,1.260983823796737
186407,182154,10.0,5.0,11,7,6,2,3,"[1.0, 1.0, 0.0, 0.0, 1.0, 0.0, 0.0, 1.0, 1.0, 1.0, 1.0]","[0.698905, 0.708422, 0.0, 0.069488, 0.10543, 0.538757, 0.564605, 0.262549, 1.0, 0.015238, 0.557644]","[1, 1, 0, 0, 1, 0, 0, 1, 1, 1, 1]","[1, 1, 0, 0, 0, 1, 1, 0, 1, 0, 1]",2.2899527895725864,2.8219794954167394,1.364336820362134
186810,208210,10.0,5.0,6,3,3,1,1,"[1.0, 0.0, 1.0, 0.0, 1.0, 0.0]","[0.599792, 0.455553, 0.011101, 0.0, 0.58744, 0.57989]","[1, 0, 1, 0, 1, 0]","[1, 0, 0, 0, 1, 1]",1.5429417425142504,2.073880131300586,1.3724414994281775
187212,192870,10.0,5.0,4,3,3,0,0,"[1.0, 1.0, 1.0, 0.0]","[0.572674, 0.572212, 0.562776, 0.405643]","[1, 1, 1, 0]","[1, 1, 1, 0]",1.0349589618918746,1.0349589618918746,1.0110437387145739
187417,207485,10.0,5.0,9,5,4,0,1,"[1.0, 1.0, 0.0, 0.0, 1.0, 0.0, 1.0, 1.0, 0.0]","[0.531042, 0.326472, 0.258746, 0.087989, 1.0, 0.327566, 1.0, 1.0, 0.0]","[1, 1, 0, 0, 1, 0, 1, 1, 0]","[1, 0, 0, 0, 1, 0, 1, 1, 0]",6.94984716193321,4.74487722378071,0.6865067548277864
188013,194919,10.0,5.0,14,7,8,2,1,"[0.0, 1.0, 0.0, 1.0, 1.0, 1.0, 1.0, 0.0, 0.0, 0.0, 0.0, 0.0, 1.0, 1.0]","[0.0, 1.0, 0.0, 1.0, 1.0, 1.0, 1.0, 0.595866, 0.489679, 0.0, 0.034534, 0.594713, 1.0, 0.087135]","[0, 1, 0, 1, 1, 1, 1, 0, 0, 0, 0, 0, 1, 1]","[0, 1, 0, 1, 1, 1, 1, 1, 0, 0, 0, 1, 1, 0]",2.030727725621682,2.2130548873934703,1.1048050683907764
189027,190257,10.0,5.0,10,5,4,1,2,"[0.0, 1.0, 0.0, 0.0, 0.0, 1.0, 0.0, 1.0, 1.0, 1.0]","[0.357654, 0.361086, 0.555642, 0.463292, 0.0, 1.0, 0.0, 1.0, 0.459686, 0.524377]","[0, 1, 0, 0, 0, 1, 0, 1, 1, 1]","[0, 0, 1, 0, 0, 1, 0, 1, 0, 1]",1.7231368189640917,1.684853562340895,0.9853890869607601
189143,193722,10.0,5.0,7,6,3,0,3,"[1.0, 1.0, 1.0, 1.0, 0.0, 1.0, 1.0]","[0.620486, 0.438703, 0.519963, 0.229216, 0.0, 0.614466, 0.36388]","[1, 1, 1, 1, 0, 1, 1]","[1, 0, 1, 0, 0, 1, 0]",2.2624827365965325,1.3159451754815756,0.583796862932739
189265,184120,10.0,5.0,3,1,3,2,0,"[0.0, 1.0, 0.0]","[0.635744, 0.598871, 0.587181]","[0, 1, 0]","[1, 1, 1]",0.6659566324703287,1.4668219435065049,2.216837380327954
189415,192019,10.0,5.0,4,1,4,3,0,"[0.0, 0.0, 0.0, 1.0]","[0.592712, 0.608965, 0.609853, 0.63066]","[0, 0, 0, 1]","[1, 1, 1, 1]",0.6447041095006346,2.4387976416454515,3.7929358560896076
189500,185042,10.0,5.0,9,4,4,2,2,"[0.0, 1.0, 0.0, 1.0, 0.0, 1.0, 0.0, 0.0, 1.0]","[0.535319, 0.591525, 0.0, 0.012818, 0.0, 0.365926, 0.0, 0.500519, 0.609445]","[0, 1, 0, 1, 0, 1, 0, 0, 1]","[1, 1, 0, 0, 0, 0, 0, 1, 1]",2.4319789532021403,3.5324847047447987,1.4581494964121209
190073,201891,10.0,5.0,10,4,3,3,4,"[0.0, 1.0, 1.0, 0.0, 0.0, 0.0, 1.0, 0.0, 0.0, 1.0]","[0.502264, 0.476795, 0.328988, 0.0, 0.615502, 0.571643, 0.299569, 0.244356, 0.333155, 0.317806]","[0, 1, 1, 0, 0, 0, 1, 0, 0, 1]","[1, 0, 0, 0, 1, 1, 0, 0, 0, 0]",3.0597045339056397,2.6796524791297385,0.8822359940687945
190353,181954,10.0,5.0,5,2,3,1,0,"[0.0, 0.0, 1.0, 1.0, 0.0]","[0.066513, 0.588358, 0.560901, 0.541031, 0.409754]","[0, 0, 1, 1, 0]","[0, 1, 1, 1, 0]",0.7357414751184999,0.9709360813871197,1.3272739949337449
190392,207670,10.0,5.0,6,3,4,1,0,"[1.0, 0.0, 0.0, 0.0, 1.0, 1.0]","[0.611403, 0.549586, 0.0, 0.361464, 0.584601, 0.58732]","[1, 0, 0, 0, 1, 1]","[1, 1, 0, 0, 1, 1]",1.5945893567808214,2.258758220266403,1.419337235071435
190525,205438,10.0,5.0,5,1,3,2,0,"[0.0, 0.0, 0.0, 0.0, 1.0]","[0.598144, 0.621072, 0.441701, 0.458088, 0.520626]","[0, 0, 0, 0, 1]","[1, 1, 0, 0, 1]",0.511267040163908,1.186434869799188,2.3253165787608623
190541,188497,10.0,5.0,16,10,7,0,3,"[0.0, 0.0, 1.0, 1.0, 0.0, 0.0, 0.0, 1.0, 1.0, 1.0, 1.0, 1.0, 1.0, 1.0, 0.0, 1.0]","[0.0, 0.380509, 0.021626, 0.536064, 0.291944, 0.228861, 0.489875, 0.446046, 0.617684, 0.710624, 0.593062, 0.526607, 0.588527, 0.573153, 0.0, 0.041326]","[0, 0, 1, 1, 0, 0, 0, 1, 1, 1, 1, 1, 1, 1, 0, 1]","[0, 0, 0, 1, 0, 0, 0, 0, 1, 1, 1, 1, 1, 1, 0, 0]",4.129356437975285,3.320440021924779,0.8131279201450524
191341,181892,10.0,5.0,4,3,2,0,1,"[1.0, 1.0, 0.0, 1.0]","[0.519247, 0.251834, 0.454268, 0.569686]","[1, 1, 0, 1]","[1, 0, 0, 1]",2.916701422157724,2.0659604863578247,0.7107436941304809
191917,186517,10.0,5.0,5,4,5,1,0,"[1.0, 1.0, 1.0, 1.0, 0.0]","[0.595711, 0.587024, 0.611453, 0.594063, 0.589025]","[1, 1, 1, 1, 0]","[1, 1, 1, 1, 1]",1.566234792102183,2.05146435049472,1.3178048644029783
192816,200992,10.0,5.0,6,3,3,1,1,"[1.0, 0.0, 0.0, 1.0, 0.0, 1.0]","[0.951596, 0.0, 0.0, 0.375529, 0.58516, 0.5489]","[1, 0, 0, 1, 0, 1]","[1, 0, 0, 0, 1, 1]",1.8831528294415765,2.062592682619475,1.1036744917689143
193467,199529,10.0,5.0,5,2,4,3,1,"[0.0, 1.0, 1.0, 0.0, 0.0]","[0.614049, 0.538341, 0.434055, 0.565838, 0.637117]","[0, 1, 1, 0, 0]","[1, 1, 0, 1, 1]",0.5985732774030423,1.1309538550818743,1.8991540860290845
193481,196243,10.0,5.0,30,14,7,0,7,"[1.0, 0.0, 0.0, 0.0, 1.0, 0.0, 1.0, 0.0, 0.0, 0.0, 0.0, 1.0, 0.0, 0.0, 0.0, 0.0, 1.0, 0.0, 1.0, 0.0, 1.0, 1.0, 1.0, 1.0, 1.0, 0.0, 1.0, 0.0, 1.0, 1.0]","[0.60754, 0.476892, 0.0, 0.0, 0.335555, 0.425562, 0.376802, 0.193767, 0.367941, 0.0, 0.136943, 0.384537, 0.0, 0.0, 0.0, 0.0, 1.0, 0.0, 0.5107, 0.30276, 0.441161, 0.024275, 0.016373, 0.060065, 0.586009, 0.353813, 0.509509, 0.0, 0.6172, 0.613503]","[1, 0, 0, 0, 1, 0, 1, 0, 0, 0, 0, 1, 0, 0, 0, 0, 1, 0, 1, 0, 1, 1, 1, 1, 1, 0, 1, 0, 1, 1]","[1, 0, 0, 0, 0, 0, 0, 0, 0, 0, 0, 0, 0, 0, 0, 0, 1, 0, 1, 0, 0, 0, 0, 0, 1, 0, 1, 0, 1, 1]",5.562472890855041,3.636241308688982,0.6632292316351055
193709,181631,10.0,5.0,9,5,3,1,3,"[1.0, 0.0, 1.0, 1.0, 0.0, 0.0, 1.0, 0.0, 1.0]","[0.620701, 0.501359, 0.475239, 0.113203, 0.0, 0.0, 0.539022, 0.0, 0.471935]","[1, 0, 1, 1, 0, 0, 1, 0, 1]","[1, 1, 0, 0, 0, 0, 1, 0, 0]",1.7931513759953182,1.4754651458916743,0.8330821612639151
194277,200870,10.0,5.0,5,2,1,0,1,"[1.0, 0.0, 0.0, 0.0, 1.0]","[0.508293, 0.0, 0.0, 0.0, 0.043242]","[1, 0, 0, 0, 1]","[1, 0, 0, 0, 0]",3.6447445888738166,3.0430386340270164,0.8375344462965155
194532,187415,10.0,5.0,19,12,9,3,6,"[0.0, 1.0, 1.0, 1.0, 0.0, 1.0, 0.0, 1.0, 1.0, 0.0, 1.0, 0.0, 1.0, 0.0, 0.0, 1.0, 1.0, 1.0, 1.0]","[0.485215, 0.631093, 0.354898, 0.593673, 0.632344, 0.413919, 0.589813, 0.404639, 0.510719, 0.558212, 0.526135, 0.0, 0.064775, 0.0, 0.0, 0.086624, 0.580293, 0.533999, 0.483821]","[0, 1, 1, 1, 0, 1, 0, 1, 1, 0, 1, 0, 1, 0, 0, 1, 1, 1, 1]","[0, 1, 0, 1, 1, 0, 1, 0, 1, 1, 1, 0, 0, 0, 0, 0, 1, 1, 0]",3.813404707067371,3.185395587831289,0.8731859654767564
194969,207559,10.0,5.0,8,5,4,1,2,"[1.0, 0.0, 1.0, 1.0, 0.0, 0.0, 1.0, 1.0]","[0.506603, 0.611302, 0.271045, 0.309235, 0.498351, 0.480127, 0.56259, 0.631446]","[1, 0, 1, 1, 0, 0, 1, 1]","[1, 1, 0, 0, 0, 0, 1, 1]",0.9357177679676041,1.1723374563233018,1.2662947139253267
195214,208946,10.0,5.0,5,2,2,1,1,"[0.0, 1.0, 0.0, 0.0, 1.0]","[0.617523, 0.641604, 0.125899, 0.0, 0.080329]","[0, 1, 0, 0, 1]","[1, 1, 0, 0, 0]",1.1094801464806896,1.3793655708144454,1.2453622363708412
196430,183658,10.0,5.0,10,4,4,1,1,"[0.0, 1.0, 0.0, 0.0, 0.0, 0.0, 1.0, 1.0, 0.0, 1.0]","[0.333751, 0.408676, 0.0, 0.0, 0.0, 0.0, 1.0, 1.0, 0.536033, 0.606434]","[0, 1, 0, 0, 0, 0, 1, 1, 0, 1]","[0, 0, 0, 0, 0, 0, 1, 1, 1, 1]",2.3173904579122726,2.6434304190070774,1.144050685366069
196562,186098,10.0,5.0,7,6,7,1,0,"[1.0, 1.0, 1.0, 1.0, 1.0, 0.0, 1.0]","[0.510951, 0.526548, 0.582615, 0.577384, 0.607914, 0.523441, 0.574007]","[1, 1, 1, 1, 1, 0, 1]","[1, 1, 1, 1, 1, 1, 1]",2.4031913505981137,3.21705386306809,1.3457475510137822
196654,200262,10.0,5.0,5,1,3,3,1,"[0.0, 0.0, 0.0, 1.0, 0.0]","[0.635431, 0.0, 0.62723, 0.164068, 0.589915]","[0, 0, 0, 1, 0]","[1, 0, 1, 0, 1]",0.632434304346728,1.4031847502847599,2.235015462581867
196734,181209,10.0,5.0,6,4,6,2,0,"[1.0, 1.0, 1.0, 1.0, 0.0, 0.0]","[0.59362, 0.624368, 0.53694, 0.523966, 0.609521, 0.616799]","[1, 1, 1, 1, 0, 0]","[1, 1, 1, 1, 1, 1]",1.5052644695180817,2.0739194566653785,1.387474303661702
196748,180959,10.0,5.0,5,2,3,2,1,"[1.0, 0.0, 0.0, 0.0, 1.0]","[0.626109, 0.618664, 0.496022, 0.638873, 0.018293]","[1, 0, 0, 0, 1]","[1, 1, 0, 1, 0]",1.2303767965802235,1.5019971540615495,1.2220273843826481
197652,203951,10.0,5.0,7,5,5,1,1,"[1.0, 0.0, 1.0, 1.0, 1.0, 1.0, 0.0]","[0.642161, 0.0, 0.608115, 0.018887, 0.525032, 0.569557, 0.612328]","[1, 0, 1, 1, 1, 1, 0]","[1, 0, 1, 0, 1, 1, 1]",2.2017434983795585,2.038848557953174,0.9358689237857428
198242,189050,10.0,5.0,4,3,3,1,1,"[1.0, 0.0, 1.0, 1.0]","[0.508596, 0.566993, 0.341365, 0.576594]","[1, 0, 1, 1]","[1, 1, 0, 1]",1.1188037279980818,1.330382800758644,1.1929455302769585
198864,197551,10.0,5.0,5,1,3,2,0,"[0.0, 1.0, 0.0, 0.0, 0.0]","[0.624032, 0.616187, 0.634297, 0.472957, 0.273247]","[0, 1, 0, 0, 0]","[1, 1, 1, 0, 0]",1.4671249801397064,3.5210029683997397,2.4118619476361753
198910,188914,10.0,5.0,10,6,1,0,5,"[0.0, 0.0, 1.0, 1.0, 1.0, 1.0, 1.0, 1.0, 0.0, 0.0]","[0.0, 0.0, 0.086063, 0.368638, 0.50353, 0.079613, 0.002138, 0.004327, 0.0, 0.0]","[0, 0, 1, 1, 1, 1, 1, 1, 0, 0]","[0, 0, 0, 0, 1, 0, 0, 0, 0, 0]",3.240930231353663,0.8208386980492517,0.25559770390459086
199365,195486,10.0,5.0,4,2,3,1,0,"[1.0, 0.0, 0.0, 1.0]","[0.523812, 0.374971, 0.519319, 0.521992]","[1, 0, 0, 1]","[1, 0, 1, 1]",2.4897397318193075,3.455099267651824,1.3977854928808935
199521,190468,10.0,5.0,6,3,4,2,1,"[1.0, 0.0, 0.0, 1.0, 0.0, 1.0]","[0.070581, 0.0, 0.588375, 0.627326, 0.627704, 0.626523]","[1, 0, 0, 1, 0, 1]","[0, 0, 1, 1, 1, 1]",1.2854271824029877,1.477079192389787,1.1577852646979516
199599,194835,10.0,5.0,9,2,4,3,1,"[1.0, 1.0, 0.0, 0.0, 0.0, 0.0, 0.0, 0.0, 0.0]","[0.60442, 0.042128, 0.0, 0.0, 0.634763, 0.0, 0.04025, 0.577917, 0.503248]","[1, 1, 0, 0, 0, 0, 0, 0, 0]","[1, 0, 0, 0, 1, 0, 0, 1, 1]",0.912065462936108,1.7420484335272188,1.9153606668839285
199879,192945,10.0,5.0,11,6,7,3,2,"[1.0, 1.0, 1.0, 0.0, 1.0, 0.0, 1.0, 0.0, 1.0, 0.0, 0.0]","[0.441399, 0.619399, 0.47064, 0.0, 0.588336, 0.612363, 1.0, 0.603725, 0.610333, 0.07304, 0.612044]","[1, 1, 1, 0, 1, 0, 1, 0, 1, 0, 0]","[0, 1, 0, 0, 1, 1, 1, 1, 1, 0, 1]",1.752341395656637,2.1623882253485553,1.245367444275929
199932,195364,10.0,5.0,6,2,4,2,0,"[0.0, 0.0, 0.0, 0.0, 1.0, 1.0]","[0.441742, 0.119644, 0.543403, 0.567588, 0.565339, 0.559745]","[0, 0, 0, 0, 1, 1]","[0, 0, 1, 1, 1, 1]",1.8897575018523494,2.767156740171295,1.4692613920585804
200132,185914,10.0,5.0,6,3,5,2,0,"[1.0, 0.0, 1.0, 0.0, 0.0, 1.0]","[0.571041, 0.60345, 0.574033, 0.605597, 0.496474, 0.562595]","[1, 0, 1, 0, 0, 1]","[1, 1, 1, 1, 0, 1]",1.124574092101589,1.5113615648663639,1.3487667278698494
200462,204393,10.0,5.0,7,4,6,3,1,"[0.0, 1.0, 1.0, 1.0, 1.0, 0.0, 0.0]","[0.616256, 0.028437, 0.53512, 0.560219, 0.618518, 0.628277, 0.541755]","[0, 1, 1, 1, 1, 0, 0]","[1, 0, 1, 1, 1, 1, 1]",1.2377832737792454,1.932596140633462,1.5860759976568468
200586,209048,10.0,5.0,4,2,3,1,0,"[1.0, 0.0, 0.0, 1.0]","[0.579379, 0.46254, 0.535659, 0.506093]","[1, 0, 0, 1]","[1, 0, 1, 1]",1.0216994104343216,1.4750362957341014,1.4547722762883817
201258,187071,10.0,5.0,5,3,4,1,0,"[0.0, 1.0, 1.0, 0.0, 1.0]","[0.588649, 1.0, 1.0, 0.0, 0.576794]","[0, 1, 1, 0, 1]","[1, 1, 1, 0, 1]",1.4850781228585155,2.126695354337257,1.443780335302435
201281,199420,10.0,5.0,10,6,5,2,3,"[1.0, 0.0, 1.0, 1.0, 0.0, 1.0, 1.0, 0.0, 1.0, 0.0]","[0.482443, 0.594686, 0.513899, 0.400744, 0.399922, 0.505214, 0.548096, 0.537673, 0.442437, 0.402972]","[1, 0, 1, 1, 0, 1, 1, 0, 1, 0]","[0, 1, 1, 0, 0, 1, 1, 1, 0, 0]",1.619040294536289,1.8560223759920915,1.1616589571633904
201521,209101,10.0,5.0,5,3,0,0,3,"[1.0, 1.0, 0.0, 1.0, 0.0]","[0.492262, 0.235638, 0.0, 0.381119, 0.290824]","[1, 1, 0, 1, 0]","[0, 0, 0, 0, 0]",2.1892663654162368,0.7207767629292313,0.34087224157423035
202328,190143,10.0,5.0,5,2,2,1,1,"[0.0, 1.0, 0.0, 0.0, 1.0]","[0.47611, 0.589997, 0.546339, 0.43083, 0.317487]","[0, 1, 0, 0, 1]","[0, 1, 1, 0, 0]",1.293556776455307,1.4047845479312964,1.0879863983785472
202571,195398,10.0,5.0,5,4,3,1,2,"[1.0, 1.0, 1.0, 0.0, 1.0]","[0.508746, 0.429727, 0.629076, 0.603747, 0.412491]","[1, 1, 1, 0, 1]","[1, 0, 1, 1, 0]",0.751905875569516,0.5963351916899811,0.8008988014745745
203038,207594,10.0,5.0,15,9,10,2,1,"[1.0, 0.0, 1.0, 0.0, 0.0, 1.0, 1.0, 1.0, 1.0, 0.0, 1.0, 1.0, 0.0, 0.0, 1.0]","[0.61801, 0.588039, 0.551586, 0.320656, 0.240036, 0.110771, 0.562608, 0.643548, 0.627344, 0.0, 0.725943, 1.0, 0.60217, 0.0, 0.601455]","[1, 0, 1, 0, 0, 1, 1, 1, 1, 0, 1, 1, 0, 0, 1]","[1, 1, 1, 0, 0, 0, 1, 1, 1, 0, 1, 1, 1, 0, 1]",2.7686344004505745,3.6423437414509925,1.3212512373500003
203171,197644,10.0,5.0,3,1,0,0,1,"[1.0, 0.0, 0.0]","[0.310062, 0.0, 0.056786]","[1, 0, 0]","[0, 0, 0]",0.5090846544142453,0.2806560969617802,0.5606422720773914
203300,206195,10.0,5.0,5,3,3,0,0,"[0.0, 1.0, 1.0, 1.0, 0.0]","[0.224401, 0.845564, 0.633616, 0.525525, 0.497264]","[0, 1, 1, 1, 0]","[0, 1, 1, 1, 0]",0.9164351167519311,0.9164351167519311,1.0029355586757058
203710,206592,10.0,5.0,8,5,3,1,3,"[1.0, 1.0, 0.0, 1.0, 0.0, 1.0, 1.0, 0.0]","[0.362474, 0.6169, 0.606578, 0.466031, 0.0, 0.742422, 0.464731, 0.318883]","[1, 1, 0, 1, 0, 1, 1, 0]","[0, 1, 1, 0, 0, 1, 0, 0]",1.4841866228446592,1.0560786212155293,0.7233716595754793
203919,187736,10.0,5.0,6,3,2,0,1,"[1.0, 0.0, 1.0, 0.0, 0.0, 1.0]","[0.580475, 0.356677, 0.103216, 0.0, 0.0, 0.522676]","[1, 0, 1, 0, 0, 1]","[1, 0, 0, 0, 0, 1]",1.616590150546727,1.2505635048402906,0.7755498599989473
203964,196350,10.0,5.0,8,4,7,4,1,"[0.0, 1.0, 1.0, 1.0, 0.0, 0.0, 1.0, 0.0]","[0.622808, 0.586494, 0.594489, 0.624827, 0.58337, 0.525019, 0.141263, 0.611729]","[0, 1, 1, 1, 0, 0, 1, 0]","[1, 1, 1, 1, 1, 1, 0, 1]",1.5154956095606311,2.6728498165333576,1.7965458182115797
204120,188861,10.0,5.0,4,1,1,0,0,"[0.0, 1.0, 0.0, 0.0]","[0.447315, 0.539667, 0.397329, 0.321463]","[0, 1, 0, 0]","[0, 1, 0, 0]",1.3692745658192838,1.3692745658192838,1.0044875599870542
204194,205064,10.0,5.0,6,3,3,1,1,"[1.0, 0.0, 0.0, 1.0, 1.0, 0.0]","[0.026814, 0.536902, 0.495391, 0.711792, 1.0, 0.003341]","[1, 0, 0, 1, 1, 0]","[0, 1, 0, 1, 1, 0]",0.914066192569595,0.7707397654375103,0.844773941464534
204883,200512,10.0,5.0,14,6,6,1,1,"[0.0, 1.0, 0.0, 1.0, 0.0, 1.0, 1.0, 0.0, 1.0, 0.0, 0.0, 0.0, 1.0, 0.0]","[0.22926, 0.304751, 0.30063, 0.897143, 0.0, 1.0, 1.0, 0.0, 1.0, 0.522331, 0.0, 0.0, 0.558042, 0.297833]","[0, 1, 0, 1, 0, 1, 1, 0, 1, 0, 0, 0, 1, 0]","[0, 0, 0, 1, 0, 1, 1, 0, 1, 1, 0, 0, 1, 0]",5.356489087366031,5.990723542824554,1.1294558783104942
205300,191467,10.0,5.0,8,4,4,1,1,"[1.0, 1.0, 0.0, 0.0, 1.0, 0.0, 0.0, 1.0]","[0.817683, 0.844828, 0.0, 0.428191, 0.500405, 0.614445, 0.46826, 0.467873]","[1, 1, 0, 0, 1, 0, 0, 1]","[1, 1, 0, 0, 1, 1, 0, 0]",1.6200950157697556,1.6950590662503686,1.0535983703319436
205327,192314,10.0,5.0,5,2,3,3,2,"[1.0, 1.0, 0.0, 0.0, 0.0]","[0.422333, 0.096608, 0.60435, 0.602, 0.577949]","[1, 1, 0, 0, 0]","[0, 0, 1, 1, 1]",0.2006276565495691,0.8028322968941807,4.008368673955477
205559,199162,10.0,5.0,8,3,4,1,0,"[0.0, 1.0, 1.0, 0.0, 0.0, 1.0, 0.0, 0.0]","[0.0, 0.725324, 0.900448, 0.0, 0.550259, 1.0, 0.0, 0.0]","[0, 1, 1, 0, 0, 1, 0, 0]","[0, 1, 1, 0, 1, 1, 0, 0]",2.7044351226650205,4.089113543726542,1.5177656401385387
205643,189193,10.0,5.0,12,7,8,5,4,"[0.0, 1.0, 1.0, 1.0, 1.0, 0.0, 1.0, 0.0, 0.0, 1.0, 0.0, 1.0]","[0.591186, 0.03786, 0.015928, 0.17584, 0.003451, 0.596454, 0.613376, 0.621157, 0.549206, 0.628465, 0.59303, 0.627617]","[0, 1, 1, 1, 1, 0, 1, 0, 0, 1, 0, 1]","[1, 0, 0, 0, 0, 1, 1, 1, 1, 1, 1, 1]",3.101090872126953,4.464082461782326,1.455236431344243
206314,189443,10.0,5.0,12,3,10,7,0,"[1.0, 1.0, 0.0, 0.0, 0.0, 0.0, 0.0, 0.0, 0.0, 0.0, 1.0, 0.0]","[0.616482, 0.587853, 0.55941, 0.53067, 0.55456, 0.528928, 0.622749, 0.0, 0.587493, 0.556197, 0.59154, 0.0]","[1, 1, 0, 0, 0, 0, 0, 0, 0, 0, 1, 0]","[1, 1, 1, 1, 1, 1, 1, 0, 1, 1, 1, 0]",2.0809594630971175,4.7145712122428485,2.3188152527538137
206930,184305,10.0,5.0,6,4,5,2,1,"[1.0, 1.0, 1.0, 1.0, 0.0, 0.0]","[0.559269, 0.575581, 0.631841, 0.413128, 0.519261, 0.623325]","[1, 1, 1, 1, 0, 0]","[1, 1, 1, 0, 1, 1]",1.7154923048810975,2.440168443171272,1.434475106559509
207423,186224,10.0,5.0,4,2,2,1,1,"[0.0, 0.0, 1.0, 1.0]","[0.02692, 0.618957, 0.631973, 0.028096]","[0, 0, 1, 1]","[0, 1, 1, 0]",0.8259317485463354,0.8569772345510753,1.0400159223009555
207475,192618,10.0,5.0,5,2,3,2,1,"[1.0, 1.0, 0.0, 0.0, 0.0]","[0.554615, 0.488242, 0.506218, 0.468732, 0.572613]","[1, 1, 0, 0, 0]","[1, 0, 1, 0, 1]",0.8792259254211634,1.437832500920811,1.639985860865574
207836,184831,10.0,5.0,4,2,4,2,0,"[0.0, 0.0, 1.0, 1.0]","[0.615385, 0.572023, 0.556009, 0.616484]","[0, 0, 1, 1]","[1, 1, 1, 1]",0.8873538536132757,2.0727050429861387,2.380929388122694
208093,203811,10.0,5.0,6,4,3,0,1,"[1.0, 0.0, 1.0, 0.0, 1.0, 1.0]","[0.384553, 0.0, 0.639704, 0.281729, 1.0, 0.622685]","[1, 0, 1, 0, 1, 1]","[0, 0, 1, 0, 1, 1]",3.135315397336999,2.4749190461086297,0.7906530047203977
208904,200676,10.0,5.0,11,5,5,3,3,"[1.0, 1.0, 0.0, 1.0, 0.0, 0.0, 1.0, 0.0, 0.0, 1.0, 0.0]","[0.008279, 0.003273, 0.376985, 0.751212, 0.599893, 0.0, 0.486968, 0.579734, 0.542604, 0.601319, 0.0]","[1, 1, 0, 1, 0, 0, 1, 0, 0, 1, 0]","[0, 0, 0, 1, 1, 0, 0, 1, 1, 1, 0]",3.422680825932712,3.363244290172248,0.990410858809646
208966,196199,10.0,5.0,7,4,4,1,1,"[0.0, 1.0, 1.0, 1.0, 0.0, 0.0, 1.0]","[0.583172, 0.609199, 0.627037, 0.574598, 0.0, 0.0, 0.019984]","[0, 1, 1, 1, 0, 0, 1]","[1, 1, 1, 1, 0, 0, 0]",1.4405262350925365,1.4766543104230792,1.0298879414634985
208976,188476,10.0,5.0,5,3,5,2,0,"[0.0, 0.0, 1.0, 1.0, 1.0]","[0.59902, 0.631253, 0.541173, 0.626847, 0.611188]","[0, 0, 1, 1, 1]","[1, 1, 1, 1, 1]",1.2326579509944042,2.1904237111501725,1.8208269637823282
209495,189342,10.0,5.0,4,2,4,2,0,"[1.0, 0.0, 1.0, 0.0]","[0.636403, 0.633683, 0.600036, 0.527241]","[1, 0, 1, 0]","[1, 1, 1, 1]",1.0005348172133366,1.7237394496200842,1.7300379155864005
209709,184968,10.0,5.0,10,6,3,0,3,"[1.0, 0.0, 0.0, 1.0, 0.0, 0.0, 1.0, 1.0, 1.0, 1.0]","[0.803641, 0.0, 0.0, 0.012428, 0.0, 0.0, 0.472969, 0.006285, 0.627254, 0.621118]","[1, 0, 0, 1, 0, 0, 1, 1, 1, 1]","[1, 0, 0, 0, 0, 0, 0, 0, 1, 1]",1.7467054007923886,1.0583073148597375,0.6255323171138222
210209,180231,10.0,5.0,7,3,3,1,1,"[1.0, 0.0, 0.0, 0.0, 1.0, 1.0, 0.0]","[0.616095, 0.410225, 0.538395, 0.298208, 0.933507, 0.351096, 0.366073]","[1, 0, 0, 0, 1, 1, 0]","[1, 0, 1, 0, 1, 0, 0]",1.0665700221371255,1.38643876135434,1.320528469564901
180164,197248,10.0,10.0,4,2,2,0,0,"[1.0, 0.0, 1.0, 0.0]","[0.61139, 0.174869, 0.596485, 0.0]","[1, 0, 1, 0]","[1, 0, 1, 0]",1.3503350694748417,1.3503350694748417,1.0083629333164386
180236,203656,10.0,10.0,8,3,3,2,2,"[0.0, 1.0, 1.0, 0.0, 0.0, 1.0, 0.0, 0.0]","[0.365061, 0.761759, 0.009619, 0.685503, 0.575481, 0.045874, 0.0, 0.338622]","[0, 1, 1, 0, 0, 1, 0, 0]","[0, 1, 0, 1, 1, 0, 0, 0]",1.5000173534132406,1.9726682693089872,1.32124603275685
180329,189548,10.0,10.0,4,2,2,2,2,"[1.0, 1.0, 0.0, 0.0]","[0.457594, 0.461756, 0.570277, 0.575893]","[1, 1, 0, 0]","[0, 0, 1, 1]",1.3000633885575328,0.9028160748894093,0.7005364983019542
180687,187024,10.0,10.0,7,4,5,1,0,"[1.0, 0.0, 1.0, 0.0, 0.0, 1.0, 1.0]","[0.598163, 0.545428, 0.751682, 0.0, 0.0, 0.595354, 0.610032]","[1, 0, 1, 0, 0, 1, 1]","[1, 1, 1, 0, 0, 1, 1]",1.6253912852413142,1.8791183918682854,1.1621368721633423
180723,207048,10.0,10.0,10,5,8,3,0,"[0.0, 0.0, 0.0, 1.0, 0.0, 1.0, 1.0, 1.0, 0.0, 1.0]","[0.609796, 0.26385, 0.50797, 0.850323, 0.605953, 0.707819, 0.85233, 0.540278, 0.0, 1.0]","[0, 0, 0, 1, 0, 1, 1, 1, 0, 1]","[1, 0, 1, 1, 1, 1, 1, 1, 0, 1]",4.400504749829486,6.86770059605239,1.5758412645386242
180815,206160,10.0,10.0,14,7,8,2,1,"[1.0, 0.0, 1.0, 1.0, 0.0, 1.0, 0.0, 0.0, 1.0, 0.0, 0.0, 0.0, 1.0, 1.0]","[0.825712, 0.0, 0.493548, 0.786941, 0.533736, 0.886015, 0.0, 0.430346, 0.58074, 0.0, 0.398189, 0.532054, 0.818666, 1.0]","[1, 0, 1, 1, 0, 1, 0, 0, 1, 0, 0, 0, 1, 1]","[1, 0, 0, 1, 1, 1, 0, 0, 1, 0, 0, 1, 1, 1]",2.485215616303847,2.6543675174534607,1.1353428648267727
180834,205125,10.0,10.0,5,3,4,2,1,"[0.0, 0.0, 1.0, 1.0, 1.0]","[0.608442, 0.530077, 0.486028, 0.522229, 0.629373]","[0, 0, 1, 1, 1]","[1, 1, 0, 1, 1]",2.04071236596328,2.083387116809864,1.0243978104074252
181002,188173,10.0,10.0,9,4,4,0,0,"[1.0, 0.0, 0.0, 0.0, 0.0, 1.0, 1.0, 1.0, 0.0]","[0.647823, 0.0, 0.0, 0.0, 0.0, 1.0, 1.0, 0.926045, 0.131304]","[1, 0, 0, 0, 0, 1, 1, 1, 0]","[1, 0, 0, 0, 0, 1, 1, 1, 0]",1.7103073873347658,1.7103073873347658,1.0063469966970993
181023,208822,10.0,10.0,4,2,3,2,1,"[0.0, 1.0, 1.0, 0.0]","[0.6269, 0.493064, 0.533262, 0.623109]","[0, 1, 1, 0]","[1, 0, 1, 1]",1.3152556806315001,2.2489802052441235,1.7280352780463863
181295,210119,10.0,10.0,9,5,2,0,3,"[0.0, 1.0, 1.0, 1.0, 0.0, 1.0, 0.0, 0.0, 1.0]","[0.0, 1.0, 0.418752, 0.474722, 0.201079, 0.155114, 0.0, 0.0, 1.0]","[0, 1, 1, 1, 0, 1, 0, 0, 1]","[0, 1, 0, 0, 0, 0, 0, 0, 1]",3.008892835511307,1.500418441994677,0.5070485481847565
181588,206273,10.0,10.0,8,4,5,3,2,"[0.0, 1.0, 1.0, 0.0, 0.0, 0.0, 1.0, 1.0]","[0.616334, 0.547046, 0.557558, 0.621684, 0.574114, 0.077005, 0.002847, 0.057398]","[0, 1, 1, 0, 0, 0, 1, 1]","[1, 1, 1, 1, 1, 0, 0, 0]",1.0663860012584387,1.7187535566308805,1.643447653352494
182072,199843,10.0,10.0,7,4,1,0,3,"[1.0, 1.0, 1.0, 0.0, 0.0, 1.0, 0.0]","[0.278182, 0.433193, 0.522625, 0.0, 0.078573, 0.405849, 0.434314]","[1, 1, 1, 0, 0, 1, 0]","[0, 0, 1, 0, 0, 0, 0]",3.3702220490220873,1.05244548891844,0.3133174586557
182354,185997,10.0,10.0,10,5,5,1,1,"[1.0, 1.0, 0.0, 0.0, 1.0, 1.0, 0.0, 0.0, 0.0, 1.0]","[0.514592, 0.443255, 0.404729, 0.0, 1.0, 1.0, 0.598741, 0.0, 0.0, 1.0]","[1, 1, 0, 0, 1, 1, 0, 0, 0, 1]","[1, 0, 0, 0, 1, 1, 1, 0, 0, 1]",2.7841428864838265,2.9125602651070692,1.0488509409483613
182369,181607,10.0,10.0,5,1,1,0,0,"[0.0, 0.0, 1.0, 0.0, 0.0]","[0.0, 0.0, 0.587004, 0.170425, 0.0]","[0, 0, 1, 0, 0]","[0, 0, 1, 0, 0]",1.890689514944936,1.890689514944936,1.0022975159324845
182581,208651,10.0,10.0,4,3,1,0,2,"[1.0, 1.0, 0.0, 1.0]","[0.354461, 0.010809, 0.0, 0.590774]","[1, 1, 0, 1]","[0, 0, 0, 1]",1.2466489006211838,0.315396053799553,0.253933959658335
182967,198780,10.0,10.0,10,6,7,4,3,"[0.0, 1.0, 0.0, 1.0, 1.0, 1.0, 1.0, 0.0, 1.0, 0.0]","[0.601058, 0.56885, 0.586053, 0.493283, 0.606351, 0.478055, 0.455261, 0.621195, 0.630741, 0.606762]","[0, 1, 0, 1, 1, 1, 1, 0, 1, 0]","[1, 1, 1, 0, 1, 0, 0, 1, 1, 1]",1.888907079208392,2.3931306249934194,1.2896379753212484
183423,197906,10.0,10.0,7,2,2,1,1,"[0.0, 1.0, 0.0, 0.0, 0.0, 1.0, 0.0]","[0.616142, 0.609806, 0.0, 0.43097, 0.286039, 0.43448, 0.234352]","[0, 1, 0, 0, 0, 1, 0]","[1, 1, 0, 0, 0, 0, 0]",1.277267934628681,1.3760190588476129,1.080933468005628
183796,186882,10.0,10.0,11,5,7,3,1,"[0.0, 0.0, 0.0, 1.0, 0.0, 1.0, 0.0, 1.0, 1.0, 1.0, 0.0]","[0.572844, 0.582603, 0.0, 1.0, 0.0, 1.0, 0.0, 0.490233, 0.571701, 1.0, 0.547113]","[0, 0, 0, 1, 0, 1, 0, 1, 1, 1, 0]","[1, 1, 0, 1, 0, 1, 0, 0, 1, 1, 1]",2.004656692239265,2.50452868395373,1.2658861068814526
184015,184061,10.0,10.0,7,5,4,1,2,"[1.0, 0.0, 1.0, 1.0, 1.0, 0.0, 1.0]","[0.512741, 0.636036, 0.540334, 0.621218, 0.249865, 0.117482, 0.489728]","[1, 0, 1, 1, 1, 0, 1]","[1, 1, 1, 1, 0, 0, 0]",1.7220825838071119,1.4745998476066182,0.8636818601493519
184033,189853,10.0,10.0,7,2,6,5,1,"[1.0, 0.0, 0.0, 1.0, 0.0, 0.0, 0.0]","[0.582537, 0.629538, 0.60601, 0.060068, 0.53421, 0.625426, 0.634895]","[1, 0, 0, 1, 0, 0, 0]","[1, 1, 1, 0, 1, 1, 1]",1.2074199308863212,2.869381340265039,2.3802506896596887
184090,195582,10.0,10.0,9,6,3,0,3,"[0.0, 1.0, 0.0, 1.0, 1.0, 1.0, 0.0, 1.0, 1.0]","[0.428026, 1.0, 0.0, 1.0, 0.762116, 0.034588, 0.0, 0.333317, 0.014145]","[0, 1, 0, 1, 1, 1, 0, 1, 1]","[0, 1, 0, 1, 1, 0, 0, 0, 0]",5.504358321570608,1.8949560711330387,0.3465326491321938
184709,196154,10.0,10.0,5,2,5,3,0,"[1.0, 0.0, 1.0, 0.0, 0.0]","[0.607592, 0.636877, 0.518009, 0.617858, 0.622503]","[1, 0, 1, 0, 0]","[1, 1, 1, 1, 1]",1.0905231466271232,2.3635530211123092,2.1793622752631108
185337,193957,10.0,10.0,4,3,2,1,2,"[1.0, 1.0, 1.0, 0.0]","[0.038562, 0.397527, 0.610685, 0.552946]","[1, 1, 1, 0]","[0, 0, 1, 1]",1.4900048388367595,1.060494339551511,0.7145066606056815
185785,189513,10.0,10.0,5,1,2,2,1,"[0.0, 0.0, 0.0, 1.0, 0.0]","[0.418672, 0.601397, 0.41865, 0.490509, 0.638531]","[0, 0, 0, 1, 0]","[0, 1, 0, 0, 1]",1.096883275055878,0.9729106796851574,0.8884761214417244
185875,206473,10.0,10.0,23,11,12,3,2,"[0.0, 0.0, 0.0, 0.0, 1.0, 1.0, 0.0, 1.0, 0.0, 0.0, 1.0, 0.0, 1.0, 1.0, 0.0, 1.0, 1.0, 1.0, 1.0, 0.0, 0.0, 0.0, 1.0]","[0.599548, 0.247866, 0.378915, 0.480428, 0.328679, 0.563481, 0.494955, 0.548878, 0.509453, 0.573195, 0.592705, 0.371574, 0.78975, 0.500617, 0.35318, 0.069834, 0.624975, 0.775941, 1.0, 0.0, 0.0, 0.0, 1.0]","[0, 0, 0, 0, 1, 1, 0, 1, 0, 0, 1, 0, 1, 1, 0, 1, 1, 1, 1, 0, 0, 0, 1]","[1, 0, 0, 0, 0, 1, 0, 1, 1, 1, 1, 0, 1, 1, 0, 0, 1, 1, 1, 0, 0, 0, 1]",4.886928355255206,5.204805098330784,1.1472791955094614
186117,200624,10.0,10.0,6,3,6,3,0,"[0.0, 0.0, 1.0, 1.0, 0.0, 1.0]","[0.604381, 0.60089, 0.6067, 0.521, 0.632373, 0.630594]","[0, 0, 1, 1, 0, 1]","[1, 1, 1, 1, 1, 1]",1.2084231400862042,2.035890947143499,1.6947472986549583
186198,204134,10.0,10.0,4,2,1,1,2,"[1.0, 1.0, 0.0, 0.0]","[0.005805, 0.010849, 0.0, 0.61217]","[1, 1, 0, 0]","[0, 0, 0, 1]",1.1375601839142244,0.9978396707682631,0.8806973540296937
186356,189091,10.0,10.0,11,6,8,4,2,"[0.0, 0.0, 1.0, 1.0, 1.0, 1.0, 1.0, 0.0, 1.0, 0.0, 0.0]","[0.57294, 0.540398, 0.587052, 0.592762, 0.465054, 0.615264, 0.039867, 0.0, 0.618813, 0.62669, 0.593753]","[0, 0, 1, 1, 1, 1, 1, 0, 1, 0, 0]","[1, 1, 1, 1, 0, 1, 0, 0, 1, 1, 1]",2.35684050341058,2.9454132454988047,1.260983823796737
186407,182154,10.0,10.0,11,7,6,2,3,"[1.0, 1.0, 0.0, 0.0, 1.0, 0.0, 0.0, 1.0, 1.0, 1.0, 1.0]","[1.0, 0.790718, 0.0, 0.063696, 0.126045, 0.515669, 0.537425, 0.401713, 0.962468, 0.017466, 0.556074]","[1, 1, 0, 0, 1, 0, 0, 1, 1, 1, 1]","[1, 1, 0, 0, 0, 1, 1, 0, 1, 0, 1]",2.2899527895725864,2.8219794954167394,1.364336820362134
186810,208210,10.0,10.0,6,3,3,1,1,"[1.0, 0.0, 1.0, 0.0, 1.0, 0.0]","[0.582753, 0.401633, 0.019283, 0.0, 0.616983, 0.561981]","[1, 0, 1, 0, 1, 0]","[1, 0, 0, 0, 1, 1]",1.5429417425142504,2.073880131300586,1.3724414994281775
187212,192870,10.0,10.0,4,3,3,0,0,"[1.0, 1.0, 1.0, 0.0]","[0.553983, 0.555538, 0.533824, 0.314242]","[1, 1, 1, 0]","[1, 1, 1, 0]",1.0349589618918746,1.0349589618918746,1.0110437387145739
187417,207485,10.0,10.0,9,5,4,0,1,"[1.0, 1.0, 0.0, 0.0, 1.0, 0.0, 1.0, 1.0, 0.0]","[0.524682, 0.299761, 0.295313, 0.0, 1.0, 0.362668, 1.0, 1.0, 0.0]","[1, 1, 0, 0, 1, 0, 1, 1, 0]","[1, 0, 0, 0, 1, 0, 1, 1, 0]",6.94984716193321,4.74487722378071,0.6865067548277864
188013,194919,10.0,10.0,14,7,8,2,1,"[0.0, 1.0, 0.0, 1.0, 1.0, 1.0, 1.0, 0.0, 0.0, 0.0, 0.0, 0.0, 1.0, 1.0]","[0.0, 1.0, 0.0, 1.0, 1.0, 1.0, 1.0, 0.588749, 0.40288, 0.0, 0.0, 0.58981, 1.0, 0.112864]","[0, 1, 0, 1, 1, 1, 1, 0, 0, 0, 0, 0, 1, 1]","[0, 1, 0, 1, 1, 1, 1, 1, 0, 0, 0, 1, 1, 0]",2.030727725621682,2.2130548873934703,1.1048050683907764
189027,190257,10.0,10.0,10,5,4,1,2,"[0.0, 1.0, 0.0, 0.0, 0.0, 1.0, 0.0, 1.0, 1.0, 1.0]","[0.350166, 0.421535, 0.547519, 0.444321, 0.0, 1.0, 0.0, 1.0, 0.445917, 0.510534]","[0, 1, 0, 0, 0, 1, 0, 1, 1, 1]","[0, 0, 1, 0, 0, 1, 0, 1, 0, 1]",1.7231368189640917,1.684853562340895,0.9853890869607601
189143,193722,10.0,10.0,7,6,3,0,3,"[1.0, 1.0, 1.0, 1.0, 0.0, 1.0, 1.0]","[0.617227, 0.447953, 0.502825, 0.221195, 0.0, 0.61373, 0.355772]","[1, 1, 1, 1, 0, 1, 1]","[1, 0, 1, 0, 0, 1, 0]",2.2624827365965325,1.3159451754815756,0.583796862932739
189265,184120,10.0,10.0,3,1,3,2,0,"[0.0, 1.0, 0.0]","[0.633648, 0.544455, 0.578901]","[0, 1, 0]","[1, 1, 1]",0.6659566324703287,1.4668219435065049,2.216837380327954
189415,192019,10.0,10.0,4,1,4,3,0,"[0.0, 0.0, 0.0, 1.0]","[0.589971, 0.60599, 0.622608, 0.630095]","[0, 0, 0, 1]","[1, 1, 1, 1]",0.6447041095006346,2.4387976416454515,3.7929358560896076
189500,185042,10.0,10.0,9,4,4,1,1,"[0.0, 1.0, 0.0, 1.0, 0.0, 1.0, 0.0, 0.0, 1.0]","[0.502579, 0.56742, 0.0, 0.022394, 0.0, 0.595437, 0.0, 0.316424, 0.59961]","[0, 1, 0, 1, 0, 1, 0, 0, 1]","[1, 1, 0, 0, 0, 1, 0, 0, 1]",2.4319789532021403,3.253030950715886,1.3427957483377397
190073,201891,10.0,10.0,10,4,2,2,4,"[0.0, 1.0, 1.0, 0.0, 0.0, 0.0, 1.0, 0.0, 0.0, 1.0]","[0.492686, 0.442012, 0.469393, 0.0, 0.616345, 0.557801, 0.305059, 0.210562, 0.331491, 0.291857]","[0, 1, 1, 0, 0, 0, 1, 0, 0, 1]","[0, 0, 0, 0, 1, 1, 0, 0, 0, 0]",3.0597045339056397,2.124842043775964,0.6995728540660122
190353,181954,10.0,10.0,5,2,2,0,0,"[0.0, 0.0, 1.0, 1.0, 0.0]","[0.0, 0.490058, 0.54768, 0.852266, 0.373873]","[0, 0, 1, 1, 0]","[0, 0, 1, 1, 0]",0.7357414751184999,0.7357414751184999,1.0057619091916592
190392,207670,10.0,10.0,6,3,1,0,2,"[1.0, 0.0, 0.0, 0.0, 1.0, 1.0]","[0.477416, 0.448563, 0.0, 0.36847, 0.622711, 0.483443]","[1, 0, 0, 0, 1, 1]","[0, 0, 0, 0, 1, 0]",1.5945893567808214,0.8712296543093825,0.5474550917246368
190525,205438,10.0,10.0,5,1,3,2,0,"[0.0, 0.0, 0.0, 0.0, 1.0]","[0.590006, 0.605188, 0.0, 0.0, 0.790131]","[0, 0, 0, 0, 1]","[1, 1, 0, 0, 1]",0.511267040163908,1.186434869799188,2.3253165787608623
190541,188497,10.0,10.0,16,10,8,0,2,"[0.0, 0.0, 1.0, 1.0, 0.0, 0.0, 0.0, 1.0, 1.0, 1.0, 1.0, 1.0, 1.0, 1.0, 0.0, 1.0]","[0.0, 0.455672, 0.034308, 0.581851, 0.426713, 0.170401, 0.422899, 0.536008, 0.612864, 0.921924, 0.582136, 0.515449, 0.588638, 0.554206, 0.0, 0.053495]","[0, 0, 1, 1, 0, 0, 0, 1, 1, 1, 1, 1, 1, 1, 0, 1]","[0, 0, 0, 1, 0, 0, 0, 1, 1, 1, 1, 1, 1, 1, 0, 0]",4.129356437975285,3.609707059822397,0.8839652499384284
191341,181892,10.0,10.0,4,3,2,0,1,"[1.0, 1.0, 0.0, 1.0]","[0.516833, 0.260793, 0.462052, 0.584836]","[1, 1, 0, 1]","[1, 0, 0, 1]",2.916701422157724,2.0659604863578247,0.7107436941304809
191917,186517,10.0,10.0,5,4,5,1,0,"[1.0, 1.0, 1.0, 1.0, 0.0]","[0.593914, 0.576512, 0.606406, 0.573908, 0.585752]","[1, 1, 1, 1, 0]","[1, 1, 1, 1, 1]",1.566234792102183,2.05146435049472,1.3178048644029783
192816,200992,10.0,10.0,6,3,3,1,1,"[1.0, 0.0, 0.0, 1.0, 0.0, 1.0]","[1.0, 0.0, 0.0, 0.30767, 0.583902, 0.523721]","[1, 0, 0, 1, 0, 1]","[1, 0, 0, 0, 1, 1]",1.8831528294415765,2.062592682619475,1.1036744917689143
193467,199529,10.0,10.0,5,2,5,3,0,"[0.0, 1.0, 1.0, 0.0, 0.0]","[0.609577, 0.516035, 0.518977, 0.540864, 0.615393]","[0, 1, 1, 0, 0]","[1, 1, 1, 1, 1]",0.5985732774030423,1.3631633252932782,2.2890918029262175
193481,196243,10.0,10.0,30,14,6,0,8,"[1.0, 0.0, 0.0, 0.0, 1.0, 0.0, 1.0, 0.0, 0.0, 0.0, 0.0, 1.0, 0.0, 0.0, 0.0, 0.0, 1.0, 0.0, 1.0, 0.0, 1.0, 1.0, 1.0, 1.0, 1.0, 0.0, 1.0, 0.0, 1.0, 1.0]","[0.594666, 0.465033, 0.0, 0.0, 0.348535, 0.4203, 0.317897, 0.18876, 0.278828, 0.0, 0.106524, 0.364222, 0.0, 0.0, 0.0, 0.0, 1.0, 0.0, 0.507442, 0.298724, 0.422428, 0.041121, 0.023972, 0.071759, 0.531201, 0.358716, 0.448575, 0.0, 0.62162, 0.607112]","[1, 0, 0, 0, 1, 0, 1, 0, 0, 0, 0, 1, 0, 0, 0, 0, 1, 0, 1, 0, 1, 1, 1, 1, 1, 0, 1, 0, 1, 1]","[1, 0, 0, 0, 0, 0, 0, 0, 0, 0, 0, 0, 0, 0, 0, 0, 1, 0, 1, 0, 0, 0, 0, 0, 1, 0, 0, 0, 1, 1]",5.562472890855041,3.3300425490458743,0.607380361649373
193709,181631,10.0,10.0,9,5,2,0,3,"[1.0, 0.0, 1.0, 1.0, 0.0, 0.0, 1.0, 0.0, 1.0]","[0.62174, 0.0, 0.398922, 0.142378, 0.0, 0.0, 0.583713, 0.0, 0.479293]","[1, 0, 1, 1, 0, 0, 1, 0, 1]","[1, 0, 0, 0, 0, 0, 1, 0, 0]",1.7931513759953182,1.084023281467283,0.6120649211536628
194277,200870,10.0,10.0,5,2,1,0,1,"[1.0, 0.0, 0.0, 0.0, 1.0]","[0.506883, 0.0, 0.0, 0.0, 0.054749]","[1, 0, 0, 0, 1]","[1, 0, 0, 0, 0]",3.6447445888738166,3.0430386340270164,0.8375344462965155
194532,187415,10.0,10.0,19,12,7,1,6,"[0.0, 1.0, 1.0, 1.0, 0.0, 1.0, 0.0, 1.0, 1.0, 0.0, 1.0, 0.0, 1.0, 0.0, 0.0, 1.0, 1.0, 1.0, 1.0]","[0.417276, 0.628019, 0.261941, 0.549593, 0.61591, 0.549396, 0.360646, 0.580464, 0.388805, 0.176377, 0.487404, 0.0, 0.080693, 0.0, 0.0, 0.106549, 0.536633, 0.59191, 0.416714]","[0, 1, 1, 1, 0, 1, 0, 1, 1, 0, 1, 0, 1, 0, 0, 1, 1, 1, 1]","[0, 1, 0, 1, 1, 1, 0, 1, 0, 0, 0, 0, 0, 0, 0, 0, 1, 1, 0]",3.813404707067371,2.744041112237543,0.7522011385494378
194969,207559,10.0,10.0,8,5,4,1,2,"[1.0, 0.0, 1.0, 1.0, 0.0, 0.0, 1.0, 1.0]","[0.521265, 0.599329, 0.264438, 0.308184, 0.499558, 0.44421, 0.550436, 0.630711]","[1, 0, 1, 1, 0, 0, 1, 1]","[1, 1, 0, 0, 0, 0, 1, 1]",0.9357177679676041,1.1723374563233018,1.2662947139253267
195214,208946,10.0,10.0,5,2,2,1,1,"[0.0, 1.0, 0.0, 0.0, 1.0]","[0.614058, 0.626811, 0.0, 0.0, 0.093984]","[0, 1, 0, 0, 1]","[1, 1, 0, 0, 0]",1.1094801464806896,1.3793655708144454,1.2453622363708412
196430,183658,10.0,10.0,10,4,4,1,1,"[0.0, 1.0, 0.0, 0.0, 0.0, 0.0, 1.0, 1.0, 0.0, 1.0]","[0.341919, 0.32717, 0.0, 0.0, 0.0, 0.0, 1.0, 1.0, 0.508602, 0.52003]","[0, 1, 0, 0, 0, 0, 1, 1, 0, 1]","[0, 0, 0, 0, 0, 0, 1, 1, 1, 1]",2.3173904579122726,2.6434304190070774,1.144050685366069
196562,186098,10.0,10.0,7,6,6,0,0,"[1.0, 1.0, 1.0, 1.0, 1.0, 0.0, 1.0]","[0.815763, 0.554766, 0.621094, 0.515992, 1.0, 0.481479, 0.500392]","[1, 1, 1, 1, 1, 0, 1]","[1, 1, 1, 1, 1, 0, 1]",2.4031913505981137,2.4031913505981137,1.0052952211376962
196654,200262,10.0,10.0,5,1,3,3,1,"[0.0, 0.0, 0.0, 1.0, 0.0]","[0.630504, 0.0, 0.6225, 0.176574, 0.602216]","[0, 0, 0, 1, 0]","[1, 0, 1, 0, 1]",0.632434304346728,1.4031847502847599,2.235015462581867
196734,181209,10.0,10.0,6,4,5,2,1,"[1.0, 1.0, 1.0, 1.0, 0.0, 0.0]","[0.593393, 0.57803, 0.357627, 0.507255, 0.564587, 0.605736]","[1, 1, 1, 1, 0, 0]","[1, 1, 0, 1, 1, 1]",1.5052644695180817,1.780221488997707,1.1909872212598764
196748,180959,10.0,10.0,5,2,4,3,1,"[1.0, 0.0, 0.0, 0.0, 1.0]","[0.624338, 0.617801, 0.512112, 0.634296, 0.021958]","[1, 0, 0, 0, 1]","[1, 1, 1, 1, 0]",1.2303767965802235,2.0121807738628434,1.637113626573423
197652,203951,10.0,10.0,7,5,4,1,2,"[1.0, 0.0, 1.0, 1.0, 1.0, 1.0, 0.0]","[0.825001, 0.0, 0.605535, 0.023994, 0.495908, 0.553338, 0.608242]","[1, 0, 1, 1, 1, 1, 0]","[1, 0, 1, 0, 0, 1, 1]",2.2017434983795585,1.5445119205886926,0.7089593306266488
198242,189050,10.0,10.0,4,3,2,1,2,"[1.0, 0.0, 1.0, 1.0]","[0.487154, 0.574008, 0.353094, 0.540211]","[1, 0, 1, 1]","[0, 1, 0, 1]",1.1188037279980818,0.9399009832005152,0.8428030459899104
198864,197551,10.0,10.0,5,1,3,2,0,"[0.0, 1.0, 0.0, 0.0, 0.0]","[0.608766, 0.609352, 0.633426, 0.427046, 0.258621]","[0, 1, 0, 0, 0]","[1, 1, 1, 0, 0]",1.4671249801397064,3.5210029683997397,2.4118619476361753
198910,188914,10.0,10.0,10,6,1,0,5,"[0.0, 0.0, 1.0, 1.0, 1.0, 1.0, 1.0, 1.0, 0.0, 0.0]","[0.0, 0.0, 0.102631, 0.374364, 0.505087, 0.091315, 0.00241, 0.005273, 0.0, 0.0]","[0, 0, 1, 1, 1, 1, 1, 1, 0, 0]","[0, 0, 0, 0, 1, 0, 0, 0, 0, 0]",3.240930231353663,0.8208386980492517,0.25559770390459086
199365,195486,10.0,10.0,4,2,2,1,1,"[1.0, 0.0, 0.0, 1.0]","[0.472142, 0.289544, 0.510848, 0.659019]","[1, 0, 0, 1]","[0, 0, 1, 1]",2.4897397318193075,2.833474101296025,1.1463025188092588
199521,190468,10.0,10.0,6,3,3,1,1,"[1.0, 0.0, 0.0, 1.0, 0.0, 1.0]","[0.082475, 0.0, 0.496185, 0.625903, 0.615625, 0.627306]","[1, 0, 0, 1, 0, 1]","[0, 0, 0, 1, 1, 1]",1.2854271824029877,1.2536510502939726,0.9826546339435849
199599,194835,10.0,10.0,9,2,4,3,1,"[1.0, 1.0, 0.0, 0.0, 0.0, 0.0, 0.0, 0.0, 0.0]","[0.574056, 0.057346, 0.0, 0.0, 0.632505, 0.0, 0.037151, 0.503346, 0.566455]","[1, 1, 0, 0, 0, 0, 0, 0, 0]","[1, 0, 0, 0, 1, 0, 0, 1, 1]",0.912065462936108,1.7420484335272188,1.9153606668839285
199879,192945,10.0,10.0,11,6,7,3,2,"[1.0, 1.0, 1.0, 0.0, 1.0, 0.0, 1.0, 0.0, 1.0, 0.0, 0.0]","[0.379992, 0.607052, 0.487213, 0.0, 0.572976, 0.591959, 1.0, 0.604777, 0.599713, 0.055434, 0.629591]","[1, 1, 1, 0, 1, 0, 1, 0, 1, 0, 0]","[0, 1, 0, 0, 1, 1, 1, 1, 1, 0, 1]",1.752341395656637,2.1623882253485553,1.245367444275929
199932,195364,10.0,10.0,6,2,4,2,0,"[0.0, 0.0, 0.0, 0.0, 1.0, 1.0]","[0.567577, 0.280028, 0.46487, 0.553722, 0.568059, 0.540726]","[0, 0, 0, 0, 1, 1]","[1, 0, 0, 1, 1, 1]",1.8897575018523494,2.939375535110016,1.5607034208807906
200132,185914,10.0,10.0,6,3,5,2,0,"[1.0, 0.0, 1.0, 0.0, 0.0, 1.0]","[0.751485, 0.591814, 0.784861, 0.587975, 0.21773, 0.505893]","[1, 0, 1, 0, 0, 1]","[1, 1, 1, 1, 0, 1]",1.124574092101589,1.5113615648663639,1.3487667278698494
200462,204393,10.0,10.0,7,4,6,3,1,"[0.0, 1.0, 1.0, 1.0, 1.0, 0.0, 0.0]","[0.612214, 0.042509, 0.520624, 0.545675, 0.61628, 0.62616, 0.508985]","[0, 1, 1, 1, 1, 0, 0]","[1, 0, 1, 1, 1, 1, 1]",1.2377832737792454,1.932596140633462,1.5860759976568468
200586,209048,10.0,10.0,4,2,3,1,0,"[1.0, 0.0, 0.0, 1.0]","[0.548563, 0.416925, 0.524244, 0.51603]","[1, 0, 0, 1]","[1, 0, 1, 1]",1.0216994104343216,1.4750362957341014,1.4547722762883817
201258,187071,10.0,10.0,5,3,4,1,0,"[0.0, 1.0, 1.0, 0.0, 1.0]","[0.576951, 1.0, 1.0, 0.0, 0.623748]","[0, 1, 1, 0, 1]","[1, 1, 1, 0, 1]",1.4850781228585155,2.126695354337257,1.443780335302435
201281,199420,10.0,10.0,10,6,7,3,2,"[1.0, 0.0, 1.0, 1.0, 0.0, 1.0, 1.0, 0.0, 1.0, 0.0]","[0.492503, 0.516892, 0.468421, 0.735189, 0.323791, 0.676262, 0.568549, 0.573728, 0.529563, 0.582195]","[1, 0, 1, 1, 0, 1, 1, 0, 1, 0]","[0, 1, 0, 1, 0, 1, 1, 1, 1, 1]",1.619040294536289,1.9859931976929182,1.243005912432692
201521,209101,10.0,10.0,5,3,1,0,2,"[1.0, 1.0, 0.0, 1.0, 0.0]","[0.566293, 0.26902, 0.0, 0.419088, 0.0]","[1, 1, 0, 1, 0]","[1, 0, 0, 0, 0]",2.1892663654162368,1.0222233428331324,0.4834334015499397
202328,190143,10.0,10.0,5,2,2,1,1,"[0.0, 1.0, 0.0, 0.0, 1.0]","[0.279759, 0.57556, 0.502457, 0.434748, 0.347148]","[0, 1, 0, 0, 1]","[0, 1, 1, 0, 0]",1.293556776455307,1.4047845479312964,1.0879863983785472
202571,195398,10.0,10.0,5,4,2,1,3,"[1.0, 1.0, 1.0, 0.0, 1.0]","[0.444954, 0.461429, 0.626329, 0.598369, 0.492828]","[1, 1, 1, 0, 1]","[0, 0, 1, 1, 0]",0.751905875569516,0.48910420742118466,0.6568838783598822
203038,207594,10.0,10.0,15,9,10,2,1,"[1.0, 0.0, 1.0, 0.0, 0.0, 1.0, 1.0, 1.0, 1.0, 0.0, 1.0, 1.0, 0.0, 0.0, 1.0]","[0.607696, 0.581237, 0.500998, 0.0, 0.270476, 0.097754, 0.722092, 0.70038, 0.625381, 0.0, 0.734758, 1.0, 0.601014, 0.0, 0.585477]","[1, 0, 1, 0, 0, 1, 1, 1, 1, 0, 1, 1, 0, 0, 1]","[1, 1, 1, 0, 0, 0, 1, 1, 1, 0, 1, 1, 1, 0, 1]",2.7686344004505745,3.6423437414509925,1.3212512373500003
203171,197644,10.0,10.0,3,1,0,0,1,"[1.0, 0.0, 0.0]","[0.388703, 0.0, 0.036381]","[1, 0, 0]","[0, 0, 0]",0.5090846544142453,0.2806560969617802,0.5606422720773914
203300,206195,10.0,10.0,5,3,3,0,0,"[0.0, 1.0, 1.0, 1.0, 0.0]","[0.0, 1.0, 0.846207, 0.593484, 0.310612]","[0, 1, 1, 1, 0]","[0, 1, 1, 1, 0]",0.9164351167519311,0.9164351167519311,1.0029355586757058
203710,206592,10.0,10.0,8,5,4,1,2,"[1.0, 1.0, 0.0, 1.0, 0.0, 1.0, 1.0, 0.0]","[0.347014, 0.594458, 0.579111, 0.512419, 0.0, 0.788643, 0.425078, 0.260377]","[1, 1, 0, 1, 0, 1, 1, 0]","[0, 1, 1, 1, 0, 1, 0, 0]",1.4841866228446592,1.344828201930997,0.921153585284251
203919,187736,10.0,10.0,6,3,1,0,2,"[1.0, 0.0, 1.0, 0.0, 0.0, 1.0]","[0.575217, 0.147255, 0.125581, 0.0, 0.0, 0.491575]","[1, 0, 1, 0, 0, 1]","[1, 0, 0, 0, 0, 0]",1.616590150546727,0.6147399748819582,0.381237337896204
203964,196350,10.0,10.0,8,4,6,3,1,"[0.0, 1.0, 1.0, 1.0, 0.0, 0.0, 1.0, 0.0]","[0.621077, 0.584216, 0.594441, 0.614955, 0.520366, 0.464261, 0.130124, 0.605777]","[0, 1, 1, 1, 0, 0, 1, 0]","[1, 1, 1, 1, 1, 0, 0, 1]",1.5154956095606311,2.3389193915213977,1.572095755616241
204120,188861,10.0,10.0,4,1,1,0,0,"[0.0, 1.0, 0.0, 0.0]","[0.442436, 0.559597, 0.419675, 0.192507]","[0, 1, 0, 0]","[0, 1, 0, 0]",1.3692745658192838,1.3692745658192838,1.0044875599870542
204194,205064,10.0,10.0,6,3,3,1,1,"[1.0, 0.0, 0.0, 1.0, 1.0, 0.0]","[0.02933, 0.524669, 0.466667, 0.771479, 1.0, 0.0]","[1, 0, 0, 1, 1, 0]","[0, 1, 0, 1, 1, 0]",0.914066192569595,0.7707397654375103,0.844773941464534
204883,200512,10.0,10.0,14,6,6,1,1,"[0.0, 1.0, 0.0, 1.0, 0.0, 1.0, 1.0, 0.0, 1.0, 0.0, 0.0, 0.0, 1.0, 0.0]","[0.202859, 0.359776, 0.07471, 1.0, 0.0, 1.0, 1.0, 0.0, 1.0, 0.505116, 0.0, 0.0, 0.58051, 0.24069]","[0, 1, 0, 1, 0, 1, 1, 0, 1, 0, 0, 0, 1, 0]","[0, 0, 0, 1, 0, 1, 1, 0, 1, 1, 0, 0, 1, 0]",5.356489087366031,5.990723542824554,1.1294558783104942
205300,191467,10.0,10.0,8,4,4,1,1,"[1.0, 1.0, 0.0, 0.0, 1.0, 0.0, 0.0, 1.0]","[1.0, 0.984654, 0.0, 0.24658, 0.515276, 0.606072, 0.0, 0.453859]","[1, 1, 0, 0, 1, 0, 0, 1]","[1, 1, 0, 0, 1, 1, 0, 0]",1.6200950157697556,1.6950590662503686,1.0535983703319436
205327,192314,10.0,10.0,5,2,3,3,2,"[1.0, 1.0, 0.0, 0.0, 0.0]","[0.434368, 0.144941, 0.598477, 0.594225, 0.563657]","[1, 1, 0, 0, 0]","[0, 0, 1, 1, 1]",0.2006276565495691,0.8028322968941807,4.008368673955477
205559,199162,10.0,10.0,8,3,4,1,0,"[0.0, 1.0, 1.0, 0.0, 0.0, 1.0, 0.0, 0.0]","[0.0, 0.732703, 0.925187, 0.0, 0.533217, 1.0, 0.0, 0.0]","[0, 1, 1, 0, 0, 1, 0, 0]","[0, 1, 1, 0, 1, 1, 0, 0]",2.7044351226650205,4.089113543726542,1.5177656401385387
205643,189193,10.0,10.0,12,7,8,5,4,"[0.0, 1.0, 1.0, 1.0, 1.0, 0.0, 1.0, 0.0, 0.0, 1.0, 0.0, 1.0]","[0.581433, 0.047491, 0.019774, 0.21361, 0.004727, 0.591089, 0.611492, 0.618592, 0.553978, 0.627565, 0.578592, 0.625391]","[0, 1, 1, 1, 1, 0, 1, 0, 0, 1, 0, 1]","[1, 0, 0, 0, 0, 1, 1, 1, 1, 1, 1, 1]",3.101090872126953,4.464082461782326,1.455236431344243
206314,189443,10.0,10.0,12,3,9,6,0,"[1.0, 1.0, 0.0, 0.0, 0.0, 0.0, 0.0, 0.0, 0.0, 0.0, 1.0, 0.0]","[0.607346, 0.579371, 0.582639, 0.475702, 0.547237, 0.504671, 0.619835, 0.0, 0.556695, 0.533165, 0.594417, 0.0]","[1, 1, 0, 0, 0, 0, 0, 0, 0, 0, 1, 0]","[1, 1, 1, 0, 1, 1, 1, 0, 1, 1, 1, 0]",2.0809594630971175,4.583171342559021,2.2541875255828896
206930,184305,10.0,10.0,6,4,5,1,0,"[1.0, 1.0, 1.0, 1.0, 0.0, 0.0]","[0.546744, 0.557279, 0.631176, 0.505537, 0.493933, 0.622007]","[1, 1, 1, 1, 0, 0]","[1, 1, 1, 1, 0, 1]",1.7154923048810975,2.15960654898207,1.2695442575478921
207423,186224,10.0,10.0,4,2,2,1,1,"[0.0, 0.0, 1.0, 1.0]","[0.02503, 0.615321, 0.63075, 0.036448]","[0, 0, 1, 1]","[0, 1, 1, 0]",0.8259317485463354,0.8569772345510753,1.0400159223009555
207475,192618,10.0,10.0,5,2,3,2,1,"[1.0, 1.0, 0.0, 0.0, 0.0]","[0.479483, 0.501268, 0.565119, 0.377326, 0.535609]","[1, 1, 0, 0, 0]","[0, 1, 1, 0, 1]",0.8792259254211634,1.2251557895718659,1.3974076750725206
207836,184831,10.0,10.0,4,2,4,2,0,"[0.0, 0.0, 1.0, 1.0]","[0.609523, 0.587791, 0.536161, 0.594282]","[0, 0, 1, 1]","[1, 1, 1, 1]",0.8873538536132757,2.0727050429861387,2.380929388122694
208093,203811,10.0,10.0,6,4,3,0,1,"[1.0, 0.0, 1.0, 0.0, 1.0, 1.0]","[0.4035, 0.0, 0.833313, 0.044719, 1.0, 0.661635]","[1, 0, 1, 0, 1, 1]","[0, 0, 1, 0, 1, 1]",3.135315397336999,2.4749190461086297,0.7906530047203977
208904,200676,10.0,10.0,11,5,4,1,2,"[1.0, 1.0, 0.0, 1.0, 0.0, 0.0, 1.0, 0.0, 0.0, 1.0, 0.0]","[0.011535, 0.004499, 0.311545, 1.0, 0.579844, 0.0, 0.560367, 0.454838, 0.487862, 0.670643, 0.0]","[1, 1, 0, 1, 0, 0, 1, 0, 0, 1, 0]","[0, 0, 0, 1, 1, 0, 1, 0, 0, 1, 0]",3.422680825932712,2.926043965885568,0.8616637588996213
208966,196199,10.0,10.0,7,4,4,1,1,"[0.0, 1.0, 1.0, 1.0, 0.0, 0.0, 1.0]","[0.570954, 0.595647, 0.626616, 0.510177, 0.0, 0.0, 0.023547]","[0, 1, 1, 1, 0, 0, 1]","[1, 1, 1, 1, 0, 0, 0]",1.4405262350925365,1.4766543104230792,1.0298879414634985
208976,188476,10.0,10.0,5,3,5,2,0,"[0.0, 0.0, 1.0, 1.0, 1.0]","[0.567455, 0.625543, 0.540817, 0.625836, 0.609392]","[0, 0, 1, 1, 1]","[1, 1, 1, 1, 1]",1.2326579509944042,2.1904237111501725,1.8208269637823282
209495,189342,10.0,10.0,4,2,4,2,0,"[1.0, 0.0, 1.0, 0.0]","[0.634842, 0.630378, 0.595423, 0.548516]","[1, 0, 1, 0]","[1, 1, 1, 1]",1.0005348172133366,1.7237394496200842,1.7300379155864005
209709,184968,10.0,10.0,10,6,3,0,3,"[1.0, 0.0, 0.0, 1.0, 0.0, 0.0, 1.0, 1.0, 1.0, 1.0]","[0.834259, 0.0, 0.0, 0.015351, 0.0, 0.0, 0.470609, 0.007982, 0.618612, 0.620239]","[1, 0, 0, 1, 0, 0, 1, 1, 1, 1]","[1, 0, 0, 0, 0, 0, 0, 0, 1, 1]",1.7467054007923886,1.0583073148597375,0.6255323171138222
210209,180231,10.0,10.0,7,3,3,0,0,"[1.0, 0.0, 0.0, 0.0, 1.0, 1.0, 0.0]","[0.755862, 0.107454, 0.495621, 0.0, 1.0, 0.551002, 0.321012]","[1, 0, 0, 0, 1, 1, 0]","[1, 0, 0, 0, 1, 1, 0]",1.0665700221371255,1.0665700221371255,1.0158660578998187
180164,197248,10.0,30.0,4,2,2,0,0,"[1.0, 0.0, 1.0, 0.0]","[0.644619, 0.46532, 0.586145, 0.0]","[1, 0, 1, 0]","[1, 0, 1, 0]",1.3503350694748417,1.3503350694748417,1.0083629333164386
180236,203656,10.0,30.0,8,3,3,2,2,"[0.0, 1.0, 1.0, 0.0, 0.0, 1.0, 0.0, 0.0]","[0.168944, 0.875346, 0.026818, 0.683276, 0.590122, 0.083502, 0.0, 0.267121]","[0, 1, 1, 0, 0, 1, 0, 0]","[0, 1, 0, 1, 1, 0, 0, 0]",1.5000173534132406,1.9726682693089872,1.32124603275685
180329,189548,10.0,30.0,4,2,4,2,0,"[1.0, 1.0, 0.0, 0.0]","[0.500152, 0.593824, 0.502476, 0.507079]","[1, 1, 0, 0]","[1, 1, 1, 1]",1.3000633885575328,1.9920150321111612,1.5456960437162657
180687,187024,10.0,30.0,7,4,4,0,0,"[1.0, 0.0, 1.0, 0.0, 0.0, 1.0, 1.0]","[0.552318, 0.421847, 0.952911, 0.0, 0.0, 0.577395, 0.553362]","[1, 0, 1, 0, 0, 1, 1]","[1, 0, 1, 0, 0, 1, 1]",1.6253912852413142,1.6253912852413142,1.0052198692993781
180723,207048,10.0,30.0,10,5,6,2,1,"[0.0, 0.0, 0.0, 1.0, 0.0, 1.0, 1.0, 1.0, 0.0, 1.0]","[0.593628, 0.393609, 0.2992, 0.906181, 0.588645, 0.846011, 1.0, 0.350325, 0.0, 1.0]","[0, 0, 0, 1, 0, 1, 1, 1, 0, 1]","[1, 0, 0, 1, 1, 1, 1, 0, 0, 1]",4.400504749829486,4.505221101880804,1.0337540518721502
180815,206160,10.0,30.0,14,7,7,1,1,"[1.0, 0.0, 1.0, 1.0, 0.0, 1.0, 0.0, 0.0, 1.0, 0.0, 0.0, 0.0, 1.0, 1.0]","[0.857257, 0.0, 0.440711, 0.816665, 0.408184, 0.939882, 0.0, 0.410664, 0.627407, 0.0, 0.291917, 0.53132, 0.82383, 1.0]","[1, 0, 1, 1, 0, 1, 0, 0, 1, 0, 0, 0, 1, 1]","[1, 0, 0, 1, 0, 1, 0, 0, 1, 0, 0, 1, 1, 1]",2.485215616303847,2.3032111573692524,0.985144045244082
180834,205125,10.0,30.0,5,3,2,0,1,"[0.0, 0.0, 1.0, 1.0, 1.0]","[0.480574, 0.479145, 0.536414, 0.319139, 0.617297]","[0, 0, 1, 1, 1]","[0, 0, 1, 0, 1]",2.04071236596328,0.8048758649048684,0.3957560584903901
181002,188173,10.0,30.0,9,4,4,0,0,"[1.0, 0.0, 0.0, 0.0, 0.0, 1.0, 1.0, 1.0, 0.0]","[0.760098, 0.0, 0.0, 0.0, 0.0, 1.0, 1.0, 1.0, 0.0]","[1, 0, 0, 0, 0, 1, 1, 1, 0]","[1, 0, 0, 0, 0, 1, 1, 1, 0]",1.7103073873347658,1.7103073873347658,1.0063469966970993
181023,208822,10.0,30.0,4,2,3,2,1,"[0.0, 1.0, 1.0, 0.0]","[0.614783, 0.562749, 0.374948, 0.593203]","[0, 1, 1, 0]","[1, 1, 0, 1]",1.3152556806315001,2.0308927428481867,1.5604647374782508
181295,210119,10.0,30.0,9,5,3,0,2,"[0.0, 1.0, 1.0, 1.0, 0.0, 1.0, 0.0, 0.0, 1.0]","[0.0, 1.0, 0.600129, 0.372896, 0.0, 0.30797, 0.0, 0.0, 1.0]","[0, 1, 1, 1, 0, 1, 0, 0, 1]","[0, 1, 1, 0, 0, 0, 0, 0, 1]",3.008892835511307,1.955400109042499,0.6608041854592394
181588,206273,10.0,30.0,8,4,5,3,2,"[0.0, 1.0, 1.0, 0.0, 0.0, 0.0, 1.0, 1.0]","[0.618709, 0.501482, 0.549119, 0.61765, 0.531537, 0.061347, 0.005824, 0.094788]","[0, 1, 1, 0, 0, 0, 1, 1]","[1, 1, 1, 1, 1, 0, 0, 0]",1.0663860012584387,1.7187535566308805,1.643447653352494
182072,199843,10.0,30.0,7,4,1,0,3,"[1.0, 1.0, 1.0, 0.0, 0.0, 1.0, 0.0]","[0.367117, 0.353285, 0.571352, 0.0, 0.0, 0.285478, 0.389531]","[1, 1, 1, 0, 0, 1, 0]","[0, 0, 1, 0, 0, 0, 0]",3.3702220490220873,1.05244548891844,0.3133174586557
182354,185997,10.0,30.0,10,5,4,1,2,"[1.0, 1.0, 0.0, 0.0, 1.0, 1.0, 0.0, 0.0, 0.0, 1.0]","[0.468964, 0.480422, 0.343865, 0.0, 1.0, 1.0, 0.592938, 0.0, 0.0, 1.0]","[1, 1, 0, 0, 1, 1, 0, 0, 0, 1]","[0, 0, 0, 0, 1, 1, 1, 0, 0, 1]",2.7841428864838265,2.091172994322697,0.7530586711140665
182369,181607,10.0,30.0,5,1,1,0,0,"[0.0, 0.0, 1.0, 0.0, 0.0]","[0.0, 0.0, 0.561548, 0.0, 0.0]","[0, 0, 1, 0, 0]","[0, 0, 1, 0, 0]",1.890689514944936,1.890689514944936,1.0022975159324845
182581,208651,10.0,30.0,4,3,1,0,2,"[1.0, 1.0, 0.0, 1.0]","[0.365113, 0.026255, 0.0, 0.552539]","[1, 1, 0, 1]","[0, 0, 0, 1]",1.2466489006211838,0.315396053799553,0.253933959658335
182967,198780,10.0,30.0,10,6,6,4,4,"[0.0, 1.0, 0.0, 1.0, 1.0, 1.0, 1.0, 0.0, 1.0, 0.0]","[0.611376, 0.485999, 0.517424, 0.474011, 0.582698, 0.443801, 0.441461, 0.616083, 0.626806, 0.570677]","[0, 1, 0, 1, 1, 1, 1, 0, 1, 0]","[1, 0, 1, 0, 1, 0, 0, 1, 1, 1]",1.888907079208392,2.157241849795309,1.1625194974285773
183423,197906,10.0,30.0,7,2,2,1,1,"[0.0, 1.0, 0.0, 0.0, 0.0, 1.0, 0.0]","[0.600915, 0.571764, 0.0, 0.372413, 0.247823, 0.483514, 0.0]","[0, 1, 0, 0, 0, 1, 0]","[1, 1, 0, 0, 0, 0, 0]",1.277267934628681,1.3760190588476129,1.080933468005628
183796,186882,10.0,30.0,11,5,5,2,2,"[0.0, 0.0, 0.0, 1.0, 0.0, 1.0, 0.0, 1.0, 1.0, 1.0, 0.0]","[0.566087, 0.562949, 0.0, 1.0, 0.0, 1.0, 0.0, 0.486255, 0.416761, 1.0, 0.495524]","[0, 0, 0, 1, 0, 1, 0, 1, 1, 1, 0]","[1, 1, 0, 1, 0, 1, 0, 0, 0, 1, 0]",2.004656692239265,1.5514634877895372,0.7841699267050203
184015,184061,10.0,30.0,7,5,5,1,1,"[1.0, 0.0, 1.0, 1.0, 1.0, 0.0, 1.0]","[0.565728, 0.632511, 0.503687, 0.608892, 0.501687, 0.0, 0.44119]","[1, 0, 1, 1, 1, 0, 1]","[1, 1, 1, 1, 1, 0, 0]",1.7220825838071119,1.7568049821553744,1.028971078065906
184033,189853,10.0,30.0,7,2,6,5,1,"[1.0, 0.0, 0.0, 1.0, 0.0, 0.0, 0.0]","[0.505528, 0.622825, 0.577425, 0.092096, 0.56383, 0.622622, 0.626535]","[1, 0, 0, 1, 0, 0, 0]","[1, 1, 1, 0, 1, 1, 1]",1.2074199308863212,2.869381340265039,2.3802506896596887
184090,195582,10.0,30.0,9,6,3,0,3,"[0.0, 1.0, 0.0, 1.0, 1.0, 1.0, 0.0, 1.0, 1.0]","[0.221619, 1.0, 0.0, 1.0, 0.914983, 0.056396, 0.0, 0.476819, 0.054321]","[0, 1, 0, 1, 1, 1, 0, 1, 1]","[0, 1, 0, 1, 1, 0, 0, 0, 0]",5.504358321570608,1.8949560711330387,0.3465326491321938
184709,196154,10.0,30.0,5,2,5,3,0,"[1.0, 0.0, 1.0, 0.0, 0.0]","[0.579105, 0.634935, 0.506906, 0.618749, 0.598656]","[1, 0, 1, 0, 0]","[1, 1, 1, 1, 1]",1.0905231466271232,2.3635530211123092,2.1793622752631108
185337,193957,10.0,30.0,4,3,1,0,2,"[1.0, 1.0, 1.0, 0.0]","[0.076937, 0.445857, 0.587969, 0.497371]","[1, 1, 1, 0]","[0, 0, 1, 0]",1.4900048388367595,0.6214692478624748,0.4187140849305524
185785,189513,10.0,30.0,5,1,2,2,1,"[0.0, 0.0, 0.0, 1.0, 0.0]","[0.319118, 0.569577, 0.462265, 0.440778, 0.633582]","[0, 0, 0, 1, 0]","[0, 1, 0, 0, 1]",1.096883275055878,0.9729106796851574,0.8884761214417244
185875,206473,10.0,30.0,23,11,11,3,3,"[0.0, 0.0, 0.0, 0.0, 1.0, 1.0, 0.0, 1.0, 0.0, 0.0, 1.0, 0.0, 1.0, 1.0, 0.0, 1.0, 1.0, 1.0, 1.0, 0.0, 0.0, 0.0, 1.0]","[0.563968, 0.304181, 0.437859, 0.518644, 0.337585, 0.547956, 0.53473, 0.525125, 0.287832, 0.460265, 0.596463, 0.456276, 0.862786, 0.464332, 0.37004, 0.121827, 0.61977, 0.704703, 1.0, 0.0, 0.0, 0.0, 1.0]","[0, 0, 0, 0, 1, 1, 0, 1, 0, 0, 1, 0, 1, 1, 0, 1, 1, 1, 1, 0, 0, 0, 1]","[1, 0, 0, 1, 0, 1, 1, 1, 0, 0, 1, 0, 1, 0, 0, 0, 1, 1, 1, 0, 0, 0, 1]",4.886928355255206,5.180192751207647,1.1418539714571547
186117,200624,10.0,30.0,6,3,5,3,1,"[0.0, 0.0, 1.0, 1.0, 0.0, 1.0]","[0.586016, 0.532494, 0.604721, 0.437236, 0.627497, 0.625006]","[0, 0, 1, 1, 0, 1]","[1, 1, 1, 0, 1, 1]",1.2084231400862042,1.741770540530758,1.4499111175787491
186198,204134,10.0,30.0,4,2,1,1,2,"[1.0, 1.0, 0.0, 0.0]","[0.015355, 0.028154, 0.0, 0.615309]","[1, 1, 0, 0]","[0, 0, 0, 1]",1.1375601839142244,0.9978396707682631,0.8806973540296937
186356,189091,10.0,30.0,11,6,7,3,2,"[0.0, 0.0, 1.0, 1.0, 1.0, 1.0, 1.0, 0.0, 1.0, 0.0, 0.0]","[0.500336, 0.471005, 0.590127, 0.583284, 0.416922, 0.604529, 0.070272, 0.0, 0.596046, 0.6152, 0.55387]","[0, 0, 1, 1, 1, 1, 1, 0, 1, 0, 0]","[1, 0, 1, 1, 0, 1, 0, 0, 1, 1, 1]",2.35684050341058,2.669787507014469,1.1429835404131
186407,182154,10.0,30.0,11,7,5,0,2,"[1.0, 1.0, 0.0, 0.0, 1.0, 0.0, 0.0, 1.0, 1.0, 1.0, 1.0]","[1.0, 0.936158, 0.0, 0.040365, 0.234115, 0.435834, 0.444453, 0.600848, 1.0, 0.04361, 0.586021]","[1, 1, 0, 0, 1, 0, 0, 1, 1, 1, 1]","[1, 1, 0, 0, 0, 0, 0, 1, 1, 0, 1]",2.2899527895725864,1.8580180959159147,0.8982923175998738
186810,208210,10.0,30.0,6,3,2,0,1,"[1.0, 0.0, 1.0, 0.0, 1.0, 0.0]","[0.650919, 0.259216, 0.040973, 0.0, 0.823808, 0.478653]","[1, 0, 1, 0, 1, 0]","[1, 0, 0, 0, 1, 0]",1.5429417425142504,1.5044359802335971,0.995597740362476
187212,192870,10.0,30.0,4,3,2,0,1,"[1.0, 1.0, 1.0, 0.0]","[0.521637, 0.460417, 0.575988, 0.206202]","[1, 1, 1, 0]","[1, 0, 1, 0]",1.0349589618918746,0.5318453836843104,0.5195558132617527
187417,207485,10.0,30.0,9,5,3,0,2,"[1.0, 1.0, 0.0, 0.0, 1.0, 0.0, 1.0, 1.0, 0.0]","[0.494446, 0.428849, 0.347203, 0.0, 1.0, 0.258713, 1.0, 1.0, 0.0]","[1, 1, 0, 0, 1, 0, 1, 1, 0]","[0, 0, 0, 0, 1, 0, 1, 1, 0]",6.94984716193321,3.473332500965211,0.5025348625934662
188013,194919,10.0,30.0,14,7,8,2,1,"[0.0, 1.0, 0.0, 1.0, 1.0, 1.0, 1.0, 0.0, 0.0, 0.0, 0.0, 0.0, 1.0, 1.0]","[0.0, 1.0, 0.0, 1.0, 1.0, 1.0, 1.0, 0.531139, 0.283944, 0.0, 0.0, 0.551645, 1.0, 0.221572]","[0, 1, 0, 1, 1, 1, 1, 0, 0, 0, 0, 0, 1, 1]","[0, 1, 0, 1, 1, 1, 1, 1, 0, 0, 0, 1, 1, 0]",2.030727725621682,2.2130548873934703,1.1048050683907764
189027,190257,10.0,30.0,10,5,5,1,1,"[0.0, 1.0, 0.0, 0.0, 0.0, 1.0, 0.0, 1.0, 1.0, 1.0]","[0.29624, 0.574138, 0.512524, 0.39515, 0.0, 1.0, 0.0, 1.0, 0.529476, 0.498707]","[0, 1, 0, 0, 0, 1, 0, 1, 1, 1]","[0, 1, 1, 0, 0, 1, 0, 1, 1, 0]",1.7231368189640917,2.088525945307985,1.2214774745655304
189143,193722,10.0,30.0,7,6,2,0,4,"[1.0, 1.0, 1.0, 1.0, 0.0, 1.0, 1.0]","[0.599301, 0.476907, 0.402669, 0.39294, 0.0, 0.615982, 0.293512]","[1, 1, 1, 1, 0, 1, 1]","[1, 0, 0, 0, 0, 1, 0]",2.2624827365965325,0.9988208030433803,0.4431099884045653
189265,184120,10.0,30.0,3,1,2,2,1,"[0.0, 1.0, 0.0]","[0.55406, 0.449892, 0.57519]","[0, 1, 0]","[1, 0, 1]",0.6659566324703287,1.027849116834579,1.5534089557515978
189415,192019,10.0,30.0,4,1,4,3,0,"[0.0, 0.0, 0.0, 1.0]","[0.584105, 0.522305, 0.589133, 0.627537]","[0, 0, 0, 1]","[1, 1, 1, 1]",0.6447041095006346,2.4387976416454515,3.7929358560896076
189500,185042,10.0,30.0,9,4,2,0,2,"[0.0, 1.0, 0.0, 1.0, 0.0, 1.0, 0.0, 0.0, 1.0]","[0.455712, 0.449601, 0.0, 0.065497, 0.0, 0.73174, 0.0, 0.076335, 0.610854]","[0, 1, 0, 1, 0, 1, 0, 0, 1]","[0, 0, 0, 0, 0, 1, 0, 0, 1]",2.4319789532021403,1.7089677536062475,0.7054327697324115
190073,201891,10.0,30.0,10,4,3,2,3,"[0.0, 1.0, 1.0, 0.0, 0.0, 0.0, 1.0, 0.0, 0.0, 1.0]","[0.452513, 0.36298, 0.615204, 0.0, 0.609251, 0.514725, 0.354317, 0.122197, 0.397249, 0.170836]","[0, 1, 1, 0, 0, 0, 1, 0, 0, 1]","[0, 0, 1, 0, 1, 1, 0, 0, 0, 0]",3.0597045339056397,2.8546027631003685,0.9398357906444958
190353,181954,10.0,30.0,5,2,3,1,0,"[0.0, 0.0, 1.0, 1.0, 0.0]","[0.0, 0.544613, 0.50596, 1.0, 0.322455]","[0, 0, 1, 1, 0]","[0, 1, 1, 1, 0]",0.7357414751184999,0.9709360813871197,1.3272739949337449
190392,207670,10.0,30.0,6,3,2,0,1,"[1.0, 0.0, 0.0, 0.0, 1.0, 1.0]","[0.422305, 0.340955, 0.0, 0.39111, 0.618212, 0.518962]","[1, 0, 0, 0, 1, 1]","[0, 0, 0, 0, 1, 1]",1.5945893567808214,1.1693685632849415,0.7347968137982264
190525,205438,10.0,30.0,5,1,3,2,0,"[0.0, 0.0, 0.0, 0.0, 1.0]","[0.561725, 0.567549, 0.0, 0.0, 0.815069]","[0, 0, 0, 0, 1]","[1, 1, 0, 0, 1]",0.511267040163908,1.186434869799188,2.3253165787608623
190541,188497,10.0,30.0,16,10,9,1,2,"[0.0, 0.0, 1.0, 1.0, 0.0, 0.0, 0.0, 1.0, 1.0, 1.0, 1.0, 1.0, 1.0, 1.0, 0.0, 1.0]","[0.0, 0.526281, 0.070287, 0.64051, 0.413262, 0.333716, 0.375413, 0.644787, 0.599572, 1.0, 0.556932, 0.540724, 0.562003, 0.515044, 0.0, 0.126662]","[0, 0, 1, 1, 0, 0, 0, 1, 1, 1, 1, 1, 1, 1, 0, 1]","[0, 1, 0, 1, 0, 0, 0, 1, 1, 1, 1, 1, 1, 1, 0, 0]",4.129356437975285,3.9499552285204436,0.9672871241237145
191341,181892,10.0,30.0,4,3,2,1,2,"[1.0, 1.0, 0.0, 1.0]","[0.477716, 0.274719, 0.51003, 0.514597]","[1, 1, 0, 1]","[0, 0, 1, 1]",2.916701422157724,2.5173584571206304,0.8660362388724967
191917,186517,10.0,30.0,5,4,5,1,0,"[1.0, 1.0, 1.0, 1.0, 0.0]","[0.586154, 0.533516, 0.617585, 0.547144, 0.573325]","[1, 1, 1, 1, 0]","[1, 1, 1, 1, 1]",1.566234792102183,2.05146435049472,1.3178048644029783
192816,200992,10.0,30.0,6,3,2,1,2,"[1.0, 0.0, 0.0, 1.0, 0.0, 1.0]","[1.0, 0.0, 0.0, 0.226284, 0.57462, 0.4404]","[1, 0, 0, 1, 0, 1]","[1, 0, 0, 0, 1, 0]",1.8831528294415765,1.5833496490151564,0.8472359249088279
193467,199529,10.0,30.0,5,2,3,2,1,"[0.0, 1.0, 1.0, 0.0, 0.0]","[0.573715, 0.388893, 0.57209, 0.291741, 0.568472]","[0, 1, 1, 0, 0]","[1, 0, 1, 0, 1]",0.5985732774030423,1.0369798405678032,1.7413482367072886
193481,196243,10.0,30.0,30,14,4,0,10,"[1.0, 0.0, 0.0, 0.0, 1.0, 0.0, 1.0, 0.0, 0.0, 0.0, 0.0, 1.0, 0.0, 0.0, 0.0, 0.0, 1.0, 0.0, 1.0, 0.0, 1.0, 1.0, 1.0, 1.0, 1.0, 0.0, 1.0, 0.0, 1.0, 1.0]","[0.584041, 0.458444, 0.0, 0.0, 0.468281, 0.365402, 0.296999, 0.237604, 0.284935, 0.0, 0.0, 0.305017, 0.0, 0.0, 0.0, 0.0, 1.0, 0.0, 0.481404, 0.265919, 0.343907, 0.105189, 0.06106, 0.121399, 0.418399, 0.330078, 0.391591, 0.0, 0.619917, 0.592516]","[1, 0, 0, 0, 1, 0, 1, 0, 0, 0, 0, 1, 0, 0, 0, 0, 1, 0, 1, 0, 1, 1, 1, 1, 1, 0, 1, 0, 1, 1]","[1, 0, 0, 0, 0, 0, 0, 0, 0, 0, 0, 0, 0, 0, 0, 0, 1, 0, 0, 0, 0, 0, 0, 0, 0, 0, 0, 0, 1, 1]",5.562472890855041,2.6737594126565636,0.48767814077572824
193709,181631,10.0,30.0,9,5,3,0,2,"[1.0, 0.0, 1.0, 1.0, 0.0, 0.0, 1.0, 0.0, 1.0]","[0.612568, 0.0, 0.410278, 0.231154, 0.0, 0.0, 0.509347, 0.0, 0.51894]","[1, 0, 1, 1, 0, 0, 1, 0, 1]","[1, 0, 0, 0, 0, 0, 1, 0, 1]",1.7931513759953182,1.2897825238985134,0.7282414061502256
194277,200870,10.0,30.0,5,2,1,0,1,"[1.0, 0.0, 0.0, 0.0, 1.0]","[0.511106, 0.0, 0.0, 0.0, 0.088724]","[1, 0, 0, 0, 1]","[1, 0, 0, 0, 0]",3.6447445888738166,3.0430386340270164,0.8375344462965155
194532,187415,10.0,30.0,19,12,6,1,7,"[0.0, 1.0, 1.0, 1.0, 0.0, 1.0, 0.0, 1.0, 1.0, 0.0, 1.0, 0.0, 1.0, 0.0, 0.0, 1.0, 1.0, 1.0, 1.0]","[0.238146, 0.612364, 0.349032, 0.439672, 0.570363, 0.61151, 0.302542, 0.642754, 0.258241, 0.181234, 0.47636, 0.0, 0.145224, 0.0, 0.0, 0.146774, 0.502242, 0.565667, 0.381107]","[0, 1, 1, 1, 0, 1, 0, 1, 1, 0, 1, 0, 1, 0, 0, 1, 1, 1, 1]","[0, 1, 0, 0, 1, 1, 0, 1, 0, 0, 0, 0, 0, 0, 0, 0, 1, 1, 0]",3.813404707067371,2.5708593388626353,0.7047282612198436
194969,207559,10.0,30.0,8,5,4,1,2,"[1.0, 0.0, 1.0, 1.0, 0.0, 0.0, 1.0, 1.0]","[0.548669, 0.584422, 0.153268, 0.332795, 0.499058, 0.418337, 0.538541, 0.618658]","[1, 0, 1, 1, 0, 0, 1, 1]","[1, 1, 0, 0, 0, 0, 1, 1]",0.9357177679676041,1.1723374563233018,1.2662947139253267
195214,208946,10.0,30.0,5,2,2,1,1,"[0.0, 1.0, 0.0, 0.0, 1.0]","[0.586064, 0.674964, 0.0, 0.0, 0.154387]","[0, 1, 0, 0, 1]","[1, 1, 0, 0, 0]",1.1094801464806896,1.3793655708144454,1.2453622363708412
196430,183658,10.0,30.0,10,4,4,1,1,"[0.0, 1.0, 0.0, 0.0, 0.0, 0.0, 1.0, 1.0, 0.0, 1.0]","[0.370007, 0.331182, 0.0, 0.0, 0.0, 0.0, 1.0, 1.0, 0.501059, 0.598438]","[0, 1, 0, 0, 0, 0, 1, 1, 0, 1]","[0, 0, 0, 0, 0, 0, 1, 1, 1, 1]",2.3173904579122726,2.6434304190070774,1.144050685366069
196562,186098,10.0,30.0,7,6,4,0,2,"[1.0, 1.0, 1.0, 1.0, 1.0, 0.0, 1.0]","[0.941243, 0.500448, 0.892448, 0.433689, 1.0, 0.360518, 0.432546]","[1, 1, 1, 1, 1, 0, 1]","[1, 1, 1, 0, 1, 0, 0]",2.4031913505981137,1.7709187359355114,0.740804989089235
196654,200262,10.0,30.0,5,1,3,3,1,"[0.0, 0.0, 0.0, 1.0, 0.0]","[0.611002, 0.0, 0.602187, 0.214944, 0.597945]","[0, 0, 0, 1, 0]","[1, 0, 1, 0, 1]",0.632434304346728,1.4031847502847599,2.235015462581867
196734,181209,10.0,30.0,6,4,6,2,0,"[1.0, 1.0, 1.0, 1.0, 0.0, 0.0]","[0.512673, 0.567853, 0.530986, 0.544439, 0.624812, 0.577269]","[1, 1, 1, 1, 0, 0]","[1, 1, 1, 1, 1, 1]",1.5052644695180817,2.0739194566653785,1.387474303661702
196748,180959,10.0,30.0,5,2,4,3,1,"[1.0, 0.0, 0.0, 0.0, 1.0]","[0.611947, 0.616671, 0.50445, 0.617805, 0.043993]","[1, 0, 0, 0, 1]","[1, 1, 1, 1, 0]",1.2303767965802235,2.0121807738628434,1.637113626573423
197652,203951,10.0,30.0,7,5,4,1,2,"[1.0, 0.0, 1.0, 1.0, 1.0, 1.0, 0.0]","[0.854896, 0.0, 0.590708, 0.025431, 0.425329, 0.578649, 0.595687]","[1, 0, 1, 1, 1, 1, 0]","[1, 0, 1, 0, 0, 1, 1]",2.2017434983795585,1.5445119205886926,0.7089593306266488
198242,189050,10.0,30.0,4,3,1,1,3,"[1.0, 0.0, 1.0, 1.0]","[0.348594, 0.576234, 0.475448, 0.453761]","[1, 0, 1, 1]","[0, 1, 0, 0]",1.1188037279980818,0.6468483101329754,0.5800246364432137
198864,197551,10.0,30.0,5,1,3,2,0,"[0.0, 1.0, 0.0, 0.0, 0.0]","[0.567239, 0.583041, 0.625888, 0.439853, 0.19405]","[0, 1, 0, 0, 0]","[1, 1, 1, 0, 0]",1.4671249801397064,3.5210029683997397,2.4118619476361753
198910,188914,10.0,30.0,10,6,0,0,6,"[0.0, 0.0, 1.0, 1.0, 1.0, 1.0, 1.0, 1.0, 0.0, 0.0]","[0.0, 0.0, 0.192138, 0.402734, 0.421423, 0.189711, 0.006104, 0.013308, 0.0, 0.0]","[0, 0, 1, 1, 1, 1, 1, 1, 0, 0]","[0, 0, 0, 0, 0, 0, 0, 0, 0, 0]",3.240930231353663,0.3796094177176742,0.11820506974121052
199365,195486,10.0,30.0,4,2,1,0,1,"[1.0, 0.0, 0.0, 1.0]","[0.459698, 0.299724, 0.490252, 0.718115]","[1, 0, 0, 1]","[0, 0, 0, 1]",2.4897397318193075,1.8681145654635087,0.7557593100411968
199521,190468,10.0,30.0,6,3,3,1,1,"[1.0, 0.0, 0.0, 1.0, 0.0, 1.0]","[0.155588, 0.0, 0.482081, 0.619479, 0.581365, 0.629027]","[1, 0, 0, 1, 0, 1]","[0, 0, 0, 1, 1, 1]",1.2854271824029877,1.2536510502939726,0.9826546339435849
199599,194835,10.0,30.0,9,2,2,1,1,"[1.0, 1.0, 0.0, 0.0, 0.0, 0.0, 0.0, 0.0, 0.0]","[0.548758, 0.104962, 0.0, 0.0, 0.625228, 0.0, 0.020731, 0.440074, 0.374163]","[1, 1, 0, 0, 0, 0, 0, 0, 0]","[1, 0, 0, 0, 1, 0, 0, 0, 0]",0.912065462936108,1.0835906768936316,1.1913945224369478
199879,192945,10.0,30.0,11,6,7,3,2,"[1.0, 1.0, 1.0, 0.0, 1.0, 0.0, 1.0, 0.0, 1.0, 0.0, 0.0]","[0.251144, 0.527484, 0.481163, 0.0, 0.504358, 0.541579, 1.0, 0.55523, 0.567834, 0.0, 0.625567]","[1, 1, 1, 0, 1, 0, 1, 0, 1, 0, 0]","[0, 1, 0, 0, 1, 1, 1, 1, 1, 0, 1]",1.752341395656637,2.1623882253485553,1.245367444275929
199932,195364,10.0,30.0,6,2,2,1,1,"[0.0, 0.0, 0.0, 0.0, 1.0, 1.0]","[0.569771, 0.484765, 0.485874, 0.474265, 0.553617, 0.416312]","[0, 0, 0, 0, 1, 1]","[1, 0, 0, 0, 1, 0]",1.8897575018523494,1.529349315164299,0.8120298612369309
200132,185914,10.0,30.0,6,3,5,2,0,"[1.0, 0.0, 1.0, 0.0, 0.0, 1.0]","[0.885898, 0.568183, 0.899233, 0.536907, 0.124631, 0.552633]","[1, 0, 1, 0, 0, 1]","[1, 1, 1, 1, 0, 1]",1.124574092101589,1.5113615648663639,1.3487667278698494
200462,204393,10.0,30.0,7,4,4,2,2,"[0.0, 1.0, 1.0, 1.0, 1.0, 0.0, 0.0]","[0.588572, 0.061879, 0.481836, 0.527195, 0.616926, 0.614834, 0.439694]","[0, 1, 1, 1, 1, 0, 0]","[1, 0, 0, 1, 1, 1, 0]",1.2377832737792454,1.5485418193726508,1.270883739977753
200586,209048,10.0,30.0,4,2,2,0,0,"[1.0, 0.0, 0.0, 1.0]","[0.529966, 0.314846, 0.369385, 0.543467]","[1, 0, 0, 1]","[1, 0, 0, 1]",1.0216994104343216,1.0216994104343216,1.0076633241491244
201258,187071,10.0,30.0,5,3,4,1,0,"[0.0, 1.0, 1.0, 0.0, 1.0]","[0.564857, 1.0, 1.0, 0.0, 0.617898]","[0, 1, 1, 0, 1]","[1, 1, 1, 0, 1]",1.4850781228585155,2.126695354337257,1.443780335302435
201281,199420,10.0,30.0,10,6,7,2,1,"[1.0, 0.0, 1.0, 1.0, 0.0, 1.0, 1.0, 0.0, 1.0, 0.0]","[0.548357, 0.364068, 0.428668, 0.963816, 0.329383, 0.955021, 0.977639, 0.53089, 0.553936, 0.584323]","[1, 0, 1, 1, 0, 1, 1, 0, 1, 0]","[1, 0, 0, 1, 0, 1, 1, 1, 1, 1]",1.619040294536289,1.9840945996777237,1.2418176059667072
201521,209101,10.0,30.0,5,3,2,0,1,"[1.0, 1.0, 0.0, 1.0, 0.0]","[0.695319, 0.415713, 0.0, 0.538097, 0.0]","[1, 1, 0, 1, 0]","[1, 0, 0, 1, 0]",2.1892663654162368,1.4250771890225087,0.6739524369018821
202328,190143,10.0,30.0,5,2,2,0,0,"[0.0, 1.0, 0.0, 0.0, 1.0]","[0.127437, 0.565009, 0.443389, 0.444353, 0.510903]","[0, 1, 0, 0, 1]","[0, 1, 0, 0, 1]",1.293556776455307,1.293556776455307,1.0018420122760372
202571,195398,10.0,30.0,5,4,4,1,1,"[1.0, 1.0, 1.0, 0.0, 1.0]","[0.396314, 0.575037, 0.60952, 0.587869, 0.535847]","[1, 1, 1, 0, 1]","[0, 1, 1, 1, 1]",0.751905875569516,0.8729288007087579,1.172373591233133
203038,207594,10.0,30.0,15,9,9,2,2,"[1.0, 0.0, 1.0, 0.0, 0.0, 1.0, 1.0, 1.0, 1.0, 0.0, 1.0, 1.0, 0.0, 0.0, 1.0]","[0.574772, 0.548791, 0.476613, 0.0, 0.394453, 0.317706, 0.892482, 0.960211, 0.607125, 0.0, 0.755554, 1.0, 0.55605, 0.0, 0.562747]","[1, 0, 1, 0, 0, 1, 1, 1, 1, 0, 1, 1, 0, 0, 1]","[1, 1, 0, 0, 0, 0, 1, 1, 1, 0, 1, 1, 1, 0, 1]",2.7686344004505745,3.5902473346465,1.3023533938629648
203171,197644,10.0,30.0,3,1,1,0,0,"[1.0, 0.0, 0.0]","[0.571791, 0.0, 0.0]","[1, 0, 0]","[1, 0, 0]",0.5090846544142453,0.5090846544142453,1.0169541314807207
203300,206195,10.0,30.0,5,3,3,0,0,"[0.0, 1.0, 1.0, 1.0, 0.0]","[0.0, 1.0, 1.0, 0.621073, 0.304256]","[0, 1, 1, 1, 0]","[0, 1, 1, 1, 0]",0.9164351167519311,0.9164351167519311,1.0029355586757058
203710,206592,10.0,30.0,8,5,4,0,1,"[1.0, 1.0, 0.0, 1.0, 0.0, 1.0, 1.0, 0.0]","[0.286961, 0.619526, 0.43506, 0.801192, 0.0, 0.942151, 0.582939, 0.397096]","[1, 1, 0, 1, 0, 1, 1, 0]","[0, 1, 0, 1, 0, 1, 1, 0]",1.4841866228446592,1.2233352147752168,0.8379357433734798
203919,187736,10.0,30.0,6,3,1,0,2,"[1.0, 0.0, 1.0, 0.0, 0.0, 1.0]","[0.586147, 0.0, 0.199093, 0.0, 0.0, 0.41195]","[1, 0, 1, 0, 0, 1]","[1, 0, 0, 0, 0, 0]",1.616590150546727,0.6147399748819582,0.381237337896204
203964,196350,10.0,30.0,8,4,5,2,1,"[0.0, 1.0, 1.0, 1.0, 0.0, 0.0, 1.0, 0.0]","[0.613802, 0.571458, 0.502468, 0.525834, 0.487247, 0.235708, 0.107377, 0.568544]","[0, 1, 1, 1, 0, 0, 1, 0]","[1, 1, 1, 1, 0, 0, 0, 1]",1.5154956095606311,1.9709059641865156,1.3247369328965646
204120,188861,10.0,30.0,4,1,1,0,0,"[0.0, 1.0, 0.0, 0.0]","[0.394656, 0.523601, 0.391263, 0.0]","[0, 1, 0, 0]","[0, 1, 0, 0]",1.3692745658192838,1.3692745658192838,1.0044875599870542
204194,205064,10.0,30.0,6,3,3,1,1,"[1.0, 0.0, 0.0, 1.0, 1.0, 0.0]","[0.055732, 0.502779, 0.32791, 0.781423, 1.0, 0.0]","[1, 0, 0, 1, 1, 0]","[0, 1, 0, 1, 1, 0]",0.914066192569595,0.7707397654375103,0.844773941464534
204883,200512,10.0,30.0,14,6,5,0,1,"[0.0, 1.0, 0.0, 1.0, 0.0, 1.0, 1.0, 0.0, 1.0, 0.0, 0.0, 0.0, 1.0, 0.0]","[0.08215, 0.428361, 0.0, 1.0, 0.0, 1.0, 1.0, 0.0, 1.0, 0.405635, 0.0, 0.0, 0.612813, 0.079645]","[0, 1, 0, 1, 0, 1, 1, 0, 1, 0, 0, 0, 1, 0]","[0, 0, 0, 1, 0, 1, 1, 0, 1, 0, 0, 0, 1, 0]",5.356489087366031,4.966398775273541,0.9363356947902174
205300,191467,10.0,30.0,8,4,4,1,1,"[1.0, 1.0, 0.0, 0.0, 1.0, 0.0, 0.0, 1.0]","[1.0, 1.0, 0.0, 0.146005, 0.561507, 0.58097, 0.0, 0.476057]","[1, 1, 0, 0, 1, 0, 0, 1]","[1, 1, 0, 0, 1, 1, 0, 0]",1.6200950157697556,1.6950590662503686,1.0535983703319436
205327,192314,10.0,30.0,5,2,3,3,2,"[1.0, 1.0, 0.0, 0.0, 0.0]","[0.481007, 0.311472, 0.574243, 0.527392, 0.529082]","[1, 1, 0, 0, 0]","[0, 0, 1, 1, 1]",0.2006276565495691,0.8028322968941807,4.008368673955477
205559,199162,10.0,30.0,8,3,3,0,0,"[0.0, 1.0, 1.0, 0.0, 0.0, 1.0, 0.0, 0.0]","[0.0, 0.745153, 0.943507, 0.0, 0.486243, 1.0, 0.0, 0.0]","[0, 1, 1, 0, 0, 1, 0, 0]","[0, 1, 1, 0, 0, 1, 0, 0]",2.7044351226650205,2.7044351226650205,1.0038113789875536
205643,189193,10.0,30.0,12,7,6,3,4,"[0.0, 1.0, 1.0, 1.0, 1.0, 0.0, 1.0, 0.0, 0.0, 1.0, 0.0, 1.0]","[0.552992, 0.099101, 0.037968, 0.382209, 0.012851, 0.549507, 0.603337, 0.524706, 0.491386, 0.625447, 0.422583, 0.609073]","[0, 1, 1, 1, 1, 0, 1, 0, 0, 1, 0, 1]","[1, 0, 0, 0, 0, 1, 1, 1, 0, 1, 0, 1]",3.101090872126953,3.544741384107417,1.155542453798485
206314,189443,10.0,30.0,12,3,6,3,0,"[1.0, 1.0, 0.0, 0.0, 0.0, 0.0, 0.0, 0.0, 0.0, 0.0, 1.0, 0.0]","[0.538916, 0.550237, 0.629465, 0.427264, 0.376873, 0.547524, 0.609322, 0.0, 0.453907, 0.366179, 0.591454, 0.0]","[1, 1, 0, 0, 0, 0, 0, 0, 0, 0, 1, 0]","[1, 1, 1, 0, 0, 1, 1, 0, 0, 0, 1, 0]",2.0809594630971175,3.437544559566509,1.690722315540479
206930,184305,10.0,30.0,6,4,5,2,1,"[1.0, 1.0, 1.0, 1.0, 0.0, 0.0]","[0.560553, 0.506281, 0.621271, 0.302701, 0.501025, 0.613714]","[1, 1, 1, 1, 0, 0]","[1, 1, 1, 0, 1, 1]",1.7154923048810975,2.440168443171272,1.434475106559509
207423,186224,10.0,30.0,4,2,2,1,1,"[0.0, 0.0, 1.0, 1.0]","[0.012093, 0.599802, 0.625495, 0.065299]","[0, 0, 1, 1]","[0, 1, 1, 0]",0.8259317485463354,0.8569772345510753,1.0400159223009555
207475,192618,10.0,30.0,5,2,2,1,1,"[1.0, 1.0, 0.0, 0.0, 0.0]","[0.45807, 0.666097, 0.571673, 0.284294, 0.380951]","[1, 1, 0, 0, 0]","[0, 1, 1, 0, 0]",0.8792259254211634,0.6068427737878672,0.6921623820182097
207836,184831,10.0,30.0,4,2,1,1,2,"[0.0, 0.0, 1.0, 1.0]","[0.588928, 0.478459, 0.488039, 0.477309]","[0, 0, 1, 1]","[1, 0, 0, 0]",0.8873538536132757,0.6778963772574629,0.7787038547408968
208093,203811,10.0,30.0,6,4,3,0,1,"[1.0, 0.0, 1.0, 0.0, 1.0, 1.0]","[0.354229, 0.0, 0.893373, 0.0, 1.0, 0.717796]","[1, 0, 1, 0, 1, 1]","[0, 0, 1, 0, 1, 1]",3.135315397336999,2.4749190461086297,0.7906530047203977
208904,200676,10.0,30.0,11,5,4,1,2,"[1.0, 1.0, 0.0, 1.0, 0.0, 0.0, 1.0, 0.0, 0.0, 1.0, 0.0]","[0.024442, 0.011897, 0.27812, 1.0, 0.552351, 0.0, 0.593938, 0.2053, 0.099808, 0.683099, 0.0]","[1, 1, 0, 1, 0, 0, 1, 0, 0, 1, 0]","[0, 0, 0, 1, 1, 0, 1, 0, 0, 1, 0]",3.422680825932712,2.926043965885568,0.8616637588996213
208966,196199,10.0,30.0,7,4,2,0,2,"[0.0, 1.0, 1.0, 1.0, 0.0, 0.0, 1.0]","[0.471938, 0.530538, 0.599597, 0.424245, 0.0, 0.0, 0.04577]","[0, 1, 1, 1, 0, 0, 1]","[0, 1, 1, 0, 0, 0, 0]",1.4405262350925365,0.6906008122443121,0.4816573817412523
208976,188476,10.0,30.0,5,3,5,2,0,"[0.0, 0.0, 1.0, 1.0, 1.0]","[0.510061, 0.61231, 0.52556, 0.615002, 0.565211]","[0, 0, 1, 1, 1]","[1, 1, 1, 1, 1]",1.2326579509944042,2.1904237111501725,1.8208269637823282
209495,189342,10.0,30.0,4,2,4,2,0,"[1.0, 0.0, 1.0, 0.0]","[0.631812, 0.620091, 0.576603, 0.634114]","[1, 0, 1, 0]","[1, 1, 1, 1]",1.0005348172133366,1.7237394496200842,1.7300379155864005
209709,184968,10.0,30.0,10,6,4,0,2,"[1.0, 0.0, 0.0, 1.0, 0.0, 0.0, 1.0, 1.0, 1.0, 1.0]","[0.918316, 0.0, 0.0, 0.041909, 0.0, 0.0, 0.555035, 0.025201, 0.540862, 0.609064]","[1, 0, 0, 1, 0, 0, 1, 1, 1, 1]","[1, 0, 0, 0, 0, 0, 1, 0, 1, 1]",1.7467054007923886,1.2481901319478117,0.7377661048666219
210209,180231,10.0,30.0,7,3,3,0,0,"[1.0, 0.0, 0.0, 0.0, 1.0, 1.0, 0.0]","[1.0, 0.0, 0.378235, 0.0, 1.0, 0.604455, 0.203744]","[1, 0, 0, 0, 1, 1, 0]","[1, 0, 0, 0, 1, 1, 0]",1.0665700221371255,1.0665700221371255,1.0158660578998187
180164,197248,10.0,50.0,4,2,2,0,0,"[1.0, 0.0, 1.0, 0.0]","[0.641156, 0.458964, 0.639082, 0.0]","[1, 0, 1, 0]","[1, 0, 1, 0]",1.3503350694748417,1.3503350694748417,1.0083629333164386
180236,203656,10.0,50.0,8,3,3,2,2,"[0.0, 1.0, 1.0, 0.0, 0.0, 1.0, 0.0, 0.0]","[0.139762, 0.89504, 0.047682, 0.681913, 0.580901, 0.13806, 0.0, 0.135685]","[0, 1, 1, 0, 0, 1, 0, 0]","[0, 1, 0, 1, 1, 0, 0, 0]",1.5000173534132406,1.9726682693089872,1.32124603275685
180329,189548,10.0,50.0,4,2,1,0,1,"[1.0, 1.0, 0.0, 0.0]","[0.411288, 0.557736, 0.376381, 0.402886]","[1, 1, 0, 0]","[0, 1, 0, 0]",1.3000633885575328,0.5645558148246044,0.4380648114419991
180687,187024,10.0,50.0,7,4,2,0,2,"[1.0, 0.0, 1.0, 0.0, 0.0, 1.0, 1.0]","[0.498372, 0.374148, 1.0, 0.0, 0.0, 0.476246, 0.521748]","[1, 0, 1, 0, 0, 1, 1]","[0, 0, 1, 0, 0, 0, 1]",1.6253912852413142,0.8886309294757755,0.5495719553156115
180723,207048,10.0,50.0,10,5,6,2,1,"[0.0, 0.0, 0.0, 1.0, 0.0, 1.0, 1.0, 1.0, 0.0, 1.0]","[0.570508, 0.302708, 0.286404, 0.952962, 0.566105, 0.905989, 1.0, 0.258723, 0.0, 1.0]","[0, 0, 0, 1, 0, 1, 1, 1, 0, 1]","[1, 0, 0, 1, 1, 1, 1, 0, 0, 1]",4.400504749829486,4.505221101880804,1.0337540518721502
180815,206160,10.0,50.0,14,7,7,1,1,"[1.0, 0.0, 1.0, 1.0, 0.0, 1.0, 0.0, 0.0, 1.0, 0.0, 0.0, 0.0, 1.0, 1.0]","[0.910336, 0.0, 0.484714, 0.828023, 0.313944, 1.0, 0.0, 0.44185, 0.768475, 0.0, 0.128387, 0.560563, 0.845172, 1.0]","[1, 0, 1, 1, 0, 1, 0, 0, 1, 0, 0, 0, 1, 1]","[1, 0, 0, 1, 0, 1, 0, 0, 1, 0, 0, 1, 1, 1]",2.485215616303847,2.3032111573692524,0.985144045244082
180834,205125,10.0,50.0,5,3,2,0,1,"[0.0, 0.0, 1.0, 1.0, 1.0]","[0.463842, 0.44954, 0.652335, 0.491744, 0.616645]","[0, 0, 1, 1, 1]","[0, 0, 1, 0, 1]",2.04071236596328,0.8048758649048684,0.3957560584903901
181002,188173,10.0,50.0,9,4,4,0,0,"[1.0, 0.0, 0.0, 0.0, 0.0, 1.0, 1.0, 1.0, 0.0]","[0.647703, 0.0, 0.0, 0.0, 0.0, 1.0, 1.0, 1.0, 0.0]","[1, 0, 0, 0, 0, 1, 1, 1, 0]","[1, 0, 0, 0, 0, 1, 1, 1, 0]",1.7103073873347658,1.7103073873347658,1.0063469966970993
181023,208822,10.0,50.0,4,2,2,1,1,"[0.0, 1.0, 1.0, 0.0]","[0.586709, 0.563262, 0.21788, 0.347193]","[0, 1, 1, 0]","[1, 1, 0, 0]",1.3152556806315001,1.487418292677952,1.142878570903216
181295,210119,10.0,50.0,9,5,3,0,2,"[0.0, 1.0, 1.0, 1.0, 0.0, 1.0, 0.0, 0.0, 1.0]","[0.0, 1.0, 0.626626, 0.413641, 0.0, 0.329008, 0.0, 0.0, 1.0]","[0, 1, 1, 1, 0, 1, 0, 0, 1]","[0, 1, 1, 0, 0, 0, 0, 0, 1]",3.008892835511307,1.955400109042499,0.6608041854592394
181588,206273,10.0,50.0,8,4,4,3,3,"[0.0, 1.0, 1.0, 0.0, 0.0, 0.0, 1.0, 1.0]","[0.582097, 0.452544, 0.51417, 0.608075, 0.509354, 0.037012, 0.01283, 0.110474]","[0, 1, 1, 0, 0, 0, 1, 1]","[1, 0, 1, 1, 1, 0, 0, 0]",1.0663860012584387,1.4603092016064867,1.3963268447011257
182072,199843,10.0,50.0,7,4,1,0,3,"[1.0, 1.0, 1.0, 0.0, 0.0, 1.0, 0.0]","[0.456027, 0.429108, 0.575953, 0.0, 0.0, 0.121665, 0.326013]","[1, 1, 1, 0, 0, 1, 0]","[0, 0, 1, 0, 0, 0, 0]",3.3702220490220873,1.05244548891844,0.3133174586557
182354,185997,10.0,50.0,10,5,5,1,1,"[1.0, 1.0, 0.0, 0.0, 1.0, 1.0, 0.0, 0.0, 0.0, 1.0]","[0.434919, 0.692838, 0.366734, 0.0, 1.0, 1.0, 0.581592, 0.0, 0.0, 1.0]","[1, 1, 0, 0, 1, 1, 0, 0, 0, 1]","[0, 1, 0, 0, 1, 1, 1, 0, 0, 1]",2.7841428864838265,2.402470542459175,0.8651609785545138
182369,181607,10.0,50.0,5,1,0,0,1,"[0.0, 0.0, 1.0, 0.0, 0.0]","[0.0, 0.0, 0.467602, 0.0, 0.0]","[0, 0, 1, 0, 0]","[0, 0, 0, 0, 0]",1.890689514944936,0.7870588156692516,0.4172377799752218
182581,208651,10.0,50.0,4,3,0,0,3,"[1.0, 1.0, 0.0, 1.0]","[0.488118, 0.049069, 0.0, 0.488404]","[1, 1, 0, 1]","[0, 0, 0, 0]",1.2466489006211838,0.1230608838388404,0.09907967184684996
182967,198780,10.0,50.0,10,6,6,4,4,"[0.0, 1.0, 0.0, 1.0, 1.0, 1.0, 1.0, 0.0, 1.0, 0.0]","[0.57483, 0.380104, 0.521101, 0.439096, 0.51466, 0.357316, 0.43333, 0.602393, 0.60918, 0.567378]","[0, 1, 0, 1, 1, 1, 1, 0, 1, 0]","[1, 0, 1, 0, 1, 0, 0, 1, 1, 1]",1.888907079208392,2.157241849795309,1.1625194974285773
183423,197906,10.0,50.0,7,2,2,1,1,"[0.0, 1.0, 0.0, 0.0, 0.0, 1.0, 0.0]","[0.592937, 0.568868, 0.0, 0.25428, 0.326939, 0.460979, 0.0]","[0, 1, 0, 0, 0, 1, 0]","[1, 1, 0, 0, 0, 0, 0]",1.277267934628681,1.3760190588476129,1.080933468005628
183796,186882,10.0,50.0,11,5,5,2,2,"[0.0, 0.0, 0.0, 1.0, 0.0, 1.0, 0.0, 1.0, 1.0, 1.0, 0.0]","[0.549233, 0.48414, 0.0, 1.0, 0.0, 1.0, 0.0, 0.405684, 0.357458, 1.0, 0.503304]","[0, 0, 0, 1, 0, 1, 0, 1, 1, 1, 0]","[1, 0, 0, 1, 0, 1, 0, 0, 0, 1, 1]",2.004656692239265,1.7165880354125456,0.8676302887604754
184015,184061,10.0,50.0,7,5,5,1,1,"[1.0, 0.0, 1.0, 1.0, 1.0, 0.0, 1.0]","[0.587257, 0.624701, 0.507601, 0.568161, 0.771201, 0.0, 0.363455]","[1, 0, 1, 1, 1, 0, 1]","[1, 1, 1, 1, 1, 0, 0]",1.7220825838071119,1.7568049821553744,1.028971078065906
184033,189853,10.0,50.0,7,2,5,5,2,"[1.0, 0.0, 0.0, 1.0, 0.0, 0.0, 0.0]","[0.398761, 0.607421, 0.586924, 0.120968, 0.51554, 0.610015, 0.618073]","[1, 0, 0, 1, 0, 0, 0]","[0, 1, 1, 0, 1, 1, 1]",1.2074199308863212,2.4582587672133887,2.039210349601414
184090,195582,10.0,50.0,9,6,4,0,2,"[0.0, 1.0, 0.0, 1.0, 1.0, 1.0, 0.0, 1.0, 1.0]","[0.261126, 1.0, 0.0, 1.0, 0.947506, 0.09288, 0.0, 0.521847, 0.088872]","[0, 1, 0, 1, 1, 1, 0, 1, 1]","[0, 1, 0, 1, 1, 0, 0, 1, 0]",5.504358321570608,2.5555137955225673,0.46732954866167437
184709,196154,10.0,50.0,5,2,4,3,1,"[1.0, 0.0, 1.0, 0.0, 0.0]","[0.591108, 0.633567, 0.430718, 0.594659, 0.515002]","[1, 0, 1, 0, 0]","[1, 1, 0, 1, 1]",1.0905231466271232,2.1921603434669565,2.02132616074395
185337,193957,10.0,50.0,4,3,1,0,2,"[1.0, 1.0, 1.0, 0.0]","[0.138435, 0.448125, 0.574226, 0.286097]","[1, 1, 1, 0]","[0, 0, 1, 0]",1.4900048388367595,0.6214692478624748,0.4187140849305524
185785,189513,10.0,50.0,5,1,3,3,1,"[0.0, 0.0, 0.0, 1.0, 0.0]","[0.438848, 0.566903, 0.548168, 0.409982, 0.62617]","[0, 0, 0, 1, 0]","[0, 1, 1, 0, 1]",1.096883275055878,1.382509541900719,1.2625277338322807
185875,206473,10.0,50.0,23,11,7,2,6,"[0.0, 0.0, 0.0, 0.0, 1.0, 1.0, 0.0, 1.0, 0.0, 0.0, 1.0, 0.0, 1.0, 1.0, 0.0, 1.0, 1.0, 1.0, 1.0, 0.0, 0.0, 0.0, 1.0]","[0.550799, 0.29544, 0.498857, 0.484626, 0.486709, 0.445682, 0.55207, 0.395701, 0.286199, 0.37878, 0.582307, 0.48723, 0.882874, 0.413481, 0.369065, 0.204313, 0.457521, 0.724473, 1.0, 0.0, 0.0, 0.0, 1.0]","[0, 0, 0, 0, 1, 1, 0, 1, 0, 0, 1, 0, 1, 1, 0, 1, 1, 1, 1, 0, 0, 0, 1]","[1, 0, 0, 0, 0, 0, 1, 0, 0, 0, 1, 0, 1, 0, 0, 0, 0, 1, 1, 0, 0, 0, 1]",4.886928355255206,3.3192271381611795,0.7316470393875089
186117,200624,10.0,50.0,6,3,4,2,1,"[0.0, 0.0, 1.0, 1.0, 0.0, 1.0]","[0.554312, 0.433359, 0.589859, 0.395643, 0.629406, 0.618561]","[0, 0, 1, 1, 0, 1]","[1, 0, 1, 0, 1, 1]",1.2084231400862042,1.4746069878759698,1.2275147707626097
186198,204134,10.0,50.0,4,2,1,1,2,"[1.0, 1.0, 0.0, 0.0]","[0.035932, 0.064132, 0.0, 0.622247]","[1, 1, 0, 0]","[0, 0, 0, 1]",1.1375601839142244,0.9978396707682631,0.8806973540296937
186356,189091,10.0,50.0,11,6,5,1,2,"[0.0, 0.0, 1.0, 1.0, 1.0, 1.0, 1.0, 0.0, 1.0, 0.0, 0.0]","[0.420235, 0.0, 0.575493, 0.576428, 0.499095, 0.558144, 0.109586, 0.0, 0.574193, 0.565102, 0.433834]","[0, 0, 1, 1, 1, 1, 1, 0, 1, 0, 0]","[0, 0, 1, 1, 0, 1, 0, 0, 1, 1, 0]",2.35684050341058,2.2080041568376085,0.9452858708037299
186407,182154,10.0,50.0,11,7,5,0,2,"[1.0, 1.0, 0.0, 0.0, 1.0, 0.0, 0.0, 1.0, 1.0, 1.0, 1.0]","[1.0, 1.0, 0.0, 0.0, 0.418935, 0.367742, 0.389965, 0.778447, 1.0, 0.115563, 0.541972]","[1, 1, 0, 0, 1, 0, 0, 1, 1, 1, 1]","[1, 1, 0, 0, 0, 0, 0, 1, 1, 0, 1]",2.2899527895725864,1.8580180959159147,0.8982923175998738
186810,208210,10.0,50.0,6,3,2,0,1,"[1.0, 0.0, 1.0, 0.0, 1.0, 0.0]","[0.639365, 0.246147, 0.052045, 0.0, 0.832483, 0.419824]","[1, 0, 1, 0, 1, 0]","[1, 0, 0, 0, 1, 0]",1.5429417425142504,1.5044359802335971,0.995597740362476
187212,192870,10.0,50.0,4,3,1,0,2,"[1.0, 1.0, 1.0, 0.0]","[0.306914, 0.412841, 0.626121, 0.126541]","[1, 1, 1, 0]","[0, 0, 1, 0]",1.0349589618918746,0.3316445770185195,0.32398112912640104
187417,207485,10.0,50.0,9,5,4,0,1,"[1.0, 1.0, 0.0, 0.0, 1.0, 0.0, 1.0, 1.0, 0.0]","[0.447369, 0.642497, 0.468866, 0.0, 1.0, 0.154645, 1.0, 1.0, 0.0]","[1, 1, 0, 0, 1, 0, 1, 1, 0]","[0, 1, 0, 0, 1, 0, 1, 1, 0]",6.94984716193321,5.6783024391177115,0.821558239878614
188013,194919,10.0,50.0,14,7,7,1,1,"[0.0, 1.0, 0.0, 1.0, 1.0, 1.0, 1.0, 0.0, 0.0, 0.0, 0.0, 0.0, 1.0, 1.0]","[0.0, 1.0, 0.0, 1.0, 1.0, 1.0, 1.0, 0.338785, 0.236266, 0.0, 0.0, 0.543011, 1.0, 0.344996]","[0, 1, 0, 1, 1, 1, 1, 0, 0, 0, 0, 0, 1, 1]","[0, 1, 0, 1, 1, 1, 1, 0, 0, 0, 0, 1, 1, 0]",2.030727725621682,1.7004902940155144,0.8489216902299255
189027,190257,10.0,50.0,10,5,4,1,2,"[0.0, 1.0, 0.0, 0.0, 0.0, 1.0, 0.0, 1.0, 1.0, 1.0]","[0.244448, 0.693718, 0.544008, 0.418303, 0.0, 1.0, 0.0, 1.0, 0.471819, 0.499378]","[0, 1, 0, 0, 0, 1, 0, 1, 1, 1]","[0, 1, 1, 0, 0, 1, 0, 1, 0, 0]",1.7231368189640917,1.5668570141699103,0.9163786320075228
189143,193722,10.0,50.0,7,6,3,0,3,"[1.0, 1.0, 1.0, 1.0, 0.0, 1.0, 1.0]","[0.594202, 0.399819, 0.345118, 0.627283, 0.0, 0.614338, 0.242777]","[1, 1, 1, 1, 0, 1, 1]","[1, 0, 0, 1, 0, 1, 0]",2.2624827365965325,1.1635083288548353,0.5161708291783442
189265,184120,10.0,50.0,3,1,1,1,1,"[0.0, 1.0, 0.0]","[0.388734, 0.438641, 0.547399]","[0, 1, 0]","[0, 0, 1]",0.6659566324703287,0.5970459563096207,0.9023275112429814
189415,192019,10.0,50.0,4,1,3,2,0,"[0.0, 0.0, 0.0, 1.0]","[0.579509, 0.480032, 0.590822, 0.622473]","[0, 0, 0, 1]","[1, 0, 1, 1]",0.6447041095006346,1.8686176682773987,2.9061644288576356
189500,185042,10.0,50.0,9,4,3,0,1,"[0.0, 1.0, 0.0, 1.0, 0.0, 1.0, 0.0, 0.0, 1.0]","[0.385401, 0.51597, 0.0, 0.175674, 0.0, 0.756675, 0.0, 0.0, 0.740784]","[0, 1, 0, 1, 0, 1, 0, 0, 1]","[0, 1, 0, 0, 0, 1, 0, 0, 1]",2.4319789532021403,2.229897007835544,0.9204634898089946
190073,201891,10.0,50.0,10,4,3,1,2,"[0.0, 1.0, 1.0, 0.0, 0.0, 0.0, 1.0, 0.0, 0.0, 1.0]","[0.417831, 0.252913, 0.749611, 0.0, 0.617552, 0.448282, 0.579156, 0.046786, 0.412921, 0.221167]","[0, 1, 1, 0, 0, 0, 1, 0, 0, 1]","[0, 0, 1, 0, 1, 0, 1, 0, 0, 0]",3.0597045339056397,2.6051101137466177,0.8576940214300981
190353,181954,10.0,50.0,5,2,2,0,0,"[0.0, 0.0, 1.0, 1.0, 0.0]","[0.0, 0.429112, 0.532369, 1.0, 0.26407]","[0, 0, 1, 1, 0]","[0, 0, 1, 1, 0]",0.7357414751184999,0.7357414751184999,1.0057619091916592
190392,207670,10.0,50.0,6,3,2,0,1,"[1.0, 0.0, 0.0, 0.0, 1.0, 1.0]","[0.529773, 0.0, 0.0, 0.413246, 0.644123, 0.47728]","[1, 0, 0, 0, 1, 1]","[1, 0, 0, 0, 1, 0]",1.5945893567808214,1.2964504478052623,0.8146513325264264
190525,205438,10.0,50.0,5,1,2,1,0,"[0.0, 0.0, 0.0, 0.0, 1.0]","[0.450172, 0.522724, 0.0, 0.0, 0.838882]","[0, 0, 0, 0, 1]","[0, 1, 0, 0, 1]",0.511267040163908,0.833381652594835,1.6333607706100999
190541,188497,10.0,50.0,16,10,7,1,4,"[0.0, 0.0, 1.0, 1.0, 0.0, 0.0, 0.0, 1.0, 1.0, 1.0, 1.0, 1.0, 1.0, 1.0, 0.0, 1.0]","[0.0, 0.501613, 0.11864, 0.675564, 0.365274, 0.261795, 0.286563, 0.767807, 0.603604, 1.0, 0.506536, 0.593439, 0.452573, 0.435146, 0.0, 0.199921]","[0, 0, 1, 1, 0, 0, 0, 1, 1, 1, 1, 1, 1, 1, 0, 1]","[0, 1, 0, 1, 0, 0, 0, 1, 1, 1, 1, 1, 0, 0, 0, 0]",4.129356437975285,3.3409692880825244,0.8181552416394112
191341,181892,10.0,50.0,4,3,2,1,2,"[1.0, 1.0, 0.0, 1.0]","[0.413638, 0.355674, 0.544204, 0.625071]","[1, 1, 0, 1]","[0, 0, 1, 1]",2.916701422157724,2.5173584571206304,0.8660362388724967
191917,186517,10.0,50.0,5,4,4,1,1,"[1.0, 1.0, 1.0, 1.0, 0.0]","[0.579282, 0.492482, 0.609133, 0.510518, 0.550242]","[1, 1, 1, 1, 0]","[1, 0, 1, 1, 1]",1.566234792102183,1.7578520302202683,1.1291963010550412
192816,200992,10.0,50.0,6,3,2,1,2,"[1.0, 0.0, 0.0, 1.0, 0.0, 1.0]","[1.0, 0.0, 0.0, 0.266596, 0.56894, 0.470794]","[1, 0, 0, 1, 0, 1]","[1, 0, 0, 0, 1, 0]",1.8831528294415765,1.5833496490151564,0.8472359249088279
193467,199529,10.0,50.0,5,2,1,1,2,"[0.0, 1.0, 1.0, 0.0, 0.0]","[0.254189, 0.476235, 0.40964, 0.287574, 0.545525]","[0, 1, 1, 0, 0]","[0, 0, 0, 0, 1]",0.5985732774030423,0.3582793842321943,0.6016406004958508
193481,196243,10.0,50.0,30,14,6,0,8,"[1.0, 0.0, 0.0, 0.0, 1.0, 0.0, 1.0, 0.0, 0.0, 0.0, 0.0, 1.0, 0.0, 0.0, 0.0, 0.0, 1.0, 0.0, 1.0, 0.0, 1.0, 1.0, 1.0, 1.0, 1.0, 0.0, 1.0, 0.0, 1.0, 1.0]","[0.557665, 0.474052, 0.0, 0.0, 0.668595, 0.258821, 0.33932, 0.266051, 0.283744, 0.0, 0.0, 0.238643, 0.0, 0.0, 0.0, 0.0, 1.0, 0.0, 0.446595, 0.170264, 0.390838, 0.22333, 0.119854, 0.189422, 0.650156, 0.358591, 0.434549, 0.0, 0.620027, 0.600018]","[1, 0, 0, 0, 1, 0, 1, 0, 0, 0, 0, 1, 0, 0, 0, 0, 1, 0, 1, 0, 1, 1, 1, 1, 1, 0, 1, 0, 1, 1]","[1, 0, 0, 0, 1, 0, 0, 0, 0, 0, 0, 0, 0, 0, 0, 0, 1, 0, 0, 0, 0, 0, 0, 0, 1, 0, 0, 0, 1, 1]",5.562472890855041,3.289322382870724,0.5999532405559889
193709,181631,10.0,50.0,9,5,1,0,4,"[1.0, 0.0, 1.0, 1.0, 0.0, 0.0, 1.0, 0.0, 1.0]","[0.586863, 0.0, 0.460292, 0.30853, 0.0, 0.0, 0.494945, 0.0, 0.498969]","[1, 0, 1, 1, 0, 0, 1, 0, 1]","[1, 0, 0, 0, 0, 0, 0, 0, 0]",1.7931513759953182,0.8670001938107283,0.4895286054619573
194277,200870,10.0,50.0,5,2,1,0,1,"[1.0, 0.0, 0.0, 0.0, 1.0]","[0.501994, 0.0, 0.0, 0.0, 0.139771]","[1, 0, 0, 0, 1]","[1, 0, 0, 0, 0]",3.6447445888738166,3.0430386340270164,0.8375344462965155
194532,187415,10.0,50.0,19,12,7,1,6,"[0.0, 1.0, 1.0, 1.0, 0.0, 1.0, 0.0, 1.0, 1.0, 0.0, 1.0, 0.0, 1.0, 0.0, 0.0, 1.0, 1.0, 1.0, 1.0]","[0.16529, 0.606355, 0.566367, 0.245848, 0.589376, 0.629066, 0.220084, 0.77214, 0.334949, 0.381196, 0.345919, 0.0, 0.218291, 0.0, 0.0, 0.22916, 0.494051, 0.527179, 0.524448]","[0, 1, 1, 1, 0, 1, 0, 1, 1, 0, 1, 0, 1, 0, 0, 1, 1, 1, 1]","[0, 1, 1, 0, 1, 1, 0, 1, 0, 0, 0, 0, 0, 0, 0, 0, 0, 1, 1]",3.813404707067371,2.7925561628217634,0.7655001653473552
194969,207559,10.0,50.0,8,5,2,0,3,"[1.0, 0.0, 1.0, 1.0, 0.0, 0.0, 1.0, 1.0]","[0.488346, 0.495322, 0.168214, 0.343597, 0.465323, 0.397276, 0.582761, 0.569849]","[1, 0, 1, 1, 0, 0, 1, 1]","[0, 0, 0, 0, 0, 0, 1, 1]",0.9357177679676041,0.6115892448481404,0.660605206860513
195214,208946,10.0,50.0,5,2,2,1,1,"[0.0, 1.0, 0.0, 0.0, 1.0]","[0.568769, 0.713001, 0.0, 0.0, 0.215325]","[0, 1, 0, 0, 1]","[1, 1, 0, 0, 0]",1.1094801464806896,1.3793655708144454,1.2453622363708412
196430,183658,10.0,50.0,10,4,3,0,1,"[0.0, 1.0, 0.0, 0.0, 0.0, 0.0, 1.0, 1.0, 0.0, 1.0]","[0.393511, 0.435603, 0.0, 0.0, 0.0, 0.0, 1.0, 1.0, 0.460848, 0.636559]","[0, 1, 0, 0, 0, 0, 1, 1, 0, 1]","[0, 0, 0, 0, 0, 0, 1, 1, 0, 1]",2.3173904579122726,1.8559329346856515,0.8032295197382665
196562,186098,10.0,50.0,7,6,4,0,2,"[1.0, 1.0, 1.0, 1.0, 1.0, 0.0, 1.0]","[1.0, 0.60761, 0.911694, 0.408941, 1.0, 0.312919, 0.447803]","[1, 1, 1, 1, 1, 0, 1]","[1, 1, 1, 0, 1, 0, 0]",2.4031913505981137,1.7709187359355114,0.740804989089235
196654,200262,10.0,50.0,5,1,3,3,1,"[0.0, 0.0, 0.0, 1.0, 0.0]","[0.604373, 0.0, 0.548612, 0.286711, 0.567123]","[0, 0, 0, 1, 0]","[1, 0, 1, 0, 1]",0.632434304346728,1.4031847502847599,2.235015462581867
196734,181209,10.0,50.0,6,4,5,2,1,"[1.0, 1.0, 1.0, 1.0, 0.0, 0.0]","[0.463941, 0.641171, 0.562827, 0.537789, 0.609547, 0.546838]","[1, 1, 1, 1, 0, 0]","[0, 1, 1, 1, 1, 1]",1.5052644695180817,1.5966557143773341,1.0681797542201297
196748,180959,10.0,50.0,5,2,3,2,1,"[1.0, 0.0, 0.0, 0.0, 1.0]","[0.573118, 0.616691, 0.460221, 0.587583, 0.067395]","[1, 0, 0, 0, 1]","[1, 1, 0, 1, 0]",1.2303767965802235,1.5019971540615495,1.2220273843826481
197652,203951,10.0,50.0,7,5,4,1,2,"[1.0, 0.0, 1.0, 1.0, 1.0, 1.0, 0.0]","[0.861664, 0.0, 0.577444, 0.034804, 0.293811, 0.568837, 0.591533]","[1, 0, 1, 1, 1, 1, 0]","[1, 0, 1, 0, 0, 1, 1]",2.2017434983795585,1.5445119205886926,0.7089593306266488
198242,189050,10.0,50.0,4,3,1,1,3,"[1.0, 0.0, 1.0, 1.0]","[0.274667, 0.56686, 0.463631, 0.3538]","[1, 0, 1, 1]","[0, 1, 0, 0]",1.1188037279980818,0.6468483101329754,0.5800246364432137
198864,197551,10.0,50.0,5,1,3,2,0,"[0.0, 1.0, 0.0, 0.0, 0.0]","[0.524096, 0.545821, 0.623697, 0.383448, 0.135013]","[0, 1, 0, 0, 0]","[1, 1, 1, 0, 0]",1.4671249801397064,3.5210029683997397,2.4118619476361753
198910,188914,10.0,50.0,10,6,0,0,6,"[0.0, 0.0, 1.0, 1.0, 1.0, 1.0, 1.0, 1.0, 0.0, 0.0]","[0.0, 0.0, 0.311441, 0.48561, 0.355344, 0.286627, 0.010871, 0.031898, 0.0, 0.0]","[0, 0, 1, 1, 1, 1, 1, 1, 0, 0]","[0, 0, 0, 0, 0, 0, 0, 0, 0, 0]",3.240930231353663,0.3796094177176742,0.11820506974121052
199365,195486,10.0,50.0,4,2,2,1,1,"[1.0, 0.0, 0.0, 1.0]","[0.435631, 0.104968, 0.501047, 0.788815]","[1, 0, 0, 1]","[0, 0, 1, 1]",2.4897397318193075,2.833474101296025,1.1463025188092588
199521,190468,10.0,50.0,6,3,3,1,1,"[1.0, 0.0, 0.0, 1.0, 0.0, 1.0]","[0.234792, 0.0, 0.543267, 0.611781, 0.49986, 0.626783]","[1, 0, 0, 1, 0, 1]","[0, 0, 1, 1, 0, 1]",1.2854271824029877,1.1558454478004476,0.9059912526195956
199599,194835,10.0,50.0,9,2,2,2,2,"[1.0, 1.0, 0.0, 0.0, 0.0, 0.0, 0.0, 0.0, 0.0]","[0.377928, 0.174574, 0.0, 0.0, 0.61412, 0.0, 0.012936, 0.546563, 0.336842]","[1, 1, 0, 0, 0, 0, 0, 0, 0]","[0, 0, 0, 0, 1, 0, 0, 1, 0]",0.912065462936108,1.1526540110903554,1.2673288026202074
199879,192945,10.0,50.0,11,6,5,1,2,"[1.0, 1.0, 1.0, 0.0, 1.0, 0.0, 1.0, 0.0, 1.0, 0.0, 0.0]","[0.427223, 0.530834, 0.54838, 0.0, 0.526542, 0.447781, 1.0, 0.488493, 0.486176, 0.0, 0.620071]","[1, 1, 1, 0, 1, 0, 1, 0, 1, 0, 0]","[0, 1, 1, 0, 1, 0, 1, 0, 0, 0, 1]",1.752341395656637,1.6448842838425775,0.9473254213491092
199932,195364,10.0,50.0,6,2,3,2,1,"[0.0, 0.0, 0.0, 0.0, 1.0, 1.0]","[0.536334, 0.447934, 0.536396, 0.424981, 0.544802, 0.423926]","[0, 0, 0, 0, 1, 1]","[1, 0, 1, 0, 1, 0]",1.8897575018523494,1.9322895644793556,1.0259767414517553
200132,185914,10.0,50.0,6,3,5,2,0,"[1.0, 0.0, 1.0, 0.0, 0.0, 1.0]","[0.914063, 0.51143, 0.983102, 0.532077, 0.0, 0.608274]","[1, 0, 1, 0, 0, 1]","[1, 1, 1, 1, 0, 1]",1.124574092101589,1.5113615648663639,1.3487667278698494
200462,204393,10.0,50.0,7,4,3,2,3,"[0.0, 1.0, 1.0, 1.0, 1.0, 0.0, 0.0]","[0.556192, 0.099985, 0.447896, 0.482955, 0.594996, 0.57686, 0.305543]","[0, 1, 1, 1, 1, 0, 0]","[1, 0, 0, 0, 1, 1, 0]",1.2377832737792454,1.1508011676492043,0.9444591509354856
200586,209048,10.0,50.0,4,2,2,0,0,"[1.0, 0.0, 0.0, 1.0]","[0.541255, 0.15757, 0.169045, 0.518548]","[1, 0, 0, 1]","[1, 0, 0, 1]",1.0216994104343216,1.0216994104343216,1.0076633241491244
201258,187071,10.0,50.0,5,3,4,1,0,"[0.0, 1.0, 1.0, 0.0, 1.0]","[0.5577, 1.0, 1.0, 0.0, 0.614324]","[0, 1, 1, 0, 1]","[1, 1, 1, 0, 1]",1.4850781228585155,2.126695354337257,1.443780335302435
201281,199420,10.0,50.0,10,6,5,1,2,"[1.0, 0.0, 1.0, 1.0, 0.0, 1.0, 1.0, 0.0, 1.0, 0.0]","[0.454187, 0.327134, 0.295401, 1.0, 0.377602, 1.0, 1.0, 0.522328, 0.579572, 0.481262]","[1, 0, 1, 1, 0, 1, 1, 0, 1, 0]","[0, 0, 0, 1, 0, 1, 1, 1, 1, 0]",1.619040294536289,1.638188653029662,1.0253198166849282
201521,209101,10.0,50.0,5,3,3,0,0,"[1.0, 1.0, 0.0, 1.0, 0.0]","[0.774069, 0.55903, 0.0, 0.633255, 0.0]","[1, 1, 0, 1, 0]","[1, 1, 0, 1, 0]",2.1892663654162368,2.1892663654162368,1.0353554273166425
202328,190143,10.0,50.0,5,2,2,0,0,"[0.0, 1.0, 0.0, 0.0, 1.0]","[0.073734, 0.523604, 0.399938, 0.45323, 0.578871]","[0, 1, 0, 0, 1]","[0, 1, 0, 0, 1]",1.293556776455307,1.293556776455307,1.0018420122760372
202571,195398,10.0,50.0,5,4,4,1,1,"[1.0, 1.0, 1.0, 0.0, 1.0]","[0.227579, 0.521733, 0.593397, 0.581086, 0.546975]","[1, 1, 1, 0, 1]","[0, 1, 1, 1, 1]",0.751905875569516,0.8729288007087579,1.172373591233133
203038,207594,10.0,50.0,15,9,11,2,0,"[1.0, 0.0, 1.0, 0.0, 0.0, 1.0, 1.0, 1.0, 1.0, 0.0, 1.0, 1.0, 0.0, 0.0, 1.0]","[0.54756, 0.468585, 0.549868, 0.0, 0.550631, 0.510486, 0.908214, 1.0, 0.601355, 0.0, 0.757549, 1.0, 0.509553, 0.0, 0.529612]","[1, 0, 1, 0, 0, 1, 1, 1, 1, 0, 1, 1, 0, 0, 1]","[1, 0, 1, 0, 1, 1, 1, 1, 1, 0, 1, 1, 1, 0, 1]",2.7686344004505745,3.4675025485420194,1.257828024476988
203171,197644,10.0,50.0,3,1,1,0,0,"[1.0, 0.0, 0.0]","[0.775996, 0.0, 0.0]","[1, 0, 0]","[1, 0, 0]",0.5090846544142453,0.5090846544142453,1.0169541314807207
203300,206195,10.0,50.0,5,3,3,0,0,"[0.0, 1.0, 1.0, 1.0, 0.0]","[0.0, 1.0, 1.0, 0.580764, 0.305333]","[0, 1, 1, 1, 0]","[0, 1, 1, 1, 0]",0.9164351167519311,0.9164351167519311,1.0029355586757058
203710,206592,10.0,50.0,8,5,4,0,1,"[1.0, 1.0, 0.0, 1.0, 0.0, 1.0, 1.0, 0.0]","[0.385606, 0.623074, 0.300404, 0.924107, 0.0, 1.0, 0.769016, 0.38131]","[1, 1, 0, 1, 0, 1, 1, 0]","[0, 1, 0, 1, 0, 1, 1, 0]",1.4841866228446592,1.2233352147752168,0.8379357433734798
203919,187736,10.0,50.0,6,3,1,0,2,"[1.0, 0.0, 1.0, 0.0, 0.0, 1.0]","[0.566377, 0.0, 0.380088, 0.0, 0.0, 0.285734]","[1, 0, 1, 0, 0, 1]","[1, 0, 0, 0, 0, 0]",1.616590150546727,0.6147399748819582,0.381237337896204
203964,196350,10.0,50.0,8,4,2,2,4,"[0.0, 1.0, 1.0, 1.0, 0.0, 0.0, 1.0, 0.0]","[0.605009, 0.429458, 0.439562, 0.413976, 0.472748, 0.265024, 0.083876, 0.541319]","[0, 1, 1, 1, 0, 0, 1, 0]","[1, 0, 0, 0, 0, 0, 0, 1]",1.5154956095606311,1.0225716694179985,0.6873176506778909
204120,188861,10.0,50.0,4,1,0,0,1,"[0.0, 1.0, 0.0, 0.0]","[0.385711, 0.454853, 0.373378, 0.0]","[0, 1, 0, 0]","[0, 0, 0, 0]",1.3692745658192838,0.8291655027837106,0.6082683878804862
204194,205064,10.0,50.0,6,3,2,0,1,"[1.0, 0.0, 0.0, 1.0, 1.0, 0.0]","[0.093256, 0.49576, 0.313182, 0.780506, 1.0, 0.0]","[1, 0, 0, 1, 1, 0]","[0, 0, 0, 1, 1, 0]",0.914066192569595,0.5439796529355456,0.5962321604439501
204883,200512,10.0,50.0,14,6,6,0,0,"[0.0, 1.0, 0.0, 1.0, 0.0, 1.0, 1.0, 0.0, 1.0, 0.0, 0.0, 0.0, 1.0, 0.0]","[0.0, 0.507266, 0.0, 1.0, 0.0, 1.0, 1.0, 0.0, 1.0, 0.348939, 0.0, 0.0, 0.580949, 0.0]","[0, 1, 0, 1, 0, 1, 1, 0, 1, 0, 0, 0, 1, 0]","[0, 1, 0, 1, 0, 1, 1, 0, 1, 0, 0, 0, 1, 0]",5.356489087366031,5.356489087366031,1.0098810341662194
205300,191467,10.0,50.0,8,4,5,1,0,"[1.0, 1.0, 0.0, 0.0, 1.0, 0.0, 0.0, 1.0]","[1.0, 1.0, 0.0, 0.0, 0.715812, 0.529218, 0.0, 0.537366]","[1, 1, 0, 0, 1, 0, 0, 1]","[1, 1, 0, 0, 1, 1, 0, 1]",1.6200950157697556,2.046131526759414,1.2718145845190902
205327,192314,10.0,50.0,5,2,3,1,0,"[1.0, 1.0, 0.0, 0.0, 0.0]","[0.500811, 0.506232, 0.496917, 0.455257, 0.520409]","[1, 1, 0, 0, 0]","[1, 1, 0, 0, 1]",0.2006276565495691,0.38663251978726076,1.930372864473834
205559,199162,10.0,50.0,8,3,3,0,0,"[0.0, 1.0, 1.0, 0.0, 0.0, 1.0, 0.0, 0.0]","[0.0, 0.758752, 0.947445, 0.0, 0.435069, 1.0, 0.0, 0.0]","[0, 1, 1, 0, 0, 1, 0, 0]","[0, 1, 1, 0, 0, 1, 0, 0]",2.7044351226650205,2.7044351226650205,1.0038113789875536
205643,189193,10.0,50.0,12,7,5,1,3,"[0.0, 1.0, 1.0, 1.0, 1.0, 0.0, 1.0, 0.0, 0.0, 1.0, 0.0, 1.0]","[0.526115, 0.206593, 0.062613, 0.635519, 0.022435, 0.462126, 0.52845, 0.412583, 0.358462, 0.60742, 0.406979, 0.593621]","[0, 1, 1, 1, 1, 0, 1, 0, 0, 1, 0, 1]","[1, 0, 0, 1, 0, 0, 1, 0, 0, 1, 0, 1]",3.101090872126953,2.81900974354284,0.9189627911756901
206314,189443,10.0,50.0,12,3,5,3,1,"[1.0, 1.0, 0.0, 0.0, 0.0, 0.0, 0.0, 0.0, 0.0, 0.0, 1.0, 0.0]","[0.451749, 0.533825, 0.615185, 0.223968, 0.390651, 0.60609, 0.575592, 0.0, 0.39635, 0.339045, 0.572791, 0.0]","[1, 1, 0, 0, 0, 0, 0, 0, 0, 0, 1, 0]","[0, 1, 1, 0, 0, 1, 1, 0, 0, 0, 1, 0]",2.0809594630971175,3.211800209969095,1.5796921884082071
206930,184305,10.0,50.0,6,4,4,1,1,"[1.0, 1.0, 1.0, 1.0, 0.0, 0.0]","[0.479517, 0.518878, 0.587328, 0.536097, 0.489735, 0.60162]","[1, 1, 1, 1, 0, 0]","[0, 1, 1, 1, 0, 1]",1.7154923048810975,1.9286942256132553,1.133800358147282
207423,186224,10.0,50.0,4,2,2,1,1,"[0.0, 0.0, 1.0, 1.0]","[0.009774, 0.58223, 0.610153, 0.102354]","[0, 0, 1, 1]","[0, 1, 1, 0]",0.8259317485463354,0.8569772345510753,1.0400159223009555
207475,192618,10.0,50.0,5,2,2,1,1,"[1.0, 1.0, 0.0, 0.0, 0.0]","[0.445078, 0.668913, 0.568025, 0.325173, 0.353787]","[1, 1, 0, 0, 0]","[0, 1, 1, 0, 0]",0.8792259254211634,0.6068427737878672,0.6921623820182097
207836,184831,10.0,50.0,4,2,1,1,2,"[0.0, 0.0, 1.0, 1.0]","[0.51434, 0.25262, 0.233849, 0.491334]","[0, 0, 1, 1]","[1, 0, 0, 0]",0.8873538536132757,0.6778963772574629,0.7787038547408968
208093,203811,10.0,50.0,6,4,3,0,1,"[1.0, 0.0, 1.0, 0.0, 1.0, 1.0]","[0.302129, 0.0, 0.910065, 0.0, 1.0, 0.772048]","[1, 0, 1, 0, 1, 1]","[0, 0, 1, 0, 1, 1]",3.135315397336999,2.4749190461086297,0.7906530047203977
208904,200676,10.0,50.0,11,5,4,1,2,"[1.0, 1.0, 0.0, 1.0, 0.0, 0.0, 1.0, 0.0, 0.0, 1.0, 0.0]","[0.044523, 0.040238, 0.23107, 1.0, 0.51619, 0.0, 0.577155, 0.197826, 0.029189, 0.694588, 0.0]","[1, 1, 0, 1, 0, 0, 1, 0, 0, 1, 0]","[0, 0, 0, 1, 1, 0, 1, 0, 0, 1, 0]",3.422680825932712,2.926043965885568,0.8616637588996213
208966,196199,10.0,50.0,7,4,1,0,3,"[0.0, 1.0, 1.0, 1.0, 0.0, 0.0, 1.0]","[0.476086, 0.440624, 0.543567, 0.433817, 0.0, 0.0, 0.074704]","[0, 1, 1, 1, 0, 0, 1]","[0, 0, 1, 0, 0, 0, 0]",1.4405262350925365,0.5357593797790178,0.3736637077924379
208976,188476,10.0,50.0,5,3,4,1,0,"[0.0, 0.0, 1.0, 1.0, 1.0]","[0.43149, 0.603367, 0.624076, 0.589743, 0.550122]","[0, 0, 1, 1, 1]","[0, 1, 1, 1, 1]",1.2326579509944042,1.6239476174814778,1.3499340765114745
209495,189342,10.0,50.0,4,2,4,2,0,"[1.0, 0.0, 1.0, 0.0]","[0.629322, 0.600693, 0.5512, 0.623712]","[1, 0, 1, 0]","[1, 1, 1, 1]",1.0005348172133366,1.7237394496200842,1.7300379155864005
209709,184968,10.0,50.0,10,6,3,0,3,"[1.0, 0.0, 0.0, 1.0, 0.0, 0.0, 1.0, 1.0, 1.0, 1.0]","[0.977574, 0.0, 0.0, 0.126829, 0.0, 0.0, 0.499233, 0.0591, 0.523531, 0.595397]","[1, 0, 0, 1, 0, 0, 1, 1, 1, 1]","[1, 0, 0, 0, 0, 0, 0, 0, 1, 1]",1.7467054007923886,1.0583073148597375,0.6255323171138222
210209,180231,10.0,50.0,7,3,3,0,0,"[1.0, 0.0, 0.0, 0.0, 1.0, 1.0, 0.0]","[1.0, 0.0, 0.353903, 0.0, 1.0, 0.649173, 0.163478]","[1, 0, 0, 0, 1, 1, 0]","[1, 0, 0, 0, 1, 1, 0]",1.0665700221371255,1.0665700221371255,1.0158660578998187
