2025-09-09 17:09:34,596 - modelfitter - INFO - Logging to file: logs/optimization_20250909_170934.log
2025-09-09 17:09:34,596 - modelfitter - INFO - Log level: INFO
2025-09-09 17:09:34,631 - plastyfire.evaluator - INFO - paths: frequency  dt 
2.0        5.0    /home/dhuruva/projects/ctb-emuller/dhuruva/pla...
           5.0    /home/dhuruva/projects/ctb-emuller/dhuruva/pla...
           5.0    /home/dhuruva/projects/ctb-emuller/dhuruva/pla...
           5.0    /home/dhuruva/projects/ctb-emuller/dhuruva/pla...
           5.0    /home/dhuruva/projects/ctb-emuller/dhuruva/pla...
                                        ...                        
           5.0    /home/dhuruva/projects/ctb-emuller/dhuruva/pla...
           5.0    /home/dhuruva/projects/ctb-emuller/dhuruva/pla...
           5.0    /home/dhuruva/projects/ctb-emuller/dhuruva/pla...
           5.0    /home/dhuruva/projects/ctb-emuller/dhuruva/pla...
           5.0    /home/dhuruva/projects/ctb-emuller/dhuruva/pla...
Name: path, Length: 100, dtype: object
2025-09-09 17:09:34,642 - plastyfire.evaluator - INFO - paths: frequency  dt 
5.0        5.0    /home/dhuruva/projects/ctb-emuller/dhuruva/pla...
           5.0    /home/dhuruva/projects/ctb-emuller/dhuruva/pla...
           5.0    /home/dhuruva/projects/ctb-emuller/dhuruva/pla...
           5.0    /home/dhuruva/projects/ctb-emuller/dhuruva/pla...
           5.0    /home/dhuruva/projects/ctb-emuller/dhuruva/pla...
                                        ...                        
           5.0    /home/dhuruva/projects/ctb-emuller/dhuruva/pla...
           5.0    /home/dhuruva/projects/ctb-emuller/dhuruva/pla...
           5.0    /home/dhuruva/projects/ctb-emuller/dhuruva/pla...
           5.0    /home/dhuruva/projects/ctb-emuller/dhuruva/pla...
           5.0    /home/dhuruva/projects/ctb-emuller/dhuruva/pla...
Name: path, Length: 100, dtype: object
2025-09-09 17:09:34,652 - plastyfire.evaluator - INFO - paths: frequency  dt  
10.0       10.0    /home/dhuruva/projects/ctb-emuller/dhuruva/pla...
           10.0    /home/dhuruva/projects/ctb-emuller/dhuruva/pla...
           10.0    /home/dhuruva/projects/ctb-emuller/dhuruva/pla...
           10.0    /home/dhuruva/projects/ctb-emuller/dhuruva/pla...
           10.0    /home/dhuruva/projects/ctb-emuller/dhuruva/pla...
                                         ...                        
           10.0    /home/dhuruva/projects/ctb-emuller/dhuruva/pla...
           10.0    /home/dhuruva/projects/ctb-emuller/dhuruva/pla...
           10.0    /home/dhuruva/projects/ctb-emuller/dhuruva/pla...
           10.0    /home/dhuruva/projects/ctb-emuller/dhuruva/pla...
           10.0    /home/dhuruva/projects/ctb-emuller/dhuruva/pla...
Name: path, Length: 100, dtype: object
2025-09-09 17:09:34,662 - plastyfire.evaluator - INFO - paths: frequency  dt   
10.0       -10.0    /home/dhuruva/projects/ctb-emuller/dhuruva/pla...
           -10.0    /home/dhuruva/projects/ctb-emuller/dhuruva/pla...
           -10.0    /home/dhuruva/projects/ctb-emuller/dhuruva/pla...
           -10.0    /home/dhuruva/projects/ctb-emuller/dhuruva/pla...
           -10.0    /home/dhuruva/projects/ctb-emuller/dhuruva/pla...
                                          ...                        
           -10.0    /home/dhuruva/projects/ctb-emuller/dhuruva/pla...
           -10.0    /home/dhuruva/projects/ctb-emuller/dhuruva/pla...
           -10.0    /home/dhuruva/projects/ctb-emuller/dhuruva/pla...
           -10.0    /home/dhuruva/projects/ctb-emuller/dhuruva/pla...
           -10.0    /home/dhuruva/projects/ctb-emuller/dhuruva/pla...
Name: path, Length: 100, dtype: object
2025-09-09 17:09:34,686 - plastyfire.evaluator - INFO - paths: frequency  dt  
50.0       10.0    /home/dhuruva/projects/ctb-emuller/dhuruva/pla...
           10.0    /home/dhuruva/projects/ctb-emuller/dhuruva/pla...
           10.0    /home/dhuruva/projects/ctb-emuller/dhuruva/pla...
           10.0    /home/dhuruva/projects/ctb-emuller/dhuruva/pla...
           10.0    /home/dhuruva/projects/ctb-emuller/dhuruva/pla...
                                         ...                        
           10.0    /home/dhuruva/projects/ctb-emuller/dhuruva/pla...
           10.0    /home/dhuruva/projects/ctb-emuller/dhuruva/pla...
           10.0    /home/dhuruva/projects/ctb-emuller/dhuruva/pla...
           10.0    /home/dhuruva/projects/ctb-emuller/dhuruva/pla...
           10.0    /home/dhuruva/projects/ctb-emuller/dhuruva/pla...
Name: path, Length: 100, dtype: object
2025-09-09 17:09:34,686 - plastyfire.evaluator - INFO - Found 500 simulations
2025-09-09 17:09:35,046 - modelfitter - INFO - Optimization parameters
Eta = 20.000000 Mut = 0.700000 Cx = 0.300000
2025-09-09 17:09:35,047 - modelfitter - INFO - Resuming optimization
2025-09-09 17:09:35,053 - plastyfire.evaluator - INFO - Evaluating individual: [128.10988115521627, 155.92840118677196, 2.9933762906727504, 1.764296838931755, 2.4029585991105242, 1.6153658209674475, 7.69242035803839, 3.8700145663207226, 8.519960545244583, 3.891026824928258]
2025-09-09 17:09:35,054 - plastyfire.evaluator - INFO - Evaluating individual: [73.48947869324297, 205.11743023528928, 3.0134513044480227, 1.9258664728107155, 3.3839092946316196, 3.488104618428443, 7.283588278977319, 2.656606556150605, 3.415336627717154, 1.392331345699958]
2025-09-09 17:09:35,057 - plastyfire.evaluator - INFO - Evaluating individual: [73.48947869324297, 205.11743023528928, 3.0134513044480227, 1.9258664728107155, 3.3839092946316196, 3.488104618428443, 7.283588278977319, 2.656606556150605, 3.415336627717154, 1.392331345699958]
2025-09-09 17:09:35,060 - plastyfire.evaluator - INFO - Evaluating individual: [73.48947869324297, 205.11743023528928, 3.0134513044480227, 1.9258664728107155, 3.3839092946316196, 3.488104618428443, 7.283588278977319, 2.656606556150605, 3.415336627717154, 1.392331345699958]
2025-09-09 17:09:35,099 - plastyfire.evaluator - INFO - Returning cached results for individual f490d3f7dcc0
2025-09-09 17:09:35,104 - plastyfire.evaluator - INFO - Returning cached results for individual 2b222ea0502c
2025-09-09 17:09:35,104 - plastyfire.evaluator - INFO - Returning cached results for individual 2b222ea0502c
2025-09-09 17:09:35,104 - plastyfire.evaluator - INFO - Returning cached results for individual 2b222ea0502c
2025-09-09 17:09:35,196 - plastyfire.evaluator - INFO - Evaluating individual: [73.48947869324297, 205.11743023528928, 3.0134513044480227, 1.9258664728107155, 3.3839092946316196, 3.488104618428443, 7.283588278977319, 2.656606556150605, 3.415336627717154, 1.392331345699958]
2025-09-09 17:09:35,197 - plastyfire.evaluator - INFO - Evaluating individual: [73.48947869324297, 205.11743023528928, 3.0134513044480227, 1.5122271504086147, 3.142500432113885, 3.5558129897320634, 7.283588278977319, 2.656606556150605, 3.398324895731082, 1.392331345699958]
2025-09-09 17:09:35,198 - plastyfire.evaluator - INFO - Returning cached results for individual 2b222ea0502c
2025-09-09 17:09:35,200 - plastyfire.evaluator - INFO - Evaluating individual: [130.22163278526455, 155.92840118677196, 2.9933762906727504, 1.764296838931755, 2.462992578952373, 1.5261725846957828, 7.69242035803839, 3.8700145663207226, 9.835716409493267, 3.891026824928258]
2025-09-09 17:09:35,201 - plastyfire.evaluator - INFO - Evaluating individual: [130.22163278526455, 155.92840118677196, 2.9933762906727504, 1.764296838931755, 2.462992578952373, 1.5261725846957828, 7.69242035803839, 3.8700145663207226, 9.835716409493267, 3.891026824928258]
2025-09-09 17:09:35,204 - plastyfire.evaluator - INFO - Evaluating individual: [130.22163278526455, 164.5705233094686, 2.744223297920454, 1.764296838931755, 2.462992578952373, 1.5261725846957828, 7.69242035803839, 3.8700145663207226, 9.835716409493267, 3.8600151849734377]
2025-09-09 17:09:35,205 - plastyfire.evaluator - INFO - Evaluating individual: [130.22163278526455, 155.58855032267743, 2.9933762906727504, 1.764296838931755, 2.462992578952373, 1.367864921590713, 7.414754273309319, 4.025888995901999, 9.835716409493267, 3.891026824928258]
2025-09-09 17:09:35,208 - plastyfire.evaluator - INFO - Evaluating individual: [128.10988115521627, 155.92840118677196, 2.9933762906727504, 1.764296838931755, 2.4029585991105242, 1.6153658209674475, 7.69242035803839, 3.8700145663207226, 8.519960545244583, 3.891026824928258]
2025-09-09 17:09:35,209 - plastyfire.evaluator - INFO - Evaluating individual: [130.22163278526455, 164.5705233094686, 2.744223297920454, 1.764296838931755, 2.462992578952373, 1.7049097315903299, 7.830216054828284, 3.8700145663207226, 9.835716409493267, 4.395448862865813]
2025-09-09 17:09:35,210 - plastyfire.evaluator - INFO - Returning cached results for individual f490d3f7dcc0
2025-09-09 17:09:35,239 - plastyfire.evaluator - INFO - Returning cached results for individual 674066789c0e
2025-09-09 17:09:35,239 - plastyfire.evaluator - INFO - Returning cached results for individual 674066789c0e
2025-09-09 17:09:35,244 - plastyfire.evaluator - INFO - Returning cached results for individual 8ec2c04f429f
2025-09-09 17:09:35,245 - plastyfire.evaluator - INFO - Returning cached results for individual c2bb8ef484a8
2025-09-09 17:09:35,250 - plastyfire.evaluator - INFO - Returning cached results for individual 886b7a55e983
2025-09-09 17:09:35,281 - plastyfire.evaluator - INFO - Returning cached results for individual 7fd6ec1bfedd
2025-09-09 17:09:35,293 - plastyfire.evaluator - INFO - Evaluating individual: [131.43710418270518, 155.92840118677196, 3.013117956493925, 1.958286183194966, 2.192806703697621, 3.4496153001362693, 6.919641952220229, 3.9513107455202445, 8.519960545244583, 1.3709516043477121]
2025-09-09 17:09:35,294 - plastyfire.evaluator - INFO - Evaluating individual: [73.48947869324297, 205.11743023528928, 2.8004283678577995, 1.84062667133198, 3.3839092946316196, 1.587535262738435, 7.266544099581509, 2.701213940839993, 3.415336627717154, 4.0862860363688345]
2025-09-09 17:09:35,294 - plastyfire.evaluator - INFO - No existing PKL file found for mrk97_01: /home/dhuruva/projects/ctb-emuller/dhuruva/plastyfire/refitting_results/fitting/n100/seed19091997/L5TTPC_L5TTPC/simulations/202328-190143/2Hz_5ms/simulation_bde200e82982.pkl, submitting batch job
2025-09-09 17:09:35,295 - plastyfire.evaluator - INFO - No existing PKL file found for mrk97_01: /home/dhuruva/projects/ctb-emuller/dhuruva/plastyfire/refitting_results/fitting/n100/seed19091997/L5TTPC_L5TTPC/simulations/202328-190143/2Hz_5ms/simulation_20333abf369f.pkl, submitting batch job
2025-09-09 17:09:35,296 - plastyfire.evaluator - INFO - Evaluating individual: [73.48947869324297, 212.10190019567455, 3.167547767928421, 1.0893859213657167, 3.3261261982281694, 3.488104618428443, 7.283588278977319, 2.656606556150605, 3.415336627717154, 1.392331345699958]
2025-09-09 17:09:35,297 - plastyfire.evaluator - INFO - No existing PKL file found for mrk97_01: /home/dhuruva/projects/ctb-emuller/dhuruva/plastyfire/refitting_results/fitting/n100/seed19091997/L5TTPC_L5TTPC/simulations/202328-190143/2Hz_5ms/simulation_25b4122db3c5.pkl, submitting batch job
2025-09-09 17:09:35,509 - plastyfire.evaluator - INFO - Submitted job 49452235
2025-09-09 17:09:35,509 - plastyfire.evaluator - INFO - No existing PKL file found for mrk97_01: /home/dhuruva/projects/ctb-emuller/dhuruva/plastyfire/refitting_results/fitting/n100/seed19091997/L5TTPC_L5TTPC/simulations/200586-209048/2Hz_5ms/simulation_20333abf369f.pkl, submitting batch job
2025-09-09 17:09:35,510 - plastyfire.evaluator - INFO - Submitted job 49452236
2025-09-09 17:09:35,511 - plastyfire.evaluator - INFO - No existing PKL file found for mrk97_01: /home/dhuruva/projects/ctb-emuller/dhuruva/plastyfire/refitting_results/fitting/n100/seed19091997/L5TTPC_L5TTPC/simulations/200586-209048/2Hz_5ms/simulation_bde200e82982.pkl, submitting batch job
2025-09-09 17:09:35,512 - plastyfire.evaluator - INFO - Submitted job 49452237
2025-09-09 17:09:35,513 - plastyfire.evaluator - INFO - No existing PKL file found for mrk97_01: /home/dhuruva/projects/ctb-emuller/dhuruva/plastyfire/refitting_results/fitting/n100/seed19091997/L5TTPC_L5TTPC/simulations/200586-209048/2Hz_5ms/simulation_25b4122db3c5.pkl, submitting batch job
2025-09-09 17:09:35,688 - plastyfire.evaluator - INFO - Submitted job 49452238
2025-09-09 17:09:35,689 - plastyfire.evaluator - INFO - No existing PKL file found for mrk97_01: /home/dhuruva/projects/ctb-emuller/dhuruva/plastyfire/refitting_results/fitting/n100/seed19091997/L5TTPC_L5TTPC/simulations/190525-205438/2Hz_5ms/simulation_20333abf369f.pkl, submitting batch job
2025-09-09 17:09:35,690 - plastyfire.evaluator - INFO - Submitted job 49452239
2025-09-09 17:09:35,690 - plastyfire.evaluator - INFO - No existing PKL file found for mrk97_01: /home/dhuruva/projects/ctb-emuller/dhuruva/plastyfire/refitting_results/fitting/n100/seed19091997/L5TTPC_L5TTPC/simulations/190525-205438/2Hz_5ms/simulation_25b4122db3c5.pkl, submitting batch job
2025-09-09 17:09:35,692 - plastyfire.evaluator - INFO - Submitted job 49452240
2025-09-09 17:09:35,693 - plastyfire.evaluator - INFO - No existing PKL file found for mrk97_01: /home/dhuruva/projects/ctb-emuller/dhuruva/plastyfire/refitting_results/fitting/n100/seed19091997/L5TTPC_L5TTPC/simulations/190525-205438/2Hz_5ms/simulation_bde200e82982.pkl, submitting batch job
2025-09-09 17:09:35,878 - plastyfire.evaluator - INFO - Submitted job 49452241
2025-09-09 17:09:35,879 - plastyfire.evaluator - INFO - No existing PKL file found for mrk97_01: /home/dhuruva/projects/ctb-emuller/dhuruva/plastyfire/refitting_results/fitting/n100/seed19091997/L5TTPC_L5TTPC/simulations/193709-181631/2Hz_5ms/simulation_20333abf369f.pkl, submitting batch job
2025-09-09 17:09:36,343 - plastyfire.evaluator - INFO - Submitted job 49452242
2025-09-09 17:09:36,344 - plastyfire.evaluator - INFO - No existing PKL file found for mrk97_01: /home/dhuruva/projects/ctb-emuller/dhuruva/plastyfire/refitting_results/fitting/n100/seed19091997/L5TTPC_L5TTPC/simulations/193709-181631/2Hz_5ms/simulation_25b4122db3c5.pkl, submitting batch job
2025-09-09 17:09:36,346 - plastyfire.evaluator - INFO - Submitted job 49452243
2025-09-09 17:09:36,346 - plastyfire.evaluator - INFO - No existing PKL file found for mrk97_01: /home/dhuruva/projects/ctb-emuller/dhuruva/plastyfire/refitting_results/fitting/n100/seed19091997/L5TTPC_L5TTPC/simulations/199599-194835/2Hz_5ms/simulation_20333abf369f.pkl, submitting batch job
2025-09-09 17:09:36,347 - plastyfire.evaluator - INFO - Submitted job 49452244
2025-09-09 17:09:36,348 - plastyfire.evaluator - INFO - No existing PKL file found for mrk97_01: /home/dhuruva/projects/ctb-emuller/dhuruva/plastyfire/refitting_results/fitting/n100/seed19091997/L5TTPC_L5TTPC/simulations/193709-181631/2Hz_5ms/simulation_bde200e82982.pkl, submitting batch job
2025-09-09 17:09:36,522 - plastyfire.evaluator - INFO - Submitted job 49452245
2025-09-09 17:09:36,522 - plastyfire.evaluator - INFO - No existing PKL file found for mrk97_01: /home/dhuruva/projects/ctb-emuller/dhuruva/plastyfire/refitting_results/fitting/n100/seed19091997/L5TTPC_L5TTPC/simulations/199599-194835/2Hz_5ms/simulation_25b4122db3c5.pkl, submitting batch job
2025-09-09 17:09:36,524 - plastyfire.evaluator - INFO - Submitted job 49452246
2025-09-09 17:09:36,524 - plastyfire.evaluator - INFO - No existing PKL file found for mrk97_01: /home/dhuruva/projects/ctb-emuller/dhuruva/plastyfire/refitting_results/fitting/n100/seed19091997/L5TTPC_L5TTPC/simulations/199599-194835/2Hz_5ms/simulation_bde200e82982.pkl, submitting batch job
2025-09-09 17:09:36,526 - plastyfire.evaluator - INFO - Submitted job 49452247
2025-09-09 17:09:36,527 - plastyfire.evaluator - INFO - No existing PKL file found for mrk97_01: /home/dhuruva/projects/ctb-emuller/dhuruva/plastyfire/refitting_results/fitting/n100/seed19091997/L5TTPC_L5TTPC/simulations/190541-188497/2Hz_5ms/simulation_20333abf369f.pkl, submitting batch job
2025-09-09 17:09:36,687 - plastyfire.evaluator - INFO - Submitted job 49452248
2025-09-09 17:09:36,688 - plastyfire.evaluator - INFO - No existing PKL file found for mrk97_01: /home/dhuruva/projects/ctb-emuller/dhuruva/plastyfire/refitting_results/fitting/n100/seed19091997/L5TTPC_L5TTPC/simulations/190541-188497/2Hz_5ms/simulation_bde200e82982.pkl, submitting batch job
2025-09-09 17:09:36,689 - plastyfire.evaluator - INFO - Submitted job 49452249
2025-09-09 17:09:36,689 - plastyfire.evaluator - INFO - No existing PKL file found for mrk97_01: /home/dhuruva/projects/ctb-emuller/dhuruva/plastyfire/refitting_results/fitting/n100/seed19091997/L5TTPC_L5TTPC/simulations/190541-188497/2Hz_5ms/simulation_25b4122db3c5.pkl, submitting batch job
2025-09-09 17:09:36,691 - plastyfire.evaluator - INFO - Submitted job 49452250
2025-09-09 17:09:36,692 - plastyfire.evaluator - INFO - No existing PKL file found for mrk97_01: /home/dhuruva/projects/ctb-emuller/dhuruva/plastyfire/refitting_results/fitting/n100/seed19091997/L5TTPC_L5TTPC/simulations/196430-183658/2Hz_5ms/simulation_20333abf369f.pkl, submitting batch job
2025-09-09 17:09:36,873 - plastyfire.evaluator - INFO - Submitted job 49452251
2025-09-09 17:09:36,873 - plastyfire.evaluator - INFO - No existing PKL file found for mrk97_01: /home/dhuruva/projects/ctb-emuller/dhuruva/plastyfire/refitting_results/fitting/n100/seed19091997/L5TTPC_L5TTPC/simulations/196430-183658/2Hz_5ms/simulation_bde200e82982.pkl, submitting batch job
2025-09-09 17:09:36,875 - plastyfire.evaluator - INFO - Submitted job 49452252
2025-09-09 17:09:36,875 - plastyfire.evaluator - INFO - No existing PKL file found for mrk97_01: /home/dhuruva/projects/ctb-emuller/dhuruva/plastyfire/refitting_results/fitting/n100/seed19091997/L5TTPC_L5TTPC/simulations/194277-200870/2Hz_5ms/simulation_20333abf369f.pkl, submitting batch job
2025-09-09 17:09:36,877 - plastyfire.evaluator - INFO - Submitted job 49452253
2025-09-09 17:09:36,877 - plastyfire.evaluator - INFO - No existing PKL file found for mrk97_01: /home/dhuruva/projects/ctb-emuller/dhuruva/plastyfire/refitting_results/fitting/n100/seed19091997/L5TTPC_L5TTPC/simulations/196430-183658/2Hz_5ms/simulation_25b4122db3c5.pkl, submitting batch job
2025-09-09 17:09:37,036 - plastyfire.evaluator - INFO - Submitted job 49452254
2025-09-09 17:09:37,037 - plastyfire.evaluator - INFO - No existing PKL file found for mrk97_01: /home/dhuruva/projects/ctb-emuller/dhuruva/plastyfire/refitting_results/fitting/n100/seed19091997/L5TTPC_L5TTPC/simulations/194277-200870/2Hz_5ms/simulation_bde200e82982.pkl, submitting batch job
2025-09-09 17:09:37,038 - plastyfire.evaluator - INFO - Submitted job 49452255
2025-09-09 17:09:37,039 - plastyfire.evaluator - INFO - No existing PKL file found for mrk97_01: /home/dhuruva/projects/ctb-emuller/dhuruva/plastyfire/refitting_results/fitting/n100/seed19091997/L5TTPC_L5TTPC/simulations/203964-196350/2Hz_5ms/simulation_20333abf369f.pkl, submitting batch job
2025-09-09 17:09:37,040 - plastyfire.evaluator - INFO - Submitted job 49452256
2025-09-09 17:09:37,040 - plastyfire.evaluator - INFO - No existing PKL file found for mrk97_01: /home/dhuruva/projects/ctb-emuller/dhuruva/plastyfire/refitting_results/fitting/n100/seed19091997/L5TTPC_L5TTPC/simulations/194277-200870/2Hz_5ms/simulation_25b4122db3c5.pkl, submitting batch job
2025-09-09 17:09:37,248 - plastyfire.evaluator - INFO - Submitted job 49452257
2025-09-09 17:09:37,249 - plastyfire.evaluator - INFO - No existing PKL file found for mrk97_01: /home/dhuruva/projects/ctb-emuller/dhuruva/plastyfire/refitting_results/fitting/n100/seed19091997/L5TTPC_L5TTPC/simulations/203964-196350/2Hz_5ms/simulation_bde200e82982.pkl, submitting batch job
2025-09-09 17:09:37,250 - plastyfire.evaluator - INFO - Submitted job 49452258
2025-09-09 17:09:37,251 - plastyfire.evaluator - INFO - No existing PKL file found for mrk97_01: /home/dhuruva/projects/ctb-emuller/dhuruva/plastyfire/refitting_results/fitting/n100/seed19091997/L5TTPC_L5TTPC/simulations/203964-196350/2Hz_5ms/simulation_25b4122db3c5.pkl, submitting batch job
2025-09-09 17:09:37,253 - plastyfire.evaluator - INFO - Submitted job 49452259
2025-09-09 17:09:37,253 - plastyfire.evaluator - INFO - No existing PKL file found for mrk97_01: /home/dhuruva/projects/ctb-emuller/dhuruva/plastyfire/refitting_results/fitting/n100/seed19091997/L5TTPC_L5TTPC/simulations/196562-186098/2Hz_5ms/simulation_20333abf369f.pkl, submitting batch job
2025-09-09 17:09:37,452 - plastyfire.evaluator - INFO - Submitted job 49452260
2025-09-09 17:09:37,453 - plastyfire.evaluator - INFO - No existing PKL file found for mrk97_01: /home/dhuruva/projects/ctb-emuller/dhuruva/plastyfire/refitting_results/fitting/n100/seed19091997/L5TTPC_L5TTPC/simulations/196562-186098/2Hz_5ms/simulation_bde200e82982.pkl, submitting batch job
2025-09-09 17:09:37,454 - plastyfire.evaluator - INFO - Submitted job 49452261
2025-09-09 17:09:37,455 - plastyfire.evaluator - INFO - No existing PKL file found for mrk97_01: /home/dhuruva/projects/ctb-emuller/dhuruva/plastyfire/refitting_results/fitting/n100/seed19091997/L5TTPC_L5TTPC/simulations/196562-186098/2Hz_5ms/simulation_25b4122db3c5.pkl, submitting batch job
2025-09-09 17:09:37,456 - plastyfire.evaluator - INFO - Submitted job 49452262
2025-09-09 17:09:37,457 - plastyfire.evaluator - INFO - No existing PKL file found for mrk97_01: /home/dhuruva/projects/ctb-emuller/dhuruva/plastyfire/refitting_results/fitting/n100/seed19091997/L5TTPC_L5TTPC/simulations/206314-189443/2Hz_5ms/simulation_20333abf369f.pkl, submitting batch job
2025-09-09 17:09:37,621 - plastyfire.evaluator - INFO - Submitted job 49452263
2025-09-09 17:09:37,622 - plastyfire.evaluator - INFO - No existing PKL file found for mrk97_01: /home/dhuruva/projects/ctb-emuller/dhuruva/plastyfire/refitting_results/fitting/n100/seed19091997/L5TTPC_L5TTPC/simulations/206314-189443/2Hz_5ms/simulation_bde200e82982.pkl, submitting batch job
2025-09-09 17:09:37,623 - plastyfire.evaluator - INFO - Submitted job 49452264
2025-09-09 17:09:37,623 - plastyfire.evaluator - INFO - No existing PKL file found for mrk97_01: /home/dhuruva/projects/ctb-emuller/dhuruva/plastyfire/refitting_results/fitting/n100/seed19091997/L5TTPC_L5TTPC/simulations/197652-203951/2Hz_5ms/simulation_20333abf369f.pkl, submitting batch job
2025-09-09 17:09:37,626 - plastyfire.evaluator - INFO - Submitted job 49452265
2025-09-09 17:09:37,626 - plastyfire.evaluator - INFO - No existing PKL file found for mrk97_01: /home/dhuruva/projects/ctb-emuller/dhuruva/plastyfire/refitting_results/fitting/n100/seed19091997/L5TTPC_L5TTPC/simulations/206314-189443/2Hz_5ms/simulation_25b4122db3c5.pkl, submitting batch job
2025-09-09 17:09:37,787 - plastyfire.evaluator - INFO - Submitted job 49452266
2025-09-09 17:09:37,788 - plastyfire.evaluator - INFO - No existing PKL file found for mrk97_01: /home/dhuruva/projects/ctb-emuller/dhuruva/plastyfire/refitting_results/fitting/n100/seed19091997/L5TTPC_L5TTPC/simulations/197652-203951/2Hz_5ms/simulation_25b4122db3c5.pkl, submitting batch job
2025-09-09 17:09:37,789 - plastyfire.evaluator - INFO - Submitted job 49452267
2025-09-09 17:09:37,789 - plastyfire.evaluator - INFO - No existing PKL file found for mrk97_01: /home/dhuruva/projects/ctb-emuller/dhuruva/plastyfire/refitting_results/fitting/n100/seed19091997/L5TTPC_L5TTPC/simulations/187212-192870/2Hz_5ms/simulation_20333abf369f.pkl, submitting batch job
2025-09-09 17:09:37,791 - plastyfire.evaluator - INFO - Submitted job 49452268
2025-09-09 17:09:37,791 - plastyfire.evaluator - INFO - No existing PKL file found for mrk97_01: /home/dhuruva/projects/ctb-emuller/dhuruva/plastyfire/refitting_results/fitting/n100/seed19091997/L5TTPC_L5TTPC/simulations/197652-203951/2Hz_5ms/simulation_bde200e82982.pkl, submitting batch job
2025-09-09 17:09:37,957 - plastyfire.evaluator - INFO - Submitted job 49452269
2025-09-09 17:09:37,957 - plastyfire.evaluator - INFO - No existing PKL file found for mrk97_01: /home/dhuruva/projects/ctb-emuller/dhuruva/plastyfire/refitting_results/fitting/n100/seed19091997/L5TTPC_L5TTPC/simulations/187212-192870/2Hz_5ms/simulation_25b4122db3c5.pkl, submitting batch job
2025-09-09 17:09:37,959 - plastyfire.evaluator - INFO - Submitted job 49452270
2025-09-09 17:09:37,959 - plastyfire.evaluator - INFO - No existing PKL file found for mrk97_01: /home/dhuruva/projects/ctb-emuller/dhuruva/plastyfire/refitting_results/fitting/n100/seed19091997/L5TTPC_L5TTPC/simulations/187417-207485/2Hz_5ms/simulation_20333abf369f.pkl, submitting batch job
2025-09-09 17:09:37,960 - plastyfire.evaluator - INFO - Submitted job 49452271
2025-09-09 17:09:37,961 - plastyfire.evaluator - INFO - No existing PKL file found for mrk97_01: /home/dhuruva/projects/ctb-emuller/dhuruva/plastyfire/refitting_results/fitting/n100/seed19091997/L5TTPC_L5TTPC/simulations/187212-192870/2Hz_5ms/simulation_bde200e82982.pkl, submitting batch job
2025-09-09 17:09:38,116 - plastyfire.evaluator - INFO - Submitted job 49452272
2025-09-09 17:09:38,117 - plastyfire.evaluator - INFO - No existing PKL file found for mrk97_01: /home/dhuruva/projects/ctb-emuller/dhuruva/plastyfire/refitting_results/fitting/n100/seed19091997/L5TTPC_L5TTPC/simulations/187417-207485/2Hz_5ms/simulation_25b4122db3c5.pkl, submitting batch job
2025-09-09 17:09:38,118 - plastyfire.evaluator - INFO - Submitted job 49452273
2025-09-09 17:09:38,119 - plastyfire.evaluator - INFO - No existing PKL file found for mrk97_01: /home/dhuruva/projects/ctb-emuller/dhuruva/plastyfire/refitting_results/fitting/n100/seed19091997/L5TTPC_L5TTPC/simulations/182369-181607/2Hz_5ms/simulation_20333abf369f.pkl, submitting batch job
2025-09-09 17:09:38,120 - plastyfire.evaluator - INFO - Submitted job 49452274
2025-09-09 17:09:38,120 - plastyfire.evaluator - INFO - No existing PKL file found for mrk97_01: /home/dhuruva/projects/ctb-emuller/dhuruva/plastyfire/refitting_results/fitting/n100/seed19091997/L5TTPC_L5TTPC/simulations/187417-207485/2Hz_5ms/simulation_bde200e82982.pkl, submitting batch job
2025-09-09 17:09:38,291 - plastyfire.evaluator - INFO - Submitted job 49452275
2025-09-09 17:09:38,292 - plastyfire.evaluator - INFO - No existing PKL file found for mrk97_01: /home/dhuruva/projects/ctb-emuller/dhuruva/plastyfire/refitting_results/fitting/n100/seed19091997/L5TTPC_L5TTPC/simulations/200132-185914/2Hz_5ms/simulation_20333abf369f.pkl, submitting batch job
2025-09-09 17:09:38,293 - plastyfire.evaluator - INFO - Submitted job 49452276
2025-09-09 17:09:38,293 - plastyfire.evaluator - INFO - No existing PKL file found for mrk97_01: /home/dhuruva/projects/ctb-emuller/dhuruva/plastyfire/refitting_results/fitting/n100/seed19091997/L5TTPC_L5TTPC/simulations/182369-181607/2Hz_5ms/simulation_25b4122db3c5.pkl, submitting batch job
2025-09-09 17:09:38,295 - plastyfire.evaluator - INFO - Submitted job 49452277
2025-09-09 17:09:38,295 - plastyfire.evaluator - INFO - No existing PKL file found for mrk97_01: /home/dhuruva/projects/ctb-emuller/dhuruva/plastyfire/refitting_results/fitting/n100/seed19091997/L5TTPC_L5TTPC/simulations/182369-181607/2Hz_5ms/simulation_bde200e82982.pkl, submitting batch job
2025-09-09 17:09:38,484 - plastyfire.evaluator - INFO - Submitted job 49452278
2025-09-09 17:09:38,485 - plastyfire.evaluator - INFO - No existing PKL file found for mrk97_01: /home/dhuruva/projects/ctb-emuller/dhuruva/plastyfire/refitting_results/fitting/n100/seed19091997/L5TTPC_L5TTPC/simulations/196734-181209/2Hz_5ms/simulation_20333abf369f.pkl, submitting batch job
2025-09-09 17:09:38,486 - plastyfire.evaluator - INFO - Submitted job 49452279
2025-09-09 17:09:38,486 - plastyfire.evaluator - INFO - No existing PKL file found for mrk97_01: /home/dhuruva/projects/ctb-emuller/dhuruva/plastyfire/refitting_results/fitting/n100/seed19091997/L5TTPC_L5TTPC/simulations/200132-185914/2Hz_5ms/simulation_bde200e82982.pkl, submitting batch job
2025-09-09 17:09:38,488 - plastyfire.evaluator - INFO - Submitted job 49452280
2025-09-09 17:09:38,488 - plastyfire.evaluator - INFO - No existing PKL file found for mrk97_01: /home/dhuruva/projects/ctb-emuller/dhuruva/plastyfire/refitting_results/fitting/n100/seed19091997/L5TTPC_L5TTPC/simulations/200132-185914/2Hz_5ms/simulation_25b4122db3c5.pkl, submitting batch job
2025-09-09 17:09:38,645 - plastyfire.evaluator - INFO - Submitted job 49452281
2025-09-09 17:09:38,645 - plastyfire.evaluator - INFO - No existing PKL file found for mrk97_01: /home/dhuruva/projects/ctb-emuller/dhuruva/plastyfire/refitting_results/fitting/n100/seed19091997/L5TTPC_L5TTPC/simulations/207423-186224/2Hz_5ms/simulation_20333abf369f.pkl, submitting batch job
2025-09-09 17:09:38,647 - plastyfire.evaluator - INFO - Submitted job 49452282
2025-09-09 17:09:38,647 - plastyfire.evaluator - INFO - No existing PKL file found for mrk97_01: /home/dhuruva/projects/ctb-emuller/dhuruva/plastyfire/refitting_results/fitting/n100/seed19091997/L5TTPC_L5TTPC/simulations/196734-181209/2Hz_5ms/simulation_25b4122db3c5.pkl, submitting batch job
2025-09-09 17:09:38,649 - plastyfire.evaluator - INFO - Submitted job 49452283
2025-09-09 17:09:38,649 - plastyfire.evaluator - INFO - No existing PKL file found for mrk97_01: /home/dhuruva/projects/ctb-emuller/dhuruva/plastyfire/refitting_results/fitting/n100/seed19091997/L5TTPC_L5TTPC/simulations/196734-181209/2Hz_5ms/simulation_bde200e82982.pkl, submitting batch job
2025-09-09 17:09:38,807 - plastyfire.evaluator - INFO - Submitted job 49452284
2025-09-09 17:09:38,808 - plastyfire.evaluator - INFO - No existing PKL file found for mrk97_01: /home/dhuruva/projects/ctb-emuller/dhuruva/plastyfire/refitting_results/fitting/n100/seed19091997/L5TTPC_L5TTPC/simulations/207423-186224/2Hz_5ms/simulation_25b4122db3c5.pkl, submitting batch job
2025-09-09 17:09:38,809 - plastyfire.evaluator - INFO - Submitted job 49452285
2025-09-09 17:09:38,809 - plastyfire.evaluator - INFO - No existing PKL file found for mrk97_01: /home/dhuruva/projects/ctb-emuller/dhuruva/plastyfire/refitting_results/fitting/n100/seed19091997/L5TTPC_L5TTPC/simulations/207423-186224/2Hz_5ms/simulation_bde200e82982.pkl, submitting batch job
2025-09-09 17:09:38,811 - plastyfire.evaluator - INFO - Submitted job 49452286
2025-09-09 17:09:38,811 - plastyfire.evaluator - INFO - No existing PKL file found for mrk97_01: /home/dhuruva/projects/ctb-emuller/dhuruva/plastyfire/refitting_results/fitting/n100/seed19091997/L5TTPC_L5TTPC/simulations/203038-207594/2Hz_5ms/simulation_20333abf369f.pkl, submitting batch job
2025-09-09 17:09:38,968 - plastyfire.evaluator - INFO - Submitted job 49452287
2025-09-09 17:09:38,969 - plastyfire.evaluator - INFO - No existing PKL file found for mrk97_01: /home/dhuruva/projects/ctb-emuller/dhuruva/plastyfire/refitting_results/fitting/n100/seed19091997/L5TTPC_L5TTPC/simulations/203038-207594/2Hz_5ms/simulation_25b4122db3c5.pkl, submitting batch job
2025-09-09 17:09:38,972 - plastyfire.evaluator - INFO - Submitted job 49452288
2025-09-09 17:09:38,973 - plastyfire.evaluator - INFO - No existing PKL file found for mrk97_01: /home/dhuruva/projects/ctb-emuller/dhuruva/plastyfire/refitting_results/fitting/n100/seed19091997/L5TTPC_L5TTPC/simulations/203038-207594/2Hz_5ms/simulation_bde200e82982.pkl, submitting batch job
2025-09-09 17:09:39,707 - plastyfire.evaluator - INFO - Submitted job 49452289
2025-09-09 17:09:39,707 - plastyfire.evaluator - INFO - No existing PKL file found for mrk97_01: /home/dhuruva/projects/ctb-emuller/dhuruva/plastyfire/refitting_results/fitting/n100/seed19091997/L5TTPC_L5TTPC/simulations/190392-207670/2Hz_5ms/simulation_20333abf369f.pkl, submitting batch job
2025-09-09 17:09:39,711 - plastyfire.evaluator - INFO - Submitted job 49452290
2025-09-09 17:09:39,711 - plastyfire.evaluator - INFO - No existing PKL file found for mrk97_01: /home/dhuruva/projects/ctb-emuller/dhuruva/plastyfire/refitting_results/fitting/n100/seed19091997/L5TTPC_L5TTPC/simulations/190392-207670/2Hz_5ms/simulation_bde200e82982.pkl, submitting batch job
2025-09-09 17:09:39,716 - plastyfire.evaluator - INFO - Submitted job 49452291
2025-09-09 17:09:39,717 - plastyfire.evaluator - INFO - No existing PKL file found for mrk97_01: /home/dhuruva/projects/ctb-emuller/dhuruva/plastyfire/refitting_results/fitting/n100/seed19091997/L5TTPC_L5TTPC/simulations/190392-207670/2Hz_5ms/simulation_25b4122db3c5.pkl, submitting batch job
2025-09-09 17:09:39,910 - plastyfire.evaluator - INFO - Submitted job 49452292
2025-09-09 17:09:39,910 - plastyfire.evaluator - INFO - No existing PKL file found for mrk97_01: /home/dhuruva/projects/ctb-emuller/dhuruva/plastyfire/refitting_results/fitting/n100/seed19091997/L5TTPC_L5TTPC/simulations/183796-186882/2Hz_5ms/simulation_20333abf369f.pkl, submitting batch job
2025-09-09 17:09:39,912 - plastyfire.evaluator - INFO - Submitted job 49452293
2025-09-09 17:09:39,913 - plastyfire.evaluator - INFO - No existing PKL file found for mrk97_01: /home/dhuruva/projects/ctb-emuller/dhuruva/plastyfire/refitting_results/fitting/n100/seed19091997/L5TTPC_L5TTPC/simulations/183796-186882/2Hz_5ms/simulation_bde200e82982.pkl, submitting batch job
2025-09-09 17:09:39,915 - plastyfire.evaluator - INFO - Submitted job 49452294
2025-09-09 17:09:39,915 - plastyfire.evaluator - INFO - No existing PKL file found for mrk97_01: /home/dhuruva/projects/ctb-emuller/dhuruva/plastyfire/refitting_results/fitting/n100/seed19091997/L5TTPC_L5TTPC/simulations/183796-186882/2Hz_5ms/simulation_25b4122db3c5.pkl, submitting batch job
2025-09-09 17:09:40,091 - plastyfire.evaluator - INFO - Submitted job 49452295
2025-09-09 17:09:40,092 - plastyfire.evaluator - INFO - No existing PKL file found for mrk97_01: /home/dhuruva/projects/ctb-emuller/dhuruva/plastyfire/refitting_results/fitting/n100/seed19091997/L5TTPC_L5TTPC/simulations/198242-189050/2Hz_5ms/simulation_20333abf369f.pkl, submitting batch job
2025-09-09 17:09:40,093 - plastyfire.evaluator - INFO - Submitted job 49452296
2025-09-09 17:09:40,093 - plastyfire.evaluator - INFO - No existing PKL file found for mrk97_01: /home/dhuruva/projects/ctb-emuller/dhuruva/plastyfire/refitting_results/fitting/n100/seed19091997/L5TTPC_L5TTPC/simulations/198242-189050/2Hz_5ms/simulation_25b4122db3c5.pkl, submitting batch job
2025-09-09 17:09:40,096 - plastyfire.evaluator - INFO - Submitted job 49452297
2025-09-09 17:09:40,096 - plastyfire.evaluator - INFO - No existing PKL file found for mrk97_01: /home/dhuruva/projects/ctb-emuller/dhuruva/plastyfire/refitting_results/fitting/n100/seed19091997/L5TTPC_L5TTPC/simulations/198242-189050/2Hz_5ms/simulation_bde200e82982.pkl, submitting batch job
2025-09-09 17:09:40,282 - plastyfire.evaluator - INFO - Submitted job 49452298
2025-09-09 17:09:40,282 - plastyfire.evaluator - INFO - No existing PKL file found for mrk97_01: /home/dhuruva/projects/ctb-emuller/dhuruva/plastyfire/refitting_results/fitting/n100/seed19091997/L5TTPC_L5TTPC/simulations/205300-191467/2Hz_5ms/simulation_25b4122db3c5.pkl, submitting batch job
2025-09-09 17:09:40,284 - plastyfire.evaluator - INFO - Submitted job 49452299
2025-09-09 17:09:40,284 - plastyfire.evaluator - INFO - No existing PKL file found for mrk97_01: /home/dhuruva/projects/ctb-emuller/dhuruva/plastyfire/refitting_results/fitting/n100/seed19091997/L5TTPC_L5TTPC/simulations/205300-191467/2Hz_5ms/simulation_bde200e82982.pkl, submitting batch job
2025-09-09 17:09:40,287 - plastyfire.evaluator - INFO - Submitted job 49452300
2025-09-09 17:09:40,287 - plastyfire.evaluator - INFO - No existing PKL file found for mrk97_01: /home/dhuruva/projects/ctb-emuller/dhuruva/plastyfire/refitting_results/fitting/n100/seed19091997/L5TTPC_L5TTPC/simulations/205300-191467/2Hz_5ms/simulation_20333abf369f.pkl, submitting batch job
2025-09-09 17:09:40,478 - plastyfire.evaluator - INFO - Submitted job 49452301
2025-09-09 17:09:40,478 - plastyfire.evaluator - INFO - No existing PKL file found for mrk97_01: /home/dhuruva/projects/ctb-emuller/dhuruva/plastyfire/refitting_results/fitting/n100/seed19091997/L5TTPC_L5TTPC/simulations/180815-206160/2Hz_5ms/simulation_bde200e82982.pkl, submitting batch job
2025-09-09 17:09:40,480 - plastyfire.evaluator - INFO - Submitted job 49452302
2025-09-09 17:09:40,480 - plastyfire.evaluator - INFO - No existing PKL file found for mrk97_01: /home/dhuruva/projects/ctb-emuller/dhuruva/plastyfire/refitting_results/fitting/n100/seed19091997/L5TTPC_L5TTPC/simulations/180815-206160/2Hz_5ms/simulation_25b4122db3c5.pkl, submitting batch job
2025-09-09 17:09:40,482 - plastyfire.evaluator - INFO - Submitted job 49452303
2025-09-09 17:09:40,482 - plastyfire.evaluator - INFO - No existing PKL file found for mrk97_01: /home/dhuruva/projects/ctb-emuller/dhuruva/plastyfire/refitting_results/fitting/n100/seed19091997/L5TTPC_L5TTPC/simulations/180815-206160/2Hz_5ms/simulation_20333abf369f.pkl, submitting batch job
2025-09-09 17:09:40,646 - plastyfire.evaluator - INFO - Submitted job 49452304
2025-09-09 17:09:40,646 - plastyfire.evaluator - INFO - No existing PKL file found for mrk97_01: /home/dhuruva/projects/ctb-emuller/dhuruva/plastyfire/refitting_results/fitting/n100/seed19091997/L5TTPC_L5TTPC/simulations/203710-206592/2Hz_5ms/simulation_20333abf369f.pkl, submitting batch job
2025-09-09 17:09:40,647 - plastyfire.evaluator - INFO - Submitted job 49452305
2025-09-09 17:09:40,648 - plastyfire.evaluator - INFO - No existing PKL file found for mrk97_01: /home/dhuruva/projects/ctb-emuller/dhuruva/plastyfire/refitting_results/fitting/n100/seed19091997/L5TTPC_L5TTPC/simulations/203710-206592/2Hz_5ms/simulation_25b4122db3c5.pkl, submitting batch job
2025-09-09 17:09:40,649 - plastyfire.evaluator - INFO - Submitted job 49452306
2025-09-09 17:09:40,649 - plastyfire.evaluator - INFO - No existing PKL file found for mrk97_01: /home/dhuruva/projects/ctb-emuller/dhuruva/plastyfire/refitting_results/fitting/n100/seed19091997/L5TTPC_L5TTPC/simulations/203710-206592/2Hz_5ms/simulation_bde200e82982.pkl, submitting batch job
2025-09-09 17:09:40,819 - plastyfire.evaluator - INFO - Submitted job 49452307
2025-09-09 17:09:40,820 - plastyfire.evaluator - INFO - No existing PKL file found for mrk97_01: /home/dhuruva/projects/ctb-emuller/dhuruva/plastyfire/refitting_results/fitting/n100/seed19091997/L5TTPC_L5TTPC/simulations/180236-203656/2Hz_5ms/simulation_20333abf369f.pkl, submitting batch job
2025-09-09 17:09:40,821 - plastyfire.evaluator - INFO - Submitted job 49452308
2025-09-09 17:09:40,821 - plastyfire.evaluator - INFO - No existing PKL file found for mrk97_01: /home/dhuruva/projects/ctb-emuller/dhuruva/plastyfire/refitting_results/fitting/n100/seed19091997/L5TTPC_L5TTPC/simulations/180236-203656/2Hz_5ms/simulation_bde200e82982.pkl, submitting batch job
2025-09-09 17:09:40,823 - plastyfire.evaluator - INFO - Submitted job 49452309
2025-09-09 17:09:40,823 - plastyfire.evaluator - INFO - No existing PKL file found for mrk97_01: /home/dhuruva/projects/ctb-emuller/dhuruva/plastyfire/refitting_results/fitting/n100/seed19091997/L5TTPC_L5TTPC/simulations/180236-203656/2Hz_5ms/simulation_25b4122db3c5.pkl, submitting batch job
2025-09-09 17:09:41,073 - plastyfire.evaluator - INFO - Submitted job 49452310
2025-09-09 17:09:41,074 - plastyfire.evaluator - INFO - No existing PKL file found for mrk97_01: /home/dhuruva/projects/ctb-emuller/dhuruva/plastyfire/refitting_results/fitting/n100/seed19091997/L5TTPC_L5TTPC/simulations/208904-200676/2Hz_5ms/simulation_20333abf369f.pkl, submitting batch job
2025-09-09 17:09:41,075 - plastyfire.evaluator - INFO - Submitted job 49452311
2025-09-09 17:09:41,076 - plastyfire.evaluator - INFO - No existing PKL file found for mrk97_01: /home/dhuruva/projects/ctb-emuller/dhuruva/plastyfire/refitting_results/fitting/n100/seed19091997/L5TTPC_L5TTPC/simulations/208904-200676/2Hz_5ms/simulation_bde200e82982.pkl, submitting batch job
2025-09-09 17:09:41,077 - plastyfire.evaluator - INFO - Submitted job 49452312
2025-09-09 17:09:41,077 - plastyfire.evaluator - INFO - No existing PKL file found for mrk97_01: /home/dhuruva/projects/ctb-emuller/dhuruva/plastyfire/refitting_results/fitting/n100/seed19091997/L5TTPC_L5TTPC/simulations/208904-200676/2Hz_5ms/simulation_25b4122db3c5.pkl, submitting batch job
2025-09-09 17:09:41,304 - plastyfire.evaluator - INFO - Submitted job 49452315
2025-09-09 17:09:41,305 - plastyfire.evaluator - INFO - No existing PKL file found for mrk97_01: /home/dhuruva/projects/ctb-emuller/dhuruva/plastyfire/refitting_results/fitting/n100/seed19091997/L5TTPC_L5TTPC/simulations/193481-196243/2Hz_5ms/simulation_bde200e82982.pkl, submitting batch job
2025-09-09 17:09:41,306 - plastyfire.evaluator - INFO - Submitted job 49452316
2025-09-09 17:09:41,306 - plastyfire.evaluator - INFO - No existing PKL file found for mrk97_01: /home/dhuruva/projects/ctb-emuller/dhuruva/plastyfire/refitting_results/fitting/n100/seed19091997/L5TTPC_L5TTPC/simulations/193481-196243/2Hz_5ms/simulation_25b4122db3c5.pkl, submitting batch job
2025-09-09 17:09:41,310 - plastyfire.evaluator - INFO - Submitted job 49452318
2025-09-09 17:09:41,310 - plastyfire.evaluator - INFO - No existing PKL file found for mrk97_01: /home/dhuruva/projects/ctb-emuller/dhuruva/plastyfire/refitting_results/fitting/n100/seed19091997/L5TTPC_L5TTPC/simulations/193481-196243/2Hz_5ms/simulation_20333abf369f.pkl, submitting batch job
2025-09-09 17:09:41,516 - plastyfire.evaluator - INFO - Submitted job 49452319
2025-09-09 17:09:41,517 - plastyfire.evaluator - INFO - No existing PKL file found for mrk97_01: /home/dhuruva/projects/ctb-emuller/dhuruva/plastyfire/refitting_results/fitting/n100/seed19091997/L5TTPC_L5TTPC/simulations/189143-193722/2Hz_5ms/simulation_bde200e82982.pkl, submitting batch job
2025-09-09 17:09:41,520 - plastyfire.evaluator - INFO - Submitted job 49452321
2025-09-09 17:09:41,520 - plastyfire.evaluator - INFO - No existing PKL file found for mrk97_01: /home/dhuruva/projects/ctb-emuller/dhuruva/plastyfire/refitting_results/fitting/n100/seed19091997/L5TTPC_L5TTPC/simulations/189143-193722/2Hz_5ms/simulation_20333abf369f.pkl, submitting batch job
2025-09-09 17:09:41,522 - plastyfire.evaluator - INFO - Submitted job 49452322
2025-09-09 17:09:41,522 - plastyfire.evaluator - INFO - No existing PKL file found for mrk97_01: /home/dhuruva/projects/ctb-emuller/dhuruva/plastyfire/refitting_results/fitting/n100/seed19091997/L5TTPC_L5TTPC/simulations/189143-193722/2Hz_5ms/simulation_25b4122db3c5.pkl, submitting batch job
2025-09-09 17:09:41,636 - plastyfire.evaluator - INFO - Submitted job 49452323
2025-09-09 17:09:41,636 - plastyfire.evaluator - INFO - No existing PKL file found for mrk97_01: /home/dhuruva/projects/ctb-emuller/dhuruva/plastyfire/refitting_results/fitting/n100/seed19091997/L5TTPC_L5TTPC/simulations/201521-209101/2Hz_5ms/simulation_20333abf369f.pkl, submitting batch job
2025-09-09 17:09:41,637 - plastyfire.evaluator - INFO - Submitted job 49452324
2025-09-09 17:09:41,638 - plastyfire.evaluator - INFO - No existing PKL file found for mrk97_01: /home/dhuruva/projects/ctb-emuller/dhuruva/plastyfire/refitting_results/fitting/n100/seed19091997/L5TTPC_L5TTPC/simulations/201521-209101/2Hz_5ms/simulation_bde200e82982.pkl, submitting batch job
2025-09-09 17:09:41,763 - plastyfire.evaluator - INFO - Submitted job 49452325
2025-09-09 17:09:41,763 - plastyfire.evaluator - INFO - No existing PKL file found for mrk97_01: /home/dhuruva/projects/ctb-emuller/dhuruva/plastyfire/refitting_results/fitting/n100/seed19091997/L5TTPC_L5TTPC/simulations/183423-197906/2Hz_5ms/simulation_bde200e82982.pkl, submitting batch job
2025-09-09 17:09:41,765 - plastyfire.evaluator - INFO - Submitted job 49452326
2025-09-09 17:09:41,765 - plastyfire.evaluator - INFO - No existing PKL file found for mrk97_01: /home/dhuruva/projects/ctb-emuller/dhuruva/plastyfire/refitting_results/fitting/n100/seed19091997/L5TTPC_L5TTPC/simulations/183423-197906/2Hz_5ms/simulation_20333abf369f.pkl, submitting batch job
2025-09-09 17:09:41,932 - plastyfire.evaluator - INFO - Submitted job 49452327
2025-09-09 17:09:41,933 - plastyfire.evaluator - INFO - No existing PKL file found for mrk97_01: /home/dhuruva/projects/ctb-emuller/dhuruva/plastyfire/refitting_results/fitting/n100/seed19091997/L5TTPC_L5TTPC/simulations/201521-209101/2Hz_5ms/simulation_25b4122db3c5.pkl, submitting batch job
2025-09-09 17:09:41,935 - plastyfire.evaluator - INFO - Submitted job 49452328
2025-09-09 17:09:41,936 - plastyfire.evaluator - INFO - No existing PKL file found for mrk97_01: /home/dhuruva/projects/ctb-emuller/dhuruva/plastyfire/refitting_results/fitting/n100/seed19091997/L5TTPC_L5TTPC/simulations/181002-188173/2Hz_5ms/simulation_20333abf369f.pkl, submitting batch job
2025-09-09 17:09:41,938 - plastyfire.evaluator - INFO - Submitted job 49452329
2025-09-09 17:09:41,938 - plastyfire.evaluator - INFO - No existing PKL file found for mrk97_01: /home/dhuruva/projects/ctb-emuller/dhuruva/plastyfire/refitting_results/fitting/n100/seed19091997/L5TTPC_L5TTPC/simulations/181002-188173/2Hz_5ms/simulation_bde200e82982.pkl, submitting batch job
2025-09-09 17:09:42,094 - plastyfire.evaluator - INFO - Submitted job 49452330
2025-09-09 17:09:42,095 - plastyfire.evaluator - INFO - No existing PKL file found for mrk97_01: /home/dhuruva/projects/ctb-emuller/dhuruva/plastyfire/refitting_results/fitting/n100/seed19091997/L5TTPC_L5TTPC/simulations/183423-197906/2Hz_5ms/simulation_25b4122db3c5.pkl, submitting batch job
2025-09-09 17:09:42,734 - plastyfire.evaluator - INFO - Submitted job 49452331
2025-09-09 17:09:42,735 - plastyfire.evaluator - INFO - No existing PKL file found for mrk97_01: /home/dhuruva/projects/ctb-emuller/dhuruva/plastyfire/refitting_results/fitting/n100/seed19091997/L5TTPC_L5TTPC/simulations/184015-184061/2Hz_5ms/simulation_bde200e82982.pkl, submitting batch job
2025-09-09 17:09:42,745 - plastyfire.evaluator - INFO - Submitted job 49452332
2025-09-09 17:09:42,745 - plastyfire.evaluator - INFO - No existing PKL file found for mrk97_01: /home/dhuruva/projects/ctb-emuller/dhuruva/plastyfire/refitting_results/fitting/n100/seed19091997/L5TTPC_L5TTPC/simulations/181002-188173/2Hz_5ms/simulation_25b4122db3c5.pkl, submitting batch job
2025-09-09 17:09:42,750 - plastyfire.evaluator - INFO - Submitted job 49452334
2025-09-09 17:09:42,750 - plastyfire.evaluator - INFO - No existing PKL file found for mrk97_01: /home/dhuruva/projects/ctb-emuller/dhuruva/plastyfire/refitting_results/fitting/n100/seed19091997/L5TTPC_L5TTPC/simulations/184015-184061/2Hz_5ms/simulation_20333abf369f.pkl, submitting batch job
2025-09-09 17:09:42,906 - plastyfire.evaluator - INFO - Submitted job 49452336
2025-09-09 17:09:42,906 - plastyfire.evaluator - INFO - No existing PKL file found for mrk97_01: /home/dhuruva/projects/ctb-emuller/dhuruva/plastyfire/refitting_results/fitting/n100/seed19091997/L5TTPC_L5TTPC/simulations/184015-184061/2Hz_5ms/simulation_25b4122db3c5.pkl, submitting batch job
2025-09-09 17:09:42,908 - plastyfire.evaluator - INFO - Submitted job 49452337
2025-09-09 17:09:42,908 - plastyfire.evaluator - INFO - No existing PKL file found for mrk97_01: /home/dhuruva/projects/ctb-emuller/dhuruva/plastyfire/refitting_results/fitting/n100/seed19091997/L5TTPC_L5TTPC/simulations/194532-187415/2Hz_5ms/simulation_20333abf369f.pkl, submitting batch job
2025-09-09 17:09:42,910 - plastyfire.evaluator - INFO - Submitted job 49452338
2025-09-09 17:09:42,910 - plastyfire.evaluator - INFO - No existing PKL file found for mrk97_01: /home/dhuruva/projects/ctb-emuller/dhuruva/plastyfire/refitting_results/fitting/n100/seed19091997/L5TTPC_L5TTPC/simulations/194532-187415/2Hz_5ms/simulation_bde200e82982.pkl, submitting batch job
2025-09-09 17:09:43,067 - plastyfire.evaluator - INFO - Submitted job 49452339
2025-09-09 17:09:43,067 - plastyfire.evaluator - INFO - No existing PKL file found for mrk97_01: /home/dhuruva/projects/ctb-emuller/dhuruva/plastyfire/refitting_results/fitting/n100/seed19091997/L5TTPC_L5TTPC/simulations/194532-187415/2Hz_5ms/simulation_25b4122db3c5.pkl, submitting batch job
2025-09-09 17:09:43,068 - plastyfire.evaluator - INFO - Submitted job 49452340
2025-09-09 17:09:43,069 - plastyfire.evaluator - INFO - No existing PKL file found for mrk97_01: /home/dhuruva/projects/ctb-emuller/dhuruva/plastyfire/refitting_results/fitting/n100/seed19091997/L5TTPC_L5TTPC/simulations/180164-197248/2Hz_5ms/simulation_bde200e82982.pkl, submitting batch job
2025-09-09 17:09:43,070 - plastyfire.evaluator - INFO - Submitted job 49452341
2025-09-09 17:09:43,071 - plastyfire.evaluator - INFO - No existing PKL file found for mrk97_01: /home/dhuruva/projects/ctb-emuller/dhuruva/plastyfire/refitting_results/fitting/n100/seed19091997/L5TTPC_L5TTPC/simulations/180164-197248/2Hz_5ms/simulation_20333abf369f.pkl, submitting batch job
2025-09-09 17:09:43,314 - plastyfire.evaluator - INFO - Submitted job 49452342
2025-09-09 17:09:43,315 - plastyfire.evaluator - INFO - No existing PKL file found for mrk97_01: /home/dhuruva/projects/ctb-emuller/dhuruva/plastyfire/refitting_results/fitting/n100/seed19091997/L5TTPC_L5TTPC/simulations/181023-208822/2Hz_5ms/simulation_bde200e82982.pkl, submitting batch job
2025-09-09 17:09:43,317 - plastyfire.evaluator - INFO - Submitted job 49452343
2025-09-09 17:09:43,317 - plastyfire.evaluator - INFO - No existing PKL file found for mrk97_01: /home/dhuruva/projects/ctb-emuller/dhuruva/plastyfire/refitting_results/fitting/n100/seed19091997/L5TTPC_L5TTPC/simulations/181023-208822/2Hz_5ms/simulation_20333abf369f.pkl, submitting batch job
2025-09-09 17:09:43,319 - plastyfire.evaluator - INFO - Submitted job 49452344
2025-09-09 17:09:43,319 - plastyfire.evaluator - INFO - No existing PKL file found for mrk97_01: /home/dhuruva/projects/ctb-emuller/dhuruva/plastyfire/refitting_results/fitting/n100/seed19091997/L5TTPC_L5TTPC/simulations/180164-197248/2Hz_5ms/simulation_25b4122db3c5.pkl, submitting batch job
2025-09-09 17:09:43,503 - plastyfire.evaluator - INFO - Submitted job 49452345
2025-09-09 17:09:43,503 - plastyfire.evaluator - INFO - No existing PKL file found for mrk97_01: /home/dhuruva/projects/ctb-emuller/dhuruva/plastyfire/refitting_results/fitting/n100/seed19091997/L5TTPC_L5TTPC/simulations/181023-208822/2Hz_5ms/simulation_25b4122db3c5.pkl, submitting batch job
2025-09-09 17:09:43,506 - plastyfire.evaluator - INFO - Submitted job 49452346
2025-09-09 17:09:43,506 - plastyfire.evaluator - INFO - No existing PKL file found for mrk97_01: /home/dhuruva/projects/ctb-emuller/dhuruva/plastyfire/refitting_results/fitting/n100/seed19091997/L5TTPC_L5TTPC/simulations/198910-188914/2Hz_5ms/simulation_20333abf369f.pkl, submitting batch job
2025-09-09 17:09:43,508 - plastyfire.evaluator - INFO - Submitted job 49452347
2025-09-09 17:09:43,508 - plastyfire.evaluator - INFO - No existing PKL file found for mrk97_01: /home/dhuruva/projects/ctb-emuller/dhuruva/plastyfire/refitting_results/fitting/n100/seed19091997/L5TTPC_L5TTPC/simulations/198910-188914/2Hz_5ms/simulation_bde200e82982.pkl, submitting batch job
2025-09-09 17:09:43,671 - plastyfire.evaluator - INFO - Submitted job 49452348
2025-09-09 17:09:43,671 - plastyfire.evaluator - INFO - No existing PKL file found for mrk97_01: /home/dhuruva/projects/ctb-emuller/dhuruva/plastyfire/refitting_results/fitting/n100/seed19091997/L5TTPC_L5TTPC/simulations/198910-188914/2Hz_5ms/simulation_25b4122db3c5.pkl, submitting batch job
2025-09-09 17:09:43,672 - plastyfire.evaluator - INFO - Submitted job 49452349
2025-09-09 17:09:43,673 - plastyfire.evaluator - INFO - No existing PKL file found for mrk97_01: /home/dhuruva/projects/ctb-emuller/dhuruva/plastyfire/refitting_results/fitting/n100/seed19091997/L5TTPC_L5TTPC/simulations/189500-185042/2Hz_5ms/simulation_bde200e82982.pkl, submitting batch job
2025-09-09 17:09:43,674 - plastyfire.evaluator - INFO - Submitted job 49452350
2025-09-09 17:09:43,674 - plastyfire.evaluator - INFO - No existing PKL file found for mrk97_01: /home/dhuruva/projects/ctb-emuller/dhuruva/plastyfire/refitting_results/fitting/n100/seed19091997/L5TTPC_L5TTPC/simulations/189500-185042/2Hz_5ms/simulation_20333abf369f.pkl, submitting batch job
2025-09-09 17:09:43,836 - plastyfire.evaluator - INFO - Submitted job 49452351
2025-09-09 17:09:43,837 - plastyfire.evaluator - INFO - No existing PKL file found for mrk97_01: /home/dhuruva/projects/ctb-emuller/dhuruva/plastyfire/refitting_results/fitting/n100/seed19091997/L5TTPC_L5TTPC/simulations/184033-189853/2Hz_5ms/simulation_bde200e82982.pkl, submitting batch job
2025-09-09 17:09:43,838 - plastyfire.evaluator - INFO - Submitted job 49452352
2025-09-09 17:09:43,838 - plastyfire.evaluator - INFO - No existing PKL file found for mrk97_01: /home/dhuruva/projects/ctb-emuller/dhuruva/plastyfire/refitting_results/fitting/n100/seed19091997/L5TTPC_L5TTPC/simulations/184033-189853/2Hz_5ms/simulation_20333abf369f.pkl, submitting batch job
2025-09-09 17:09:43,840 - plastyfire.evaluator - INFO - Submitted job 49452353
2025-09-09 17:09:43,840 - plastyfire.evaluator - INFO - No existing PKL file found for mrk97_01: /home/dhuruva/projects/ctb-emuller/dhuruva/plastyfire/refitting_results/fitting/n100/seed19091997/L5TTPC_L5TTPC/simulations/189500-185042/2Hz_5ms/simulation_25b4122db3c5.pkl, submitting batch job
2025-09-09 17:09:44,222 - plastyfire.evaluator - INFO - Submitted job 49452354
2025-09-09 17:09:44,223 - plastyfire.evaluator - INFO - No existing PKL file found for mrk97_01: /home/dhuruva/projects/ctb-emuller/dhuruva/plastyfire/refitting_results/fitting/n100/seed19091997/L5TTPC_L5TTPC/simulations/182354-185997/2Hz_5ms/simulation_bde200e82982.pkl, submitting batch job
2025-09-09 17:09:44,223 - plastyfire.evaluator - INFO - Submitted job 49452355
2025-09-09 17:09:44,224 - plastyfire.evaluator - INFO - No existing PKL file found for mrk97_01: /home/dhuruva/projects/ctb-emuller/dhuruva/plastyfire/refitting_results/fitting/n100/seed19091997/L5TTPC_L5TTPC/simulations/182354-185997/2Hz_5ms/simulation_20333abf369f.pkl, submitting batch job
2025-09-09 17:09:44,225 - plastyfire.evaluator - INFO - Submitted job 49452356
2025-09-09 17:09:44,225 - plastyfire.evaluator - INFO - No existing PKL file found for mrk97_01: /home/dhuruva/projects/ctb-emuller/dhuruva/plastyfire/refitting_results/fitting/n100/seed19091997/L5TTPC_L5TTPC/simulations/184033-189853/2Hz_5ms/simulation_25b4122db3c5.pkl, submitting batch job
2025-09-09 17:09:44,435 - plastyfire.evaluator - INFO - Submitted job 49452357
2025-09-09 17:09:44,436 - plastyfire.evaluator - INFO - No existing PKL file found for mrk97_01: /home/dhuruva/projects/ctb-emuller/dhuruva/plastyfire/refitting_results/fitting/n100/seed19091997/L5TTPC_L5TTPC/simulations/203171-197644/2Hz_5ms/simulation_bde200e82982.pkl, submitting batch job
2025-09-09 17:09:44,437 - plastyfire.evaluator - INFO - Submitted job 49452358
2025-09-09 17:09:44,437 - plastyfire.evaluator - INFO - No existing PKL file found for mrk97_01: /home/dhuruva/projects/ctb-emuller/dhuruva/plastyfire/refitting_results/fitting/n100/seed19091997/L5TTPC_L5TTPC/simulations/203171-197644/2Hz_5ms/simulation_20333abf369f.pkl, submitting batch job
2025-09-09 17:09:44,440 - plastyfire.evaluator - INFO - Submitted job 49452359
2025-09-09 17:09:44,440 - plastyfire.evaluator - INFO - No existing PKL file found for mrk97_01: /home/dhuruva/projects/ctb-emuller/dhuruva/plastyfire/refitting_results/fitting/n100/seed19091997/L5TTPC_L5TTPC/simulations/182354-185997/2Hz_5ms/simulation_25b4122db3c5.pkl, submitting batch job
2025-09-09 17:09:44,619 - plastyfire.evaluator - INFO - Submitted job 49452360
2025-09-09 17:09:44,619 - plastyfire.evaluator - INFO - No existing PKL file found for mrk97_01: /home/dhuruva/projects/ctb-emuller/dhuruva/plastyfire/refitting_results/fitting/n100/seed19091997/L5TTPC_L5TTPC/simulations/184090-195582/2Hz_5ms/simulation_20333abf369f.pkl, submitting batch job
2025-09-09 17:09:44,620 - plastyfire.evaluator - INFO - Submitted job 49452361
2025-09-09 17:09:44,621 - plastyfire.evaluator - INFO - No existing PKL file found for mrk97_01: /home/dhuruva/projects/ctb-emuller/dhuruva/plastyfire/refitting_results/fitting/n100/seed19091997/L5TTPC_L5TTPC/simulations/203171-197644/2Hz_5ms/simulation_25b4122db3c5.pkl, submitting batch job
2025-09-09 17:09:44,622 - plastyfire.evaluator - INFO - Submitted job 49452362
2025-09-09 17:09:44,623 - plastyfire.evaluator - INFO - No existing PKL file found for mrk97_01: /home/dhuruva/projects/ctb-emuller/dhuruva/plastyfire/refitting_results/fitting/n100/seed19091997/L5TTPC_L5TTPC/simulations/184090-195582/2Hz_5ms/simulation_bde200e82982.pkl, submitting batch job
2025-09-09 17:09:44,799 - plastyfire.evaluator - INFO - Submitted job 49452363
2025-09-09 17:09:44,799 - plastyfire.evaluator - INFO - No existing PKL file found for mrk97_01: /home/dhuruva/projects/ctb-emuller/dhuruva/plastyfire/refitting_results/fitting/n100/seed19091997/L5TTPC_L5TTPC/simulations/184090-195582/2Hz_5ms/simulation_25b4122db3c5.pkl, submitting batch job
2025-09-09 17:09:44,801 - plastyfire.evaluator - INFO - Submitted job 49452364
2025-09-09 17:09:44,801 - plastyfire.evaluator - INFO - No existing PKL file found for mrk97_01: /home/dhuruva/projects/ctb-emuller/dhuruva/plastyfire/refitting_results/fitting/n100/seed19091997/L5TTPC_L5TTPC/simulations/182072-199843/2Hz_5ms/simulation_20333abf369f.pkl, submitting batch job
2025-09-09 17:09:44,803 - plastyfire.evaluator - INFO - Submitted job 49452365
2025-09-09 17:09:44,803 - plastyfire.evaluator - INFO - No existing PKL file found for mrk97_01: /home/dhuruva/projects/ctb-emuller/dhuruva/plastyfire/refitting_results/fitting/n100/seed19091997/L5TTPC_L5TTPC/simulations/182072-199843/2Hz_5ms/simulation_bde200e82982.pkl, submitting batch job
2025-09-09 17:09:44,974 - plastyfire.evaluator - INFO - Submitted job 49452366
2025-09-09 17:09:44,974 - plastyfire.evaluator - INFO - No existing PKL file found for mrk97_01: /home/dhuruva/projects/ctb-emuller/dhuruva/plastyfire/refitting_results/fitting/n100/seed19091997/L5TTPC_L5TTPC/simulations/201281-199420/2Hz_5ms/simulation_20333abf369f.pkl, submitting batch job
2025-09-09 17:09:44,976 - plastyfire.evaluator - INFO - Submitted job 49452367
2025-09-09 17:09:44,976 - plastyfire.evaluator - INFO - No existing PKL file found for mrk97_01: /home/dhuruva/projects/ctb-emuller/dhuruva/plastyfire/refitting_results/fitting/n100/seed19091997/L5TTPC_L5TTPC/simulations/182072-199843/2Hz_5ms/simulation_25b4122db3c5.pkl, submitting batch job
2025-09-09 17:09:44,978 - plastyfire.evaluator - INFO - Submitted job 49452368
2025-09-09 17:09:44,978 - plastyfire.evaluator - INFO - No existing PKL file found for mrk97_01: /home/dhuruva/projects/ctb-emuller/dhuruva/plastyfire/refitting_results/fitting/n100/seed19091997/L5TTPC_L5TTPC/simulations/201281-199420/2Hz_5ms/simulation_bde200e82982.pkl, submitting batch job
2025-09-09 17:09:45,137 - plastyfire.evaluator - INFO - Submitted job 49452369
2025-09-09 17:09:45,137 - plastyfire.evaluator - INFO - No existing PKL file found for mrk97_01: /home/dhuruva/projects/ctb-emuller/dhuruva/plastyfire/refitting_results/fitting/n100/seed19091997/L5TTPC_L5TTPC/simulations/201281-199420/2Hz_5ms/simulation_25b4122db3c5.pkl, submitting batch job
2025-09-09 17:09:45,139 - plastyfire.evaluator - INFO - Submitted job 49452370
2025-09-09 17:09:45,139 - plastyfire.evaluator - INFO - No existing PKL file found for mrk97_01: /home/dhuruva/projects/ctb-emuller/dhuruva/plastyfire/refitting_results/fitting/n100/seed19091997/L5TTPC_L5TTPC/simulations/209709-184968/2Hz_5ms/simulation_20333abf369f.pkl, submitting batch job
2025-09-09 17:09:45,141 - plastyfire.evaluator - INFO - Submitted job 49452371
2025-09-09 17:09:45,141 - plastyfire.evaluator - INFO - No existing PKL file found for mrk97_01: /home/dhuruva/projects/ctb-emuller/dhuruva/plastyfire/refitting_results/fitting/n100/seed19091997/L5TTPC_L5TTPC/simulations/209709-184968/2Hz_5ms/simulation_bde200e82982.pkl, submitting batch job
2025-09-09 17:09:45,365 - plastyfire.evaluator - INFO - Submitted job 49452372
2025-09-09 17:09:45,365 - plastyfire.evaluator - INFO - No existing PKL file found for mrk97_01: /home/dhuruva/projects/ctb-emuller/dhuruva/plastyfire/refitting_results/fitting/n100/seed19091997/L5TTPC_L5TTPC/simulations/209709-184968/2Hz_5ms/simulation_25b4122db3c5.pkl, submitting batch job
2025-09-09 17:09:45,369 - plastyfire.evaluator - INFO - Submitted job 49452373
2025-09-09 17:09:45,370 - plastyfire.evaluator - INFO - No existing PKL file found for mrk97_01: /home/dhuruva/projects/ctb-emuller/dhuruva/plastyfire/refitting_results/fitting/n100/seed19091997/L5TTPC_L5TTPC/simulations/186810-208210/2Hz_5ms/simulation_20333abf369f.pkl, submitting batch job
2025-09-09 17:09:45,938 - plastyfire.evaluator - INFO - Submitted job 49452375
2025-09-09 17:09:45,938 - plastyfire.evaluator - INFO - No existing PKL file found for mrk97_01: /home/dhuruva/projects/ctb-emuller/dhuruva/plastyfire/refitting_results/fitting/n100/seed19091997/L5TTPC_L5TTPC/simulations/186810-208210/2Hz_5ms/simulation_bde200e82982.pkl, submitting batch job
2025-09-09 17:09:45,940 - plastyfire.evaluator - INFO - Submitted job 49452376
2025-09-09 17:09:45,940 - plastyfire.evaluator - INFO - No existing PKL file found for mrk97_01: /home/dhuruva/projects/ctb-emuller/dhuruva/plastyfire/refitting_results/fitting/n100/seed19091997/L5TTPC_L5TTPC/simulations/199365-195486/2Hz_5ms/simulation_20333abf369f.pkl, submitting batch job
2025-09-09 17:09:45,946 - plastyfire.evaluator - INFO - Submitted job 49452378
2025-09-09 17:09:45,946 - plastyfire.evaluator - INFO - No existing PKL file found for mrk97_01: /home/dhuruva/projects/ctb-emuller/dhuruva/plastyfire/refitting_results/fitting/n100/seed19091997/L5TTPC_L5TTPC/simulations/186810-208210/2Hz_5ms/simulation_25b4122db3c5.pkl, submitting batch job
2025-09-09 17:09:46,116 - plastyfire.evaluator - INFO - Submitted job 49452379
2025-09-09 17:09:46,117 - plastyfire.evaluator - INFO - No existing PKL file found for mrk97_01: /home/dhuruva/projects/ctb-emuller/dhuruva/plastyfire/refitting_results/fitting/n100/seed19091997/L5TTPC_L5TTPC/simulations/199365-195486/2Hz_5ms/simulation_bde200e82982.pkl, submitting batch job
2025-09-09 17:09:46,118 - plastyfire.evaluator - INFO - Submitted job 49452380
2025-09-09 17:09:46,118 - plastyfire.evaluator - INFO - No existing PKL file found for mrk97_01: /home/dhuruva/projects/ctb-emuller/dhuruva/plastyfire/refitting_results/fitting/n100/seed19091997/L5TTPC_L5TTPC/simulations/185785-189513/2Hz_5ms/simulation_20333abf369f.pkl, submitting batch job
2025-09-09 17:09:46,120 - plastyfire.evaluator - INFO - Submitted job 49452381
2025-09-09 17:09:46,120 - plastyfire.evaluator - INFO - No existing PKL file found for mrk97_01: /home/dhuruva/projects/ctb-emuller/dhuruva/plastyfire/refitting_results/fitting/n100/seed19091997/L5TTPC_L5TTPC/simulations/199365-195486/2Hz_5ms/simulation_25b4122db3c5.pkl, submitting batch job
2025-09-09 17:09:46,294 - plastyfire.evaluator - INFO - Submitted job 49452382
2025-09-09 17:09:46,295 - plastyfire.evaluator - INFO - No existing PKL file found for mrk97_01: /home/dhuruva/projects/ctb-emuller/dhuruva/plastyfire/refitting_results/fitting/n100/seed19091997/L5TTPC_L5TTPC/simulations/203300-206195/2Hz_5ms/simulation_20333abf369f.pkl, submitting batch job
2025-09-09 17:09:46,296 - plastyfire.evaluator - INFO - Submitted job 49452383
2025-09-09 17:09:46,296 - plastyfire.evaluator - INFO - No existing PKL file found for mrk97_01: /home/dhuruva/projects/ctb-emuller/dhuruva/plastyfire/refitting_results/fitting/n100/seed19091997/L5TTPC_L5TTPC/simulations/185785-189513/2Hz_5ms/simulation_bde200e82982.pkl, submitting batch job
2025-09-09 17:09:46,298 - plastyfire.evaluator - INFO - Submitted job 49452384
2025-09-09 17:09:46,298 - plastyfire.evaluator - INFO - No existing PKL file found for mrk97_01: /home/dhuruva/projects/ctb-emuller/dhuruva/plastyfire/refitting_results/fitting/n100/seed19091997/L5TTPC_L5TTPC/simulations/185785-189513/2Hz_5ms/simulation_25b4122db3c5.pkl, submitting batch job
2025-09-09 17:09:46,474 - plastyfire.evaluator - INFO - Submitted job 49452385
2025-09-09 17:09:46,475 - plastyfire.evaluator - INFO - No existing PKL file found for mrk97_01: /home/dhuruva/projects/ctb-emuller/dhuruva/plastyfire/refitting_results/fitting/n100/seed19091997/L5TTPC_L5TTPC/simulations/203300-206195/2Hz_5ms/simulation_bde200e82982.pkl, submitting batch job
2025-09-09 17:09:46,476 - plastyfire.evaluator - INFO - Submitted job 49452386
2025-09-09 17:09:46,476 - plastyfire.evaluator - INFO - No existing PKL file found for mrk97_01: /home/dhuruva/projects/ctb-emuller/dhuruva/plastyfire/refitting_results/fitting/n100/seed19091997/L5TTPC_L5TTPC/simulations/203300-206195/2Hz_5ms/simulation_25b4122db3c5.pkl, submitting batch job
2025-09-09 17:09:46,478 - plastyfire.evaluator - INFO - Submitted job 49452387
2025-09-09 17:09:46,478 - plastyfire.evaluator - INFO - No existing PKL file found for mrk97_01: /home/dhuruva/projects/ctb-emuller/dhuruva/plastyfire/refitting_results/fitting/n100/seed19091997/L5TTPC_L5TTPC/simulations/205643-189193/2Hz_5ms/simulation_20333abf369f.pkl, submitting batch job
2025-09-09 17:09:46,642 - plastyfire.evaluator - INFO - Submitted job 49452388
2025-09-09 17:09:46,643 - plastyfire.evaluator - INFO - No existing PKL file found for mrk97_01: /home/dhuruva/projects/ctb-emuller/dhuruva/plastyfire/refitting_results/fitting/n100/seed19091997/L5TTPC_L5TTPC/simulations/205643-189193/2Hz_5ms/simulation_bde200e82982.pkl, submitting batch job
2025-09-09 17:09:46,644 - plastyfire.evaluator - INFO - Submitted job 49452389
2025-09-09 17:09:46,644 - plastyfire.evaluator - INFO - No existing PKL file found for mrk97_01: /home/dhuruva/projects/ctb-emuller/dhuruva/plastyfire/refitting_results/fitting/n100/seed19091997/L5TTPC_L5TTPC/simulations/191917-186517/2Hz_5ms/simulation_20333abf369f.pkl, submitting batch job
2025-09-09 17:09:46,646 - plastyfire.evaluator - INFO - Submitted job 49452390
2025-09-09 17:09:46,646 - plastyfire.evaluator - INFO - No existing PKL file found for mrk97_01: /home/dhuruva/projects/ctb-emuller/dhuruva/plastyfire/refitting_results/fitting/n100/seed19091997/L5TTPC_L5TTPC/simulations/205643-189193/2Hz_5ms/simulation_25b4122db3c5.pkl, submitting batch job
2025-09-09 17:09:46,806 - plastyfire.evaluator - INFO - Submitted job 49452391
2025-09-09 17:09:46,807 - plastyfire.evaluator - INFO - No existing PKL file found for mrk97_01: /home/dhuruva/projects/ctb-emuller/dhuruva/plastyfire/refitting_results/fitting/n100/seed19091997/L5TTPC_L5TTPC/simulations/191917-186517/2Hz_5ms/simulation_bde200e82982.pkl, submitting batch job
2025-09-09 17:09:46,808 - plastyfire.evaluator - INFO - Submitted job 49452392
2025-09-09 17:09:46,808 - plastyfire.evaluator - INFO - No existing PKL file found for mrk97_01: /home/dhuruva/projects/ctb-emuller/dhuruva/plastyfire/refitting_results/fitting/n100/seed19091997/L5TTPC_L5TTPC/simulations/205559-199162/2Hz_5ms/simulation_20333abf369f.pkl, submitting batch job
2025-09-09 17:09:46,810 - plastyfire.evaluator - INFO - Submitted job 49452393
2025-09-09 17:09:46,810 - plastyfire.evaluator - INFO - No existing PKL file found for mrk97_01: /home/dhuruva/projects/ctb-emuller/dhuruva/plastyfire/refitting_results/fitting/n100/seed19091997/L5TTPC_L5TTPC/simulations/191917-186517/2Hz_5ms/simulation_25b4122db3c5.pkl, submitting batch job
2025-09-09 17:09:46,979 - plastyfire.evaluator - INFO - Submitted job 49452394
2025-09-09 17:09:46,979 - plastyfire.evaluator - INFO - No existing PKL file found for mrk97_01: /home/dhuruva/projects/ctb-emuller/dhuruva/plastyfire/refitting_results/fitting/n100/seed19091997/L5TTPC_L5TTPC/simulations/189415-192019/2Hz_5ms/simulation_20333abf369f.pkl, submitting batch job
2025-09-09 17:09:46,981 - plastyfire.evaluator - INFO - Submitted job 49452395
2025-09-09 17:09:46,981 - plastyfire.evaluator - INFO - No existing PKL file found for mrk97_01: /home/dhuruva/projects/ctb-emuller/dhuruva/plastyfire/refitting_results/fitting/n100/seed19091997/L5TTPC_L5TTPC/simulations/205559-199162/2Hz_5ms/simulation_25b4122db3c5.pkl, submitting batch job
2025-09-09 17:09:46,983 - plastyfire.evaluator - INFO - Submitted job 49452396
2025-09-09 17:09:46,983 - plastyfire.evaluator - INFO - No existing PKL file found for mrk97_01: /home/dhuruva/projects/ctb-emuller/dhuruva/plastyfire/refitting_results/fitting/n100/seed19091997/L5TTPC_L5TTPC/simulations/205559-199162/2Hz_5ms/simulation_bde200e82982.pkl, submitting batch job
2025-09-09 17:09:47,142 - plastyfire.evaluator - INFO - Submitted job 49452397
2025-09-09 17:09:47,143 - plastyfire.evaluator - INFO - No existing PKL file found for mrk97_01: /home/dhuruva/projects/ctb-emuller/dhuruva/plastyfire/refitting_results/fitting/n100/seed19091997/L5TTPC_L5TTPC/simulations/192816-200992/2Hz_5ms/simulation_20333abf369f.pkl, submitting batch job
2025-09-09 17:09:47,144 - plastyfire.evaluator - INFO - Submitted job 49452398
2025-09-09 17:09:47,144 - plastyfire.evaluator - INFO - No existing PKL file found for mrk97_01: /home/dhuruva/projects/ctb-emuller/dhuruva/plastyfire/refitting_results/fitting/n100/seed19091997/L5TTPC_L5TTPC/simulations/189415-192019/2Hz_5ms/simulation_bde200e82982.pkl, submitting batch job
2025-09-09 17:09:47,146 - plastyfire.evaluator - INFO - Submitted job 49452399
2025-09-09 17:09:47,146 - plastyfire.evaluator - INFO - No existing PKL file found for mrk97_01: /home/dhuruva/projects/ctb-emuller/dhuruva/plastyfire/refitting_results/fitting/n100/seed19091997/L5TTPC_L5TTPC/simulations/189415-192019/2Hz_5ms/simulation_25b4122db3c5.pkl, submitting batch job
2025-09-09 17:09:47,339 - plastyfire.evaluator - INFO - Submitted job 49452400
2025-09-09 17:09:47,339 - plastyfire.evaluator - INFO - No existing PKL file found for mrk97_01: /home/dhuruva/projects/ctb-emuller/dhuruva/plastyfire/refitting_results/fitting/n100/seed19091997/L5TTPC_L5TTPC/simulations/192816-200992/2Hz_5ms/simulation_25b4122db3c5.pkl, submitting batch job
2025-09-09 17:09:47,340 - plastyfire.evaluator - INFO - Submitted job 49452401
2025-09-09 17:09:47,341 - plastyfire.evaluator - INFO - No existing PKL file found for mrk97_01: /home/dhuruva/projects/ctb-emuller/dhuruva/plastyfire/refitting_results/fitting/n100/seed19091997/L5TTPC_L5TTPC/simulations/192816-200992/2Hz_5ms/simulation_bde200e82982.pkl, submitting batch job
2025-09-09 17:09:47,342 - plastyfire.evaluator - INFO - Submitted job 49452402
2025-09-09 17:09:47,342 - plastyfire.evaluator - INFO - No existing PKL file found for mrk97_01: /home/dhuruva/projects/ctb-emuller/dhuruva/plastyfire/refitting_results/fitting/n100/seed19091997/L5TTPC_L5TTPC/simulations/191341-181892/2Hz_5ms/simulation_20333abf369f.pkl, submitting batch job
2025-09-09 17:09:47,517 - plastyfire.evaluator - INFO - Submitted job 49452403
2025-09-09 17:09:47,518 - plastyfire.evaluator - INFO - No existing PKL file found for mrk97_01: /home/dhuruva/projects/ctb-emuller/dhuruva/plastyfire/refitting_results/fitting/n100/seed19091997/L5TTPC_L5TTPC/simulations/206930-184305/2Hz_5ms/simulation_20333abf369f.pkl, submitting batch job
2025-09-09 17:09:47,519 - plastyfire.evaluator - INFO - Submitted job 49452404
2025-09-09 17:09:47,519 - plastyfire.evaluator - INFO - No existing PKL file found for mrk97_01: /home/dhuruva/projects/ctb-emuller/dhuruva/plastyfire/refitting_results/fitting/n100/seed19091997/L5TTPC_L5TTPC/simulations/191341-181892/2Hz_5ms/simulation_25b4122db3c5.pkl, submitting batch job
2025-09-09 17:09:47,521 - plastyfire.evaluator - INFO - Submitted job 49452405
2025-09-09 17:09:47,521 - plastyfire.evaluator - INFO - No existing PKL file found for mrk97_01: /home/dhuruva/projects/ctb-emuller/dhuruva/plastyfire/refitting_results/fitting/n100/seed19091997/L5TTPC_L5TTPC/simulations/191341-181892/2Hz_5ms/simulation_bde200e82982.pkl, submitting batch job
2025-09-09 17:09:47,797 - plastyfire.evaluator - INFO - Submitted job 49452406
2025-09-09 17:09:47,797 - plastyfire.evaluator - INFO - No existing PKL file found for mrk97_01: /home/dhuruva/projects/ctb-emuller/dhuruva/plastyfire/refitting_results/fitting/n100/seed19091997/L5TTPC_L5TTPC/simulations/199879-192945/2Hz_5ms/simulation_20333abf369f.pkl, submitting batch job
2025-09-09 17:09:47,801 - plastyfire.evaluator - INFO - Submitted job 49452408
2025-09-09 17:09:47,801 - plastyfire.evaluator - INFO - No existing PKL file found for mrk97_01: /home/dhuruva/projects/ctb-emuller/dhuruva/plastyfire/refitting_results/fitting/n100/seed19091997/L5TTPC_L5TTPC/simulations/206930-184305/2Hz_5ms/simulation_25b4122db3c5.pkl, submitting batch job
2025-09-09 17:09:47,805 - plastyfire.evaluator - INFO - Submitted job 49452410
2025-09-09 17:09:47,806 - plastyfire.evaluator - INFO - No existing PKL file found for mrk97_01: /home/dhuruva/projects/ctb-emuller/dhuruva/plastyfire/refitting_results/fitting/n100/seed19091997/L5TTPC_L5TTPC/simulations/206930-184305/2Hz_5ms/simulation_bde200e82982.pkl, submitting batch job
2025-09-09 17:09:47,972 - plastyfire.evaluator - INFO - Submitted job 49452411
2025-09-09 17:09:47,972 - plastyfire.evaluator - INFO - No existing PKL file found for mrk97_01: /home/dhuruva/projects/ctb-emuller/dhuruva/plastyfire/refitting_results/fitting/n100/seed19091997/L5TTPC_L5TTPC/simulations/199879-192945/2Hz_5ms/simulation_bde200e82982.pkl, submitting batch job
2025-09-09 17:09:47,973 - plastyfire.evaluator - INFO - Submitted job 49452412
2025-09-09 17:09:47,974 - plastyfire.evaluator - INFO - No existing PKL file found for mrk97_01: /home/dhuruva/projects/ctb-emuller/dhuruva/plastyfire/refitting_results/fitting/n100/seed19091997/L5TTPC_L5TTPC/simulations/199879-192945/2Hz_5ms/simulation_25b4122db3c5.pkl, submitting batch job
2025-09-09 17:09:47,975 - plastyfire.evaluator - INFO - Submitted job 49452413
2025-09-09 17:09:47,976 - plastyfire.evaluator - INFO - No existing PKL file found for mrk97_01: /home/dhuruva/projects/ctb-emuller/dhuruva/plastyfire/refitting_results/fitting/n100/seed19091997/L5TTPC_L5TTPC/simulations/193467-199529/2Hz_5ms/simulation_20333abf369f.pkl, submitting batch job
2025-09-09 17:09:48,184 - plastyfire.evaluator - INFO - Submitted job 49452414
2025-09-09 17:09:48,185 - plastyfire.evaluator - INFO - No existing PKL file found for mrk97_01: /home/dhuruva/projects/ctb-emuller/dhuruva/plastyfire/refitting_results/fitting/n100/seed19091997/L5TTPC_L5TTPC/simulations/193467-199529/2Hz_5ms/simulation_bde200e82982.pkl, submitting batch job
2025-09-09 17:09:48,188 - plastyfire.evaluator - INFO - Submitted job 49452416
2025-09-09 17:09:48,188 - plastyfire.evaluator - INFO - No existing PKL file found for mrk97_01: /home/dhuruva/projects/ctb-emuller/dhuruva/plastyfire/refitting_results/fitting/n100/seed19091997/L5TTPC_L5TTPC/simulations/190073-201891/2Hz_5ms/simulation_20333abf369f.pkl, submitting batch job
2025-09-09 17:09:48,190 - plastyfire.evaluator - INFO - Submitted job 49452417
2025-09-09 17:09:48,190 - plastyfire.evaluator - INFO - No existing PKL file found for mrk97_01: /home/dhuruva/projects/ctb-emuller/dhuruva/plastyfire/refitting_results/fitting/n100/seed19091997/L5TTPC_L5TTPC/simulations/193467-199529/2Hz_5ms/simulation_25b4122db3c5.pkl, submitting batch job
2025-09-09 17:09:48,412 - plastyfire.evaluator - INFO - Submitted job 49452418
2025-09-09 17:09:48,413 - plastyfire.evaluator - INFO - No existing PKL file found for mrk97_01: /home/dhuruva/projects/ctb-emuller/dhuruva/plastyfire/refitting_results/fitting/n100/seed19091997/L5TTPC_L5TTPC/simulations/209495-189342/2Hz_5ms/simulation_20333abf369f.pkl, submitting batch job
2025-09-09 17:09:48,966 - plastyfire.evaluator - INFO - Submitted job 49452421
2025-09-09 17:09:48,967 - plastyfire.evaluator - INFO - No existing PKL file found for mrk97_01: /home/dhuruva/projects/ctb-emuller/dhuruva/plastyfire/refitting_results/fitting/n100/seed19091997/L5TTPC_L5TTPC/simulations/190073-201891/2Hz_5ms/simulation_25b4122db3c5.pkl, submitting batch job
2025-09-09 17:09:48,968 - plastyfire.evaluator - INFO - Submitted job 49452422
2025-09-09 17:09:48,969 - plastyfire.evaluator - INFO - No existing PKL file found for mrk97_01: /home/dhuruva/projects/ctb-emuller/dhuruva/plastyfire/refitting_results/fitting/n100/seed19091997/L5TTPC_L5TTPC/simulations/194969-207559/2Hz_5ms/simulation_20333abf369f.pkl, submitting batch job
2025-09-09 17:09:48,971 - plastyfire.evaluator - INFO - Submitted job 49452423
2025-09-09 17:09:48,971 - plastyfire.evaluator - INFO - No existing PKL file found for mrk97_01: /home/dhuruva/projects/ctb-emuller/dhuruva/plastyfire/refitting_results/fitting/n100/seed19091997/L5TTPC_L5TTPC/simulations/190073-201891/2Hz_5ms/simulation_bde200e82982.pkl, submitting batch job
2025-09-09 17:09:49,167 - plastyfire.evaluator - INFO - Submitted job 49452424
2025-09-09 17:09:49,167 - plastyfire.evaluator - INFO - No existing PKL file found for mrk97_01: /home/dhuruva/projects/ctb-emuller/dhuruva/plastyfire/refitting_results/fitting/n100/seed19091997/L5TTPC_L5TTPC/simulations/209495-189342/2Hz_5ms/simulation_25b4122db3c5.pkl, submitting batch job
2025-09-09 17:09:49,169 - plastyfire.evaluator - INFO - Submitted job 49452425
2025-09-09 17:09:49,169 - plastyfire.evaluator - INFO - No existing PKL file found for mrk97_01: /home/dhuruva/projects/ctb-emuller/dhuruva/plastyfire/refitting_results/fitting/n100/seed19091997/L5TTPC_L5TTPC/simulations/209495-189342/2Hz_5ms/simulation_bde200e82982.pkl, submitting batch job
2025-09-09 17:09:49,171 - plastyfire.evaluator - INFO - Submitted job 49452426
2025-09-09 17:09:49,172 - plastyfire.evaluator - INFO - No existing PKL file found for mrk97_01: /home/dhuruva/projects/ctb-emuller/dhuruva/plastyfire/refitting_results/fitting/n100/seed19091997/L5TTPC_L5TTPC/simulations/190353-181954/2Hz_5ms/simulation_20333abf369f.pkl, submitting batch job
2025-09-09 17:09:49,375 - plastyfire.evaluator - INFO - Submitted job 49452427
2025-09-09 17:09:49,375 - plastyfire.evaluator - INFO - No existing PKL file found for mrk97_01: /home/dhuruva/projects/ctb-emuller/dhuruva/plastyfire/refitting_results/fitting/n100/seed19091997/L5TTPC_L5TTPC/simulations/185875-206473/2Hz_5ms/simulation_20333abf369f.pkl, submitting batch job
2025-09-09 17:09:49,377 - plastyfire.evaluator - INFO - Submitted job 49452428
2025-09-09 17:09:49,377 - plastyfire.evaluator - INFO - No existing PKL file found for mrk97_01: /home/dhuruva/projects/ctb-emuller/dhuruva/plastyfire/refitting_results/fitting/n100/seed19091997/L5TTPC_L5TTPC/simulations/194969-207559/2Hz_5ms/simulation_bde200e82982.pkl, submitting batch job
2025-09-09 17:09:49,380 - plastyfire.evaluator - INFO - Submitted job 49452429
2025-09-09 17:09:49,380 - plastyfire.evaluator - INFO - No existing PKL file found for mrk97_01: /home/dhuruva/projects/ctb-emuller/dhuruva/plastyfire/refitting_results/fitting/n100/seed19091997/L5TTPC_L5TTPC/simulations/194969-207559/2Hz_5ms/simulation_25b4122db3c5.pkl, submitting batch job
2025-09-09 17:09:49,573 - plastyfire.evaluator - INFO - Submitted job 49452430
2025-09-09 17:09:49,573 - plastyfire.evaluator - INFO - No existing PKL file found for mrk97_01: /home/dhuruva/projects/ctb-emuller/dhuruva/plastyfire/refitting_results/fitting/n100/seed19091997/L5TTPC_L5TTPC/simulations/190353-181954/2Hz_5ms/simulation_25b4122db3c5.pkl, submitting batch job
2025-09-09 17:09:49,575 - plastyfire.evaluator - INFO - Submitted job 49452431
2025-09-09 17:09:49,575 - plastyfire.evaluator - INFO - No existing PKL file found for mrk97_01: /home/dhuruva/projects/ctb-emuller/dhuruva/plastyfire/refitting_results/fitting/n100/seed19091997/L5TTPC_L5TTPC/simulations/196748-180959/2Hz_5ms/simulation_20333abf369f.pkl, submitting batch job
2025-09-09 17:09:49,577 - plastyfire.evaluator - INFO - Submitted job 49452432
2025-09-09 17:09:49,578 - plastyfire.evaluator - INFO - No existing PKL file found for mrk97_01: /home/dhuruva/projects/ctb-emuller/dhuruva/plastyfire/refitting_results/fitting/n100/seed19091997/L5TTPC_L5TTPC/simulations/190353-181954/2Hz_5ms/simulation_bde200e82982.pkl, submitting batch job
2025-09-09 17:09:49,748 - plastyfire.evaluator - INFO - Submitted job 49452433
2025-09-09 17:09:49,749 - plastyfire.evaluator - INFO - No existing PKL file found for mrk97_01: /home/dhuruva/projects/ctb-emuller/dhuruva/plastyfire/refitting_results/fitting/n100/seed19091997/L5TTPC_L5TTPC/simulations/204883-200512/2Hz_5ms/simulation_20333abf369f.pkl, submitting batch job
2025-09-09 17:09:49,751 - plastyfire.evaluator - INFO - Submitted job 49452434
2025-09-09 17:09:49,751 - plastyfire.evaluator - INFO - No existing PKL file found for mrk97_01: /home/dhuruva/projects/ctb-emuller/dhuruva/plastyfire/refitting_results/fitting/n100/seed19091997/L5TTPC_L5TTPC/simulations/185875-206473/2Hz_5ms/simulation_25b4122db3c5.pkl, submitting batch job
2025-09-09 17:09:49,753 - plastyfire.evaluator - INFO - Submitted job 49452435
2025-09-09 17:09:49,753 - plastyfire.evaluator - INFO - No existing PKL file found for mrk97_01: /home/dhuruva/projects/ctb-emuller/dhuruva/plastyfire/refitting_results/fitting/n100/seed19091997/L5TTPC_L5TTPC/simulations/185875-206473/2Hz_5ms/simulation_bde200e82982.pkl, submitting batch job
2025-09-09 17:09:49,910 - plastyfire.evaluator - INFO - Submitted job 49452436
2025-09-09 17:09:49,911 - plastyfire.evaluator - INFO - No existing PKL file found for mrk97_01: /home/dhuruva/projects/ctb-emuller/dhuruva/plastyfire/refitting_results/fitting/n100/seed19091997/L5TTPC_L5TTPC/simulations/189027-190257/2Hz_5ms/simulation_20333abf369f.pkl, submitting batch job
2025-09-09 17:09:49,912 - plastyfire.evaluator - INFO - Submitted job 49452437
2025-09-09 17:09:49,913 - plastyfire.evaluator - INFO - No existing PKL file found for mrk97_01: /home/dhuruva/projects/ctb-emuller/dhuruva/plastyfire/refitting_results/fitting/n100/seed19091997/L5TTPC_L5TTPC/simulations/196748-180959/2Hz_5ms/simulation_bde200e82982.pkl, submitting batch job
2025-09-09 17:09:49,914 - plastyfire.evaluator - INFO - Submitted job 49452438
2025-09-09 17:09:49,914 - plastyfire.evaluator - INFO - No existing PKL file found for mrk97_01: /home/dhuruva/projects/ctb-emuller/dhuruva/plastyfire/refitting_results/fitting/n100/seed19091997/L5TTPC_L5TTPC/simulations/196748-180959/2Hz_5ms/simulation_25b4122db3c5.pkl, submitting batch job
2025-09-09 17:09:50,074 - plastyfire.evaluator - INFO - Submitted job 49452439
2025-09-09 17:09:50,074 - plastyfire.evaluator - INFO - No existing PKL file found for mrk97_01: /home/dhuruva/projects/ctb-emuller/dhuruva/plastyfire/refitting_results/fitting/n100/seed19091997/L5TTPC_L5TTPC/simulations/204883-200512/2Hz_5ms/simulation_bde200e82982.pkl, submitting batch job
2025-09-09 17:09:50,076 - plastyfire.evaluator - INFO - Submitted job 49452440
2025-09-09 17:09:50,077 - plastyfire.evaluator - INFO - No existing PKL file found for mrk97_01: /home/dhuruva/projects/ctb-emuller/dhuruva/plastyfire/refitting_results/fitting/n100/seed19091997/L5TTPC_L5TTPC/simulations/204883-200512/2Hz_5ms/simulation_25b4122db3c5.pkl, submitting batch job
2025-09-09 17:09:50,078 - plastyfire.evaluator - INFO - Submitted job 49452441
2025-09-09 17:09:50,078 - plastyfire.evaluator - INFO - No existing PKL file found for mrk97_01: /home/dhuruva/projects/ctb-emuller/dhuruva/plastyfire/refitting_results/fitting/n100/seed19091997/L5TTPC_L5TTPC/simulations/195214-208946/2Hz_5ms/simulation_20333abf369f.pkl, submitting batch job
2025-09-09 17:09:50,299 - plastyfire.evaluator - INFO - Submitted job 49452443
2025-09-09 17:09:50,299 - plastyfire.evaluator - INFO - No existing PKL file found for mrk97_01: /home/dhuruva/projects/ctb-emuller/dhuruva/plastyfire/refitting_results/fitting/n100/seed19091997/L5TTPC_L5TTPC/simulations/189027-190257/2Hz_5ms/simulation_25b4122db3c5.pkl, submitting batch job
2025-09-09 17:09:50,301 - plastyfire.evaluator - INFO - Submitted job 49452444
2025-09-09 17:09:50,301 - plastyfire.evaluator - INFO - No existing PKL file found for mrk97_01: /home/dhuruva/projects/ctb-emuller/dhuruva/plastyfire/refitting_results/fitting/n100/seed19091997/L5TTPC_L5TTPC/simulations/189027-190257/2Hz_5ms/simulation_bde200e82982.pkl, submitting batch job
2025-09-09 17:09:50,303 - plastyfire.evaluator - INFO - Submitted job 49452445
2025-09-09 17:09:50,303 - plastyfire.evaluator - INFO - No existing PKL file found for mrk97_01: /home/dhuruva/projects/ctb-emuller/dhuruva/plastyfire/refitting_results/fitting/n100/seed19091997/L5TTPC_L5TTPC/simulations/182581-208651/2Hz_5ms/simulation_20333abf369f.pkl, submitting batch job
2025-09-09 17:09:50,485 - plastyfire.evaluator - INFO - Submitted job 49452446
2025-09-09 17:09:50,485 - plastyfire.evaluator - INFO - No existing PKL file found for mrk97_01: /home/dhuruva/projects/ctb-emuller/dhuruva/plastyfire/refitting_results/fitting/n100/seed19091997/L5TTPC_L5TTPC/simulations/195214-208946/2Hz_5ms/simulation_25b4122db3c5.pkl, submitting batch job
2025-09-09 17:09:50,491 - plastyfire.evaluator - INFO - Submitted job 49452447
2025-09-09 17:09:50,491 - plastyfire.evaluator - INFO - No existing PKL file found for mrk97_01: /home/dhuruva/projects/ctb-emuller/dhuruva/plastyfire/refitting_results/fitting/n100/seed19091997/L5TTPC_L5TTPC/simulations/195214-208946/2Hz_5ms/simulation_bde200e82982.pkl, submitting batch job
2025-09-09 17:09:50,493 - plastyfire.evaluator - INFO - Submitted job 49452448
2025-09-09 17:09:50,493 - plastyfire.evaluator - INFO - No existing PKL file found for mrk97_01: /home/dhuruva/projects/ctb-emuller/dhuruva/plastyfire/refitting_results/fitting/n100/seed19091997/L5TTPC_L5TTPC/simulations/204194-205064/2Hz_5ms/simulation_20333abf369f.pkl, submitting batch job
2025-09-09 17:09:50,651 - plastyfire.evaluator - INFO - Submitted job 49452449
2025-09-09 17:09:50,652 - plastyfire.evaluator - INFO - No existing PKL file found for mrk97_01: /home/dhuruva/projects/ctb-emuller/dhuruva/plastyfire/refitting_results/fitting/n100/seed19091997/L5TTPC_L5TTPC/simulations/182581-208651/2Hz_5ms/simulation_25b4122db3c5.pkl, submitting batch job
2025-09-09 17:09:50,653 - plastyfire.evaluator - INFO - Submitted job 49452450
2025-09-09 17:09:50,653 - plastyfire.evaluator - INFO - No existing PKL file found for mrk97_01: /home/dhuruva/projects/ctb-emuller/dhuruva/plastyfire/refitting_results/fitting/n100/seed19091997/L5TTPC_L5TTPC/simulations/182581-208651/2Hz_5ms/simulation_bde200e82982.pkl, submitting batch job
2025-09-09 17:09:50,655 - plastyfire.evaluator - INFO - Submitted job 49452451
2025-09-09 17:09:50,655 - plastyfire.evaluator - INFO - No existing PKL file found for mrk97_01: /home/dhuruva/projects/ctb-emuller/dhuruva/plastyfire/refitting_results/fitting/n100/seed19091997/L5TTPC_L5TTPC/simulations/180834-205125/2Hz_5ms/simulation_20333abf369f.pkl, submitting batch job
2025-09-09 17:09:50,815 - plastyfire.evaluator - INFO - Submitted job 49452452
2025-09-09 17:09:50,815 - plastyfire.evaluator - INFO - No existing PKL file found for mrk97_01: /home/dhuruva/projects/ctb-emuller/dhuruva/plastyfire/refitting_results/fitting/n100/seed19091997/L5TTPC_L5TTPC/simulations/204194-205064/2Hz_5ms/simulation_bde200e82982.pkl, submitting batch job
2025-09-09 17:09:50,817 - plastyfire.evaluator - INFO - Submitted job 49452453
2025-09-09 17:09:50,817 - plastyfire.evaluator - INFO - No existing PKL file found for mrk97_01: /home/dhuruva/projects/ctb-emuller/dhuruva/plastyfire/refitting_results/fitting/n100/seed19091997/L5TTPC_L5TTPC/simulations/204194-205064/2Hz_5ms/simulation_25b4122db3c5.pkl, submitting batch job
2025-09-09 17:09:50,819 - plastyfire.evaluator - INFO - Submitted job 49452454
2025-09-09 17:09:50,820 - plastyfire.evaluator - INFO - No existing PKL file found for mrk97_01: /home/dhuruva/projects/ctb-emuller/dhuruva/plastyfire/refitting_results/fitting/n100/seed19091997/L5TTPC_L5TTPC/simulations/182967-198780/2Hz_5ms/simulation_20333abf369f.pkl, submitting batch job
2025-09-09 17:09:50,999 - plastyfire.evaluator - INFO - Submitted job 49452455
2025-09-09 17:09:50,999 - plastyfire.evaluator - INFO - No existing PKL file found for mrk97_01: /home/dhuruva/projects/ctb-emuller/dhuruva/plastyfire/refitting_results/fitting/n100/seed19091997/L5TTPC_L5TTPC/simulations/180834-205125/2Hz_5ms/simulation_25b4122db3c5.pkl, submitting batch job
2025-09-09 17:09:51,001 - plastyfire.evaluator - INFO - Submitted job 49452456
2025-09-09 17:09:51,001 - plastyfire.evaluator - INFO - No existing PKL file found for mrk97_01: /home/dhuruva/projects/ctb-emuller/dhuruva/plastyfire/refitting_results/fitting/n100/seed19091997/L5TTPC_L5TTPC/simulations/180834-205125/2Hz_5ms/simulation_bde200e82982.pkl, submitting batch job
2025-09-09 17:09:51,003 - plastyfire.evaluator - INFO - Submitted job 49452457
2025-09-09 17:09:51,004 - plastyfire.evaluator - INFO - No existing PKL file found for mrk97_01: /home/dhuruva/projects/ctb-emuller/dhuruva/plastyfire/refitting_results/fitting/n100/seed19091997/L5TTPC_L5TTPC/simulations/180723-207048/2Hz_5ms/simulation_20333abf369f.pkl, submitting batch job
2025-09-09 17:09:51,211 - plastyfire.evaluator - INFO - Submitted job 49452458
2025-09-09 17:09:51,211 - plastyfire.evaluator - INFO - No existing PKL file found for mrk97_01: /home/dhuruva/projects/ctb-emuller/dhuruva/plastyfire/refitting_results/fitting/n100/seed19091997/L5TTPC_L5TTPC/simulations/182967-198780/2Hz_5ms/simulation_bde200e82982.pkl, submitting batch job
2025-09-09 17:09:51,213 - plastyfire.evaluator - INFO - Submitted job 49452459
2025-09-09 17:09:51,213 - plastyfire.evaluator - INFO - No existing PKL file found for mrk97_01: /home/dhuruva/projects/ctb-emuller/dhuruva/plastyfire/refitting_results/fitting/n100/seed19091997/L5TTPC_L5TTPC/simulations/182967-198780/2Hz_5ms/simulation_25b4122db3c5.pkl, submitting batch job
2025-09-09 17:09:51,215 - plastyfire.evaluator - INFO - Submitted job 49452460
2025-09-09 17:09:51,215 - plastyfire.evaluator - INFO - No existing PKL file found for mrk97_01: /home/dhuruva/projects/ctb-emuller/dhuruva/plastyfire/refitting_results/fitting/n100/seed19091997/L5TTPC_L5TTPC/simulations/202571-195398/2Hz_5ms/simulation_20333abf369f.pkl, submitting batch job
2025-09-09 17:09:51,377 - plastyfire.evaluator - INFO - Submitted job 49452461
2025-09-09 17:09:51,378 - plastyfire.evaluator - INFO - No existing PKL file found for mrk97_01: /home/dhuruva/projects/ctb-emuller/dhuruva/plastyfire/refitting_results/fitting/n100/seed19091997/L5TTPC_L5TTPC/simulations/180723-207048/2Hz_5ms/simulation_bde200e82982.pkl, submitting batch job
2025-09-09 17:09:51,383 - plastyfire.evaluator - INFO - Submitted job 49452462
2025-09-09 17:09:51,383 - plastyfire.evaluator - INFO - No existing PKL file found for mrk97_01: /home/dhuruva/projects/ctb-emuller/dhuruva/plastyfire/refitting_results/fitting/n100/seed19091997/L5TTPC_L5TTPC/simulations/180723-207048/2Hz_5ms/simulation_25b4122db3c5.pkl, submitting batch job
2025-09-09 17:09:51,385 - plastyfire.evaluator - INFO - Submitted job 49452463
2025-09-09 17:09:51,385 - plastyfire.evaluator - INFO - No existing PKL file found for mrk97_01: /home/dhuruva/projects/ctb-emuller/dhuruva/plastyfire/refitting_results/fitting/n100/seed19091997/L5TTPC_L5TTPC/simulations/181588-206273/2Hz_5ms/simulation_20333abf369f.pkl, submitting batch job
2025-09-09 17:09:51,557 - plastyfire.evaluator - INFO - Submitted job 49452464
2025-09-09 17:09:51,557 - plastyfire.evaluator - INFO - No existing PKL file found for mrk97_01: /home/dhuruva/projects/ctb-emuller/dhuruva/plastyfire/refitting_results/fitting/n100/seed19091997/L5TTPC_L5TTPC/simulations/180329-189548/2Hz_5ms/simulation_20333abf369f.pkl, submitting batch job
2025-09-09 17:09:52,109 - plastyfire.evaluator - INFO - Submitted job 49452465
2025-09-09 17:09:52,109 - plastyfire.evaluator - INFO - No existing PKL file found for mrk97_01: /home/dhuruva/projects/ctb-emuller/dhuruva/plastyfire/refitting_results/fitting/n100/seed19091997/L5TTPC_L5TTPC/simulations/202571-195398/2Hz_5ms/simulation_25b4122db3c5.pkl, submitting batch job
2025-09-09 17:09:52,110 - plastyfire.evaluator - INFO - Submitted job 49452466
2025-09-09 17:09:52,111 - plastyfire.evaluator - INFO - No existing PKL file found for mrk97_01: /home/dhuruva/projects/ctb-emuller/dhuruva/plastyfire/refitting_results/fitting/n100/seed19091997/L5TTPC_L5TTPC/simulations/205327-192314/2Hz_5ms/simulation_20333abf369f.pkl, submitting batch job
2025-09-09 17:09:52,113 - plastyfire.evaluator - INFO - Submitted job 49452467
2025-09-09 17:09:52,113 - plastyfire.evaluator - INFO - No existing PKL file found for mrk97_01: /home/dhuruva/projects/ctb-emuller/dhuruva/plastyfire/refitting_results/fitting/n100/seed19091997/L5TTPC_L5TTPC/simulations/202571-195398/2Hz_5ms/simulation_bde200e82982.pkl, submitting batch job
2025-09-09 17:09:52,315 - plastyfire.evaluator - INFO - Submitted job 49452468
2025-09-09 17:09:52,315 - plastyfire.evaluator - INFO - No existing PKL file found for mrk97_01: /home/dhuruva/projects/ctb-emuller/dhuruva/plastyfire/refitting_results/fitting/n100/seed19091997/L5TTPC_L5TTPC/simulations/181588-206273/2Hz_5ms/simulation_25b4122db3c5.pkl, submitting batch job
2025-09-09 17:09:52,317 - plastyfire.evaluator - INFO - Submitted job 49452469
2025-09-09 17:09:52,317 - plastyfire.evaluator - INFO - No existing PKL file found for mrk97_01: /home/dhuruva/projects/ctb-emuller/dhuruva/plastyfire/refitting_results/fitting/n100/seed19091997/L5TTPC_L5TTPC/simulations/181588-206273/2Hz_5ms/simulation_bde200e82982.pkl, submitting batch job
2025-09-09 17:09:52,319 - plastyfire.evaluator - INFO - Submitted job 49452470
2025-09-09 17:09:52,319 - plastyfire.evaluator - INFO - No existing PKL file found for mrk97_01: /home/dhuruva/projects/ctb-emuller/dhuruva/plastyfire/refitting_results/fitting/n100/seed19091997/L5TTPC_L5TTPC/simulations/180687-187024/2Hz_5ms/simulation_20333abf369f.pkl, submitting batch job
2025-09-09 17:09:52,480 - plastyfire.evaluator - INFO - Submitted job 49452471
2025-09-09 17:09:52,481 - plastyfire.evaluator - INFO - No existing PKL file found for mrk97_01: /home/dhuruva/projects/ctb-emuller/dhuruva/plastyfire/refitting_results/fitting/n100/seed19091997/L5TTPC_L5TTPC/simulations/180329-189548/2Hz_5ms/simulation_25b4122db3c5.pkl, submitting batch job
2025-09-09 17:09:52,482 - plastyfire.evaluator - INFO - Submitted job 49452472
2025-09-09 17:09:52,482 - plastyfire.evaluator - INFO - No existing PKL file found for mrk97_01: /home/dhuruva/projects/ctb-emuller/dhuruva/plastyfire/refitting_results/fitting/n100/seed19091997/L5TTPC_L5TTPC/simulations/180329-189548/2Hz_5ms/simulation_bde200e82982.pkl, submitting batch job
2025-09-09 17:09:52,484 - plastyfire.evaluator - INFO - Submitted job 49452473
2025-09-09 17:09:52,484 - plastyfire.evaluator - INFO - No existing PKL file found for mrk97_01: /home/dhuruva/projects/ctb-emuller/dhuruva/plastyfire/refitting_results/fitting/n100/seed19091997/L5TTPC_L5TTPC/simulations/208976-188476/2Hz_5ms/simulation_20333abf369f.pkl, submitting batch job
2025-09-09 17:09:52,646 - plastyfire.evaluator - INFO - Submitted job 49452474
2025-09-09 17:09:52,646 - plastyfire.evaluator - INFO - No existing PKL file found for mrk97_01: /home/dhuruva/projects/ctb-emuller/dhuruva/plastyfire/refitting_results/fitting/n100/seed19091997/L5TTPC_L5TTPC/simulations/205327-192314/2Hz_5ms/simulation_bde200e82982.pkl, submitting batch job
2025-09-09 17:09:52,647 - plastyfire.evaluator - INFO - Submitted job 49452475
2025-09-09 17:09:52,648 - plastyfire.evaluator - INFO - No existing PKL file found for mrk97_01: /home/dhuruva/projects/ctb-emuller/dhuruva/plastyfire/refitting_results/fitting/n100/seed19091997/L5TTPC_L5TTPC/simulations/207475-192618/2Hz_5ms/simulation_20333abf369f.pkl, submitting batch job
2025-09-09 17:09:52,649 - plastyfire.evaluator - INFO - Submitted job 49452476
2025-09-09 17:09:52,649 - plastyfire.evaluator - INFO - No existing PKL file found for mrk97_01: /home/dhuruva/projects/ctb-emuller/dhuruva/plastyfire/refitting_results/fitting/n100/seed19091997/L5TTPC_L5TTPC/simulations/205327-192314/2Hz_5ms/simulation_25b4122db3c5.pkl, submitting batch job
2025-09-09 17:09:52,820 - plastyfire.evaluator - INFO - Submitted job 49452477
2025-09-09 17:09:52,820 - plastyfire.evaluator - INFO - No existing PKL file found for mrk97_01: /home/dhuruva/projects/ctb-emuller/dhuruva/plastyfire/refitting_results/fitting/n100/seed19091997/L5TTPC_L5TTPC/simulations/180687-187024/2Hz_5ms/simulation_bde200e82982.pkl, submitting batch job
2025-09-09 17:09:52,822 - plastyfire.evaluator - INFO - Submitted job 49452478
2025-09-09 17:09:52,822 - plastyfire.evaluator - INFO - No existing PKL file found for mrk97_01: /home/dhuruva/projects/ctb-emuller/dhuruva/plastyfire/refitting_results/fitting/n100/seed19091997/L5TTPC_L5TTPC/simulations/208093-203811/2Hz_5ms/simulation_20333abf369f.pkl, submitting batch job
2025-09-09 17:09:52,824 - plastyfire.evaluator - INFO - Submitted job 49452479
2025-09-09 17:09:52,824 - plastyfire.evaluator - INFO - No existing PKL file found for mrk97_01: /home/dhuruva/projects/ctb-emuller/dhuruva/plastyfire/refitting_results/fitting/n100/seed19091997/L5TTPC_L5TTPC/simulations/180687-187024/2Hz_5ms/simulation_25b4122db3c5.pkl, submitting batch job
2025-09-09 17:09:52,995 - plastyfire.evaluator - INFO - Submitted job 49452480
2025-09-09 17:09:52,995 - plastyfire.evaluator - INFO - No existing PKL file found for mrk97_01: /home/dhuruva/projects/ctb-emuller/dhuruva/plastyfire/refitting_results/fitting/n100/seed19091997/L5TTPC_L5TTPC/simulations/208976-188476/2Hz_5ms/simulation_bde200e82982.pkl, submitting batch job
2025-09-09 17:09:52,997 - plastyfire.evaluator - INFO - Submitted job 49452481
2025-09-09 17:09:52,997 - plastyfire.evaluator - INFO - No existing PKL file found for mrk97_01: /home/dhuruva/projects/ctb-emuller/dhuruva/plastyfire/refitting_results/fitting/n100/seed19091997/L5TTPC_L5TTPC/simulations/208976-188476/2Hz_5ms/simulation_25b4122db3c5.pkl, submitting batch job
2025-09-09 17:09:52,999 - plastyfire.evaluator - INFO - Submitted job 49452482
2025-09-09 17:09:52,999 - plastyfire.evaluator - INFO - No existing PKL file found for mrk97_01: /home/dhuruva/projects/ctb-emuller/dhuruva/plastyfire/refitting_results/fitting/n100/seed19091997/L5TTPC_L5TTPC/simulations/196654-200262/2Hz_5ms/simulation_20333abf369f.pkl, submitting batch job
2025-09-09 17:09:53,186 - plastyfire.evaluator - INFO - Submitted job 49452483
2025-09-09 17:09:53,186 - plastyfire.evaluator - INFO - No existing PKL file found for mrk97_01: /home/dhuruva/projects/ctb-emuller/dhuruva/plastyfire/refitting_results/fitting/n100/seed19091997/L5TTPC_L5TTPC/simulations/203919-187736/2Hz_5ms/simulation_20333abf369f.pkl, submitting batch job
2025-09-09 17:09:53,187 - plastyfire.evaluator - INFO - Submitted job 49452484
2025-09-09 17:09:53,188 - plastyfire.evaluator - INFO - No existing PKL file found for mrk97_01: /home/dhuruva/projects/ctb-emuller/dhuruva/plastyfire/refitting_results/fitting/n100/seed19091997/L5TTPC_L5TTPC/simulations/207475-192618/2Hz_5ms/simulation_bde200e82982.pkl, submitting batch job
2025-09-09 17:09:53,190 - plastyfire.evaluator - INFO - Submitted job 49452485
2025-09-09 17:09:53,190 - plastyfire.evaluator - INFO - No existing PKL file found for mrk97_01: /home/dhuruva/projects/ctb-emuller/dhuruva/plastyfire/refitting_results/fitting/n100/seed19091997/L5TTPC_L5TTPC/simulations/207475-192618/2Hz_5ms/simulation_25b4122db3c5.pkl, submitting batch job
2025-09-09 17:09:53,394 - plastyfire.evaluator - INFO - Submitted job 49452486
2025-09-09 17:09:53,394 - plastyfire.evaluator - INFO - No existing PKL file found for mrk97_01: /home/dhuruva/projects/ctb-emuller/dhuruva/plastyfire/refitting_results/fitting/n100/seed19091997/L5TTPC_L5TTPC/simulations/208093-203811/2Hz_5ms/simulation_bde200e82982.pkl, submitting batch job
2025-09-09 17:09:53,396 - plastyfire.evaluator - INFO - Submitted job 49452487
2025-09-09 17:09:53,397 - plastyfire.evaluator - INFO - No existing PKL file found for mrk97_01: /home/dhuruva/projects/ctb-emuller/dhuruva/plastyfire/refitting_results/fitting/n100/seed19091997/L5TTPC_L5TTPC/simulations/208093-203811/2Hz_5ms/simulation_25b4122db3c5.pkl, submitting batch job
2025-09-09 17:09:53,398 - plastyfire.evaluator - INFO - Submitted job 49452488
2025-09-09 17:09:53,399 - plastyfire.evaluator - INFO - No existing PKL file found for mrk97_01: /home/dhuruva/projects/ctb-emuller/dhuruva/plastyfire/refitting_results/fitting/n100/seed19091997/L5TTPC_L5TTPC/simulations/207836-184831/2Hz_5ms/simulation_20333abf369f.pkl, submitting batch job
2025-09-09 17:09:53,577 - plastyfire.evaluator - INFO - Submitted job 49452489
2025-09-09 17:09:53,578 - plastyfire.evaluator - INFO - No existing PKL file found for mrk97_01: /home/dhuruva/projects/ctb-emuller/dhuruva/plastyfire/refitting_results/fitting/n100/seed19091997/L5TTPC_L5TTPC/simulations/196654-200262/2Hz_5ms/simulation_25b4122db3c5.pkl, submitting batch job
2025-09-09 17:09:53,580 - plastyfire.evaluator - INFO - Submitted job 49452490
2025-09-09 17:09:53,580 - plastyfire.evaluator - INFO - No existing PKL file found for mrk97_01: /home/dhuruva/projects/ctb-emuller/dhuruva/plastyfire/refitting_results/fitting/n100/seed19091997/L5TTPC_L5TTPC/simulations/184709-196154/2Hz_5ms/simulation_20333abf369f.pkl, submitting batch job
2025-09-09 17:09:53,582 - plastyfire.evaluator - INFO - Submitted job 49452491
2025-09-09 17:09:53,582 - plastyfire.evaluator - INFO - No existing PKL file found for mrk97_01: /home/dhuruva/projects/ctb-emuller/dhuruva/plastyfire/refitting_results/fitting/n100/seed19091997/L5TTPC_L5TTPC/simulations/196654-200262/2Hz_5ms/simulation_bde200e82982.pkl, submitting batch job
2025-09-09 17:09:53,744 - plastyfire.evaluator - INFO - Submitted job 49452492
2025-09-09 17:09:53,744 - plastyfire.evaluator - INFO - No existing PKL file found for mrk97_01: /home/dhuruva/projects/ctb-emuller/dhuruva/plastyfire/refitting_results/fitting/n100/seed19091997/L5TTPC_L5TTPC/simulations/186356-189091/2Hz_5ms/simulation_20333abf369f.pkl, submitting batch job
2025-09-09 17:09:53,746 - plastyfire.evaluator - INFO - Submitted job 49452493
2025-09-09 17:09:53,747 - plastyfire.evaluator - INFO - No existing PKL file found for mrk97_01: /home/dhuruva/projects/ctb-emuller/dhuruva/plastyfire/refitting_results/fitting/n100/seed19091997/L5TTPC_L5TTPC/simulations/203919-187736/2Hz_5ms/simulation_25b4122db3c5.pkl, submitting batch job
2025-09-09 17:09:53,748 - plastyfire.evaluator - INFO - Submitted job 49452494
2025-09-09 17:09:53,748 - plastyfire.evaluator - INFO - No existing PKL file found for mrk97_01: /home/dhuruva/projects/ctb-emuller/dhuruva/plastyfire/refitting_results/fitting/n100/seed19091997/L5TTPC_L5TTPC/simulations/203919-187736/2Hz_5ms/simulation_bde200e82982.pkl, submitting batch job
2025-09-09 17:09:53,905 - plastyfire.evaluator - INFO - Submitted job 49452495
2025-09-09 17:09:53,906 - plastyfire.evaluator - INFO - No existing PKL file found for mrk97_01: /home/dhuruva/projects/ctb-emuller/dhuruva/plastyfire/refitting_results/fitting/n100/seed19091997/L5TTPC_L5TTPC/simulations/186198-204134/2Hz_5ms/simulation_20333abf369f.pkl, submitting batch job
2025-09-09 17:09:53,907 - plastyfire.evaluator - INFO - Submitted job 49452496
2025-09-09 17:09:53,908 - plastyfire.evaluator - INFO - No existing PKL file found for mrk97_01: /home/dhuruva/projects/ctb-emuller/dhuruva/plastyfire/refitting_results/fitting/n100/seed19091997/L5TTPC_L5TTPC/simulations/207836-184831/2Hz_5ms/simulation_25b4122db3c5.pkl, submitting batch job
2025-09-09 17:09:53,909 - plastyfire.evaluator - INFO - Submitted job 49452497
2025-09-09 17:09:53,909 - plastyfire.evaluator - INFO - No existing PKL file found for mrk97_01: /home/dhuruva/projects/ctb-emuller/dhuruva/plastyfire/refitting_results/fitting/n100/seed19091997/L5TTPC_L5TTPC/simulations/207836-184831/2Hz_5ms/simulation_bde200e82982.pkl, submitting batch job
2025-09-09 17:09:54,170 - plastyfire.evaluator - INFO - Submitted job 49452498
2025-09-09 17:09:54,170 - plastyfire.evaluator - INFO - No existing PKL file found for mrk97_01: /home/dhuruva/projects/ctb-emuller/dhuruva/plastyfire/refitting_results/fitting/n100/seed19091997/L5TTPC_L5TTPC/simulations/208966-196199/2Hz_5ms/simulation_20333abf369f.pkl, submitting batch job
2025-09-09 17:09:54,257 - plastyfire.evaluator - INFO - Submitted job 49452499
2025-09-09 17:09:54,257 - plastyfire.evaluator - INFO - No existing PKL file found for mrk97_01: /home/dhuruva/projects/ctb-emuller/dhuruva/plastyfire/refitting_results/fitting/n100/seed19091997/L5TTPC_L5TTPC/simulations/184709-196154/2Hz_5ms/simulation_bde200e82982.pkl, submitting batch job
2025-09-09 17:09:54,258 - plastyfire.evaluator - INFO - Submitted job 49452500
2025-09-09 17:09:54,259 - plastyfire.evaluator - INFO - No existing PKL file found for mrk97_01: /home/dhuruva/projects/ctb-emuller/dhuruva/plastyfire/refitting_results/fitting/n100/seed19091997/L5TTPC_L5TTPC/simulations/204120-188861/2Hz_5ms/simulation_20333abf369f.pkl, submitting batch job
2025-09-09 17:09:54,261 - plastyfire.evaluator - INFO - Submitted job 49452501
2025-09-09 17:09:54,261 - plastyfire.evaluator - INFO - No existing PKL file found for mrk97_01: /home/dhuruva/projects/ctb-emuller/dhuruva/plastyfire/refitting_results/fitting/n100/seed19091997/L5TTPC_L5TTPC/simulations/184709-196154/2Hz_5ms/simulation_25b4122db3c5.pkl, submitting batch job
2025-09-09 17:09:54,436 - plastyfire.evaluator - INFO - Submitted job 49452502
2025-09-09 17:09:54,436 - plastyfire.evaluator - INFO - No existing PKL file found for mrk97_01: /home/dhuruva/projects/ctb-emuller/dhuruva/plastyfire/refitting_results/fitting/n100/seed19091997/L5TTPC_L5TTPC/simulations/210209-180231/2Hz_5ms/simulation_20333abf369f.pkl, submitting batch job
2025-09-09 17:09:54,439 - plastyfire.evaluator - INFO - Submitted job 49452503
2025-09-09 17:09:54,439 - plastyfire.evaluator - INFO - No existing PKL file found for mrk97_01: /home/dhuruva/projects/ctb-emuller/dhuruva/plastyfire/refitting_results/fitting/n100/seed19091997/L5TTPC_L5TTPC/simulations/186356-189091/2Hz_5ms/simulation_bde200e82982.pkl, submitting batch job
2025-09-09 17:09:54,441 - plastyfire.evaluator - INFO - Submitted job 49452504
2025-09-09 17:09:54,441 - plastyfire.evaluator - INFO - No existing PKL file found for mrk97_01: /home/dhuruva/projects/ctb-emuller/dhuruva/plastyfire/refitting_results/fitting/n100/seed19091997/L5TTPC_L5TTPC/simulations/186356-189091/2Hz_5ms/simulation_25b4122db3c5.pkl, submitting batch job
2025-09-09 17:09:54,595 - plastyfire.evaluator - INFO - Submitted job 49452505
2025-09-09 17:09:54,595 - plastyfire.evaluator - INFO - No existing PKL file found for mrk97_01: /home/dhuruva/projects/ctb-emuller/dhuruva/plastyfire/refitting_results/fitting/n100/seed19091997/L5TTPC_L5TTPC/simulations/186198-204134/2Hz_5ms/simulation_bde200e82982.pkl, submitting batch job
2025-09-09 17:09:55,107 - plastyfire.evaluator - INFO - Submitted job 49452506
2025-09-09 17:09:55,107 - plastyfire.evaluator - INFO - No existing PKL file found for mrk97_01: /home/dhuruva/projects/ctb-emuller/dhuruva/plastyfire/refitting_results/fitting/n100/seed19091997/L5TTPC_L5TTPC/simulations/181295-210119/2Hz_5ms/simulation_20333abf369f.pkl, submitting batch job
2025-09-09 17:09:55,110 - plastyfire.evaluator - INFO - Submitted job 49452507
2025-09-09 17:09:55,111 - plastyfire.evaluator - INFO - No existing PKL file found for mrk97_01: /home/dhuruva/projects/ctb-emuller/dhuruva/plastyfire/refitting_results/fitting/n100/seed19091997/L5TTPC_L5TTPC/simulations/186198-204134/2Hz_5ms/simulation_25b4122db3c5.pkl, submitting batch job
2025-09-09 17:09:55,113 - plastyfire.evaluator - INFO - Submitted job 49452508
2025-09-09 17:09:55,113 - plastyfire.evaluator - INFO - No existing PKL file found for mrk97_01: /home/dhuruva/projects/ctb-emuller/dhuruva/plastyfire/refitting_results/fitting/n100/seed19091997/L5TTPC_L5TTPC/simulations/208966-196199/2Hz_5ms/simulation_bde200e82982.pkl, submitting batch job
2025-09-09 17:09:55,284 - plastyfire.evaluator - INFO - Submitted job 49452509
2025-09-09 17:09:55,285 - plastyfire.evaluator - INFO - No existing PKL file found for mrk97_01: /home/dhuruva/projects/ctb-emuller/dhuruva/plastyfire/refitting_results/fitting/n100/seed19091997/L5TTPC_L5TTPC/simulations/186407-182154/2Hz_5ms/simulation_20333abf369f.pkl, submitting batch job
2025-09-09 17:09:55,287 - plastyfire.evaluator - INFO - Submitted job 49452510
2025-09-09 17:09:55,287 - plastyfire.evaluator - INFO - No existing PKL file found for mrk97_01: /home/dhuruva/projects/ctb-emuller/dhuruva/plastyfire/refitting_results/fitting/n100/seed19091997/L5TTPC_L5TTPC/simulations/208966-196199/2Hz_5ms/simulation_25b4122db3c5.pkl, submitting batch job
2025-09-09 17:09:55,290 - plastyfire.evaluator - INFO - Submitted job 49452511
2025-09-09 17:09:55,290 - plastyfire.evaluator - INFO - No existing PKL file found for mrk97_01: /home/dhuruva/projects/ctb-emuller/dhuruva/plastyfire/refitting_results/fitting/n100/seed19091997/L5TTPC_L5TTPC/simulations/204120-188861/2Hz_5ms/simulation_bde200e82982.pkl, submitting batch job
2025-09-09 17:09:55,453 - plastyfire.evaluator - INFO - Submitted job 49452512
2025-09-09 17:09:55,453 - plastyfire.evaluator - INFO - No existing PKL file found for mrk97_01: /home/dhuruva/projects/ctb-emuller/dhuruva/plastyfire/refitting_results/fitting/n100/seed19091997/L5TTPC_L5TTPC/simulations/210209-180231/2Hz_5ms/simulation_bde200e82982.pkl, submitting batch job
2025-09-09 17:09:55,459 - plastyfire.evaluator - INFO - Submitted job 49452513
2025-09-09 17:09:55,459 - plastyfire.evaluator - INFO - No existing PKL file found for mrk97_01: /home/dhuruva/projects/ctb-emuller/dhuruva/plastyfire/refitting_results/fitting/n100/seed19091997/L5TTPC_L5TTPC/simulations/199932-195364/2Hz_5ms/simulation_20333abf369f.pkl, submitting batch job
2025-09-09 17:09:55,461 - plastyfire.evaluator - INFO - Submitted job 49452514
2025-09-09 17:09:55,461 - plastyfire.evaluator - INFO - No existing PKL file found for mrk97_01: /home/dhuruva/projects/ctb-emuller/dhuruva/plastyfire/refitting_results/fitting/n100/seed19091997/L5TTPC_L5TTPC/simulations/204120-188861/2Hz_5ms/simulation_25b4122db3c5.pkl, submitting batch job
2025-09-09 17:09:55,622 - plastyfire.evaluator - INFO - Submitted job 49452515
2025-09-09 17:09:55,622 - plastyfire.evaluator - INFO - No existing PKL file found for mrk97_01: /home/dhuruva/projects/ctb-emuller/dhuruva/plastyfire/refitting_results/fitting/n100/seed19091997/L5TTPC_L5TTPC/simulations/181295-210119/2Hz_5ms/simulation_bde200e82982.pkl, submitting batch job
2025-09-09 17:09:55,624 - plastyfire.evaluator - INFO - Submitted job 49452516
2025-09-09 17:09:55,624 - plastyfire.evaluator - INFO - No existing PKL file found for mrk97_01: /home/dhuruva/projects/ctb-emuller/dhuruva/plastyfire/refitting_results/fitting/n100/seed19091997/L5TTPC_L5TTPC/simulations/210209-180231/2Hz_5ms/simulation_25b4122db3c5.pkl, submitting batch job
2025-09-09 17:09:55,626 - plastyfire.evaluator - INFO - Submitted job 49452517
2025-09-09 17:09:55,626 - plastyfire.evaluator - INFO - No existing PKL file found for mrk97_01: /home/dhuruva/projects/ctb-emuller/dhuruva/plastyfire/refitting_results/fitting/n100/seed19091997/L5TTPC_L5TTPC/simulations/188013-194919/2Hz_5ms/simulation_20333abf369f.pkl, submitting batch job
2025-09-09 17:09:55,782 - plastyfire.evaluator - INFO - Submitted job 49452518
2025-09-09 17:09:55,782 - plastyfire.evaluator - INFO - No existing PKL file found for mrk97_01: /home/dhuruva/projects/ctb-emuller/dhuruva/plastyfire/refitting_results/fitting/n100/seed19091997/L5TTPC_L5TTPC/simulations/186407-182154/2Hz_5ms/simulation_bde200e82982.pkl, submitting batch job
2025-09-09 17:09:55,784 - plastyfire.evaluator - INFO - Submitted job 49452519
2025-09-09 17:09:55,784 - plastyfire.evaluator - INFO - No existing PKL file found for mrk97_01: /home/dhuruva/projects/ctb-emuller/dhuruva/plastyfire/refitting_results/fitting/n100/seed19091997/L5TTPC_L5TTPC/simulations/185337-193957/2Hz_5ms/simulation_20333abf369f.pkl, submitting batch job
2025-09-09 17:09:55,786 - plastyfire.evaluator - INFO - Submitted job 49452520
2025-09-09 17:09:55,786 - plastyfire.evaluator - INFO - No existing PKL file found for mrk97_01: /home/dhuruva/projects/ctb-emuller/dhuruva/plastyfire/refitting_results/fitting/n100/seed19091997/L5TTPC_L5TTPC/simulations/181295-210119/2Hz_5ms/simulation_25b4122db3c5.pkl, submitting batch job
2025-09-09 17:09:55,944 - plastyfire.evaluator - INFO - Submitted job 49452521
2025-09-09 17:09:55,944 - plastyfire.evaluator - INFO - No existing PKL file found for mrk97_01: /home/dhuruva/projects/ctb-emuller/dhuruva/plastyfire/refitting_results/fitting/n100/seed19091997/L5TTPC_L5TTPC/simulations/199932-195364/2Hz_5ms/simulation_bde200e82982.pkl, submitting batch job
2025-09-09 17:09:55,946 - plastyfire.evaluator - INFO - Submitted job 49452522
2025-09-09 17:09:55,946 - plastyfire.evaluator - INFO - No existing PKL file found for mrk97_01: /home/dhuruva/projects/ctb-emuller/dhuruva/plastyfire/refitting_results/fitting/n100/seed19091997/L5TTPC_L5TTPC/simulations/200462-204393/2Hz_5ms/simulation_20333abf369f.pkl, submitting batch job
2025-09-09 17:09:55,948 - plastyfire.evaluator - INFO - Submitted job 49452523
2025-09-09 17:09:55,948 - plastyfire.evaluator - INFO - No existing PKL file found for mrk97_01: /home/dhuruva/projects/ctb-emuller/dhuruva/plastyfire/refitting_results/fitting/n100/seed19091997/L5TTPC_L5TTPC/simulations/186407-182154/2Hz_5ms/simulation_25b4122db3c5.pkl, submitting batch job
2025-09-09 17:09:56,121 - plastyfire.evaluator - INFO - Submitted job 49452524
2025-09-09 17:09:56,121 - plastyfire.evaluator - INFO - No existing PKL file found for mrk97_01: /home/dhuruva/projects/ctb-emuller/dhuruva/plastyfire/refitting_results/fitting/n100/seed19091997/L5TTPC_L5TTPC/simulations/198864-197551/2Hz_5ms/simulation_20333abf369f.pkl, submitting batch job
2025-09-09 17:09:56,122 - plastyfire.evaluator - INFO - Submitted job 49452525
2025-09-09 17:09:56,123 - plastyfire.evaluator - INFO - No existing PKL file found for mrk97_01: /home/dhuruva/projects/ctb-emuller/dhuruva/plastyfire/refitting_results/fitting/n100/seed19091997/L5TTPC_L5TTPC/simulations/188013-194919/2Hz_5ms/simulation_bde200e82982.pkl, submitting batch job
2025-09-09 17:09:56,125 - plastyfire.evaluator - INFO - Submitted job 49452526
2025-09-09 17:09:56,125 - plastyfire.evaluator - INFO - No existing PKL file found for mrk97_01: /home/dhuruva/projects/ctb-emuller/dhuruva/plastyfire/refitting_results/fitting/n100/seed19091997/L5TTPC_L5TTPC/simulations/199932-195364/2Hz_5ms/simulation_25b4122db3c5.pkl, submitting batch job
2025-09-09 17:09:56,309 - plastyfire.evaluator - INFO - Submitted job 49452527
2025-09-09 17:09:56,309 - plastyfire.evaluator - INFO - No existing PKL file found for mrk97_01: /home/dhuruva/projects/ctb-emuller/dhuruva/plastyfire/refitting_results/fitting/n100/seed19091997/L5TTPC_L5TTPC/simulations/185337-193957/2Hz_5ms/simulation_bde200e82982.pkl, submitting batch job
2025-09-09 17:09:56,311 - plastyfire.evaluator - INFO - Submitted job 49452528
2025-09-09 17:09:56,311 - plastyfire.evaluator - INFO - No existing PKL file found for mrk97_01: /home/dhuruva/projects/ctb-emuller/dhuruva/plastyfire/refitting_results/fitting/n100/seed19091997/L5TTPC_L5TTPC/simulations/201258-187071/2Hz_5ms/simulation_20333abf369f.pkl, submitting batch job
2025-09-09 17:09:56,312 - plastyfire.evaluator - INFO - Submitted job 49452529
2025-09-09 17:09:56,313 - plastyfire.evaluator - INFO - No existing PKL file found for mrk97_01: /home/dhuruva/projects/ctb-emuller/dhuruva/plastyfire/refitting_results/fitting/n100/seed19091997/L5TTPC_L5TTPC/simulations/188013-194919/2Hz_5ms/simulation_25b4122db3c5.pkl, submitting batch job
2025-09-09 17:09:56,384 - plastyfire.evaluator - INFO - Submitted job 49452530
2025-09-09 17:09:56,385 - plastyfire.evaluator - INFO - No existing PKL file found for mrk97_01: /home/dhuruva/projects/ctb-emuller/dhuruva/plastyfire/refitting_results/fitting/n100/seed19091997/L5TTPC_L5TTPC/simulations/189265-184120/2Hz_5ms/simulation_20333abf369f.pkl, submitting batch job
2025-09-09 17:09:56,567 - plastyfire.evaluator - INFO - Submitted job 49452531
2025-09-09 17:09:56,567 - plastyfire.evaluator - INFO - No existing PKL file found for mrk97_01: /home/dhuruva/projects/ctb-emuller/dhuruva/plastyfire/refitting_results/fitting/n100/seed19091997/L5TTPC_L5TTPC/simulations/185337-193957/2Hz_5ms/simulation_25b4122db3c5.pkl, submitting batch job
2025-09-09 17:09:56,568 - plastyfire.evaluator - INFO - Submitted job 49452532
2025-09-09 17:09:56,568 - plastyfire.evaluator - INFO - No existing PKL file found for mrk97_01: /home/dhuruva/projects/ctb-emuller/dhuruva/plastyfire/refitting_results/fitting/n100/seed19091997/L5TTPC_L5TTPC/simulations/200462-204393/2Hz_5ms/simulation_bde200e82982.pkl, submitting batch job
2025-09-09 17:09:56,570 - plastyfire.evaluator - INFO - Submitted job 49452533
2025-09-09 17:09:56,570 - plastyfire.evaluator - INFO - No existing PKL file found for mrk97_01: /home/dhuruva/projects/ctb-emuller/dhuruva/plastyfire/refitting_results/fitting/n100/seed19091997/L5TTPC_L5TTPC/simulations/186117-200624/2Hz_5ms/simulation_20333abf369f.pkl, submitting batch job
2025-09-09 17:09:56,731 - plastyfire.evaluator - INFO - Submitted job 49452534
2025-09-09 17:09:56,731 - plastyfire.evaluator - INFO - No existing PKL file found for mrk97_01: /home/dhuruva/projects/ctb-emuller/dhuruva/plastyfire/refitting_results/fitting/n100/seed19091997/L5TTPC_L5TTPC/simulations/200462-204393/2Hz_5ms/simulation_25b4122db3c5.pkl, submitting batch job
2025-09-09 17:09:56,736 - plastyfire.evaluator - INFO - Submitted job 49452535
2025-09-09 17:09:56,736 - plastyfire.evaluator - INFO - No existing PKL file found for mrk97_01: /home/dhuruva/projects/ctb-emuller/dhuruva/plastyfire/refitting_results/fitting/n100/seed19091997/L5TTPC_L5TTPC/simulations/199521-190468/2Hz_5ms/simulation_20333abf369f.pkl, submitting batch job
2025-09-09 17:09:56,738 - plastyfire.evaluator - INFO - Submitted job 49452536
2025-09-09 17:09:56,738 - plastyfire.evaluator - INFO - No existing PKL file found for mrk97_01: /home/dhuruva/projects/ctb-emuller/dhuruva/plastyfire/refitting_results/fitting/n100/seed19091997/L5TTPC_L5TTPC/simulations/198864-197551/2Hz_5ms/simulation_bde200e82982.pkl, submitting batch job
2025-09-09 17:09:56,902 - plastyfire.evaluator - INFO - Submitted job 49452537
2025-09-09 17:09:56,903 - plastyfire.evaluator - INFO - No existing PKL file found for mrk97_02: /home/dhuruva/projects/ctb-emuller/dhuruva/plastyfire/refitting_results/fitting/n100/seed19091997/L5TTPC_L5TTPC/simulations/202328-190143/5Hz_5ms/simulation_20333abf369f.pkl, submitting batch job
2025-09-09 17:09:56,904 - plastyfire.evaluator - INFO - Submitted job 49452538
2025-09-09 17:09:56,904 - plastyfire.evaluator - INFO - No existing PKL file found for mrk97_01: /home/dhuruva/projects/ctb-emuller/dhuruva/plastyfire/refitting_results/fitting/n100/seed19091997/L5TTPC_L5TTPC/simulations/198864-197551/2Hz_5ms/simulation_25b4122db3c5.pkl, submitting batch job
2025-09-09 17:09:56,906 - plastyfire.evaluator - INFO - Submitted job 49452539
2025-09-09 17:09:56,906 - plastyfire.evaluator - INFO - No existing PKL file found for mrk97_01: /home/dhuruva/projects/ctb-emuller/dhuruva/plastyfire/refitting_results/fitting/n100/seed19091997/L5TTPC_L5TTPC/simulations/201258-187071/2Hz_5ms/simulation_bde200e82982.pkl, submitting batch job
2025-09-09 17:09:57,071 - plastyfire.evaluator - INFO - Submitted job 49452540
2025-09-09 17:09:57,071 - plastyfire.evaluator - INFO - No existing PKL file found for mrk97_01: /home/dhuruva/projects/ctb-emuller/dhuruva/plastyfire/refitting_results/fitting/n100/seed19091997/L5TTPC_L5TTPC/simulations/201258-187071/2Hz_5ms/simulation_25b4122db3c5.pkl, submitting batch job
2025-09-09 17:09:57,072 - plastyfire.evaluator - INFO - Submitted job 49452541
2025-09-09 17:09:57,073 - plastyfire.evaluator - INFO - No existing PKL file found for mrk97_01: /home/dhuruva/projects/ctb-emuller/dhuruva/plastyfire/refitting_results/fitting/n100/seed19091997/L5TTPC_L5TTPC/simulations/189265-184120/2Hz_5ms/simulation_bde200e82982.pkl, submitting batch job
2025-09-09 17:09:57,074 - plastyfire.evaluator - INFO - Submitted job 49452542
2025-09-09 17:09:57,075 - plastyfire.evaluator - INFO - No existing PKL file found for mrk97_02: /home/dhuruva/projects/ctb-emuller/dhuruva/plastyfire/refitting_results/fitting/n100/seed19091997/L5TTPC_L5TTPC/simulations/200586-209048/5Hz_5ms/simulation_20333abf369f.pkl, submitting batch job
2025-09-09 17:09:57,245 - plastyfire.evaluator - INFO - Submitted job 49452543
2025-09-09 17:09:57,246 - plastyfire.evaluator - INFO - No existing PKL file found for mrk97_01: /home/dhuruva/projects/ctb-emuller/dhuruva/plastyfire/refitting_results/fitting/n100/seed19091997/L5TTPC_L5TTPC/simulations/186117-200624/2Hz_5ms/simulation_bde200e82982.pkl, submitting batch job
2025-09-09 17:09:57,247 - plastyfire.evaluator - INFO - Submitted job 49452544
2025-09-09 17:09:57,247 - plastyfire.evaluator - INFO - No existing PKL file found for mrk97_01: /home/dhuruva/projects/ctb-emuller/dhuruva/plastyfire/refitting_results/fitting/n100/seed19091997/L5TTPC_L5TTPC/simulations/189265-184120/2Hz_5ms/simulation_25b4122db3c5.pkl, submitting batch job
2025-09-09 17:09:57,249 - plastyfire.evaluator - INFO - Submitted job 49452545
2025-09-09 17:09:57,249 - plastyfire.evaluator - INFO - No existing PKL file found for mrk97_02: /home/dhuruva/projects/ctb-emuller/dhuruva/plastyfire/refitting_results/fitting/n100/seed19091997/L5TTPC_L5TTPC/simulations/190525-205438/5Hz_5ms/simulation_20333abf369f.pkl, submitting batch job
2025-09-09 17:09:57,408 - plastyfire.evaluator - INFO - Submitted job 49452546
2025-09-09 17:09:57,408 - plastyfire.evaluator - INFO - No existing PKL file found for mrk97_01: /home/dhuruva/projects/ctb-emuller/dhuruva/plastyfire/refitting_results/fitting/n100/seed19091997/L5TTPC_L5TTPC/simulations/186117-200624/2Hz_5ms/simulation_25b4122db3c5.pkl, submitting batch job
2025-09-09 17:09:57,410 - plastyfire.evaluator - INFO - Submitted job 49452547
2025-09-09 17:09:57,410 - plastyfire.evaluator - INFO - No existing PKL file found for mrk97_02: /home/dhuruva/projects/ctb-emuller/dhuruva/plastyfire/refitting_results/fitting/n100/seed19091997/L5TTPC_L5TTPC/simulations/193709-181631/5Hz_5ms/simulation_20333abf369f.pkl, submitting batch job
2025-09-09 17:09:57,411 - plastyfire.evaluator - INFO - Submitted job 49452548
2025-09-09 17:09:57,412 - plastyfire.evaluator - INFO - No existing PKL file found for mrk97_01: /home/dhuruva/projects/ctb-emuller/dhuruva/plastyfire/refitting_results/fitting/n100/seed19091997/L5TTPC_L5TTPC/simulations/199521-190468/2Hz_5ms/simulation_bde200e82982.pkl, submitting batch job
2025-09-09 17:09:57,591 - plastyfire.evaluator - INFO - Submitted job 49452549
2025-09-09 17:09:57,592 - plastyfire.evaluator - INFO - No existing PKL file found for mrk97_02: /home/dhuruva/projects/ctb-emuller/dhuruva/plastyfire/refitting_results/fitting/n100/seed19091997/L5TTPC_L5TTPC/simulations/199599-194835/5Hz_5ms/simulation_20333abf369f.pkl, submitting batch job
2025-09-09 17:09:57,593 - plastyfire.evaluator - INFO - Submitted job 49452550
2025-09-09 17:09:57,593 - plastyfire.evaluator - INFO - No existing PKL file found for mrk97_02: /home/dhuruva/projects/ctb-emuller/dhuruva/plastyfire/refitting_results/fitting/n100/seed19091997/L5TTPC_L5TTPC/simulations/202328-190143/5Hz_5ms/simulation_bde200e82982.pkl, submitting batch job
2025-09-09 17:09:57,595 - plastyfire.evaluator - INFO - Submitted job 49452551
2025-09-09 17:09:57,595 - plastyfire.evaluator - INFO - No existing PKL file found for mrk97_01: /home/dhuruva/projects/ctb-emuller/dhuruva/plastyfire/refitting_results/fitting/n100/seed19091997/L5TTPC_L5TTPC/simulations/199521-190468/2Hz_5ms/simulation_25b4122db3c5.pkl, submitting batch job
2025-09-09 17:09:58,267 - plastyfire.evaluator - INFO - Submitted job 49452552
2025-09-09 17:09:58,267 - plastyfire.evaluator - INFO - No existing PKL file found for mrk97_02: /home/dhuruva/projects/ctb-emuller/dhuruva/plastyfire/refitting_results/fitting/n100/seed19091997/L5TTPC_L5TTPC/simulations/200586-209048/5Hz_5ms/simulation_bde200e82982.pkl, submitting batch job
2025-09-09 17:09:58,272 - plastyfire.evaluator - INFO - Submitted job 49452553
2025-09-09 17:09:58,273 - plastyfire.evaluator - INFO - No existing PKL file found for mrk97_02: /home/dhuruva/projects/ctb-emuller/dhuruva/plastyfire/refitting_results/fitting/n100/seed19091997/L5TTPC_L5TTPC/simulations/202328-190143/5Hz_5ms/simulation_25b4122db3c5.pkl, submitting batch job
2025-09-09 17:09:58,274 - plastyfire.evaluator - INFO - Submitted job 49452554
2025-09-09 17:09:58,275 - plastyfire.evaluator - INFO - No existing PKL file found for mrk97_02: /home/dhuruva/projects/ctb-emuller/dhuruva/plastyfire/refitting_results/fitting/n100/seed19091997/L5TTPC_L5TTPC/simulations/190541-188497/5Hz_5ms/simulation_20333abf369f.pkl, submitting batch job
2025-09-09 17:09:58,497 - plastyfire.evaluator - INFO - Submitted job 49452555
2025-09-09 17:09:58,497 - plastyfire.evaluator - INFO - No existing PKL file found for mrk97_02: /home/dhuruva/projects/ctb-emuller/dhuruva/plastyfire/refitting_results/fitting/n100/seed19091997/L5TTPC_L5TTPC/simulations/196430-183658/5Hz_5ms/simulation_20333abf369f.pkl, submitting batch job
2025-09-09 17:09:58,499 - plastyfire.evaluator - INFO - Submitted job 49452556
2025-09-09 17:09:58,499 - plastyfire.evaluator - INFO - No existing PKL file found for mrk97_02: /home/dhuruva/projects/ctb-emuller/dhuruva/plastyfire/refitting_results/fitting/n100/seed19091997/L5TTPC_L5TTPC/simulations/190525-205438/5Hz_5ms/simulation_bde200e82982.pkl, submitting batch job
2025-09-09 17:09:58,501 - plastyfire.evaluator - INFO - Submitted job 49452557
2025-09-09 17:09:58,502 - plastyfire.evaluator - INFO - No existing PKL file found for mrk97_02: /home/dhuruva/projects/ctb-emuller/dhuruva/plastyfire/refitting_results/fitting/n100/seed19091997/L5TTPC_L5TTPC/simulations/200586-209048/5Hz_5ms/simulation_25b4122db3c5.pkl, submitting batch job
2025-09-09 17:09:58,677 - plastyfire.evaluator - INFO - Submitted job 49452558
2025-09-09 17:09:58,678 - plastyfire.evaluator - INFO - No existing PKL file found for mrk97_02: /home/dhuruva/projects/ctb-emuller/dhuruva/plastyfire/refitting_results/fitting/n100/seed19091997/L5TTPC_L5TTPC/simulations/194277-200870/5Hz_5ms/simulation_20333abf369f.pkl, submitting batch job
2025-09-09 17:09:58,679 - plastyfire.evaluator - INFO - Submitted job 49452559
2025-09-09 17:09:58,679 - plastyfire.evaluator - INFO - No existing PKL file found for mrk97_02: /home/dhuruva/projects/ctb-emuller/dhuruva/plastyfire/refitting_results/fitting/n100/seed19091997/L5TTPC_L5TTPC/simulations/193709-181631/5Hz_5ms/simulation_bde200e82982.pkl, submitting batch job
2025-09-09 17:09:58,682 - plastyfire.evaluator - INFO - Submitted job 49452560
2025-09-09 17:09:58,682 - plastyfire.evaluator - INFO - No existing PKL file found for mrk97_02: /home/dhuruva/projects/ctb-emuller/dhuruva/plastyfire/refitting_results/fitting/n100/seed19091997/L5TTPC_L5TTPC/simulations/190525-205438/5Hz_5ms/simulation_25b4122db3c5.pkl, submitting batch job
2025-09-09 17:09:58,877 - plastyfire.evaluator - INFO - Submitted job 49452561
2025-09-09 17:09:58,877 - plastyfire.evaluator - INFO - No existing PKL file found for mrk97_02: /home/dhuruva/projects/ctb-emuller/dhuruva/plastyfire/refitting_results/fitting/n100/seed19091997/L5TTPC_L5TTPC/simulations/199599-194835/5Hz_5ms/simulation_bde200e82982.pkl, submitting batch job
2025-09-09 17:09:58,879 - plastyfire.evaluator - INFO - Submitted job 49452562
2025-09-09 17:09:58,879 - plastyfire.evaluator - INFO - No existing PKL file found for mrk97_02: /home/dhuruva/projects/ctb-emuller/dhuruva/plastyfire/refitting_results/fitting/n100/seed19091997/L5TTPC_L5TTPC/simulations/193709-181631/5Hz_5ms/simulation_25b4122db3c5.pkl, submitting batch job
2025-09-09 17:09:58,881 - plastyfire.evaluator - INFO - Submitted job 49452563
2025-09-09 17:09:58,881 - plastyfire.evaluator - INFO - No existing PKL file found for mrk97_02: /home/dhuruva/projects/ctb-emuller/dhuruva/plastyfire/refitting_results/fitting/n100/seed19091997/L5TTPC_L5TTPC/simulations/203964-196350/5Hz_5ms/simulation_20333abf369f.pkl, submitting batch job
2025-09-09 17:09:59,168 - plastyfire.evaluator - INFO - Submitted job 49452564
2025-09-09 17:09:59,168 - plastyfire.evaluator - INFO - No existing PKL file found for mrk97_02: /home/dhuruva/projects/ctb-emuller/dhuruva/plastyfire/refitting_results/fitting/n100/seed19091997/L5TTPC_L5TTPC/simulations/196562-186098/5Hz_5ms/simulation_20333abf369f.pkl, submitting batch job
2025-09-09 17:09:59,170 - plastyfire.evaluator - INFO - Submitted job 49452565
2025-09-09 17:09:59,170 - plastyfire.evaluator - INFO - No existing PKL file found for mrk97_02: /home/dhuruva/projects/ctb-emuller/dhuruva/plastyfire/refitting_results/fitting/n100/seed19091997/L5TTPC_L5TTPC/simulations/190541-188497/5Hz_5ms/simulation_bde200e82982.pkl, submitting batch job
2025-09-09 17:09:59,173 - plastyfire.evaluator - INFO - Submitted job 49452566
2025-09-09 17:09:59,173 - plastyfire.evaluator - INFO - No existing PKL file found for mrk97_02: /home/dhuruva/projects/ctb-emuller/dhuruva/plastyfire/refitting_results/fitting/n100/seed19091997/L5TTPC_L5TTPC/simulations/199599-194835/5Hz_5ms/simulation_25b4122db3c5.pkl, submitting batch job
2025-09-09 17:09:59,388 - plastyfire.evaluator - INFO - Submitted job 49452567
2025-09-09 17:09:59,389 - plastyfire.evaluator - INFO - No existing PKL file found for mrk97_02: /home/dhuruva/projects/ctb-emuller/dhuruva/plastyfire/refitting_results/fitting/n100/seed19091997/L5TTPC_L5TTPC/simulations/196430-183658/5Hz_5ms/simulation_bde200e82982.pkl, submitting batch job
2025-09-09 17:09:59,390 - plastyfire.evaluator - INFO - Submitted job 49452568
2025-09-09 17:09:59,391 - plastyfire.evaluator - INFO - No existing PKL file found for mrk97_02: /home/dhuruva/projects/ctb-emuller/dhuruva/plastyfire/refitting_results/fitting/n100/seed19091997/L5TTPC_L5TTPC/simulations/206314-189443/5Hz_5ms/simulation_20333abf369f.pkl, submitting batch job
2025-09-09 17:09:59,393 - plastyfire.evaluator - INFO - Submitted job 49452569
2025-09-09 17:09:59,393 - plastyfire.evaluator - INFO - No existing PKL file found for mrk97_02: /home/dhuruva/projects/ctb-emuller/dhuruva/plastyfire/refitting_results/fitting/n100/seed19091997/L5TTPC_L5TTPC/simulations/190541-188497/5Hz_5ms/simulation_25b4122db3c5.pkl, submitting batch job
2025-09-09 17:09:59,577 - plastyfire.evaluator - INFO - Submitted job 49452570
2025-09-09 17:09:59,578 - plastyfire.evaluator - INFO - No existing PKL file found for mrk97_02: /home/dhuruva/projects/ctb-emuller/dhuruva/plastyfire/refitting_results/fitting/n100/seed19091997/L5TTPC_L5TTPC/simulations/197652-203951/5Hz_5ms/simulation_20333abf369f.pkl, submitting batch job
2025-09-09 17:09:59,579 - plastyfire.evaluator - INFO - Submitted job 49452571
2025-09-09 17:09:59,579 - plastyfire.evaluator - INFO - No existing PKL file found for mrk97_02: /home/dhuruva/projects/ctb-emuller/dhuruva/plastyfire/refitting_results/fitting/n100/seed19091997/L5TTPC_L5TTPC/simulations/194277-200870/5Hz_5ms/simulation_bde200e82982.pkl, submitting batch job
2025-09-09 17:09:59,582 - plastyfire.evaluator - INFO - Submitted job 49452572
2025-09-09 17:09:59,584 - plastyfire.evaluator - INFO - No existing PKL file found for mrk97_02: /home/dhuruva/projects/ctb-emuller/dhuruva/plastyfire/refitting_results/fitting/n100/seed19091997/L5TTPC_L5TTPC/simulations/196430-183658/5Hz_5ms/simulation_25b4122db3c5.pkl, submitting batch job
2025-09-09 17:09:59,760 - plastyfire.evaluator - INFO - Submitted job 49452573
2025-09-09 17:09:59,760 - plastyfire.evaluator - INFO - No existing PKL file found for mrk97_02: /home/dhuruva/projects/ctb-emuller/dhuruva/plastyfire/refitting_results/fitting/n100/seed19091997/L5TTPC_L5TTPC/simulations/187212-192870/5Hz_5ms/simulation_20333abf369f.pkl, submitting batch job
2025-09-09 17:09:59,762 - plastyfire.evaluator - INFO - Submitted job 49452574
2025-09-09 17:09:59,762 - plastyfire.evaluator - INFO - No existing PKL file found for mrk97_02: /home/dhuruva/projects/ctb-emuller/dhuruva/plastyfire/refitting_results/fitting/n100/seed19091997/L5TTPC_L5TTPC/simulations/194277-200870/5Hz_5ms/simulation_25b4122db3c5.pkl, submitting batch job
2025-09-09 17:09:59,764 - plastyfire.evaluator - INFO - Submitted job 49452575
2025-09-09 17:09:59,764 - plastyfire.evaluator - INFO - No existing PKL file found for mrk97_02: /home/dhuruva/projects/ctb-emuller/dhuruva/plastyfire/refitting_results/fitting/n100/seed19091997/L5TTPC_L5TTPC/simulations/203964-196350/5Hz_5ms/simulation_bde200e82982.pkl, submitting batch job
2025-09-09 17:10:00,011 - plastyfire.evaluator - INFO - Submitted job 49452576
2025-09-09 17:10:00,011 - plastyfire.evaluator - INFO - No existing PKL file found for mrk97_02: /home/dhuruva/projects/ctb-emuller/dhuruva/plastyfire/refitting_results/fitting/n100/seed19091997/L5TTPC_L5TTPC/simulations/203964-196350/5Hz_5ms/simulation_25b4122db3c5.pkl, submitting batch job
2025-09-09 17:10:00,015 - plastyfire.evaluator - INFO - Submitted job 49452578
2025-09-09 17:10:00,015 - plastyfire.evaluator - INFO - No existing PKL file found for mrk97_02: /home/dhuruva/projects/ctb-emuller/dhuruva/plastyfire/refitting_results/fitting/n100/seed19091997/L5TTPC_L5TTPC/simulations/196562-186098/5Hz_5ms/simulation_bde200e82982.pkl, submitting batch job
2025-09-09 17:10:00,017 - plastyfire.evaluator - INFO - Submitted job 49452579
2025-09-09 17:10:00,017 - plastyfire.evaluator - INFO - No existing PKL file found for mrk97_02: /home/dhuruva/projects/ctb-emuller/dhuruva/plastyfire/refitting_results/fitting/n100/seed19091997/L5TTPC_L5TTPC/simulations/187417-207485/5Hz_5ms/simulation_20333abf369f.pkl, submitting batch job
2025-09-09 17:10:00,224 - plastyfire.evaluator - INFO - Submitted job 49452580
2025-09-09 17:10:00,224 - plastyfire.evaluator - INFO - No existing PKL file found for mrk97_02: /home/dhuruva/projects/ctb-emuller/dhuruva/plastyfire/refitting_results/fitting/n100/seed19091997/L5TTPC_L5TTPC/simulations/206314-189443/5Hz_5ms/simulation_bde200e82982.pkl, submitting batch job
2025-09-09 17:10:00,225 - plastyfire.evaluator - INFO - Submitted job 49452581
2025-09-09 17:10:00,226 - plastyfire.evaluator - INFO - No existing PKL file found for mrk97_02: /home/dhuruva/projects/ctb-emuller/dhuruva/plastyfire/refitting_results/fitting/n100/seed19091997/L5TTPC_L5TTPC/simulations/196562-186098/5Hz_5ms/simulation_25b4122db3c5.pkl, submitting batch job
2025-09-09 17:10:00,229 - plastyfire.evaluator - INFO - Submitted job 49452582
2025-09-09 17:10:00,230 - plastyfire.evaluator - INFO - No existing PKL file found for mrk97_02: /home/dhuruva/projects/ctb-emuller/dhuruva/plastyfire/refitting_results/fitting/n100/seed19091997/L5TTPC_L5TTPC/simulations/182369-181607/5Hz_5ms/simulation_20333abf369f.pkl, submitting batch job
2025-09-09 17:10:00,414 - plastyfire.evaluator - INFO - Submitted job 49452583
2025-09-09 17:10:00,414 - plastyfire.evaluator - INFO - No existing PKL file found for mrk97_02: /home/dhuruva/projects/ctb-emuller/dhuruva/plastyfire/refitting_results/fitting/n100/seed19091997/L5TTPC_L5TTPC/simulations/197652-203951/5Hz_5ms/simulation_bde200e82982.pkl, submitting batch job
2025-09-09 17:10:00,416 - plastyfire.evaluator - INFO - Submitted job 49452584
2025-09-09 17:10:00,416 - plastyfire.evaluator - INFO - No existing PKL file found for mrk97_02: /home/dhuruva/projects/ctb-emuller/dhuruva/plastyfire/refitting_results/fitting/n100/seed19091997/L5TTPC_L5TTPC/simulations/200132-185914/5Hz_5ms/simulation_20333abf369f.pkl, submitting batch job
2025-09-09 17:10:00,418 - plastyfire.evaluator - INFO - Submitted job 49452585
2025-09-09 17:10:00,419 - plastyfire.evaluator - INFO - No existing PKL file found for mrk97_02: /home/dhuruva/projects/ctb-emuller/dhuruva/plastyfire/refitting_results/fitting/n100/seed19091997/L5TTPC_L5TTPC/simulations/206314-189443/5Hz_5ms/simulation_25b4122db3c5.pkl, submitting batch job
2025-09-09 17:10:00,613 - plastyfire.evaluator - INFO - Submitted job 49452586
2025-09-09 17:10:00,614 - plastyfire.evaluator - INFO - No existing PKL file found for mrk97_02: /home/dhuruva/projects/ctb-emuller/dhuruva/plastyfire/refitting_results/fitting/n100/seed19091997/L5TTPC_L5TTPC/simulations/196734-181209/5Hz_5ms/simulation_20333abf369f.pkl, submitting batch job
2025-09-09 17:10:00,615 - plastyfire.evaluator - INFO - Submitted job 49452587
2025-09-09 17:10:00,616 - plastyfire.evaluator - INFO - No existing PKL file found for mrk97_02: /home/dhuruva/projects/ctb-emuller/dhuruva/plastyfire/refitting_results/fitting/n100/seed19091997/L5TTPC_L5TTPC/simulations/187212-192870/5Hz_5ms/simulation_bde200e82982.pkl, submitting batch job
2025-09-09 17:10:00,618 - plastyfire.evaluator - INFO - Submitted job 49452588
2025-09-09 17:10:00,618 - plastyfire.evaluator - INFO - No existing PKL file found for mrk97_02: /home/dhuruva/projects/ctb-emuller/dhuruva/plastyfire/refitting_results/fitting/n100/seed19091997/L5TTPC_L5TTPC/simulations/197652-203951/5Hz_5ms/simulation_25b4122db3c5.pkl, submitting batch job
2025-09-09 17:10:00,808 - plastyfire.evaluator - INFO - Submitted job 49452589
2025-09-09 17:10:00,808 - plastyfire.evaluator - INFO - No existing PKL file found for mrk97_02: /home/dhuruva/projects/ctb-emuller/dhuruva/plastyfire/refitting_results/fitting/n100/seed19091997/L5TTPC_L5TTPC/simulations/187212-192870/5Hz_5ms/simulation_25b4122db3c5.pkl, submitting batch job
2025-09-09 17:10:01,313 - plastyfire.evaluator - INFO - Submitted job 49452590
2025-09-09 17:10:01,313 - plastyfire.evaluator - INFO - No existing PKL file found for mrk97_02: /home/dhuruva/projects/ctb-emuller/dhuruva/plastyfire/refitting_results/fitting/n100/seed19091997/L5TTPC_L5TTPC/simulations/187417-207485/5Hz_5ms/simulation_bde200e82982.pkl, submitting batch job
2025-09-09 17:10:01,328 - plastyfire.evaluator - INFO - Submitted job 49452591
2025-09-09 17:10:01,329 - plastyfire.evaluator - INFO - No existing PKL file found for mrk97_02: /home/dhuruva/projects/ctb-emuller/dhuruva/plastyfire/refitting_results/fitting/n100/seed19091997/L5TTPC_L5TTPC/simulations/207423-186224/5Hz_5ms/simulation_20333abf369f.pkl, submitting batch job
2025-09-09 17:10:01,331 - plastyfire.evaluator - INFO - Submitted job 49452592
2025-09-09 17:10:01,331 - plastyfire.evaluator - INFO - No existing PKL file found for mrk97_02: /home/dhuruva/projects/ctb-emuller/dhuruva/plastyfire/refitting_results/fitting/n100/seed19091997/L5TTPC_L5TTPC/simulations/187417-207485/5Hz_5ms/simulation_25b4122db3c5.pkl, submitting batch job
2025-09-09 17:10:01,545 - plastyfire.evaluator - INFO - Submitted job 49452593
2025-09-09 17:10:01,545 - plastyfire.evaluator - INFO - No existing PKL file found for mrk97_02: /home/dhuruva/projects/ctb-emuller/dhuruva/plastyfire/refitting_results/fitting/n100/seed19091997/L5TTPC_L5TTPC/simulations/182369-181607/5Hz_5ms/simulation_bde200e82982.pkl, submitting batch job
2025-09-09 17:10:01,547 - plastyfire.evaluator - INFO - Submitted job 49452594
2025-09-09 17:10:01,547 - plastyfire.evaluator - INFO - No existing PKL file found for mrk97_02: /home/dhuruva/projects/ctb-emuller/dhuruva/plastyfire/refitting_results/fitting/n100/seed19091997/L5TTPC_L5TTPC/simulations/203038-207594/5Hz_5ms/simulation_20333abf369f.pkl, submitting batch job
2025-09-09 17:10:01,549 - plastyfire.evaluator - INFO - Submitted job 49452595
2025-09-09 17:10:01,549 - plastyfire.evaluator - INFO - No existing PKL file found for mrk97_02: /home/dhuruva/projects/ctb-emuller/dhuruva/plastyfire/refitting_results/fitting/n100/seed19091997/L5TTPC_L5TTPC/simulations/182369-181607/5Hz_5ms/simulation_25b4122db3c5.pkl, submitting batch job
2025-09-09 17:10:01,712 - plastyfire.evaluator - INFO - Submitted job 49452596
2025-09-09 17:10:01,712 - plastyfire.evaluator - INFO - No existing PKL file found for mrk97_02: /home/dhuruva/projects/ctb-emuller/dhuruva/plastyfire/refitting_results/fitting/n100/seed19091997/L5TTPC_L5TTPC/simulations/190392-207670/5Hz_5ms/simulation_20333abf369f.pkl, submitting batch job
2025-09-09 17:10:01,714 - plastyfire.evaluator - INFO - Submitted job 49452597
2025-09-09 17:10:01,714 - plastyfire.evaluator - INFO - No existing PKL file found for mrk97_02: /home/dhuruva/projects/ctb-emuller/dhuruva/plastyfire/refitting_results/fitting/n100/seed19091997/L5TTPC_L5TTPC/simulations/200132-185914/5Hz_5ms/simulation_25b4122db3c5.pkl, submitting batch job
2025-09-09 17:10:01,716 - plastyfire.evaluator - INFO - Submitted job 49452598
2025-09-09 17:10:01,716 - plastyfire.evaluator - INFO - No existing PKL file found for mrk97_02: /home/dhuruva/projects/ctb-emuller/dhuruva/plastyfire/refitting_results/fitting/n100/seed19091997/L5TTPC_L5TTPC/simulations/200132-185914/5Hz_5ms/simulation_bde200e82982.pkl, submitting batch job
2025-09-09 17:10:01,938 - plastyfire.evaluator - INFO - Submitted job 49452599
2025-09-09 17:10:01,939 - plastyfire.evaluator - INFO - No existing PKL file found for mrk97_02: /home/dhuruva/projects/ctb-emuller/dhuruva/plastyfire/refitting_results/fitting/n100/seed19091997/L5TTPC_L5TTPC/simulations/196734-181209/5Hz_5ms/simulation_bde200e82982.pkl, submitting batch job
2025-09-09 17:10:01,962 - plastyfire.evaluator - INFO - Submitted job 49452600
2025-09-09 17:10:01,962 - plastyfire.evaluator - INFO - No existing PKL file found for mrk97_02: /home/dhuruva/projects/ctb-emuller/dhuruva/plastyfire/refitting_results/fitting/n100/seed19091997/L5TTPC_L5TTPC/simulations/183796-186882/5Hz_5ms/simulation_20333abf369f.pkl, submitting batch job
2025-09-09 17:10:01,965 - plastyfire.evaluator - INFO - Submitted job 49452601
2025-09-09 17:10:01,966 - plastyfire.evaluator - INFO - No existing PKL file found for mrk97_02: /home/dhuruva/projects/ctb-emuller/dhuruva/plastyfire/refitting_results/fitting/n100/seed19091997/L5TTPC_L5TTPC/simulations/196734-181209/5Hz_5ms/simulation_25b4122db3c5.pkl, submitting batch job
2025-09-09 17:10:02,125 - plastyfire.evaluator - INFO - Submitted job 49452602
2025-09-09 17:10:02,125 - plastyfire.evaluator - INFO - No existing PKL file found for mrk97_02: /home/dhuruva/projects/ctb-emuller/dhuruva/plastyfire/refitting_results/fitting/n100/seed19091997/L5TTPC_L5TTPC/simulations/207423-186224/5Hz_5ms/simulation_bde200e82982.pkl, submitting batch job
2025-09-09 17:10:02,127 - plastyfire.evaluator - INFO - Submitted job 49452603
2025-09-09 17:10:02,127 - plastyfire.evaluator - INFO - No existing PKL file found for mrk97_02: /home/dhuruva/projects/ctb-emuller/dhuruva/plastyfire/refitting_results/fitting/n100/seed19091997/L5TTPC_L5TTPC/simulations/207423-186224/5Hz_5ms/simulation_25b4122db3c5.pkl, submitting batch job
2025-09-09 17:10:02,128 - plastyfire.evaluator - INFO - Submitted job 49452604
2025-09-09 17:10:02,129 - plastyfire.evaluator - INFO - No existing PKL file found for mrk97_02: /home/dhuruva/projects/ctb-emuller/dhuruva/plastyfire/refitting_results/fitting/n100/seed19091997/L5TTPC_L5TTPC/simulations/198242-189050/5Hz_5ms/simulation_20333abf369f.pkl, submitting batch job
2025-09-09 17:10:02,694 - plastyfire.evaluator - INFO - Submitted job 49452605
2025-09-09 17:10:02,694 - plastyfire.evaluator - INFO - No existing PKL file found for mrk97_02: /home/dhuruva/projects/ctb-emuller/dhuruva/plastyfire/refitting_results/fitting/n100/seed19091997/L5TTPC_L5TTPC/simulations/203038-207594/5Hz_5ms/simulation_bde200e82982.pkl, submitting batch job
2025-09-09 17:10:02,700 - plastyfire.evaluator - INFO - Submitted job 49452606
2025-09-09 17:10:02,700 - plastyfire.evaluator - INFO - No existing PKL file found for mrk97_02: /home/dhuruva/projects/ctb-emuller/dhuruva/plastyfire/refitting_results/fitting/n100/seed19091997/L5TTPC_L5TTPC/simulations/205300-191467/5Hz_5ms/simulation_20333abf369f.pkl, submitting batch job
2025-09-09 17:10:02,703 - plastyfire.evaluator - INFO - Submitted job 49452607
2025-09-09 17:10:02,703 - plastyfire.evaluator - INFO - No existing PKL file found for mrk97_02: /home/dhuruva/projects/ctb-emuller/dhuruva/plastyfire/refitting_results/fitting/n100/seed19091997/L5TTPC_L5TTPC/simulations/203038-207594/5Hz_5ms/simulation_25b4122db3c5.pkl, submitting batch job
2025-09-09 17:10:03,978 - plastyfire.evaluator - INFO - Submitted job 49452608
2025-09-09 17:10:03,978 - plastyfire.evaluator - INFO - No existing PKL file found for mrk97_02: /home/dhuruva/projects/ctb-emuller/dhuruva/plastyfire/refitting_results/fitting/n100/seed19091997/L5TTPC_L5TTPC/simulations/190392-207670/5Hz_5ms/simulation_25b4122db3c5.pkl, submitting batch job
2025-09-09 17:10:06,196 - plastyfire.evaluator - INFO - Submitted job 49452609
2025-09-09 17:10:06,196 - plastyfire.evaluator - INFO - No existing PKL file found for mrk97_02: /home/dhuruva/projects/ctb-emuller/dhuruva/plastyfire/refitting_results/fitting/n100/seed19091997/L5TTPC_L5TTPC/simulations/190392-207670/5Hz_5ms/simulation_bde200e82982.pkl, submitting batch job
2025-09-09 17:10:06,198 - plastyfire.evaluator - INFO - Submitted job 49452610
2025-09-09 17:10:06,199 - plastyfire.evaluator - INFO - No existing PKL file found for mrk97_02: /home/dhuruva/projects/ctb-emuller/dhuruva/plastyfire/refitting_results/fitting/n100/seed19091997/L5TTPC_L5TTPC/simulations/180815-206160/5Hz_5ms/simulation_20333abf369f.pkl, submitting batch job
2025-09-09 17:10:06,202 - plastyfire.evaluator - INFO - Submitted job 49452611
2025-09-09 17:10:06,202 - plastyfire.evaluator - INFO - No existing PKL file found for mrk97_02: /home/dhuruva/projects/ctb-emuller/dhuruva/plastyfire/refitting_results/fitting/n100/seed19091997/L5TTPC_L5TTPC/simulations/183796-186882/5Hz_5ms/simulation_25b4122db3c5.pkl, submitting batch job
2025-09-09 17:10:06,733 - plastyfire.evaluator - INFO - Submitted job 49452616
2025-09-09 17:10:06,733 - plastyfire.evaluator - INFO - No existing PKL file found for mrk97_02: /home/dhuruva/projects/ctb-emuller/dhuruva/plastyfire/refitting_results/fitting/n100/seed19091997/L5TTPC_L5TTPC/simulations/203710-206592/5Hz_5ms/simulation_20333abf369f.pkl, submitting batch job
2025-09-09 17:10:06,735 - plastyfire.evaluator - INFO - Submitted job 49452617
2025-09-09 17:10:06,735 - plastyfire.evaluator - INFO - No existing PKL file found for mrk97_02: /home/dhuruva/projects/ctb-emuller/dhuruva/plastyfire/refitting_results/fitting/n100/seed19091997/L5TTPC_L5TTPC/simulations/183796-186882/5Hz_5ms/simulation_bde200e82982.pkl, submitting batch job
2025-09-09 17:10:06,737 - plastyfire.evaluator - INFO - Submitted job 49452618
2025-09-09 17:10:06,737 - plastyfire.evaluator - INFO - No existing PKL file found for mrk97_02: /home/dhuruva/projects/ctb-emuller/dhuruva/plastyfire/refitting_results/fitting/n100/seed19091997/L5TTPC_L5TTPC/simulations/198242-189050/5Hz_5ms/simulation_25b4122db3c5.pkl, submitting batch job
2025-09-09 17:10:07,175 - plastyfire.evaluator - INFO - Submitted job 49452620
2025-09-09 17:10:07,176 - plastyfire.evaluator - INFO - No existing PKL file found for mrk97_02: /home/dhuruva/projects/ctb-emuller/dhuruva/plastyfire/refitting_results/fitting/n100/seed19091997/L5TTPC_L5TTPC/simulations/198242-189050/5Hz_5ms/simulation_bde200e82982.pkl, submitting batch job
2025-09-09 17:10:07,177 - plastyfire.evaluator - INFO - Submitted job 49452621
2025-09-09 17:10:07,178 - plastyfire.evaluator - INFO - No existing PKL file found for mrk97_02: /home/dhuruva/projects/ctb-emuller/dhuruva/plastyfire/refitting_results/fitting/n100/seed19091997/L5TTPC_L5TTPC/simulations/205300-191467/5Hz_5ms/simulation_25b4122db3c5.pkl, submitting batch job
2025-09-09 17:10:07,180 - plastyfire.evaluator - INFO - Submitted job 49452622
2025-09-09 17:10:07,181 - plastyfire.evaluator - INFO - No existing PKL file found for mrk97_02: /home/dhuruva/projects/ctb-emuller/dhuruva/plastyfire/refitting_results/fitting/n100/seed19091997/L5TTPC_L5TTPC/simulations/180236-203656/5Hz_5ms/simulation_20333abf369f.pkl, submitting batch job
2025-09-09 17:10:08,584 - plastyfire.evaluator - INFO - Submitted job 49452624
2025-09-09 17:10:08,585 - plastyfire.evaluator - INFO - No existing PKL file found for mrk97_02: /home/dhuruva/projects/ctb-emuller/dhuruva/plastyfire/refitting_results/fitting/n100/seed19091997/L5TTPC_L5TTPC/simulations/205300-191467/5Hz_5ms/simulation_bde200e82982.pkl, submitting batch job
2025-09-09 17:10:08,641 - plastyfire.evaluator - INFO - Submitted job 49452625
2025-09-09 17:10:08,642 - plastyfire.evaluator - INFO - No existing PKL file found for mrk97_02: /home/dhuruva/projects/ctb-emuller/dhuruva/plastyfire/refitting_results/fitting/n100/seed19091997/L5TTPC_L5TTPC/simulations/180815-206160/5Hz_5ms/simulation_25b4122db3c5.pkl, submitting batch job
2025-09-09 17:10:08,670 - plastyfire.evaluator - INFO - Submitted job 49452628
2025-09-09 17:10:08,670 - plastyfire.evaluator - INFO - No existing PKL file found for mrk97_02: /home/dhuruva/projects/ctb-emuller/dhuruva/plastyfire/refitting_results/fitting/n100/seed19091997/L5TTPC_L5TTPC/simulations/208904-200676/5Hz_5ms/simulation_20333abf369f.pkl, submitting batch job
2025-09-09 17:10:09,507 - plastyfire.evaluator - INFO - Submitted job 49452629
2025-09-09 17:10:09,508 - plastyfire.evaluator - INFO - No existing PKL file found for mrk97_02: /home/dhuruva/projects/ctb-emuller/dhuruva/plastyfire/refitting_results/fitting/n100/seed19091997/L5TTPC_L5TTPC/simulations/180815-206160/5Hz_5ms/simulation_bde200e82982.pkl, submitting batch job
2025-09-09 17:10:09,510 - plastyfire.evaluator - INFO - Submitted job 49452630
2025-09-09 17:10:09,511 - plastyfire.evaluator - INFO - No existing PKL file found for mrk97_02: /home/dhuruva/projects/ctb-emuller/dhuruva/plastyfire/refitting_results/fitting/n100/seed19091997/L5TTPC_L5TTPC/simulations/193481-196243/5Hz_5ms/simulation_20333abf369f.pkl, submitting batch job
2025-09-09 17:10:09,513 - plastyfire.evaluator - INFO - Submitted job 49452631
2025-09-09 17:10:09,513 - plastyfire.evaluator - INFO - No existing PKL file found for mrk97_02: /home/dhuruva/projects/ctb-emuller/dhuruva/plastyfire/refitting_results/fitting/n100/seed19091997/L5TTPC_L5TTPC/simulations/203710-206592/5Hz_5ms/simulation_25b4122db3c5.pkl, submitting batch job
2025-09-09 17:10:10,120 - plastyfire.evaluator - INFO - Submitted job 49452632
2025-09-09 17:10:10,121 - plastyfire.evaluator - INFO - No existing PKL file found for mrk97_02: /home/dhuruva/projects/ctb-emuller/dhuruva/plastyfire/refitting_results/fitting/n100/seed19091997/L5TTPC_L5TTPC/simulations/180236-203656/5Hz_5ms/simulation_25b4122db3c5.pkl, submitting batch job
2025-09-09 17:10:10,123 - plastyfire.evaluator - INFO - Submitted job 49452633
2025-09-09 17:10:10,123 - plastyfire.evaluator - INFO - No existing PKL file found for mrk97_02: /home/dhuruva/projects/ctb-emuller/dhuruva/plastyfire/refitting_results/fitting/n100/seed19091997/L5TTPC_L5TTPC/simulations/203710-206592/5Hz_5ms/simulation_bde200e82982.pkl, submitting batch job
2025-09-09 17:10:10,132 - plastyfire.evaluator - INFO - Submitted job 49452634
2025-09-09 17:10:10,132 - plastyfire.evaluator - INFO - No existing PKL file found for mrk97_02: /home/dhuruva/projects/ctb-emuller/dhuruva/plastyfire/refitting_results/fitting/n100/seed19091997/L5TTPC_L5TTPC/simulations/189143-193722/5Hz_5ms/simulation_20333abf369f.pkl, submitting batch job
2025-09-09 17:10:11,829 - plastyfire.evaluator - INFO - Submitted job 49452637
2025-09-09 17:10:11,829 - plastyfire.evaluator - INFO - No existing PKL file found for mrk97_02: /home/dhuruva/projects/ctb-emuller/dhuruva/plastyfire/refitting_results/fitting/n100/seed19091997/L5TTPC_L5TTPC/simulations/208904-200676/5Hz_5ms/simulation_25b4122db3c5.pkl, submitting batch job
2025-09-09 17:10:11,862 - plastyfire.evaluator - INFO - Submitted job 49452638
2025-09-09 17:10:11,862 - plastyfire.evaluator - INFO - No existing PKL file found for mrk97_02: /home/dhuruva/projects/ctb-emuller/dhuruva/plastyfire/refitting_results/fitting/n100/seed19091997/L5TTPC_L5TTPC/simulations/180236-203656/5Hz_5ms/simulation_bde200e82982.pkl, submitting batch job
2025-09-09 17:10:11,864 - plastyfire.evaluator - INFO - Submitted job 49452639
2025-09-09 17:10:11,865 - plastyfire.evaluator - INFO - No existing PKL file found for mrk97_02: /home/dhuruva/projects/ctb-emuller/dhuruva/plastyfire/refitting_results/fitting/n100/seed19091997/L5TTPC_L5TTPC/simulations/201521-209101/5Hz_5ms/simulation_20333abf369f.pkl, submitting batch job
2025-09-09 17:10:12,352 - plastyfire.evaluator - INFO - Submitted job 49452641
2025-09-09 17:10:12,352 - plastyfire.evaluator - INFO - No existing PKL file found for mrk97_02: /home/dhuruva/projects/ctb-emuller/dhuruva/plastyfire/refitting_results/fitting/n100/seed19091997/L5TTPC_L5TTPC/simulations/183423-197906/5Hz_5ms/simulation_20333abf369f.pkl, submitting batch job
2025-09-09 17:10:12,354 - plastyfire.evaluator - INFO - Submitted job 49452642
2025-09-09 17:10:12,354 - plastyfire.evaluator - INFO - No existing PKL file found for mrk97_02: /home/dhuruva/projects/ctb-emuller/dhuruva/plastyfire/refitting_results/fitting/n100/seed19091997/L5TTPC_L5TTPC/simulations/193481-196243/5Hz_5ms/simulation_25b4122db3c5.pkl, submitting batch job
2025-09-09 17:10:12,365 - plastyfire.evaluator - INFO - Submitted job 49452643
2025-09-09 17:10:12,365 - plastyfire.evaluator - INFO - No existing PKL file found for mrk97_02: /home/dhuruva/projects/ctb-emuller/dhuruva/plastyfire/refitting_results/fitting/n100/seed19091997/L5TTPC_L5TTPC/simulations/208904-200676/5Hz_5ms/simulation_bde200e82982.pkl, submitting batch job
2025-09-09 17:10:12,639 - plastyfire.evaluator - INFO - Submitted job 49452644
2025-09-09 17:10:12,640 - plastyfire.evaluator - INFO - No existing PKL file found for mrk97_02: /home/dhuruva/projects/ctb-emuller/dhuruva/plastyfire/refitting_results/fitting/n100/seed19091997/L5TTPC_L5TTPC/simulations/181002-188173/5Hz_5ms/simulation_20333abf369f.pkl, submitting batch job
2025-09-09 17:10:12,642 - plastyfire.evaluator - INFO - Submitted job 49452645
2025-09-09 17:10:12,643 - plastyfire.evaluator - INFO - No existing PKL file found for mrk97_02: /home/dhuruva/projects/ctb-emuller/dhuruva/plastyfire/refitting_results/fitting/n100/seed19091997/L5TTPC_L5TTPC/simulations/189143-193722/5Hz_5ms/simulation_25b4122db3c5.pkl, submitting batch job
2025-09-09 17:10:12,648 - plastyfire.evaluator - INFO - Submitted job 49452646
2025-09-09 17:10:12,648 - plastyfire.evaluator - INFO - No existing PKL file found for mrk97_02: /home/dhuruva/projects/ctb-emuller/dhuruva/plastyfire/refitting_results/fitting/n100/seed19091997/L5TTPC_L5TTPC/simulations/193481-196243/5Hz_5ms/simulation_bde200e82982.pkl, submitting batch job
2025-09-09 17:10:12,870 - plastyfire.evaluator - INFO - Submitted job 49452647
2025-09-09 17:10:12,871 - plastyfire.evaluator - INFO - No existing PKL file found for mrk97_02: /home/dhuruva/projects/ctb-emuller/dhuruva/plastyfire/refitting_results/fitting/n100/seed19091997/L5TTPC_L5TTPC/simulations/184015-184061/5Hz_5ms/simulation_20333abf369f.pkl, submitting batch job
2025-09-09 17:10:12,873 - plastyfire.evaluator - INFO - Submitted job 49452648
2025-09-09 17:10:12,873 - plastyfire.evaluator - INFO - No existing PKL file found for mrk97_02: /home/dhuruva/projects/ctb-emuller/dhuruva/plastyfire/refitting_results/fitting/n100/seed19091997/L5TTPC_L5TTPC/simulations/201521-209101/5Hz_5ms/simulation_25b4122db3c5.pkl, submitting batch job
2025-09-09 17:10:12,877 - plastyfire.evaluator - INFO - Submitted job 49452649
2025-09-09 17:10:12,877 - plastyfire.evaluator - INFO - No existing PKL file found for mrk97_02: /home/dhuruva/projects/ctb-emuller/dhuruva/plastyfire/refitting_results/fitting/n100/seed19091997/L5TTPC_L5TTPC/simulations/189143-193722/5Hz_5ms/simulation_bde200e82982.pkl, submitting batch job
2025-09-09 17:10:13,263 - plastyfire.evaluator - INFO - Submitted job 49452651
2025-09-09 17:10:13,264 - plastyfire.evaluator - INFO - No existing PKL file found for mrk97_02: /home/dhuruva/projects/ctb-emuller/dhuruva/plastyfire/refitting_results/fitting/n100/seed19091997/L5TTPC_L5TTPC/simulations/194532-187415/5Hz_5ms/simulation_20333abf369f.pkl, submitting batch job
2025-09-09 17:10:13,269 - plastyfire.evaluator - INFO - Submitted job 49452652
2025-09-09 17:10:13,270 - plastyfire.evaluator - INFO - No existing PKL file found for mrk97_02: /home/dhuruva/projects/ctb-emuller/dhuruva/plastyfire/refitting_results/fitting/n100/seed19091997/L5TTPC_L5TTPC/simulations/183423-197906/5Hz_5ms/simulation_25b4122db3c5.pkl, submitting batch job
2025-09-09 17:10:13,272 - plastyfire.evaluator - INFO - Submitted job 49452653
2025-09-09 17:10:13,272 - plastyfire.evaluator - INFO - No existing PKL file found for mrk97_02: /home/dhuruva/projects/ctb-emuller/dhuruva/plastyfire/refitting_results/fitting/n100/seed19091997/L5TTPC_L5TTPC/simulations/201521-209101/5Hz_5ms/simulation_bde200e82982.pkl, submitting batch job
2025-09-09 17:10:13,655 - plastyfire.evaluator - INFO - Submitted job 49452655
2025-09-09 17:10:13,655 - plastyfire.evaluator - INFO - No existing PKL file found for mrk97_02: /home/dhuruva/projects/ctb-emuller/dhuruva/plastyfire/refitting_results/fitting/n100/seed19091997/L5TTPC_L5TTPC/simulations/183423-197906/5Hz_5ms/simulation_bde200e82982.pkl, submitting batch job
2025-09-09 17:10:13,659 - plastyfire.evaluator - INFO - Submitted job 49452656
2025-09-09 17:10:13,659 - plastyfire.evaluator - INFO - No existing PKL file found for mrk97_02: /home/dhuruva/projects/ctb-emuller/dhuruva/plastyfire/refitting_results/fitting/n100/seed19091997/L5TTPC_L5TTPC/simulations/181002-188173/5Hz_5ms/simulation_25b4122db3c5.pkl, submitting batch job
2025-09-09 17:10:13,661 - plastyfire.evaluator - INFO - Submitted job 49452657
2025-09-09 17:10:13,661 - plastyfire.evaluator - INFO - No existing PKL file found for mrk97_02: /home/dhuruva/projects/ctb-emuller/dhuruva/plastyfire/refitting_results/fitting/n100/seed19091997/L5TTPC_L5TTPC/simulations/180164-197248/5Hz_5ms/simulation_20333abf369f.pkl, submitting batch job
2025-09-09 17:10:14,294 - plastyfire.evaluator - INFO - Submitted job 49452659
2025-09-09 17:10:14,294 - plastyfire.evaluator - INFO - No existing PKL file found for mrk97_02: /home/dhuruva/projects/ctb-emuller/dhuruva/plastyfire/refitting_results/fitting/n100/seed19091997/L5TTPC_L5TTPC/simulations/184015-184061/5Hz_5ms/simulation_25b4122db3c5.pkl, submitting batch job
2025-09-09 17:10:14,296 - plastyfire.evaluator - INFO - Submitted job 49452660
2025-09-09 17:10:14,296 - plastyfire.evaluator - INFO - No existing PKL file found for mrk97_02: /home/dhuruva/projects/ctb-emuller/dhuruva/plastyfire/refitting_results/fitting/n100/seed19091997/L5TTPC_L5TTPC/simulations/181023-208822/5Hz_5ms/simulation_20333abf369f.pkl, submitting batch job
2025-09-09 17:10:14,301 - plastyfire.evaluator - INFO - Submitted job 49452662
2025-09-09 17:10:14,302 - plastyfire.evaluator - INFO - No existing PKL file found for mrk97_02: /home/dhuruva/projects/ctb-emuller/dhuruva/plastyfire/refitting_results/fitting/n100/seed19091997/L5TTPC_L5TTPC/simulations/181002-188173/5Hz_5ms/simulation_bde200e82982.pkl, submitting batch job
2025-09-09 17:10:15,198 - plastyfire.evaluator - INFO - Submitted job 49452666
2025-09-09 17:10:15,199 - plastyfire.evaluator - INFO - No existing PKL file found for mrk97_02: /home/dhuruva/projects/ctb-emuller/dhuruva/plastyfire/refitting_results/fitting/n100/seed19091997/L5TTPC_L5TTPC/simulations/184015-184061/5Hz_5ms/simulation_bde200e82982.pkl, submitting batch job
2025-09-09 17:10:15,200 - plastyfire.evaluator - INFO - Submitted job 49452667
2025-09-09 17:10:15,201 - plastyfire.evaluator - INFO - No existing PKL file found for mrk97_02: /home/dhuruva/projects/ctb-emuller/dhuruva/plastyfire/refitting_results/fitting/n100/seed19091997/L5TTPC_L5TTPC/simulations/194532-187415/5Hz_5ms/simulation_25b4122db3c5.pkl, submitting batch job
2025-09-09 17:10:15,220 - plastyfire.evaluator - INFO - Submitted job 49452668
2025-09-09 17:10:15,220 - plastyfire.evaluator - INFO - No existing PKL file found for mrk97_02: /home/dhuruva/projects/ctb-emuller/dhuruva/plastyfire/refitting_results/fitting/n100/seed19091997/L5TTPC_L5TTPC/simulations/198910-188914/5Hz_5ms/simulation_20333abf369f.pkl, submitting batch job
2025-09-09 17:10:15,578 - plastyfire.evaluator - INFO - Submitted job 49452669
2025-09-09 17:10:15,578 - plastyfire.evaluator - INFO - No existing PKL file found for mrk97_02: /home/dhuruva/projects/ctb-emuller/dhuruva/plastyfire/refitting_results/fitting/n100/seed19091997/L5TTPC_L5TTPC/simulations/180164-197248/5Hz_5ms/simulation_25b4122db3c5.pkl, submitting batch job
2025-09-09 17:10:15,580 - plastyfire.evaluator - INFO - Submitted job 49452670
2025-09-09 17:10:15,581 - plastyfire.evaluator - INFO - No existing PKL file found for mrk97_02: /home/dhuruva/projects/ctb-emuller/dhuruva/plastyfire/refitting_results/fitting/n100/seed19091997/L5TTPC_L5TTPC/simulations/194532-187415/5Hz_5ms/simulation_bde200e82982.pkl, submitting batch job
2025-09-09 17:10:15,585 - plastyfire.evaluator - INFO - Submitted job 49452671
2025-09-09 17:10:15,585 - plastyfire.evaluator - INFO - No existing PKL file found for mrk97_02: /home/dhuruva/projects/ctb-emuller/dhuruva/plastyfire/refitting_results/fitting/n100/seed19091997/L5TTPC_L5TTPC/simulations/189500-185042/5Hz_5ms/simulation_20333abf369f.pkl, submitting batch job
2025-09-09 17:10:15,814 - plastyfire.evaluator - INFO - Submitted job 49452672
2025-09-09 17:10:15,815 - plastyfire.evaluator - INFO - No existing PKL file found for mrk97_02: /home/dhuruva/projects/ctb-emuller/dhuruva/plastyfire/refitting_results/fitting/n100/seed19091997/L5TTPC_L5TTPC/simulations/184033-189853/5Hz_5ms/simulation_20333abf369f.pkl, submitting batch job
2025-09-09 17:10:15,817 - plastyfire.evaluator - INFO - Submitted job 49452673
2025-09-09 17:10:15,817 - plastyfire.evaluator - INFO - No existing PKL file found for mrk97_02: /home/dhuruva/projects/ctb-emuller/dhuruva/plastyfire/refitting_results/fitting/n100/seed19091997/L5TTPC_L5TTPC/simulations/180164-197248/5Hz_5ms/simulation_bde200e82982.pkl, submitting batch job
2025-09-09 17:10:15,820 - plastyfire.evaluator - INFO - Submitted job 49452674
2025-09-09 17:10:15,820 - plastyfire.evaluator - INFO - No existing PKL file found for mrk97_02: /home/dhuruva/projects/ctb-emuller/dhuruva/plastyfire/refitting_results/fitting/n100/seed19091997/L5TTPC_L5TTPC/simulations/181023-208822/5Hz_5ms/simulation_25b4122db3c5.pkl, submitting batch job
2025-09-09 17:10:16,044 - plastyfire.evaluator - INFO - Submitted job 49452675
2025-09-09 17:10:16,044 - plastyfire.evaluator - INFO - No existing PKL file found for mrk97_02: /home/dhuruva/projects/ctb-emuller/dhuruva/plastyfire/refitting_results/fitting/n100/seed19091997/L5TTPC_L5TTPC/simulations/181023-208822/5Hz_5ms/simulation_bde200e82982.pkl, submitting batch job
2025-09-09 17:10:16,046 - plastyfire.evaluator - INFO - Submitted job 49452676
2025-09-09 17:10:16,046 - plastyfire.evaluator - INFO - No existing PKL file found for mrk97_02: /home/dhuruva/projects/ctb-emuller/dhuruva/plastyfire/refitting_results/fitting/n100/seed19091997/L5TTPC_L5TTPC/simulations/182354-185997/5Hz_5ms/simulation_20333abf369f.pkl, submitting batch job
2025-09-09 17:10:16,048 - plastyfire.evaluator - INFO - Submitted job 49452677
2025-09-09 17:10:16,049 - plastyfire.evaluator - INFO - No existing PKL file found for mrk97_02: /home/dhuruva/projects/ctb-emuller/dhuruva/plastyfire/refitting_results/fitting/n100/seed19091997/L5TTPC_L5TTPC/simulations/198910-188914/5Hz_5ms/simulation_25b4122db3c5.pkl, submitting batch job
2025-09-09 17:10:16,294 - plastyfire.evaluator - INFO - Submitted job 49452678
2025-09-09 17:10:16,294 - plastyfire.evaluator - INFO - No existing PKL file found for mrk97_02: /home/dhuruva/projects/ctb-emuller/dhuruva/plastyfire/refitting_results/fitting/n100/seed19091997/L5TTPC_L5TTPC/simulations/198910-188914/5Hz_5ms/simulation_bde200e82982.pkl, submitting batch job
2025-09-09 17:10:16,296 - plastyfire.evaluator - INFO - Submitted job 49452679
2025-09-09 17:10:16,296 - plastyfire.evaluator - INFO - No existing PKL file found for mrk97_02: /home/dhuruva/projects/ctb-emuller/dhuruva/plastyfire/refitting_results/fitting/n100/seed19091997/L5TTPC_L5TTPC/simulations/189500-185042/5Hz_5ms/simulation_25b4122db3c5.pkl, submitting batch job
2025-09-09 17:10:16,299 - plastyfire.evaluator - INFO - Submitted job 49452680
2025-09-09 17:10:16,299 - plastyfire.evaluator - INFO - No existing PKL file found for mrk97_02: /home/dhuruva/projects/ctb-emuller/dhuruva/plastyfire/refitting_results/fitting/n100/seed19091997/L5TTPC_L5TTPC/simulations/203171-197644/5Hz_5ms/simulation_20333abf369f.pkl, submitting batch job
2025-09-09 17:10:16,481 - plastyfire.evaluator - INFO - Submitted job 49452681
2025-09-09 17:10:16,481 - plastyfire.evaluator - INFO - No existing PKL file found for mrk97_02: /home/dhuruva/projects/ctb-emuller/dhuruva/plastyfire/refitting_results/fitting/n100/seed19091997/L5TTPC_L5TTPC/simulations/189500-185042/5Hz_5ms/simulation_bde200e82982.pkl, submitting batch job
2025-09-09 17:10:16,483 - plastyfire.evaluator - INFO - Submitted job 49452682
2025-09-09 17:10:16,484 - plastyfire.evaluator - INFO - No existing PKL file found for mrk97_02: /home/dhuruva/projects/ctb-emuller/dhuruva/plastyfire/refitting_results/fitting/n100/seed19091997/L5TTPC_L5TTPC/simulations/184090-195582/5Hz_5ms/simulation_20333abf369f.pkl, submitting batch job
2025-09-09 17:10:16,489 - plastyfire.evaluator - INFO - Submitted job 49452683
2025-09-09 17:10:16,489 - plastyfire.evaluator - INFO - No existing PKL file found for mrk97_02: /home/dhuruva/projects/ctb-emuller/dhuruva/plastyfire/refitting_results/fitting/n100/seed19091997/L5TTPC_L5TTPC/simulations/184033-189853/5Hz_5ms/simulation_25b4122db3c5.pkl, submitting batch job
2025-09-09 17:10:16,678 - plastyfire.evaluator - INFO - Submitted job 49452684
2025-09-09 17:10:16,679 - plastyfire.evaluator - INFO - No existing PKL file found for mrk97_02: /home/dhuruva/projects/ctb-emuller/dhuruva/plastyfire/refitting_results/fitting/n100/seed19091997/L5TTPC_L5TTPC/simulations/182354-185997/5Hz_5ms/simulation_25b4122db3c5.pkl, submitting batch job
2025-09-09 17:10:16,681 - plastyfire.evaluator - INFO - Submitted job 49452685
2025-09-09 17:10:16,681 - plastyfire.evaluator - INFO - No existing PKL file found for mrk97_02: /home/dhuruva/projects/ctb-emuller/dhuruva/plastyfire/refitting_results/fitting/n100/seed19091997/L5TTPC_L5TTPC/simulations/184033-189853/5Hz_5ms/simulation_bde200e82982.pkl, submitting batch job
2025-09-09 17:10:16,683 - plastyfire.evaluator - INFO - Submitted job 49452686
2025-09-09 17:10:16,683 - plastyfire.evaluator - INFO - No existing PKL file found for mrk97_02: /home/dhuruva/projects/ctb-emuller/dhuruva/plastyfire/refitting_results/fitting/n100/seed19091997/L5TTPC_L5TTPC/simulations/182072-199843/5Hz_5ms/simulation_20333abf369f.pkl, submitting batch job
2025-09-09 17:10:16,867 - plastyfire.evaluator - INFO - Submitted job 49452687
2025-09-09 17:10:16,867 - plastyfire.evaluator - INFO - No existing PKL file found for mrk97_02: /home/dhuruva/projects/ctb-emuller/dhuruva/plastyfire/refitting_results/fitting/n100/seed19091997/L5TTPC_L5TTPC/simulations/203171-197644/5Hz_5ms/simulation_25b4122db3c5.pkl, submitting batch job
2025-09-09 17:10:16,869 - plastyfire.evaluator - INFO - Submitted job 49452688
2025-09-09 17:10:16,870 - plastyfire.evaluator - INFO - No existing PKL file found for mrk97_02: /home/dhuruva/projects/ctb-emuller/dhuruva/plastyfire/refitting_results/fitting/n100/seed19091997/L5TTPC_L5TTPC/simulations/182354-185997/5Hz_5ms/simulation_bde200e82982.pkl, submitting batch job
2025-09-09 17:10:16,872 - plastyfire.evaluator - INFO - Submitted job 49452689
2025-09-09 17:10:16,872 - plastyfire.evaluator - INFO - No existing PKL file found for mrk97_02: /home/dhuruva/projects/ctb-emuller/dhuruva/plastyfire/refitting_results/fitting/n100/seed19091997/L5TTPC_L5TTPC/simulations/201281-199420/5Hz_5ms/simulation_20333abf369f.pkl, submitting batch job
2025-09-09 17:10:17,101 - plastyfire.evaluator - INFO - Submitted job 49452690
2025-09-09 17:10:17,101 - plastyfire.evaluator - INFO - No existing PKL file found for mrk97_02: /home/dhuruva/projects/ctb-emuller/dhuruva/plastyfire/refitting_results/fitting/n100/seed19091997/L5TTPC_L5TTPC/simulations/184090-195582/5Hz_5ms/simulation_25b4122db3c5.pkl, submitting batch job
2025-09-09 17:10:17,105 - plastyfire.evaluator - INFO - Submitted job 49452691
2025-09-09 17:10:17,105 - plastyfire.evaluator - INFO - No existing PKL file found for mrk97_02: /home/dhuruva/projects/ctb-emuller/dhuruva/plastyfire/refitting_results/fitting/n100/seed19091997/L5TTPC_L5TTPC/simulations/203171-197644/5Hz_5ms/simulation_bde200e82982.pkl, submitting batch job
2025-09-09 17:10:17,108 - plastyfire.evaluator - INFO - Submitted job 49452692
2025-09-09 17:10:17,108 - plastyfire.evaluator - INFO - No existing PKL file found for mrk97_02: /home/dhuruva/projects/ctb-emuller/dhuruva/plastyfire/refitting_results/fitting/n100/seed19091997/L5TTPC_L5TTPC/simulations/209709-184968/5Hz_5ms/simulation_20333abf369f.pkl, submitting batch job
2025-09-09 17:10:17,312 - plastyfire.evaluator - INFO - Submitted job 49452693
2025-09-09 17:10:17,313 - plastyfire.evaluator - INFO - No existing PKL file found for mrk97_02: /home/dhuruva/projects/ctb-emuller/dhuruva/plastyfire/refitting_results/fitting/n100/seed19091997/L5TTPC_L5TTPC/simulations/184090-195582/5Hz_5ms/simulation_bde200e82982.pkl, submitting batch job
2025-09-09 17:10:17,321 - plastyfire.evaluator - INFO - Submitted job 49452694
2025-09-09 17:10:17,322 - plastyfire.evaluator - INFO - No existing PKL file found for mrk97_02: /home/dhuruva/projects/ctb-emuller/dhuruva/plastyfire/refitting_results/fitting/n100/seed19091997/L5TTPC_L5TTPC/simulations/186810-208210/5Hz_5ms/simulation_20333abf369f.pkl, submitting batch job
2025-09-09 17:10:18,032 - plastyfire.evaluator - INFO - Submitted job 49452697
2025-09-09 17:10:18,033 - plastyfire.evaluator - INFO - No existing PKL file found for mrk97_02: /home/dhuruva/projects/ctb-emuller/dhuruva/plastyfire/refitting_results/fitting/n100/seed19091997/L5TTPC_L5TTPC/simulations/182072-199843/5Hz_5ms/simulation_25b4122db3c5.pkl, submitting batch job
2025-09-09 17:10:18,038 - plastyfire.evaluator - INFO - Submitted job 49452698
2025-09-09 17:10:18,039 - plastyfire.evaluator - INFO - No existing PKL file found for mrk97_02: /home/dhuruva/projects/ctb-emuller/dhuruva/plastyfire/refitting_results/fitting/n100/seed19091997/L5TTPC_L5TTPC/simulations/182072-199843/5Hz_5ms/simulation_bde200e82982.pkl, submitting batch job
2025-09-09 17:10:18,055 - plastyfire.evaluator - INFO - Submitted job 49452699
2025-09-09 17:10:18,055 - plastyfire.evaluator - INFO - No existing PKL file found for mrk97_02: /home/dhuruva/projects/ctb-emuller/dhuruva/plastyfire/refitting_results/fitting/n100/seed19091997/L5TTPC_L5TTPC/simulations/199365-195486/5Hz_5ms/simulation_20333abf369f.pkl, submitting batch job
2025-09-09 17:10:18,265 - plastyfire.evaluator - INFO - Submitted job 49452700
2025-09-09 17:10:18,265 - plastyfire.evaluator - INFO - No existing PKL file found for mrk97_02: /home/dhuruva/projects/ctb-emuller/dhuruva/plastyfire/refitting_results/fitting/n100/seed19091997/L5TTPC_L5TTPC/simulations/201281-199420/5Hz_5ms/simulation_bde200e82982.pkl, submitting batch job
2025-09-09 17:10:18,267 - plastyfire.evaluator - INFO - Submitted job 49452701
2025-09-09 17:10:18,267 - plastyfire.evaluator - INFO - No existing PKL file found for mrk97_02: /home/dhuruva/projects/ctb-emuller/dhuruva/plastyfire/refitting_results/fitting/n100/seed19091997/L5TTPC_L5TTPC/simulations/185785-189513/5Hz_5ms/simulation_20333abf369f.pkl, submitting batch job
2025-09-09 17:10:18,270 - plastyfire.evaluator - INFO - Submitted job 49452702
2025-09-09 17:10:18,270 - plastyfire.evaluator - INFO - No existing PKL file found for mrk97_02: /home/dhuruva/projects/ctb-emuller/dhuruva/plastyfire/refitting_results/fitting/n100/seed19091997/L5TTPC_L5TTPC/simulations/201281-199420/5Hz_5ms/simulation_25b4122db3c5.pkl, submitting batch job
2025-09-09 17:10:18,493 - plastyfire.evaluator - INFO - Submitted job 49452703
2025-09-09 17:10:18,493 - plastyfire.evaluator - INFO - No existing PKL file found for mrk97_02: /home/dhuruva/projects/ctb-emuller/dhuruva/plastyfire/refitting_results/fitting/n100/seed19091997/L5TTPC_L5TTPC/simulations/209709-184968/5Hz_5ms/simulation_bde200e82982.pkl, submitting batch job
2025-09-09 17:10:18,495 - plastyfire.evaluator - INFO - Submitted job 49452704
2025-09-09 17:10:18,495 - plastyfire.evaluator - INFO - No existing PKL file found for mrk97_02: /home/dhuruva/projects/ctb-emuller/dhuruva/plastyfire/refitting_results/fitting/n100/seed19091997/L5TTPC_L5TTPC/simulations/209709-184968/5Hz_5ms/simulation_25b4122db3c5.pkl, submitting batch job
2025-09-09 17:10:18,497 - plastyfire.evaluator - INFO - Submitted job 49452705
2025-09-09 17:10:18,498 - plastyfire.evaluator - INFO - No existing PKL file found for mrk97_02: /home/dhuruva/projects/ctb-emuller/dhuruva/plastyfire/refitting_results/fitting/n100/seed19091997/L5TTPC_L5TTPC/simulations/203300-206195/5Hz_5ms/simulation_20333abf369f.pkl, submitting batch job
2025-09-09 17:10:18,691 - plastyfire.evaluator - INFO - Submitted job 49452706
2025-09-09 17:10:18,691 - plastyfire.evaluator - INFO - No existing PKL file found for mrk97_02: /home/dhuruva/projects/ctb-emuller/dhuruva/plastyfire/refitting_results/fitting/n100/seed19091997/L5TTPC_L5TTPC/simulations/186810-208210/5Hz_5ms/simulation_bde200e82982.pkl, submitting batch job
2025-09-09 17:10:18,692 - plastyfire.evaluator - INFO - Submitted job 49452707
2025-09-09 17:10:18,693 - plastyfire.evaluator - INFO - No existing PKL file found for mrk97_02: /home/dhuruva/projects/ctb-emuller/dhuruva/plastyfire/refitting_results/fitting/n100/seed19091997/L5TTPC_L5TTPC/simulations/186810-208210/5Hz_5ms/simulation_25b4122db3c5.pkl, submitting batch job
2025-09-09 17:10:18,695 - plastyfire.evaluator - INFO - Submitted job 49452708
2025-09-09 17:10:18,695 - plastyfire.evaluator - INFO - No existing PKL file found for mrk97_02: /home/dhuruva/projects/ctb-emuller/dhuruva/plastyfire/refitting_results/fitting/n100/seed19091997/L5TTPC_L5TTPC/simulations/205643-189193/5Hz_5ms/simulation_20333abf369f.pkl, submitting batch job
2025-09-09 17:10:18,887 - plastyfire.evaluator - INFO - Submitted job 49452709
2025-09-09 17:10:18,887 - plastyfire.evaluator - INFO - No existing PKL file found for mrk97_02: /home/dhuruva/projects/ctb-emuller/dhuruva/plastyfire/refitting_results/fitting/n100/seed19091997/L5TTPC_L5TTPC/simulations/199365-195486/5Hz_5ms/simulation_25b4122db3c5.pkl, submitting batch job
2025-09-09 17:10:18,889 - plastyfire.evaluator - INFO - Submitted job 49452710
2025-09-09 17:10:18,890 - plastyfire.evaluator - INFO - No existing PKL file found for mrk97_02: /home/dhuruva/projects/ctb-emuller/dhuruva/plastyfire/refitting_results/fitting/n100/seed19091997/L5TTPC_L5TTPC/simulations/199365-195486/5Hz_5ms/simulation_bde200e82982.pkl, submitting batch job
2025-09-09 17:10:18,891 - plastyfire.evaluator - INFO - Submitted job 49452711
2025-09-09 17:10:18,892 - plastyfire.evaluator - INFO - No existing PKL file found for mrk97_02: /home/dhuruva/projects/ctb-emuller/dhuruva/plastyfire/refitting_results/fitting/n100/seed19091997/L5TTPC_L5TTPC/simulations/191917-186517/5Hz_5ms/simulation_20333abf369f.pkl, submitting batch job
2025-09-09 17:10:19,187 - plastyfire.evaluator - INFO - Submitted job 49452712
2025-09-09 17:10:19,188 - plastyfire.evaluator - INFO - No existing PKL file found for mrk97_02: /home/dhuruva/projects/ctb-emuller/dhuruva/plastyfire/refitting_results/fitting/n100/seed19091997/L5TTPC_L5TTPC/simulations/185785-189513/5Hz_5ms/simulation_25b4122db3c5.pkl, submitting batch job
2025-09-09 17:10:19,197 - plastyfire.evaluator - INFO - Submitted job 49452713
2025-09-09 17:10:19,197 - plastyfire.evaluator - INFO - No existing PKL file found for mrk97_02: /home/dhuruva/projects/ctb-emuller/dhuruva/plastyfire/refitting_results/fitting/n100/seed19091997/L5TTPC_L5TTPC/simulations/185785-189513/5Hz_5ms/simulation_bde200e82982.pkl, submitting batch job
2025-09-09 17:10:19,199 - plastyfire.evaluator - INFO - Submitted job 49452714
2025-09-09 17:10:19,200 - plastyfire.evaluator - INFO - No existing PKL file found for mrk97_02: /home/dhuruva/projects/ctb-emuller/dhuruva/plastyfire/refitting_results/fitting/n100/seed19091997/L5TTPC_L5TTPC/simulations/205559-199162/5Hz_5ms/simulation_20333abf369f.pkl, submitting batch job
2025-09-09 17:10:19,397 - plastyfire.evaluator - INFO - Submitted job 49452715
2025-09-09 17:10:19,397 - plastyfire.evaluator - INFO - No existing PKL file found for mrk97_02: /home/dhuruva/projects/ctb-emuller/dhuruva/plastyfire/refitting_results/fitting/n100/seed19091997/L5TTPC_L5TTPC/simulations/203300-206195/5Hz_5ms/simulation_bde200e82982.pkl, submitting batch job
2025-09-09 17:10:19,399 - plastyfire.evaluator - INFO - Submitted job 49452716
2025-09-09 17:10:19,399 - plastyfire.evaluator - INFO - No existing PKL file found for mrk97_02: /home/dhuruva/projects/ctb-emuller/dhuruva/plastyfire/refitting_results/fitting/n100/seed19091997/L5TTPC_L5TTPC/simulations/203300-206195/5Hz_5ms/simulation_25b4122db3c5.pkl, submitting batch job
2025-09-09 17:10:19,401 - plastyfire.evaluator - INFO - Submitted job 49452717
2025-09-09 17:10:19,401 - plastyfire.evaluator - INFO - No existing PKL file found for mrk97_02: /home/dhuruva/projects/ctb-emuller/dhuruva/plastyfire/refitting_results/fitting/n100/seed19091997/L5TTPC_L5TTPC/simulations/189415-192019/5Hz_5ms/simulation_20333abf369f.pkl, submitting batch job
2025-09-09 17:10:19,567 - plastyfire.evaluator - INFO - Submitted job 49452718
2025-09-09 17:10:19,567 - plastyfire.evaluator - INFO - No existing PKL file found for mrk97_02: /home/dhuruva/projects/ctb-emuller/dhuruva/plastyfire/refitting_results/fitting/n100/seed19091997/L5TTPC_L5TTPC/simulations/205643-189193/5Hz_5ms/simulation_bde200e82982.pkl, submitting batch job
2025-09-09 17:10:19,569 - plastyfire.evaluator - INFO - Submitted job 49452719
2025-09-09 17:10:19,569 - plastyfire.evaluator - INFO - No existing PKL file found for mrk97_02: /home/dhuruva/projects/ctb-emuller/dhuruva/plastyfire/refitting_results/fitting/n100/seed19091997/L5TTPC_L5TTPC/simulations/192816-200992/5Hz_5ms/simulation_20333abf369f.pkl, submitting batch job
2025-09-09 17:10:19,571 - plastyfire.evaluator - INFO - Submitted job 49452720
2025-09-09 17:10:19,571 - plastyfire.evaluator - INFO - No existing PKL file found for mrk97_02: /home/dhuruva/projects/ctb-emuller/dhuruva/plastyfire/refitting_results/fitting/n100/seed19091997/L5TTPC_L5TTPC/simulations/205643-189193/5Hz_5ms/simulation_25b4122db3c5.pkl, submitting batch job
2025-09-09 17:10:19,772 - plastyfire.evaluator - INFO - Submitted job 49452721
2025-09-09 17:10:19,772 - plastyfire.evaluator - INFO - No existing PKL file found for mrk97_02: /home/dhuruva/projects/ctb-emuller/dhuruva/plastyfire/refitting_results/fitting/n100/seed19091997/L5TTPC_L5TTPC/simulations/191917-186517/5Hz_5ms/simulation_bde200e82982.pkl, submitting batch job
2025-09-09 17:10:19,774 - plastyfire.evaluator - INFO - Submitted job 49452722
2025-09-09 17:10:19,774 - plastyfire.evaluator - INFO - No existing PKL file found for mrk97_02: /home/dhuruva/projects/ctb-emuller/dhuruva/plastyfire/refitting_results/fitting/n100/seed19091997/L5TTPC_L5TTPC/simulations/191917-186517/5Hz_5ms/simulation_25b4122db3c5.pkl, submitting batch job
2025-09-09 17:10:19,779 - plastyfire.evaluator - INFO - Submitted job 49452723
2025-09-09 17:10:19,780 - plastyfire.evaluator - INFO - No existing PKL file found for mrk97_02: /home/dhuruva/projects/ctb-emuller/dhuruva/plastyfire/refitting_results/fitting/n100/seed19091997/L5TTPC_L5TTPC/simulations/191341-181892/5Hz_5ms/simulation_20333abf369f.pkl, submitting batch job
2025-09-09 17:10:19,957 - plastyfire.evaluator - INFO - Submitted job 49452724
2025-09-09 17:10:19,957 - plastyfire.evaluator - INFO - No existing PKL file found for mrk97_02: /home/dhuruva/projects/ctb-emuller/dhuruva/plastyfire/refitting_results/fitting/n100/seed19091997/L5TTPC_L5TTPC/simulations/205559-199162/5Hz_5ms/simulation_bde200e82982.pkl, submitting batch job
2025-09-09 17:10:19,960 - plastyfire.evaluator - INFO - Submitted job 49452725
2025-09-09 17:10:19,960 - plastyfire.evaluator - INFO - No existing PKL file found for mrk97_02: /home/dhuruva/projects/ctb-emuller/dhuruva/plastyfire/refitting_results/fitting/n100/seed19091997/L5TTPC_L5TTPC/simulations/205559-199162/5Hz_5ms/simulation_25b4122db3c5.pkl, submitting batch job
2025-09-09 17:10:19,961 - plastyfire.evaluator - INFO - Submitted job 49452726
2025-09-09 17:10:19,962 - plastyfire.evaluator - INFO - No existing PKL file found for mrk97_02: /home/dhuruva/projects/ctb-emuller/dhuruva/plastyfire/refitting_results/fitting/n100/seed19091997/L5TTPC_L5TTPC/simulations/206930-184305/5Hz_5ms/simulation_20333abf369f.pkl, submitting batch job
2025-09-09 17:10:20,147 - plastyfire.evaluator - INFO - Submitted job 49452727
2025-09-09 17:10:20,147 - plastyfire.evaluator - INFO - No existing PKL file found for mrk97_02: /home/dhuruva/projects/ctb-emuller/dhuruva/plastyfire/refitting_results/fitting/n100/seed19091997/L5TTPC_L5TTPC/simulations/189415-192019/5Hz_5ms/simulation_25b4122db3c5.pkl, submitting batch job
2025-09-09 17:10:20,148 - plastyfire.evaluator - INFO - Submitted job 49452728
2025-09-09 17:10:20,149 - plastyfire.evaluator - INFO - No existing PKL file found for mrk97_02: /home/dhuruva/projects/ctb-emuller/dhuruva/plastyfire/refitting_results/fitting/n100/seed19091997/L5TTPC_L5TTPC/simulations/199879-192945/5Hz_5ms/simulation_20333abf369f.pkl, submitting batch job
2025-09-09 17:10:20,151 - plastyfire.evaluator - INFO - Submitted job 49452729
2025-09-09 17:10:20,151 - plastyfire.evaluator - INFO - No existing PKL file found for mrk97_02: /home/dhuruva/projects/ctb-emuller/dhuruva/plastyfire/refitting_results/fitting/n100/seed19091997/L5TTPC_L5TTPC/simulations/189415-192019/5Hz_5ms/simulation_bde200e82982.pkl, submitting batch job
2025-09-09 17:10:20,330 - plastyfire.evaluator - INFO - Submitted job 49452730
2025-09-09 17:10:20,331 - plastyfire.evaluator - INFO - No existing PKL file found for mrk97_02: /home/dhuruva/projects/ctb-emuller/dhuruva/plastyfire/refitting_results/fitting/n100/seed19091997/L5TTPC_L5TTPC/simulations/193467-199529/5Hz_5ms/simulation_20333abf369f.pkl, submitting batch job
2025-09-09 17:10:20,332 - plastyfire.evaluator - INFO - Submitted job 49452731
2025-09-09 17:10:20,333 - plastyfire.evaluator - INFO - No existing PKL file found for mrk97_02: /home/dhuruva/projects/ctb-emuller/dhuruva/plastyfire/refitting_results/fitting/n100/seed19091997/L5TTPC_L5TTPC/simulations/192816-200992/5Hz_5ms/simulation_25b4122db3c5.pkl, submitting batch job
2025-09-09 17:10:20,334 - plastyfire.evaluator - INFO - Submitted job 49452732
2025-09-09 17:10:20,334 - plastyfire.evaluator - INFO - No existing PKL file found for mrk97_02: /home/dhuruva/projects/ctb-emuller/dhuruva/plastyfire/refitting_results/fitting/n100/seed19091997/L5TTPC_L5TTPC/simulations/192816-200992/5Hz_5ms/simulation_bde200e82982.pkl, submitting batch job
2025-09-09 17:10:20,534 - plastyfire.evaluator - INFO - Submitted job 49452733
2025-09-09 17:10:20,535 - plastyfire.evaluator - INFO - No existing PKL file found for mrk97_02: /home/dhuruva/projects/ctb-emuller/dhuruva/plastyfire/refitting_results/fitting/n100/seed19091997/L5TTPC_L5TTPC/simulations/191341-181892/5Hz_5ms/simulation_bde200e82982.pkl, submitting batch job
2025-09-09 17:10:20,536 - plastyfire.evaluator - INFO - Submitted job 49452734
2025-09-09 17:10:20,537 - plastyfire.evaluator - INFO - No existing PKL file found for mrk97_02: /home/dhuruva/projects/ctb-emuller/dhuruva/plastyfire/refitting_results/fitting/n100/seed19091997/L5TTPC_L5TTPC/simulations/190073-201891/5Hz_5ms/simulation_20333abf369f.pkl, submitting batch job
2025-09-09 17:10:20,539 - plastyfire.evaluator - INFO - Submitted job 49452735
2025-09-09 17:10:20,539 - plastyfire.evaluator - INFO - No existing PKL file found for mrk97_02: /home/dhuruva/projects/ctb-emuller/dhuruva/plastyfire/refitting_results/fitting/n100/seed19091997/L5TTPC_L5TTPC/simulations/191341-181892/5Hz_5ms/simulation_25b4122db3c5.pkl, submitting batch job
2025-09-09 17:10:20,750 - plastyfire.evaluator - INFO - Submitted job 49452736
2025-09-09 17:10:20,750 - plastyfire.evaluator - INFO - No existing PKL file found for mrk97_02: /home/dhuruva/projects/ctb-emuller/dhuruva/plastyfire/refitting_results/fitting/n100/seed19091997/L5TTPC_L5TTPC/simulations/209495-189342/5Hz_5ms/simulation_20333abf369f.pkl, submitting batch job
2025-09-09 17:10:20,752 - plastyfire.evaluator - INFO - Submitted job 49452737
2025-09-09 17:10:20,752 - plastyfire.evaluator - INFO - No existing PKL file found for mrk97_02: /home/dhuruva/projects/ctb-emuller/dhuruva/plastyfire/refitting_results/fitting/n100/seed19091997/L5TTPC_L5TTPC/simulations/206930-184305/5Hz_5ms/simulation_bde200e82982.pkl, submitting batch job
2025-09-09 17:10:21,404 - plastyfire.evaluator - INFO - Submitted job 49452738
2025-09-09 17:10:21,404 - plastyfire.evaluator - INFO - No existing PKL file found for mrk97_02: /home/dhuruva/projects/ctb-emuller/dhuruva/plastyfire/refitting_results/fitting/n100/seed19091997/L5TTPC_L5TTPC/simulations/206930-184305/5Hz_5ms/simulation_25b4122db3c5.pkl, submitting batch job
2025-09-09 17:10:21,410 - plastyfire.evaluator - INFO - Submitted job 49452739
2025-09-09 17:10:21,410 - plastyfire.evaluator - INFO - No existing PKL file found for mrk97_02: /home/dhuruva/projects/ctb-emuller/dhuruva/plastyfire/refitting_results/fitting/n100/seed19091997/L5TTPC_L5TTPC/simulations/194969-207559/5Hz_5ms/simulation_20333abf369f.pkl, submitting batch job
2025-09-09 17:10:21,412 - plastyfire.evaluator - INFO - Submitted job 49452740
2025-09-09 17:10:21,412 - plastyfire.evaluator - INFO - No existing PKL file found for mrk97_02: /home/dhuruva/projects/ctb-emuller/dhuruva/plastyfire/refitting_results/fitting/n100/seed19091997/L5TTPC_L5TTPC/simulations/199879-192945/5Hz_5ms/simulation_bde200e82982.pkl, submitting batch job
2025-09-09 17:10:21,603 - plastyfire.evaluator - INFO - Submitted job 49452741
2025-09-09 17:10:21,604 - plastyfire.evaluator - INFO - No existing PKL file found for mrk97_02: /home/dhuruva/projects/ctb-emuller/dhuruva/plastyfire/refitting_results/fitting/n100/seed19091997/L5TTPC_L5TTPC/simulations/193467-199529/5Hz_5ms/simulation_bde200e82982.pkl, submitting batch job
2025-09-09 17:10:21,606 - plastyfire.evaluator - INFO - Submitted job 49452742
2025-09-09 17:10:21,607 - plastyfire.evaluator - INFO - No existing PKL file found for mrk97_02: /home/dhuruva/projects/ctb-emuller/dhuruva/plastyfire/refitting_results/fitting/n100/seed19091997/L5TTPC_L5TTPC/simulations/190353-181954/5Hz_5ms/simulation_20333abf369f.pkl, submitting batch job
2025-09-09 17:10:21,610 - plastyfire.evaluator - INFO - Submitted job 49452743
2025-09-09 17:10:21,610 - plastyfire.evaluator - INFO - No existing PKL file found for mrk97_02: /home/dhuruva/projects/ctb-emuller/dhuruva/plastyfire/refitting_results/fitting/n100/seed19091997/L5TTPC_L5TTPC/simulations/199879-192945/5Hz_5ms/simulation_25b4122db3c5.pkl, submitting batch job
2025-09-09 17:10:21,802 - plastyfire.evaluator - INFO - Submitted job 49452744
2025-09-09 17:10:21,803 - plastyfire.evaluator - INFO - No existing PKL file found for mrk97_02: /home/dhuruva/projects/ctb-emuller/dhuruva/plastyfire/refitting_results/fitting/n100/seed19091997/L5TTPC_L5TTPC/simulations/190073-201891/5Hz_5ms/simulation_bde200e82982.pkl, submitting batch job
2025-09-09 17:10:21,804 - plastyfire.evaluator - INFO - Submitted job 49452745
2025-09-09 17:10:21,805 - plastyfire.evaluator - INFO - No existing PKL file found for mrk97_02: /home/dhuruva/projects/ctb-emuller/dhuruva/plastyfire/refitting_results/fitting/n100/seed19091997/L5TTPC_L5TTPC/simulations/185875-206473/5Hz_5ms/simulation_20333abf369f.pkl, submitting batch job
2025-09-09 17:10:21,806 - plastyfire.evaluator - INFO - Submitted job 49452746
2025-09-09 17:10:21,807 - plastyfire.evaluator - INFO - No existing PKL file found for mrk97_02: /home/dhuruva/projects/ctb-emuller/dhuruva/plastyfire/refitting_results/fitting/n100/seed19091997/L5TTPC_L5TTPC/simulations/193467-199529/5Hz_5ms/simulation_25b4122db3c5.pkl, submitting batch job
2025-09-09 17:10:22,017 - plastyfire.evaluator - INFO - Submitted job 49452747
2025-09-09 17:10:22,017 - plastyfire.evaluator - INFO - No existing PKL file found for mrk97_02: /home/dhuruva/projects/ctb-emuller/dhuruva/plastyfire/refitting_results/fitting/n100/seed19091997/L5TTPC_L5TTPC/simulations/190073-201891/5Hz_5ms/simulation_25b4122db3c5.pkl, submitting batch job
2025-09-09 17:10:22,019 - plastyfire.evaluator - INFO - Submitted job 49452748
2025-09-09 17:10:22,019 - plastyfire.evaluator - INFO - No existing PKL file found for mrk97_02: /home/dhuruva/projects/ctb-emuller/dhuruva/plastyfire/refitting_results/fitting/n100/seed19091997/L5TTPC_L5TTPC/simulations/209495-189342/5Hz_5ms/simulation_bde200e82982.pkl, submitting batch job
2025-09-09 17:10:22,021 - plastyfire.evaluator - INFO - Submitted job 49452749
2025-09-09 17:10:22,021 - plastyfire.evaluator - INFO - No existing PKL file found for mrk97_02: /home/dhuruva/projects/ctb-emuller/dhuruva/plastyfire/refitting_results/fitting/n100/seed19091997/L5TTPC_L5TTPC/simulations/196748-180959/5Hz_5ms/simulation_20333abf369f.pkl, submitting batch job
2025-09-09 17:10:22,206 - plastyfire.evaluator - INFO - Submitted job 49452750
2025-09-09 17:10:22,206 - plastyfire.evaluator - INFO - No existing PKL file found for mrk97_02: /home/dhuruva/projects/ctb-emuller/dhuruva/plastyfire/refitting_results/fitting/n100/seed19091997/L5TTPC_L5TTPC/simulations/194969-207559/5Hz_5ms/simulation_bde200e82982.pkl, submitting batch job
2025-09-09 17:10:22,208 - plastyfire.evaluator - INFO - Submitted job 49452751
2025-09-09 17:10:22,208 - plastyfire.evaluator - INFO - No existing PKL file found for mrk97_02: /home/dhuruva/projects/ctb-emuller/dhuruva/plastyfire/refitting_results/fitting/n100/seed19091997/L5TTPC_L5TTPC/simulations/209495-189342/5Hz_5ms/simulation_25b4122db3c5.pkl, submitting batch job
2025-09-09 17:10:22,210 - plastyfire.evaluator - INFO - Submitted job 49452752
2025-09-09 17:10:22,210 - plastyfire.evaluator - INFO - No existing PKL file found for mrk97_02: /home/dhuruva/projects/ctb-emuller/dhuruva/plastyfire/refitting_results/fitting/n100/seed19091997/L5TTPC_L5TTPC/simulations/204883-200512/5Hz_5ms/simulation_20333abf369f.pkl, submitting batch job
2025-09-09 17:10:22,384 - plastyfire.evaluator - INFO - Submitted job 49452753
2025-09-09 17:10:22,385 - plastyfire.evaluator - INFO - No existing PKL file found for mrk97_02: /home/dhuruva/projects/ctb-emuller/dhuruva/plastyfire/refitting_results/fitting/n100/seed19091997/L5TTPC_L5TTPC/simulations/190353-181954/5Hz_5ms/simulation_bde200e82982.pkl, submitting batch job
2025-09-09 17:10:22,386 - plastyfire.evaluator - INFO - Submitted job 49452754
2025-09-09 17:10:22,386 - plastyfire.evaluator - INFO - No existing PKL file found for mrk97_02: /home/dhuruva/projects/ctb-emuller/dhuruva/plastyfire/refitting_results/fitting/n100/seed19091997/L5TTPC_L5TTPC/simulations/189027-190257/5Hz_5ms/simulation_20333abf369f.pkl, submitting batch job
2025-09-09 17:10:22,388 - plastyfire.evaluator - INFO - Submitted job 49452755
2025-09-09 17:10:22,388 - plastyfire.evaluator - INFO - No existing PKL file found for mrk97_02: /home/dhuruva/projects/ctb-emuller/dhuruva/plastyfire/refitting_results/fitting/n100/seed19091997/L5TTPC_L5TTPC/simulations/194969-207559/5Hz_5ms/simulation_25b4122db3c5.pkl, submitting batch job
2025-09-09 17:10:22,552 - plastyfire.evaluator - INFO - Submitted job 49452756
2025-09-09 17:10:22,553 - plastyfire.evaluator - INFO - No existing PKL file found for mrk97_02: /home/dhuruva/projects/ctb-emuller/dhuruva/plastyfire/refitting_results/fitting/n100/seed19091997/L5TTPC_L5TTPC/simulations/185875-206473/5Hz_5ms/simulation_bde200e82982.pkl, submitting batch job
2025-09-09 17:10:22,555 - plastyfire.evaluator - INFO - Submitted job 49452757
2025-09-09 17:10:22,555 - plastyfire.evaluator - INFO - No existing PKL file found for mrk97_02: /home/dhuruva/projects/ctb-emuller/dhuruva/plastyfire/refitting_results/fitting/n100/seed19091997/L5TTPC_L5TTPC/simulations/195214-208946/5Hz_5ms/simulation_20333abf369f.pkl, submitting batch job
2025-09-09 17:10:22,557 - plastyfire.evaluator - INFO - Submitted job 49452758
2025-09-09 17:10:22,557 - plastyfire.evaluator - INFO - No existing PKL file found for mrk97_02: /home/dhuruva/projects/ctb-emuller/dhuruva/plastyfire/refitting_results/fitting/n100/seed19091997/L5TTPC_L5TTPC/simulations/190353-181954/5Hz_5ms/simulation_25b4122db3c5.pkl, submitting batch job
2025-09-09 17:10:22,751 - plastyfire.evaluator - INFO - Submitted job 49452759
2025-09-09 17:10:22,752 - plastyfire.evaluator - INFO - No existing PKL file found for mrk97_02: /home/dhuruva/projects/ctb-emuller/dhuruva/plastyfire/refitting_results/fitting/n100/seed19091997/L5TTPC_L5TTPC/simulations/182581-208651/5Hz_5ms/simulation_20333abf369f.pkl, submitting batch job
2025-09-09 17:10:22,753 - plastyfire.evaluator - INFO - Submitted job 49452760
2025-09-09 17:10:22,754 - plastyfire.evaluator - INFO - No existing PKL file found for mrk97_02: /home/dhuruva/projects/ctb-emuller/dhuruva/plastyfire/refitting_results/fitting/n100/seed19091997/L5TTPC_L5TTPC/simulations/185875-206473/5Hz_5ms/simulation_25b4122db3c5.pkl, submitting batch job
2025-09-09 17:10:22,756 - plastyfire.evaluator - INFO - Submitted job 49452761
2025-09-09 17:10:22,756 - plastyfire.evaluator - INFO - No existing PKL file found for mrk97_02: /home/dhuruva/projects/ctb-emuller/dhuruva/plastyfire/refitting_results/fitting/n100/seed19091997/L5TTPC_L5TTPC/simulations/196748-180959/5Hz_5ms/simulation_bde200e82982.pkl, submitting batch job
2025-09-09 17:10:22,939 - plastyfire.evaluator - INFO - Submitted job 49452762
2025-09-09 17:10:22,939 - plastyfire.evaluator - INFO - No existing PKL file found for mrk97_02: /home/dhuruva/projects/ctb-emuller/dhuruva/plastyfire/refitting_results/fitting/n100/seed19091997/L5TTPC_L5TTPC/simulations/196748-180959/5Hz_5ms/simulation_25b4122db3c5.pkl, submitting batch job
2025-09-09 17:10:22,940 - plastyfire.evaluator - INFO - Submitted job 49452763
2025-09-09 17:10:22,941 - plastyfire.evaluator - INFO - No existing PKL file found for mrk97_02: /home/dhuruva/projects/ctb-emuller/dhuruva/plastyfire/refitting_results/fitting/n100/seed19091997/L5TTPC_L5TTPC/simulations/204194-205064/5Hz_5ms/simulation_20333abf369f.pkl, submitting batch job
2025-09-09 17:10:22,942 - plastyfire.evaluator - INFO - Submitted job 49452764
2025-09-09 17:10:22,943 - plastyfire.evaluator - INFO - No existing PKL file found for mrk97_02: /home/dhuruva/projects/ctb-emuller/dhuruva/plastyfire/refitting_results/fitting/n100/seed19091997/L5TTPC_L5TTPC/simulations/204883-200512/5Hz_5ms/simulation_bde200e82982.pkl, submitting batch job
2025-09-09 17:10:23,126 - plastyfire.evaluator - INFO - Submitted job 49452765
2025-09-09 17:10:23,127 - plastyfire.evaluator - INFO - No existing PKL file found for mrk97_02: /home/dhuruva/projects/ctb-emuller/dhuruva/plastyfire/refitting_results/fitting/n100/seed19091997/L5TTPC_L5TTPC/simulations/204883-200512/5Hz_5ms/simulation_25b4122db3c5.pkl, submitting batch job
2025-09-09 17:10:23,128 - plastyfire.evaluator - INFO - Submitted job 49452766
2025-09-09 17:10:23,128 - plastyfire.evaluator - INFO - No existing PKL file found for mrk97_02: /home/dhuruva/projects/ctb-emuller/dhuruva/plastyfire/refitting_results/fitting/n100/seed19091997/L5TTPC_L5TTPC/simulations/180834-205125/5Hz_5ms/simulation_20333abf369f.pkl, submitting batch job
2025-09-09 17:10:23,130 - plastyfire.evaluator - INFO - Submitted job 49452767
2025-09-09 17:10:23,130 - plastyfire.evaluator - INFO - No existing PKL file found for mrk97_02: /home/dhuruva/projects/ctb-emuller/dhuruva/plastyfire/refitting_results/fitting/n100/seed19091997/L5TTPC_L5TTPC/simulations/189027-190257/5Hz_5ms/simulation_bde200e82982.pkl, submitting batch job
2025-09-09 17:10:23,327 - plastyfire.evaluator - INFO - Submitted job 49452768
2025-09-09 17:10:23,327 - plastyfire.evaluator - INFO - No existing PKL file found for mrk97_02: /home/dhuruva/projects/ctb-emuller/dhuruva/plastyfire/refitting_results/fitting/n100/seed19091997/L5TTPC_L5TTPC/simulations/189027-190257/5Hz_5ms/simulation_25b4122db3c5.pkl, submitting batch job
2025-09-09 17:10:23,329 - plastyfire.evaluator - INFO - Submitted job 49452769
2025-09-09 17:10:23,329 - plastyfire.evaluator - INFO - No existing PKL file found for mrk97_02: /home/dhuruva/projects/ctb-emuller/dhuruva/plastyfire/refitting_results/fitting/n100/seed19091997/L5TTPC_L5TTPC/simulations/182967-198780/5Hz_5ms/simulation_20333abf369f.pkl, submitting batch job
2025-09-09 17:10:23,332 - plastyfire.evaluator - INFO - Submitted job 49452770
2025-09-09 17:10:23,332 - plastyfire.evaluator - INFO - No existing PKL file found for mrk97_02: /home/dhuruva/projects/ctb-emuller/dhuruva/plastyfire/refitting_results/fitting/n100/seed19091997/L5TTPC_L5TTPC/simulations/195214-208946/5Hz_5ms/simulation_bde200e82982.pkl, submitting batch job
2025-09-09 17:10:23,491 - plastyfire.evaluator - INFO - Submitted job 49452771
2025-09-09 17:10:23,492 - plastyfire.evaluator - INFO - No existing PKL file found for mrk97_02: /home/dhuruva/projects/ctb-emuller/dhuruva/plastyfire/refitting_results/fitting/n100/seed19091997/L5TTPC_L5TTPC/simulations/195214-208946/5Hz_5ms/simulation_25b4122db3c5.pkl, submitting batch job
2025-09-09 17:10:23,493 - plastyfire.evaluator - INFO - Submitted job 49452772
2025-09-09 17:10:23,493 - plastyfire.evaluator - INFO - No existing PKL file found for mrk97_02: /home/dhuruva/projects/ctb-emuller/dhuruva/plastyfire/refitting_results/fitting/n100/seed19091997/L5TTPC_L5TTPC/simulations/180723-207048/5Hz_5ms/simulation_20333abf369f.pkl, submitting batch job
2025-09-09 17:10:23,495 - plastyfire.evaluator - INFO - Submitted job 49452773
2025-09-09 17:10:23,495 - plastyfire.evaluator - INFO - No existing PKL file found for mrk97_02: /home/dhuruva/projects/ctb-emuller/dhuruva/plastyfire/refitting_results/fitting/n100/seed19091997/L5TTPC_L5TTPC/simulations/182581-208651/5Hz_5ms/simulation_bde200e82982.pkl, submitting batch job
2025-09-09 17:10:23,682 - plastyfire.evaluator - INFO - Submitted job 49452774
2025-09-09 17:10:23,683 - plastyfire.evaluator - INFO - No existing PKL file found for mrk97_02: /home/dhuruva/projects/ctb-emuller/dhuruva/plastyfire/refitting_results/fitting/n100/seed19091997/L5TTPC_L5TTPC/simulations/202571-195398/5Hz_5ms/simulation_20333abf369f.pkl, submitting batch job
2025-09-09 17:10:23,684 - plastyfire.evaluator - INFO - Submitted job 49452775
2025-09-09 17:10:23,684 - plastyfire.evaluator - INFO - No existing PKL file found for mrk97_02: /home/dhuruva/projects/ctb-emuller/dhuruva/plastyfire/refitting_results/fitting/n100/seed19091997/L5TTPC_L5TTPC/simulations/204194-205064/5Hz_5ms/simulation_bde200e82982.pkl, submitting batch job
2025-09-09 17:10:23,686 - plastyfire.evaluator - INFO - Submitted job 49452776
2025-09-09 17:10:23,686 - plastyfire.evaluator - INFO - No existing PKL file found for mrk97_02: /home/dhuruva/projects/ctb-emuller/dhuruva/plastyfire/refitting_results/fitting/n100/seed19091997/L5TTPC_L5TTPC/simulations/182581-208651/5Hz_5ms/simulation_25b4122db3c5.pkl, submitting batch job
2025-09-09 17:10:23,860 - plastyfire.evaluator - INFO - Submitted job 49452777
2025-09-09 17:10:23,860 - plastyfire.evaluator - INFO - No existing PKL file found for mrk97_02: /home/dhuruva/projects/ctb-emuller/dhuruva/plastyfire/refitting_results/fitting/n100/seed19091997/L5TTPC_L5TTPC/simulations/181588-206273/5Hz_5ms/simulation_20333abf369f.pkl, submitting batch job
2025-09-09 17:10:24,521 - plastyfire.evaluator - INFO - Submitted job 49452778
2025-09-09 17:10:24,521 - plastyfire.evaluator - INFO - No existing PKL file found for mrk97_02: /home/dhuruva/projects/ctb-emuller/dhuruva/plastyfire/refitting_results/fitting/n100/seed19091997/L5TTPC_L5TTPC/simulations/180834-205125/5Hz_5ms/simulation_bde200e82982.pkl, submitting batch job
2025-09-09 17:10:24,526 - plastyfire.evaluator - INFO - Submitted job 49452780
2025-09-09 17:10:24,526 - plastyfire.evaluator - INFO - No existing PKL file found for mrk97_02: /home/dhuruva/projects/ctb-emuller/dhuruva/plastyfire/refitting_results/fitting/n100/seed19091997/L5TTPC_L5TTPC/simulations/204194-205064/5Hz_5ms/simulation_25b4122db3c5.pkl, submitting batch job
2025-09-09 17:10:24,528 - plastyfire.evaluator - INFO - Submitted job 49452781
2025-09-09 17:10:24,528 - plastyfire.evaluator - INFO - No existing PKL file found for mrk97_02: /home/dhuruva/projects/ctb-emuller/dhuruva/plastyfire/refitting_results/fitting/n100/seed19091997/L5TTPC_L5TTPC/simulations/180329-189548/5Hz_5ms/simulation_20333abf369f.pkl, submitting batch job
2025-09-09 17:10:24,723 - plastyfire.evaluator - INFO - Submitted job 49452782
2025-09-09 17:10:24,723 - plastyfire.evaluator - INFO - No existing PKL file found for mrk97_02: /home/dhuruva/projects/ctb-emuller/dhuruva/plastyfire/refitting_results/fitting/n100/seed19091997/L5TTPC_L5TTPC/simulations/205327-192314/5Hz_5ms/simulation_20333abf369f.pkl, submitting batch job
2025-09-09 17:10:24,724 - plastyfire.evaluator - INFO - Submitted job 49452783
2025-09-09 17:10:24,725 - plastyfire.evaluator - INFO - No existing PKL file found for mrk97_02: /home/dhuruva/projects/ctb-emuller/dhuruva/plastyfire/refitting_results/fitting/n100/seed19091997/L5TTPC_L5TTPC/simulations/182967-198780/5Hz_5ms/simulation_bde200e82982.pkl, submitting batch job
2025-09-09 17:10:24,726 - plastyfire.evaluator - INFO - Submitted job 49452784
2025-09-09 17:10:24,727 - plastyfire.evaluator - INFO - No existing PKL file found for mrk97_02: /home/dhuruva/projects/ctb-emuller/dhuruva/plastyfire/refitting_results/fitting/n100/seed19091997/L5TTPC_L5TTPC/simulations/180834-205125/5Hz_5ms/simulation_25b4122db3c5.pkl, submitting batch job
2025-09-09 17:10:24,899 - plastyfire.evaluator - INFO - Submitted job 49452785
2025-09-09 17:10:24,900 - plastyfire.evaluator - INFO - No existing PKL file found for mrk97_02: /home/dhuruva/projects/ctb-emuller/dhuruva/plastyfire/refitting_results/fitting/n100/seed19091997/L5TTPC_L5TTPC/simulations/180723-207048/5Hz_5ms/simulation_bde200e82982.pkl, submitting batch job
2025-09-09 17:10:24,901 - plastyfire.evaluator - INFO - Submitted job 49452786
2025-09-09 17:10:24,902 - plastyfire.evaluator - INFO - No existing PKL file found for mrk97_02: /home/dhuruva/projects/ctb-emuller/dhuruva/plastyfire/refitting_results/fitting/n100/seed19091997/L5TTPC_L5TTPC/simulations/182967-198780/5Hz_5ms/simulation_25b4122db3c5.pkl, submitting batch job
2025-09-09 17:10:24,903 - plastyfire.evaluator - INFO - Submitted job 49452787
2025-09-09 17:10:24,903 - plastyfire.evaluator - INFO - No existing PKL file found for mrk97_02: /home/dhuruva/projects/ctb-emuller/dhuruva/plastyfire/refitting_results/fitting/n100/seed19091997/L5TTPC_L5TTPC/simulations/180687-187024/5Hz_5ms/simulation_20333abf369f.pkl, submitting batch job
2025-09-09 17:10:25,083 - plastyfire.evaluator - INFO - Submitted job 49452788
2025-09-09 17:10:25,083 - plastyfire.evaluator - INFO - No existing PKL file found for mrk97_02: /home/dhuruva/projects/ctb-emuller/dhuruva/plastyfire/refitting_results/fitting/n100/seed19091997/L5TTPC_L5TTPC/simulations/208976-188476/5Hz_5ms/simulation_20333abf369f.pkl, submitting batch job
2025-09-09 17:10:25,085 - plastyfire.evaluator - INFO - Submitted job 49452789
2025-09-09 17:10:25,085 - plastyfire.evaluator - INFO - No existing PKL file found for mrk97_02: /home/dhuruva/projects/ctb-emuller/dhuruva/plastyfire/refitting_results/fitting/n100/seed19091997/L5TTPC_L5TTPC/simulations/202571-195398/5Hz_5ms/simulation_bde200e82982.pkl, submitting batch job
2025-09-09 17:10:25,087 - plastyfire.evaluator - INFO - Submitted job 49452790
2025-09-09 17:10:25,087 - plastyfire.evaluator - INFO - No existing PKL file found for mrk97_02: /home/dhuruva/projects/ctb-emuller/dhuruva/plastyfire/refitting_results/fitting/n100/seed19091997/L5TTPC_L5TTPC/simulations/180723-207048/5Hz_5ms/simulation_25b4122db3c5.pkl, submitting batch job
2025-09-09 17:10:25,334 - plastyfire.evaluator - INFO - Submitted job 49452791
2025-09-09 17:10:25,335 - plastyfire.evaluator - INFO - No existing PKL file found for mrk97_02: /home/dhuruva/projects/ctb-emuller/dhuruva/plastyfire/refitting_results/fitting/n100/seed19091997/L5TTPC_L5TTPC/simulations/207475-192618/5Hz_5ms/simulation_20333abf369f.pkl, submitting batch job
2025-09-09 17:10:25,338 - plastyfire.evaluator - INFO - Submitted job 49452793
2025-09-09 17:10:25,338 - plastyfire.evaluator - INFO - No existing PKL file found for mrk97_02: /home/dhuruva/projects/ctb-emuller/dhuruva/plastyfire/refitting_results/fitting/n100/seed19091997/L5TTPC_L5TTPC/simulations/202571-195398/5Hz_5ms/simulation_25b4122db3c5.pkl, submitting batch job
2025-09-09 17:10:25,340 - plastyfire.evaluator - INFO - Submitted job 49452794
2025-09-09 17:10:25,340 - plastyfire.evaluator - INFO - No existing PKL file found for mrk97_02: /home/dhuruva/projects/ctb-emuller/dhuruva/plastyfire/refitting_results/fitting/n100/seed19091997/L5TTPC_L5TTPC/simulations/181588-206273/5Hz_5ms/simulation_bde200e82982.pkl, submitting batch job
2025-09-09 17:10:25,524 - plastyfire.evaluator - INFO - Submitted job 49452795
2025-09-09 17:10:25,524 - plastyfire.evaluator - INFO - No existing PKL file found for mrk97_02: /home/dhuruva/projects/ctb-emuller/dhuruva/plastyfire/refitting_results/fitting/n100/seed19091997/L5TTPC_L5TTPC/simulations/208093-203811/5Hz_5ms/simulation_20333abf369f.pkl, submitting batch job
2025-09-09 17:10:25,527 - plastyfire.evaluator - INFO - Submitted job 49452796
2025-09-09 17:10:25,527 - plastyfire.evaluator - INFO - No existing PKL file found for mrk97_02: /home/dhuruva/projects/ctb-emuller/dhuruva/plastyfire/refitting_results/fitting/n100/seed19091997/L5TTPC_L5TTPC/simulations/181588-206273/5Hz_5ms/simulation_25b4122db3c5.pkl, submitting batch job
2025-09-09 17:10:25,529 - plastyfire.evaluator - INFO - Submitted job 49452797
2025-09-09 17:10:25,529 - plastyfire.evaluator - INFO - No existing PKL file found for mrk97_02: /home/dhuruva/projects/ctb-emuller/dhuruva/plastyfire/refitting_results/fitting/n100/seed19091997/L5TTPC_L5TTPC/simulations/180329-189548/5Hz_5ms/simulation_bde200e82982.pkl, submitting batch job
2025-09-09 17:10:25,708 - plastyfire.evaluator - INFO - Submitted job 49452798
2025-09-09 17:10:25,708 - plastyfire.evaluator - INFO - No existing PKL file found for mrk97_02: /home/dhuruva/projects/ctb-emuller/dhuruva/plastyfire/refitting_results/fitting/n100/seed19091997/L5TTPC_L5TTPC/simulations/196654-200262/5Hz_5ms/simulation_20333abf369f.pkl, submitting batch job
2025-09-09 17:10:25,710 - plastyfire.evaluator - INFO - Submitted job 49452799
2025-09-09 17:10:25,710 - plastyfire.evaluator - INFO - No existing PKL file found for mrk97_02: /home/dhuruva/projects/ctb-emuller/dhuruva/plastyfire/refitting_results/fitting/n100/seed19091997/L5TTPC_L5TTPC/simulations/180329-189548/5Hz_5ms/simulation_25b4122db3c5.pkl, submitting batch job
2025-09-09 17:10:25,713 - plastyfire.evaluator - INFO - Submitted job 49452800
2025-09-09 17:10:25,713 - plastyfire.evaluator - INFO - No existing PKL file found for mrk97_02: /home/dhuruva/projects/ctb-emuller/dhuruva/plastyfire/refitting_results/fitting/n100/seed19091997/L5TTPC_L5TTPC/simulations/205327-192314/5Hz_5ms/simulation_bde200e82982.pkl, submitting batch job
2025-09-09 17:10:25,883 - plastyfire.evaluator - INFO - Submitted job 49452801
2025-09-09 17:10:25,883 - plastyfire.evaluator - INFO - No existing PKL file found for mrk97_02: /home/dhuruva/projects/ctb-emuller/dhuruva/plastyfire/refitting_results/fitting/n100/seed19091997/L5TTPC_L5TTPC/simulations/205327-192314/5Hz_5ms/simulation_25b4122db3c5.pkl, submitting batch job
2025-09-09 17:10:25,885 - plastyfire.evaluator - INFO - Submitted job 49452802
2025-09-09 17:10:25,885 - plastyfire.evaluator - INFO - No existing PKL file found for mrk97_02: /home/dhuruva/projects/ctb-emuller/dhuruva/plastyfire/refitting_results/fitting/n100/seed19091997/L5TTPC_L5TTPC/simulations/203919-187736/5Hz_5ms/simulation_20333abf369f.pkl, submitting batch job
2025-09-09 17:10:25,887 - plastyfire.evaluator - INFO - Submitted job 49452803
2025-09-09 17:10:25,887 - plastyfire.evaluator - INFO - No existing PKL file found for mrk97_02: /home/dhuruva/projects/ctb-emuller/dhuruva/plastyfire/refitting_results/fitting/n100/seed19091997/L5TTPC_L5TTPC/simulations/180687-187024/5Hz_5ms/simulation_bde200e82982.pkl, submitting batch job
2025-09-09 17:10:26,048 - plastyfire.evaluator - INFO - Submitted job 49452804
2025-09-09 17:10:26,048 - plastyfire.evaluator - INFO - No existing PKL file found for mrk97_02: /home/dhuruva/projects/ctb-emuller/dhuruva/plastyfire/refitting_results/fitting/n100/seed19091997/L5TTPC_L5TTPC/simulations/180687-187024/5Hz_5ms/simulation_25b4122db3c5.pkl, submitting batch job
2025-09-09 17:10:26,050 - plastyfire.evaluator - INFO - Submitted job 49452805
2025-09-09 17:10:26,050 - plastyfire.evaluator - INFO - No existing PKL file found for mrk97_02: /home/dhuruva/projects/ctb-emuller/dhuruva/plastyfire/refitting_results/fitting/n100/seed19091997/L5TTPC_L5TTPC/simulations/208976-188476/5Hz_5ms/simulation_bde200e82982.pkl, submitting batch job
2025-09-09 17:10:26,052 - plastyfire.evaluator - INFO - Submitted job 49452806
2025-09-09 17:10:26,052 - plastyfire.evaluator - INFO - No existing PKL file found for mrk97_02: /home/dhuruva/projects/ctb-emuller/dhuruva/plastyfire/refitting_results/fitting/n100/seed19091997/L5TTPC_L5TTPC/simulations/207836-184831/5Hz_5ms/simulation_20333abf369f.pkl, submitting batch job
2025-09-09 17:10:26,236 - plastyfire.evaluator - INFO - Submitted job 49452807
2025-09-09 17:10:26,237 - plastyfire.evaluator - INFO - No existing PKL file found for mrk97_02: /home/dhuruva/projects/ctb-emuller/dhuruva/plastyfire/refitting_results/fitting/n100/seed19091997/L5TTPC_L5TTPC/simulations/208976-188476/5Hz_5ms/simulation_25b4122db3c5.pkl, submitting batch job
2025-09-09 17:10:26,238 - plastyfire.evaluator - INFO - Submitted job 49452808
2025-09-09 17:10:26,238 - plastyfire.evaluator - INFO - No existing PKL file found for mrk97_02: /home/dhuruva/projects/ctb-emuller/dhuruva/plastyfire/refitting_results/fitting/n100/seed19091997/L5TTPC_L5TTPC/simulations/184709-196154/5Hz_5ms/simulation_20333abf369f.pkl, submitting batch job
2025-09-09 17:10:26,240 - plastyfire.evaluator - INFO - Submitted job 49452809
2025-09-09 17:10:26,240 - plastyfire.evaluator - INFO - No existing PKL file found for mrk97_02: /home/dhuruva/projects/ctb-emuller/dhuruva/plastyfire/refitting_results/fitting/n100/seed19091997/L5TTPC_L5TTPC/simulations/207475-192618/5Hz_5ms/simulation_bde200e82982.pkl, submitting batch job
2025-09-09 17:10:26,416 - plastyfire.evaluator - INFO - Submitted job 49452810
2025-09-09 17:10:26,417 - plastyfire.evaluator - INFO - No existing PKL file found for mrk97_02: /home/dhuruva/projects/ctb-emuller/dhuruva/plastyfire/refitting_results/fitting/n100/seed19091997/L5TTPC_L5TTPC/simulations/208093-203811/5Hz_5ms/simulation_bde200e82982.pkl, submitting batch job
2025-09-09 17:10:26,418 - plastyfire.evaluator - INFO - Submitted job 49452811
2025-09-09 17:10:26,418 - plastyfire.evaluator - INFO - No existing PKL file found for mrk97_02: /home/dhuruva/projects/ctb-emuller/dhuruva/plastyfire/refitting_results/fitting/n100/seed19091997/L5TTPC_L5TTPC/simulations/186356-189091/5Hz_5ms/simulation_20333abf369f.pkl, submitting batch job
2025-09-09 17:10:26,420 - plastyfire.evaluator - INFO - Submitted job 49452812
2025-09-09 17:10:26,421 - plastyfire.evaluator - INFO - No existing PKL file found for mrk97_02: /home/dhuruva/projects/ctb-emuller/dhuruva/plastyfire/refitting_results/fitting/n100/seed19091997/L5TTPC_L5TTPC/simulations/207475-192618/5Hz_5ms/simulation_25b4122db3c5.pkl, submitting batch job
2025-09-09 17:10:26,595 - plastyfire.evaluator - INFO - Submitted job 49452813
2025-09-09 17:10:26,596 - plastyfire.evaluator - INFO - No existing PKL file found for mrk97_02: /home/dhuruva/projects/ctb-emuller/dhuruva/plastyfire/refitting_results/fitting/n100/seed19091997/L5TTPC_L5TTPC/simulations/186198-204134/5Hz_5ms/simulation_20333abf369f.pkl, submitting batch job
2025-09-09 17:10:26,597 - plastyfire.evaluator - INFO - Submitted job 49452814
2025-09-09 17:10:26,598 - plastyfire.evaluator - INFO - No existing PKL file found for mrk97_02: /home/dhuruva/projects/ctb-emuller/dhuruva/plastyfire/refitting_results/fitting/n100/seed19091997/L5TTPC_L5TTPC/simulations/208093-203811/5Hz_5ms/simulation_25b4122db3c5.pkl, submitting batch job
2025-09-09 17:10:26,599 - plastyfire.evaluator - INFO - Submitted job 49452815
2025-09-09 17:10:26,600 - plastyfire.evaluator - INFO - No existing PKL file found for mrk97_02: /home/dhuruva/projects/ctb-emuller/dhuruva/plastyfire/refitting_results/fitting/n100/seed19091997/L5TTPC_L5TTPC/simulations/196654-200262/5Hz_5ms/simulation_bde200e82982.pkl, submitting batch job
2025-09-09 17:10:26,761 - plastyfire.evaluator - INFO - Submitted job 49452816
2025-09-09 17:10:26,762 - plastyfire.evaluator - INFO - No existing PKL file found for mrk97_02: /home/dhuruva/projects/ctb-emuller/dhuruva/plastyfire/refitting_results/fitting/n100/seed19091997/L5TTPC_L5TTPC/simulations/208966-196199/5Hz_5ms/simulation_20333abf369f.pkl, submitting batch job
2025-09-09 17:10:26,763 - plastyfire.evaluator - INFO - Submitted job 49452817
2025-09-09 17:10:26,763 - plastyfire.evaluator - INFO - No existing PKL file found for mrk97_02: /home/dhuruva/projects/ctb-emuller/dhuruva/plastyfire/refitting_results/fitting/n100/seed19091997/L5TTPC_L5TTPC/simulations/203919-187736/5Hz_5ms/simulation_bde200e82982.pkl, submitting batch job
2025-09-09 17:10:26,765 - plastyfire.evaluator - INFO - Submitted job 49452818
2025-09-09 17:10:26,765 - plastyfire.evaluator - INFO - No existing PKL file found for mrk97_02: /home/dhuruva/projects/ctb-emuller/dhuruva/plastyfire/refitting_results/fitting/n100/seed19091997/L5TTPC_L5TTPC/simulations/196654-200262/5Hz_5ms/simulation_25b4122db3c5.pkl, submitting batch job
2025-09-09 17:10:26,962 - plastyfire.evaluator - INFO - Submitted job 49452819
2025-09-09 17:10:26,963 - plastyfire.evaluator - INFO - No existing PKL file found for mrk97_02: /home/dhuruva/projects/ctb-emuller/dhuruva/plastyfire/refitting_results/fitting/n100/seed19091997/L5TTPC_L5TTPC/simulations/203919-187736/5Hz_5ms/simulation_25b4122db3c5.pkl, submitting batch job
2025-09-09 17:10:27,518 - plastyfire.evaluator - INFO - Submitted job 49452820
2025-09-09 17:10:27,519 - plastyfire.evaluator - INFO - No existing PKL file found for mrk97_02: /home/dhuruva/projects/ctb-emuller/dhuruva/plastyfire/refitting_results/fitting/n100/seed19091997/L5TTPC_L5TTPC/simulations/204120-188861/5Hz_5ms/simulation_20333abf369f.pkl, submitting batch job
2025-09-09 17:10:27,521 - plastyfire.evaluator - INFO - Submitted job 49452821
2025-09-09 17:10:27,521 - plastyfire.evaluator - INFO - No existing PKL file found for mrk97_02: /home/dhuruva/projects/ctb-emuller/dhuruva/plastyfire/refitting_results/fitting/n100/seed19091997/L5TTPC_L5TTPC/simulations/207836-184831/5Hz_5ms/simulation_bde200e82982.pkl, submitting batch job
2025-09-09 17:10:27,523 - plastyfire.evaluator - INFO - Submitted job 49452822
2025-09-09 17:10:27,523 - plastyfire.evaluator - INFO - No existing PKL file found for mrk97_02: /home/dhuruva/projects/ctb-emuller/dhuruva/plastyfire/refitting_results/fitting/n100/seed19091997/L5TTPC_L5TTPC/simulations/207836-184831/5Hz_5ms/simulation_25b4122db3c5.pkl, submitting batch job
2025-09-09 17:10:27,758 - plastyfire.evaluator - INFO - Submitted job 49452823
2025-09-09 17:10:27,759 - plastyfire.evaluator - INFO - No existing PKL file found for mrk97_02: /home/dhuruva/projects/ctb-emuller/dhuruva/plastyfire/refitting_results/fitting/n100/seed19091997/L5TTPC_L5TTPC/simulations/210209-180231/5Hz_5ms/simulation_20333abf369f.pkl, submitting batch job
2025-09-09 17:10:27,760 - plastyfire.evaluator - INFO - Submitted job 49452824
2025-09-09 17:10:27,760 - plastyfire.evaluator - INFO - No existing PKL file found for mrk97_02: /home/dhuruva/projects/ctb-emuller/dhuruva/plastyfire/refitting_results/fitting/n100/seed19091997/L5TTPC_L5TTPC/simulations/184709-196154/5Hz_5ms/simulation_bde200e82982.pkl, submitting batch job
2025-09-09 17:10:27,763 - plastyfire.evaluator - INFO - Submitted job 49452825
2025-09-09 17:10:27,763 - plastyfire.evaluator - INFO - No existing PKL file found for mrk97_02: /home/dhuruva/projects/ctb-emuller/dhuruva/plastyfire/refitting_results/fitting/n100/seed19091997/L5TTPC_L5TTPC/simulations/184709-196154/5Hz_5ms/simulation_25b4122db3c5.pkl, submitting batch job
2025-09-09 17:10:27,941 - plastyfire.evaluator - INFO - Submitted job 49452826
2025-09-09 17:10:27,942 - plastyfire.evaluator - INFO - No existing PKL file found for mrk97_02: /home/dhuruva/projects/ctb-emuller/dhuruva/plastyfire/refitting_results/fitting/n100/seed19091997/L5TTPC_L5TTPC/simulations/186356-189091/5Hz_5ms/simulation_25b4122db3c5.pkl, submitting batch job
2025-09-09 17:10:27,943 - plastyfire.evaluator - INFO - Submitted job 49452827
2025-09-09 17:10:27,944 - plastyfire.evaluator - INFO - No existing PKL file found for mrk97_02: /home/dhuruva/projects/ctb-emuller/dhuruva/plastyfire/refitting_results/fitting/n100/seed19091997/L5TTPC_L5TTPC/simulations/186356-189091/5Hz_5ms/simulation_bde200e82982.pkl, submitting batch job
2025-09-09 17:10:27,945 - plastyfire.evaluator - INFO - Submitted job 49452828
2025-09-09 17:10:27,945 - plastyfire.evaluator - INFO - No existing PKL file found for mrk97_02: /home/dhuruva/projects/ctb-emuller/dhuruva/plastyfire/refitting_results/fitting/n100/seed19091997/L5TTPC_L5TTPC/simulations/181295-210119/5Hz_5ms/simulation_20333abf369f.pkl, submitting batch job
2025-09-09 17:10:28,135 - plastyfire.evaluator - INFO - Submitted job 49452829
2025-09-09 17:10:28,135 - plastyfire.evaluator - INFO - No existing PKL file found for mrk97_02: /home/dhuruva/projects/ctb-emuller/dhuruva/plastyfire/refitting_results/fitting/n100/seed19091997/L5TTPC_L5TTPC/simulations/186198-204134/5Hz_5ms/simulation_bde200e82982.pkl, submitting batch job
2025-09-09 17:10:28,137 - plastyfire.evaluator - INFO - Submitted job 49452830
2025-09-09 17:10:28,137 - plastyfire.evaluator - INFO - No existing PKL file found for mrk97_02: /home/dhuruva/projects/ctb-emuller/dhuruva/plastyfire/refitting_results/fitting/n100/seed19091997/L5TTPC_L5TTPC/simulations/186407-182154/5Hz_5ms/simulation_20333abf369f.pkl, submitting batch job
2025-09-09 17:10:28,139 - plastyfire.evaluator - INFO - Submitted job 49452831
2025-09-09 17:10:28,140 - plastyfire.evaluator - INFO - No existing PKL file found for mrk97_02: /home/dhuruva/projects/ctb-emuller/dhuruva/plastyfire/refitting_results/fitting/n100/seed19091997/L5TTPC_L5TTPC/simulations/186198-204134/5Hz_5ms/simulation_25b4122db3c5.pkl, submitting batch job
2025-09-09 17:10:28,326 - plastyfire.evaluator - INFO - Submitted job 49452832
2025-09-09 17:10:28,326 - plastyfire.evaluator - INFO - No existing PKL file found for mrk97_02: /home/dhuruva/projects/ctb-emuller/dhuruva/plastyfire/refitting_results/fitting/n100/seed19091997/L5TTPC_L5TTPC/simulations/208966-196199/5Hz_5ms/simulation_bde200e82982.pkl, submitting batch job
2025-09-09 17:10:28,328 - plastyfire.evaluator - INFO - Submitted job 49452833
2025-09-09 17:10:28,328 - plastyfire.evaluator - INFO - No existing PKL file found for mrk97_02: /home/dhuruva/projects/ctb-emuller/dhuruva/plastyfire/refitting_results/fitting/n100/seed19091997/L5TTPC_L5TTPC/simulations/199932-195364/5Hz_5ms/simulation_20333abf369f.pkl, submitting batch job
2025-09-09 17:10:28,330 - plastyfire.evaluator - INFO - Submitted job 49452834
2025-09-09 17:10:28,331 - plastyfire.evaluator - INFO - No existing PKL file found for mrk97_02: /home/dhuruva/projects/ctb-emuller/dhuruva/plastyfire/refitting_results/fitting/n100/seed19091997/L5TTPC_L5TTPC/simulations/208966-196199/5Hz_5ms/simulation_25b4122db3c5.pkl, submitting batch job
2025-09-09 17:10:28,503 - plastyfire.evaluator - INFO - Submitted job 49452835
2025-09-09 17:10:28,503 - plastyfire.evaluator - INFO - No existing PKL file found for mrk97_02: /home/dhuruva/projects/ctb-emuller/dhuruva/plastyfire/refitting_results/fitting/n100/seed19091997/L5TTPC_L5TTPC/simulations/188013-194919/5Hz_5ms/simulation_20333abf369f.pkl, submitting batch job
2025-09-09 17:10:28,504 - plastyfire.evaluator - INFO - Submitted job 49452836
2025-09-09 17:10:28,504 - plastyfire.evaluator - INFO - No existing PKL file found for mrk97_02: /home/dhuruva/projects/ctb-emuller/dhuruva/plastyfire/refitting_results/fitting/n100/seed19091997/L5TTPC_L5TTPC/simulations/204120-188861/5Hz_5ms/simulation_bde200e82982.pkl, submitting batch job
2025-09-09 17:10:28,506 - plastyfire.evaluator - INFO - Submitted job 49452837
2025-09-09 17:10:28,506 - plastyfire.evaluator - INFO - No existing PKL file found for mrk97_02: /home/dhuruva/projects/ctb-emuller/dhuruva/plastyfire/refitting_results/fitting/n100/seed19091997/L5TTPC_L5TTPC/simulations/204120-188861/5Hz_5ms/simulation_25b4122db3c5.pkl, submitting batch job
2025-09-09 17:10:28,679 - plastyfire.evaluator - INFO - Submitted job 49452838
2025-09-09 17:10:28,679 - plastyfire.evaluator - INFO - No existing PKL file found for mrk97_02: /home/dhuruva/projects/ctb-emuller/dhuruva/plastyfire/refitting_results/fitting/n100/seed19091997/L5TTPC_L5TTPC/simulations/185337-193957/5Hz_5ms/simulation_20333abf369f.pkl, submitting batch job
2025-09-09 17:10:28,685 - plastyfire.evaluator - INFO - Submitted job 49452839
2025-09-09 17:10:28,685 - plastyfire.evaluator - INFO - No existing PKL file found for mrk97_02: /home/dhuruva/projects/ctb-emuller/dhuruva/plastyfire/refitting_results/fitting/n100/seed19091997/L5TTPC_L5TTPC/simulations/210209-180231/5Hz_5ms/simulation_25b4122db3c5.pkl, submitting batch job
2025-09-09 17:10:28,687 - plastyfire.evaluator - INFO - Submitted job 49452840
2025-09-09 17:10:28,688 - plastyfire.evaluator - INFO - No existing PKL file found for mrk97_02: /home/dhuruva/projects/ctb-emuller/dhuruva/plastyfire/refitting_results/fitting/n100/seed19091997/L5TTPC_L5TTPC/simulations/210209-180231/5Hz_5ms/simulation_bde200e82982.pkl, submitting batch job
2025-09-09 17:10:28,877 - plastyfire.evaluator - INFO - Submitted job 49452841
2025-09-09 17:10:28,878 - plastyfire.evaluator - INFO - No existing PKL file found for mrk97_02: /home/dhuruva/projects/ctb-emuller/dhuruva/plastyfire/refitting_results/fitting/n100/seed19091997/L5TTPC_L5TTPC/simulations/200462-204393/5Hz_5ms/simulation_20333abf369f.pkl, submitting batch job
2025-09-09 17:10:28,879 - plastyfire.evaluator - INFO - Submitted job 49452842
2025-09-09 17:10:28,879 - plastyfire.evaluator - INFO - No existing PKL file found for mrk97_02: /home/dhuruva/projects/ctb-emuller/dhuruva/plastyfire/refitting_results/fitting/n100/seed19091997/L5TTPC_L5TTPC/simulations/181295-210119/5Hz_5ms/simulation_bde200e82982.pkl, submitting batch job
2025-09-09 17:10:28,882 - plastyfire.evaluator - INFO - Submitted job 49452843
2025-09-09 17:10:28,882 - plastyfire.evaluator - INFO - No existing PKL file found for mrk97_02: /home/dhuruva/projects/ctb-emuller/dhuruva/plastyfire/refitting_results/fitting/n100/seed19091997/L5TTPC_L5TTPC/simulations/181295-210119/5Hz_5ms/simulation_25b4122db3c5.pkl, submitting batch job
2025-09-09 17:10:29,179 - plastyfire.evaluator - INFO - Submitted job 49452844
2025-09-09 17:10:29,180 - plastyfire.evaluator - INFO - No existing PKL file found for mrk97_02: /home/dhuruva/projects/ctb-emuller/dhuruva/plastyfire/refitting_results/fitting/n100/seed19091997/L5TTPC_L5TTPC/simulations/186407-182154/5Hz_5ms/simulation_bde200e82982.pkl, submitting batch job
2025-09-09 17:10:29,181 - plastyfire.evaluator - INFO - Submitted job 49452845
2025-09-09 17:10:29,181 - plastyfire.evaluator - INFO - No existing PKL file found for mrk97_02: /home/dhuruva/projects/ctb-emuller/dhuruva/plastyfire/refitting_results/fitting/n100/seed19091997/L5TTPC_L5TTPC/simulations/198864-197551/5Hz_5ms/simulation_20333abf369f.pkl, submitting batch job
2025-09-09 17:10:29,183 - plastyfire.evaluator - INFO - Submitted job 49452846
2025-09-09 17:10:29,183 - plastyfire.evaluator - INFO - No existing PKL file found for mrk97_02: /home/dhuruva/projects/ctb-emuller/dhuruva/plastyfire/refitting_results/fitting/n100/seed19091997/L5TTPC_L5TTPC/simulations/186407-182154/5Hz_5ms/simulation_25b4122db3c5.pkl, submitting batch job
2025-09-09 17:10:29,401 - plastyfire.evaluator - INFO - Submitted job 49452847
2025-09-09 17:10:29,402 - plastyfire.evaluator - INFO - No existing PKL file found for mrk97_02: /home/dhuruva/projects/ctb-emuller/dhuruva/plastyfire/refitting_results/fitting/n100/seed19091997/L5TTPC_L5TTPC/simulations/199932-195364/5Hz_5ms/simulation_bde200e82982.pkl, submitting batch job
2025-09-09 17:10:29,403 - plastyfire.evaluator - INFO - Submitted job 49452848
2025-09-09 17:10:29,404 - plastyfire.evaluator - INFO - No existing PKL file found for mrk97_02: /home/dhuruva/projects/ctb-emuller/dhuruva/plastyfire/refitting_results/fitting/n100/seed19091997/L5TTPC_L5TTPC/simulations/199932-195364/5Hz_5ms/simulation_25b4122db3c5.pkl, submitting batch job
2025-09-09 17:10:29,405 - plastyfire.evaluator - INFO - Submitted job 49452849
2025-09-09 17:10:29,406 - plastyfire.evaluator - INFO - No existing PKL file found for mrk97_02: /home/dhuruva/projects/ctb-emuller/dhuruva/plastyfire/refitting_results/fitting/n100/seed19091997/L5TTPC_L5TTPC/simulations/201258-187071/5Hz_5ms/simulation_20333abf369f.pkl, submitting batch job
2025-09-09 17:10:29,588 - plastyfire.evaluator - INFO - Submitted job 49452850
2025-09-09 17:10:29,588 - plastyfire.evaluator - INFO - No existing PKL file found for mrk97_02: /home/dhuruva/projects/ctb-emuller/dhuruva/plastyfire/refitting_results/fitting/n100/seed19091997/L5TTPC_L5TTPC/simulations/188013-194919/5Hz_5ms/simulation_bde200e82982.pkl, submitting batch job
2025-09-09 17:10:29,590 - plastyfire.evaluator - INFO - Submitted job 49452851
2025-09-09 17:10:29,590 - plastyfire.evaluator - INFO - No existing PKL file found for mrk97_02: /home/dhuruva/projects/ctb-emuller/dhuruva/plastyfire/refitting_results/fitting/n100/seed19091997/L5TTPC_L5TTPC/simulations/189265-184120/5Hz_5ms/simulation_20333abf369f.pkl, submitting batch job
2025-09-09 17:10:29,593 - plastyfire.evaluator - INFO - Submitted job 49452852
2025-09-09 17:10:29,593 - plastyfire.evaluator - INFO - No existing PKL file found for mrk97_02: /home/dhuruva/projects/ctb-emuller/dhuruva/plastyfire/refitting_results/fitting/n100/seed19091997/L5TTPC_L5TTPC/simulations/188013-194919/5Hz_5ms/simulation_25b4122db3c5.pkl, submitting batch job
2025-09-09 17:10:29,775 - plastyfire.evaluator - INFO - Submitted job 49452853
2025-09-09 17:10:29,776 - plastyfire.evaluator - INFO - No existing PKL file found for mrk97_02: /home/dhuruva/projects/ctb-emuller/dhuruva/plastyfire/refitting_results/fitting/n100/seed19091997/L5TTPC_L5TTPC/simulations/186117-200624/5Hz_5ms/simulation_20333abf369f.pkl, submitting batch job
2025-09-09 17:10:29,777 - plastyfire.evaluator - INFO - Submitted job 49452854
2025-09-09 17:10:29,778 - plastyfire.evaluator - INFO - No existing PKL file found for mrk97_02: /home/dhuruva/projects/ctb-emuller/dhuruva/plastyfire/refitting_results/fitting/n100/seed19091997/L5TTPC_L5TTPC/simulations/185337-193957/5Hz_5ms/simulation_25b4122db3c5.pkl, submitting batch job
2025-09-09 17:10:29,779 - plastyfire.evaluator - INFO - Submitted job 49452855
2025-09-09 17:10:29,779 - plastyfire.evaluator - INFO - No existing PKL file found for mrk97_02: /home/dhuruva/projects/ctb-emuller/dhuruva/plastyfire/refitting_results/fitting/n100/seed19091997/L5TTPC_L5TTPC/simulations/185337-193957/5Hz_5ms/simulation_bde200e82982.pkl, submitting batch job
2025-09-09 17:10:29,940 - plastyfire.evaluator - INFO - Submitted job 49452856
2025-09-09 17:10:29,941 - plastyfire.evaluator - INFO - No existing PKL file found for mrk97_02: /home/dhuruva/projects/ctb-emuller/dhuruva/plastyfire/refitting_results/fitting/n100/seed19091997/L5TTPC_L5TTPC/simulations/200462-204393/5Hz_5ms/simulation_25b4122db3c5.pkl, submitting batch job
2025-09-09 17:10:29,942 - plastyfire.evaluator - INFO - Submitted job 49452857
2025-09-09 17:10:29,943 - plastyfire.evaluator - INFO - No existing PKL file found for mrk97_02: /home/dhuruva/projects/ctb-emuller/dhuruva/plastyfire/refitting_results/fitting/n100/seed19091997/L5TTPC_L5TTPC/simulations/200462-204393/5Hz_5ms/simulation_bde200e82982.pkl, submitting batch job
2025-09-09 17:10:29,944 - plastyfire.evaluator - INFO - Submitted job 49452858
2025-09-09 17:10:29,944 - plastyfire.evaluator - INFO - No existing PKL file found for mrk97_02: /home/dhuruva/projects/ctb-emuller/dhuruva/plastyfire/refitting_results/fitting/n100/seed19091997/L5TTPC_L5TTPC/simulations/199521-190468/5Hz_5ms/simulation_20333abf369f.pkl, submitting batch job
2025-09-09 17:10:30,129 - plastyfire.evaluator - INFO - Submitted job 49452859
2025-09-09 17:10:30,130 - plastyfire.evaluator - INFO - No existing PKL file found for mrk97_02: /home/dhuruva/projects/ctb-emuller/dhuruva/plastyfire/refitting_results/fitting/n100/seed19091997/L5TTPC_L5TTPC/simulations/198864-197551/5Hz_5ms/simulation_25b4122db3c5.pkl, submitting batch job
2025-09-09 17:10:30,775 - plastyfire.evaluator - INFO - Submitted job 49452860
2025-09-09 17:10:30,775 - plastyfire.evaluator - INFO - No existing PKL file found for mrk97_07: /home/dhuruva/projects/ctb-emuller/dhuruva/plastyfire/refitting_results/fitting/n100/seed19091997/L5TTPC_L5TTPC/simulations/202328-190143/10Hz_10ms/simulation_20333abf369f.pkl, submitting batch job
2025-09-09 17:10:30,777 - plastyfire.evaluator - INFO - Submitted job 49452861
2025-09-09 17:10:30,778 - plastyfire.evaluator - INFO - No existing PKL file found for mrk97_02: /home/dhuruva/projects/ctb-emuller/dhuruva/plastyfire/refitting_results/fitting/n100/seed19091997/L5TTPC_L5TTPC/simulations/198864-197551/5Hz_5ms/simulation_bde200e82982.pkl, submitting batch job
2025-09-09 17:10:30,782 - plastyfire.evaluator - INFO - Submitted job 49452863
2025-09-09 17:10:30,782 - plastyfire.evaluator - INFO - No existing PKL file found for mrk97_02: /home/dhuruva/projects/ctb-emuller/dhuruva/plastyfire/refitting_results/fitting/n100/seed19091997/L5TTPC_L5TTPC/simulations/201258-187071/5Hz_5ms/simulation_25b4122db3c5.pkl, submitting batch job
2025-09-09 17:10:30,939 - plastyfire.evaluator - INFO - Submitted job 49452864
2025-09-09 17:10:30,939 - plastyfire.evaluator - INFO - No existing PKL file found for mrk97_07: /home/dhuruva/projects/ctb-emuller/dhuruva/plastyfire/refitting_results/fitting/n100/seed19091997/L5TTPC_L5TTPC/simulations/200586-209048/10Hz_10ms/simulation_20333abf369f.pkl, submitting batch job
2025-09-09 17:10:30,940 - plastyfire.evaluator - INFO - Submitted job 49452865
2025-09-09 17:10:30,940 - plastyfire.evaluator - INFO - No existing PKL file found for mrk97_02: /home/dhuruva/projects/ctb-emuller/dhuruva/plastyfire/refitting_results/fitting/n100/seed19091997/L5TTPC_L5TTPC/simulations/189265-184120/5Hz_5ms/simulation_25b4122db3c5.pkl, submitting batch job
2025-09-09 17:10:30,942 - plastyfire.evaluator - INFO - Submitted job 49452866
2025-09-09 17:10:30,943 - plastyfire.evaluator - INFO - No existing PKL file found for mrk97_02: /home/dhuruva/projects/ctb-emuller/dhuruva/plastyfire/refitting_results/fitting/n100/seed19091997/L5TTPC_L5TTPC/simulations/201258-187071/5Hz_5ms/simulation_bde200e82982.pkl, submitting batch job
2025-09-09 17:10:31,102 - plastyfire.evaluator - INFO - Submitted job 49452867
2025-09-09 17:10:31,103 - plastyfire.evaluator - INFO - No existing PKL file found for mrk97_07: /home/dhuruva/projects/ctb-emuller/dhuruva/plastyfire/refitting_results/fitting/n100/seed19091997/L5TTPC_L5TTPC/simulations/190525-205438/10Hz_10ms/simulation_20333abf369f.pkl, submitting batch job
2025-09-09 17:10:31,104 - plastyfire.evaluator - INFO - Submitted job 49452868
2025-09-09 17:10:31,105 - plastyfire.evaluator - INFO - No existing PKL file found for mrk97_02: /home/dhuruva/projects/ctb-emuller/dhuruva/plastyfire/refitting_results/fitting/n100/seed19091997/L5TTPC_L5TTPC/simulations/186117-200624/5Hz_5ms/simulation_25b4122db3c5.pkl, submitting batch job
2025-09-09 17:10:31,106 - plastyfire.evaluator - INFO - Submitted job 49452869
2025-09-09 17:10:31,107 - plastyfire.evaluator - INFO - No existing PKL file found for mrk97_02: /home/dhuruva/projects/ctb-emuller/dhuruva/plastyfire/refitting_results/fitting/n100/seed19091997/L5TTPC_L5TTPC/simulations/189265-184120/5Hz_5ms/simulation_bde200e82982.pkl, submitting batch job
2025-09-09 17:10:31,343 - plastyfire.evaluator - INFO - Submitted job 49452870
2025-09-09 17:10:31,344 - plastyfire.evaluator - INFO - No existing PKL file found for mrk97_02: /home/dhuruva/projects/ctb-emuller/dhuruva/plastyfire/refitting_results/fitting/n100/seed19091997/L5TTPC_L5TTPC/simulations/199521-190468/5Hz_5ms/simulation_25b4122db3c5.pkl, submitting batch job
2025-09-09 17:10:31,348 - plastyfire.evaluator - INFO - Submitted job 49452872
2025-09-09 17:10:31,349 - plastyfire.evaluator - INFO - No existing PKL file found for mrk97_07: /home/dhuruva/projects/ctb-emuller/dhuruva/plastyfire/refitting_results/fitting/n100/seed19091997/L5TTPC_L5TTPC/simulations/193709-181631/10Hz_10ms/simulation_20333abf369f.pkl, submitting batch job
2025-09-09 17:10:31,350 - plastyfire.evaluator - INFO - Submitted job 49452873
2025-09-09 17:10:31,351 - plastyfire.evaluator - INFO - No existing PKL file found for mrk97_02: /home/dhuruva/projects/ctb-emuller/dhuruva/plastyfire/refitting_results/fitting/n100/seed19091997/L5TTPC_L5TTPC/simulations/186117-200624/5Hz_5ms/simulation_bde200e82982.pkl, submitting batch job
2025-09-09 17:10:31,579 - plastyfire.evaluator - INFO - Submitted job 49452874
2025-09-09 17:10:31,579 - plastyfire.evaluator - INFO - No existing PKL file found for mrk97_07: /home/dhuruva/projects/ctb-emuller/dhuruva/plastyfire/refitting_results/fitting/n100/seed19091997/L5TTPC_L5TTPC/simulations/202328-190143/10Hz_10ms/simulation_25b4122db3c5.pkl, submitting batch job
2025-09-09 17:10:31,580 - plastyfire.evaluator - INFO - Submitted job 49452875
2025-09-09 17:10:31,581 - plastyfire.evaluator - INFO - No existing PKL file found for mrk97_07: /home/dhuruva/projects/ctb-emuller/dhuruva/plastyfire/refitting_results/fitting/n100/seed19091997/L5TTPC_L5TTPC/simulations/199599-194835/10Hz_10ms/simulation_20333abf369f.pkl, submitting batch job
2025-09-09 17:10:31,582 - plastyfire.evaluator - INFO - Submitted job 49452876
2025-09-09 17:10:31,583 - plastyfire.evaluator - INFO - No existing PKL file found for mrk97_02: /home/dhuruva/projects/ctb-emuller/dhuruva/plastyfire/refitting_results/fitting/n100/seed19091997/L5TTPC_L5TTPC/simulations/199521-190468/5Hz_5ms/simulation_bde200e82982.pkl, submitting batch job
2025-09-09 17:10:31,802 - plastyfire.evaluator - INFO - Submitted job 49452878
2025-09-09 17:10:31,803 - plastyfire.evaluator - INFO - No existing PKL file found for mrk97_07: /home/dhuruva/projects/ctb-emuller/dhuruva/plastyfire/refitting_results/fitting/n100/seed19091997/L5TTPC_L5TTPC/simulations/190541-188497/10Hz_10ms/simulation_20333abf369f.pkl, submitting batch job
2025-09-09 17:10:31,807 - plastyfire.evaluator - INFO - Submitted job 49452880
2025-09-09 17:10:31,807 - plastyfire.evaluator - INFO - No existing PKL file found for mrk97_07: /home/dhuruva/projects/ctb-emuller/dhuruva/plastyfire/refitting_results/fitting/n100/seed19091997/L5TTPC_L5TTPC/simulations/200586-209048/10Hz_10ms/simulation_25b4122db3c5.pkl, submitting batch job
2025-09-09 17:10:31,808 - plastyfire.evaluator - INFO - Submitted job 49452881
2025-09-09 17:10:31,809 - plastyfire.evaluator - INFO - No existing PKL file found for mrk97_07: /home/dhuruva/projects/ctb-emuller/dhuruva/plastyfire/refitting_results/fitting/n100/seed19091997/L5TTPC_L5TTPC/simulations/202328-190143/10Hz_10ms/simulation_bde200e82982.pkl, submitting batch job
2025-09-09 17:10:31,982 - plastyfire.evaluator - INFO - Submitted job 49452882
2025-09-09 17:10:31,982 - plastyfire.evaluator - INFO - No existing PKL file found for mrk97_07: /home/dhuruva/projects/ctb-emuller/dhuruva/plastyfire/refitting_results/fitting/n100/seed19091997/L5TTPC_L5TTPC/simulations/196430-183658/10Hz_10ms/simulation_20333abf369f.pkl, submitting batch job
2025-09-09 17:10:31,987 - plastyfire.evaluator - INFO - Submitted job 49452883
2025-09-09 17:10:31,987 - plastyfire.evaluator - INFO - No existing PKL file found for mrk97_07: /home/dhuruva/projects/ctb-emuller/dhuruva/plastyfire/refitting_results/fitting/n100/seed19091997/L5TTPC_L5TTPC/simulations/190525-205438/10Hz_10ms/simulation_25b4122db3c5.pkl, submitting batch job
2025-09-09 17:10:31,989 - plastyfire.evaluator - INFO - Submitted job 49452884
2025-09-09 17:10:31,989 - plastyfire.evaluator - INFO - No existing PKL file found for mrk97_07: /home/dhuruva/projects/ctb-emuller/dhuruva/plastyfire/refitting_results/fitting/n100/seed19091997/L5TTPC_L5TTPC/simulations/200586-209048/10Hz_10ms/simulation_bde200e82982.pkl, submitting batch job
2025-09-09 17:10:32,150 - plastyfire.evaluator - INFO - Submitted job 49452885
2025-09-09 17:10:32,150 - plastyfire.evaluator - INFO - No existing PKL file found for mrk97_07: /home/dhuruva/projects/ctb-emuller/dhuruva/plastyfire/refitting_results/fitting/n100/seed19091997/L5TTPC_L5TTPC/simulations/193709-181631/10Hz_10ms/simulation_25b4122db3c5.pkl, submitting batch job
2025-09-09 17:10:32,152 - plastyfire.evaluator - INFO - Submitted job 49452886
2025-09-09 17:10:32,152 - plastyfire.evaluator - INFO - No existing PKL file found for mrk97_07: /home/dhuruva/projects/ctb-emuller/dhuruva/plastyfire/refitting_results/fitting/n100/seed19091997/L5TTPC_L5TTPC/simulations/190525-205438/10Hz_10ms/simulation_bde200e82982.pkl, submitting batch job
2025-09-09 17:10:32,154 - plastyfire.evaluator - INFO - Submitted job 49452887
2025-09-09 17:10:32,154 - plastyfire.evaluator - INFO - No existing PKL file found for mrk97_07: /home/dhuruva/projects/ctb-emuller/dhuruva/plastyfire/refitting_results/fitting/n100/seed19091997/L5TTPC_L5TTPC/simulations/194277-200870/10Hz_10ms/simulation_20333abf369f.pkl, submitting batch job
2025-09-09 17:10:32,322 - plastyfire.evaluator - INFO - Submitted job 49452888
2025-09-09 17:10:32,323 - plastyfire.evaluator - INFO - No existing PKL file found for mrk97_07: /home/dhuruva/projects/ctb-emuller/dhuruva/plastyfire/refitting_results/fitting/n100/seed19091997/L5TTPC_L5TTPC/simulations/199599-194835/10Hz_10ms/simulation_25b4122db3c5.pkl, submitting batch job
2025-09-09 17:10:32,324 - plastyfire.evaluator - INFO - Submitted job 49452889
2025-09-09 17:10:32,324 - plastyfire.evaluator - INFO - No existing PKL file found for mrk97_07: /home/dhuruva/projects/ctb-emuller/dhuruva/plastyfire/refitting_results/fitting/n100/seed19091997/L5TTPC_L5TTPC/simulations/203964-196350/10Hz_10ms/simulation_20333abf369f.pkl, submitting batch job
2025-09-09 17:10:32,326 - plastyfire.evaluator - INFO - Submitted job 49452890
2025-09-09 17:10:32,326 - plastyfire.evaluator - INFO - No existing PKL file found for mrk97_07: /home/dhuruva/projects/ctb-emuller/dhuruva/plastyfire/refitting_results/fitting/n100/seed19091997/L5TTPC_L5TTPC/simulations/193709-181631/10Hz_10ms/simulation_bde200e82982.pkl, submitting batch job
2025-09-09 17:10:32,487 - plastyfire.evaluator - INFO - Submitted job 49452891
2025-09-09 17:10:32,487 - plastyfire.evaluator - INFO - No existing PKL file found for mrk97_07: /home/dhuruva/projects/ctb-emuller/dhuruva/plastyfire/refitting_results/fitting/n100/seed19091997/L5TTPC_L5TTPC/simulations/199599-194835/10Hz_10ms/simulation_bde200e82982.pkl, submitting batch job
2025-09-09 17:10:32,489 - plastyfire.evaluator - INFO - Submitted job 49452892
2025-09-09 17:10:32,490 - plastyfire.evaluator - INFO - No existing PKL file found for mrk97_07: /home/dhuruva/projects/ctb-emuller/dhuruva/plastyfire/refitting_results/fitting/n100/seed19091997/L5TTPC_L5TTPC/simulations/190541-188497/10Hz_10ms/simulation_25b4122db3c5.pkl, submitting batch job
2025-09-09 17:10:32,491 - plastyfire.evaluator - INFO - Submitted job 49452893
2025-09-09 17:10:32,491 - plastyfire.evaluator - INFO - No existing PKL file found for mrk97_07: /home/dhuruva/projects/ctb-emuller/dhuruva/plastyfire/refitting_results/fitting/n100/seed19091997/L5TTPC_L5TTPC/simulations/196562-186098/10Hz_10ms/simulation_20333abf369f.pkl, submitting batch job
2025-09-09 17:10:32,755 - plastyfire.evaluator - INFO - Submitted job 49452894
2025-09-09 17:10:32,755 - plastyfire.evaluator - INFO - No existing PKL file found for mrk97_07: /home/dhuruva/projects/ctb-emuller/dhuruva/plastyfire/refitting_results/fitting/n100/seed19091997/L5TTPC_L5TTPC/simulations/206314-189443/10Hz_10ms/simulation_20333abf369f.pkl, submitting batch job
2025-09-09 17:10:32,771 - plastyfire.evaluator - INFO - Submitted job 49452895
2025-09-09 17:10:32,772 - plastyfire.evaluator - INFO - No existing PKL file found for mrk97_07: /home/dhuruva/projects/ctb-emuller/dhuruva/plastyfire/refitting_results/fitting/n100/seed19091997/L5TTPC_L5TTPC/simulations/190541-188497/10Hz_10ms/simulation_bde200e82982.pkl, submitting batch job
2025-09-09 17:10:32,780 - plastyfire.evaluator - INFO - Submitted job 49452898
2025-09-09 17:10:32,780 - plastyfire.evaluator - INFO - No existing PKL file found for mrk97_07: /home/dhuruva/projects/ctb-emuller/dhuruva/plastyfire/refitting_results/fitting/n100/seed19091997/L5TTPC_L5TTPC/simulations/196430-183658/10Hz_10ms/simulation_25b4122db3c5.pkl, submitting batch job
2025-09-09 17:10:32,939 - plastyfire.evaluator - INFO - Submitted job 49452899
2025-09-09 17:10:32,939 - plastyfire.evaluator - INFO - No existing PKL file found for mrk97_07: /home/dhuruva/projects/ctb-emuller/dhuruva/plastyfire/refitting_results/fitting/n100/seed19091997/L5TTPC_L5TTPC/simulations/197652-203951/10Hz_10ms/simulation_20333abf369f.pkl, submitting batch job
2025-09-09 17:10:32,942 - plastyfire.evaluator - INFO - Submitted job 49452900
2025-09-09 17:10:32,942 - plastyfire.evaluator - INFO - No existing PKL file found for mrk97_07: /home/dhuruva/projects/ctb-emuller/dhuruva/plastyfire/refitting_results/fitting/n100/seed19091997/L5TTPC_L5TTPC/simulations/196430-183658/10Hz_10ms/simulation_bde200e82982.pkl, submitting batch job
2025-09-09 17:10:32,944 - plastyfire.evaluator - INFO - Submitted job 49452901
2025-09-09 17:10:32,944 - plastyfire.evaluator - INFO - No existing PKL file found for mrk97_07: /home/dhuruva/projects/ctb-emuller/dhuruva/plastyfire/refitting_results/fitting/n100/seed19091997/L5TTPC_L5TTPC/simulations/194277-200870/10Hz_10ms/simulation_25b4122db3c5.pkl, submitting batch job
2025-09-09 17:10:33,103 - plastyfire.evaluator - INFO - Submitted job 49452902
2025-09-09 17:10:33,103 - plastyfire.evaluator - INFO - No existing PKL file found for mrk97_07: /home/dhuruva/projects/ctb-emuller/dhuruva/plastyfire/refitting_results/fitting/n100/seed19091997/L5TTPC_L5TTPC/simulations/187212-192870/10Hz_10ms/simulation_20333abf369f.pkl, submitting batch job
2025-09-09 17:10:33,105 - plastyfire.evaluator - INFO - Submitted job 49452903
2025-09-09 17:10:33,105 - plastyfire.evaluator - INFO - No existing PKL file found for mrk97_07: /home/dhuruva/projects/ctb-emuller/dhuruva/plastyfire/refitting_results/fitting/n100/seed19091997/L5TTPC_L5TTPC/simulations/194277-200870/10Hz_10ms/simulation_bde200e82982.pkl, submitting batch job
2025-09-09 17:10:33,107 - plastyfire.evaluator - INFO - Submitted job 49452904
2025-09-09 17:10:33,107 - plastyfire.evaluator - INFO - No existing PKL file found for mrk97_07: /home/dhuruva/projects/ctb-emuller/dhuruva/plastyfire/refitting_results/fitting/n100/seed19091997/L5TTPC_L5TTPC/simulations/203964-196350/10Hz_10ms/simulation_25b4122db3c5.pkl, submitting batch job
2025-09-09 17:10:33,286 - plastyfire.evaluator - INFO - Submitted job 49452905
2025-09-09 17:10:33,286 - plastyfire.evaluator - INFO - No existing PKL file found for mrk97_07: /home/dhuruva/projects/ctb-emuller/dhuruva/plastyfire/refitting_results/fitting/n100/seed19091997/L5TTPC_L5TTPC/simulations/187417-207485/10Hz_10ms/simulation_20333abf369f.pkl, submitting batch job
2025-09-09 17:10:33,896 - plastyfire.evaluator - INFO - Submitted job 49452909
2025-09-09 17:10:33,897 - plastyfire.evaluator - INFO - No existing PKL file found for mrk97_07: /home/dhuruva/projects/ctb-emuller/dhuruva/plastyfire/refitting_results/fitting/n100/seed19091997/L5TTPC_L5TTPC/simulations/203964-196350/10Hz_10ms/simulation_bde200e82982.pkl, submitting batch job
2025-09-09 17:10:33,904 - plastyfire.evaluator - INFO - Submitted job 49452911
2025-09-09 17:10:33,904 - plastyfire.evaluator - INFO - No existing PKL file found for mrk97_07: /home/dhuruva/projects/ctb-emuller/dhuruva/plastyfire/refitting_results/fitting/n100/seed19091997/L5TTPC_L5TTPC/simulations/196562-186098/10Hz_10ms/simulation_25b4122db3c5.pkl, submitting batch job
2025-09-09 17:10:33,907 - plastyfire.evaluator - INFO - Submitted job 49452912
2025-09-09 17:10:33,908 - plastyfire.evaluator - INFO - No existing PKL file found for mrk97_07: /home/dhuruva/projects/ctb-emuller/dhuruva/plastyfire/refitting_results/fitting/n100/seed19091997/L5TTPC_L5TTPC/simulations/182369-181607/10Hz_10ms/simulation_20333abf369f.pkl, submitting batch job
2025-09-09 17:10:34,178 - plastyfire.evaluator - INFO - Submitted job 49452913
2025-09-09 17:10:34,179 - plastyfire.evaluator - INFO - No existing PKL file found for mrk97_07: /home/dhuruva/projects/ctb-emuller/dhuruva/plastyfire/refitting_results/fitting/n100/seed19091997/L5TTPC_L5TTPC/simulations/200132-185914/10Hz_10ms/simulation_20333abf369f.pkl, submitting batch job
2025-09-09 17:10:34,180 - plastyfire.evaluator - INFO - Submitted job 49452914
2025-09-09 17:10:34,181 - plastyfire.evaluator - INFO - No existing PKL file found for mrk97_07: /home/dhuruva/projects/ctb-emuller/dhuruva/plastyfire/refitting_results/fitting/n100/seed19091997/L5TTPC_L5TTPC/simulations/196562-186098/10Hz_10ms/simulation_bde200e82982.pkl, submitting batch job
2025-09-09 17:10:34,185 - plastyfire.evaluator - INFO - Submitted job 49452916
2025-09-09 17:10:34,185 - plastyfire.evaluator - INFO - No existing PKL file found for mrk97_07: /home/dhuruva/projects/ctb-emuller/dhuruva/plastyfire/refitting_results/fitting/n100/seed19091997/L5TTPC_L5TTPC/simulations/206314-189443/10Hz_10ms/simulation_25b4122db3c5.pkl, submitting batch job
2025-09-09 17:10:34,383 - plastyfire.evaluator - INFO - Submitted job 49452917
2025-09-09 17:10:34,383 - plastyfire.evaluator - INFO - No existing PKL file found for mrk97_07: /home/dhuruva/projects/ctb-emuller/dhuruva/plastyfire/refitting_results/fitting/n100/seed19091997/L5TTPC_L5TTPC/simulations/196734-181209/10Hz_10ms/simulation_20333abf369f.pkl, submitting batch job
2025-09-09 17:10:34,385 - plastyfire.evaluator - INFO - Submitted job 49452918
2025-09-09 17:10:34,386 - plastyfire.evaluator - INFO - No existing PKL file found for mrk97_07: /home/dhuruva/projects/ctb-emuller/dhuruva/plastyfire/refitting_results/fitting/n100/seed19091997/L5TTPC_L5TTPC/simulations/206314-189443/10Hz_10ms/simulation_bde200e82982.pkl, submitting batch job
2025-09-09 17:10:34,387 - plastyfire.evaluator - INFO - Submitted job 49452919
2025-09-09 17:10:34,387 - plastyfire.evaluator - INFO - No existing PKL file found for mrk97_07: /home/dhuruva/projects/ctb-emuller/dhuruva/plastyfire/refitting_results/fitting/n100/seed19091997/L5TTPC_L5TTPC/simulations/197652-203951/10Hz_10ms/simulation_25b4122db3c5.pkl, submitting batch job
2025-09-09 17:10:34,572 - plastyfire.evaluator - INFO - Submitted job 49452920
2025-09-09 17:10:34,572 - plastyfire.evaluator - INFO - No existing PKL file found for mrk97_07: /home/dhuruva/projects/ctb-emuller/dhuruva/plastyfire/refitting_results/fitting/n100/seed19091997/L5TTPC_L5TTPC/simulations/187212-192870/10Hz_10ms/simulation_25b4122db3c5.pkl, submitting batch job
2025-09-09 17:10:34,574 - plastyfire.evaluator - INFO - Submitted job 49452921
2025-09-09 17:10:34,575 - plastyfire.evaluator - INFO - No existing PKL file found for mrk97_07: /home/dhuruva/projects/ctb-emuller/dhuruva/plastyfire/refitting_results/fitting/n100/seed19091997/L5TTPC_L5TTPC/simulations/197652-203951/10Hz_10ms/simulation_bde200e82982.pkl, submitting batch job
2025-09-09 17:10:34,576 - plastyfire.evaluator - INFO - Submitted job 49452922
2025-09-09 17:10:34,576 - plastyfire.evaluator - INFO - No existing PKL file found for mrk97_07: /home/dhuruva/projects/ctb-emuller/dhuruva/plastyfire/refitting_results/fitting/n100/seed19091997/L5TTPC_L5TTPC/simulations/207423-186224/10Hz_10ms/simulation_20333abf369f.pkl, submitting batch job
2025-09-09 17:10:34,787 - plastyfire.evaluator - INFO - Submitted job 49452923
2025-09-09 17:10:34,787 - plastyfire.evaluator - INFO - No existing PKL file found for mrk97_07: /home/dhuruva/projects/ctb-emuller/dhuruva/plastyfire/refitting_results/fitting/n100/seed19091997/L5TTPC_L5TTPC/simulations/187417-207485/10Hz_10ms/simulation_25b4122db3c5.pkl, submitting batch job
2025-09-09 17:10:34,789 - plastyfire.evaluator - INFO - Submitted job 49452924
2025-09-09 17:10:34,789 - plastyfire.evaluator - INFO - No existing PKL file found for mrk97_07: /home/dhuruva/projects/ctb-emuller/dhuruva/plastyfire/refitting_results/fitting/n100/seed19091997/L5TTPC_L5TTPC/simulations/203038-207594/10Hz_10ms/simulation_20333abf369f.pkl, submitting batch job
2025-09-09 17:10:34,791 - plastyfire.evaluator - INFO - Submitted job 49452925
2025-09-09 17:10:34,791 - plastyfire.evaluator - INFO - No existing PKL file found for mrk97_07: /home/dhuruva/projects/ctb-emuller/dhuruva/plastyfire/refitting_results/fitting/n100/seed19091997/L5TTPC_L5TTPC/simulations/187212-192870/10Hz_10ms/simulation_bde200e82982.pkl, submitting batch job
2025-09-09 17:10:34,949 - plastyfire.evaluator - INFO - Submitted job 49452927
2025-09-09 17:10:34,950 - plastyfire.evaluator - INFO - No existing PKL file found for mrk97_07: /home/dhuruva/projects/ctb-emuller/dhuruva/plastyfire/refitting_results/fitting/n100/seed19091997/L5TTPC_L5TTPC/simulations/182369-181607/10Hz_10ms/simulation_25b4122db3c5.pkl, submitting batch job
2025-09-09 17:10:34,951 - plastyfire.evaluator - INFO - Submitted job 49452928
2025-09-09 17:10:34,951 - plastyfire.evaluator - INFO - No existing PKL file found for mrk97_07: /home/dhuruva/projects/ctb-emuller/dhuruva/plastyfire/refitting_results/fitting/n100/seed19091997/L5TTPC_L5TTPC/simulations/187417-207485/10Hz_10ms/simulation_bde200e82982.pkl, submitting batch job
2025-09-09 17:10:34,953 - plastyfire.evaluator - INFO - Submitted job 49452929
2025-09-09 17:10:34,953 - plastyfire.evaluator - INFO - No existing PKL file found for mrk97_07: /home/dhuruva/projects/ctb-emuller/dhuruva/plastyfire/refitting_results/fitting/n100/seed19091997/L5TTPC_L5TTPC/simulations/190392-207670/10Hz_10ms/simulation_20333abf369f.pkl, submitting batch job
2025-09-09 17:10:35,109 - plastyfire.evaluator - INFO - Submitted job 49452930
2025-09-09 17:10:35,109 - plastyfire.evaluator - INFO - No existing PKL file found for mrk97_07: /home/dhuruva/projects/ctb-emuller/dhuruva/plastyfire/refitting_results/fitting/n100/seed19091997/L5TTPC_L5TTPC/simulations/200132-185914/10Hz_10ms/simulation_25b4122db3c5.pkl, submitting batch job
2025-09-09 17:10:35,112 - plastyfire.evaluator - INFO - Submitted job 49452931
2025-09-09 17:10:35,112 - plastyfire.evaluator - INFO - No existing PKL file found for mrk97_07: /home/dhuruva/projects/ctb-emuller/dhuruva/plastyfire/refitting_results/fitting/n100/seed19091997/L5TTPC_L5TTPC/simulations/183796-186882/10Hz_10ms/simulation_20333abf369f.pkl, submitting batch job
2025-09-09 17:10:35,114 - plastyfire.evaluator - INFO - Submitted job 49452932
2025-09-09 17:10:35,114 - plastyfire.evaluator - INFO - No existing PKL file found for mrk97_07: /home/dhuruva/projects/ctb-emuller/dhuruva/plastyfire/refitting_results/fitting/n100/seed19091997/L5TTPC_L5TTPC/simulations/182369-181607/10Hz_10ms/simulation_bde200e82982.pkl, submitting batch job
2025-09-09 17:10:35,333 - plastyfire.evaluator - INFO - Submitted job 49452933
2025-09-09 17:10:35,334 - plastyfire.evaluator - INFO - No existing PKL file found for mrk97_07: /home/dhuruva/projects/ctb-emuller/dhuruva/plastyfire/refitting_results/fitting/n100/seed19091997/L5TTPC_L5TTPC/simulations/196734-181209/10Hz_10ms/simulation_25b4122db3c5.pkl, submitting batch job
2025-09-09 17:10:35,335 - plastyfire.evaluator - INFO - Submitted job 49452934
2025-09-09 17:10:35,336 - plastyfire.evaluator - INFO - No existing PKL file found for mrk97_07: /home/dhuruva/projects/ctb-emuller/dhuruva/plastyfire/refitting_results/fitting/n100/seed19091997/L5TTPC_L5TTPC/simulations/198242-189050/10Hz_10ms/simulation_20333abf369f.pkl, submitting batch job
2025-09-09 17:10:35,340 - plastyfire.evaluator - INFO - Submitted job 49452936
2025-09-09 17:10:35,340 - plastyfire.evaluator - INFO - No existing PKL file found for mrk97_07: /home/dhuruva/projects/ctb-emuller/dhuruva/plastyfire/refitting_results/fitting/n100/seed19091997/L5TTPC_L5TTPC/simulations/200132-185914/10Hz_10ms/simulation_bde200e82982.pkl, submitting batch job
2025-09-09 17:10:35,547 - plastyfire.evaluator - INFO - Submitted job 49452937
2025-09-09 17:10:35,547 - plastyfire.evaluator - INFO - No existing PKL file found for mrk97_07: /home/dhuruva/projects/ctb-emuller/dhuruva/plastyfire/refitting_results/fitting/n100/seed19091997/L5TTPC_L5TTPC/simulations/207423-186224/10Hz_10ms/simulation_25b4122db3c5.pkl, submitting batch job
2025-09-09 17:10:35,550 - plastyfire.evaluator - INFO - Submitted job 49452939
2025-09-09 17:10:35,551 - plastyfire.evaluator - INFO - No existing PKL file found for mrk97_07: /home/dhuruva/projects/ctb-emuller/dhuruva/plastyfire/refitting_results/fitting/n100/seed19091997/L5TTPC_L5TTPC/simulations/205300-191467/10Hz_10ms/simulation_20333abf369f.pkl, submitting batch job
2025-09-09 17:10:35,552 - plastyfire.evaluator - INFO - Submitted job 49452940
2025-09-09 17:10:35,553 - plastyfire.evaluator - INFO - No existing PKL file found for mrk97_07: /home/dhuruva/projects/ctb-emuller/dhuruva/plastyfire/refitting_results/fitting/n100/seed19091997/L5TTPC_L5TTPC/simulations/196734-181209/10Hz_10ms/simulation_bde200e82982.pkl, submitting batch job
2025-09-09 17:10:35,734 - plastyfire.evaluator - INFO - Submitted job 49452941
2025-09-09 17:10:35,734 - plastyfire.evaluator - INFO - No existing PKL file found for mrk97_07: /home/dhuruva/projects/ctb-emuller/dhuruva/plastyfire/refitting_results/fitting/n100/seed19091997/L5TTPC_L5TTPC/simulations/203038-207594/10Hz_10ms/simulation_25b4122db3c5.pkl, submitting batch job
2025-09-09 17:10:35,736 - plastyfire.evaluator - INFO - Submitted job 49452942
2025-09-09 17:10:35,736 - plastyfire.evaluator - INFO - No existing PKL file found for mrk97_07: /home/dhuruva/projects/ctb-emuller/dhuruva/plastyfire/refitting_results/fitting/n100/seed19091997/L5TTPC_L5TTPC/simulations/180815-206160/10Hz_10ms/simulation_20333abf369f.pkl, submitting batch job
2025-09-09 17:10:35,738 - plastyfire.evaluator - INFO - Submitted job 49452943
2025-09-09 17:10:35,738 - plastyfire.evaluator - INFO - No existing PKL file found for mrk97_07: /home/dhuruva/projects/ctb-emuller/dhuruva/plastyfire/refitting_results/fitting/n100/seed19091997/L5TTPC_L5TTPC/simulations/207423-186224/10Hz_10ms/simulation_bde200e82982.pkl, submitting batch job
2025-09-09 17:10:35,912 - plastyfire.evaluator - INFO - Submitted job 49452944
2025-09-09 17:10:35,912 - plastyfire.evaluator - INFO - No existing PKL file found for mrk97_07: /home/dhuruva/projects/ctb-emuller/dhuruva/plastyfire/refitting_results/fitting/n100/seed19091997/L5TTPC_L5TTPC/simulations/203038-207594/10Hz_10ms/simulation_bde200e82982.pkl, submitting batch job
2025-09-09 17:10:35,914 - plastyfire.evaluator - INFO - Submitted job 49452945
2025-09-09 17:10:35,915 - plastyfire.evaluator - INFO - No existing PKL file found for mrk97_07: /home/dhuruva/projects/ctb-emuller/dhuruva/plastyfire/refitting_results/fitting/n100/seed19091997/L5TTPC_L5TTPC/simulations/190392-207670/10Hz_10ms/simulation_25b4122db3c5.pkl, submitting batch job
2025-09-09 17:10:35,916 - plastyfire.evaluator - INFO - Submitted job 49452946
2025-09-09 17:10:35,917 - plastyfire.evaluator - INFO - No existing PKL file found for mrk97_07: /home/dhuruva/projects/ctb-emuller/dhuruva/plastyfire/refitting_results/fitting/n100/seed19091997/L5TTPC_L5TTPC/simulations/203710-206592/10Hz_10ms/simulation_20333abf369f.pkl, submitting batch job
2025-09-09 17:10:36,086 - plastyfire.evaluator - INFO - Submitted job 49452947
2025-09-09 17:10:36,086 - plastyfire.evaluator - INFO - No existing PKL file found for mrk97_07: /home/dhuruva/projects/ctb-emuller/dhuruva/plastyfire/refitting_results/fitting/n100/seed19091997/L5TTPC_L5TTPC/simulations/180236-203656/10Hz_10ms/simulation_20333abf369f.pkl, submitting batch job
2025-09-09 17:10:36,087 - plastyfire.evaluator - INFO - Submitted job 49452948
2025-09-09 17:10:36,087 - plastyfire.evaluator - INFO - No existing PKL file found for mrk97_07: /home/dhuruva/projects/ctb-emuller/dhuruva/plastyfire/refitting_results/fitting/n100/seed19091997/L5TTPC_L5TTPC/simulations/183796-186882/10Hz_10ms/simulation_25b4122db3c5.pkl, submitting batch job
2025-09-09 17:10:36,089 - plastyfire.evaluator - INFO - Submitted job 49452949
2025-09-09 17:10:36,090 - plastyfire.evaluator - INFO - No existing PKL file found for mrk97_07: /home/dhuruva/projects/ctb-emuller/dhuruva/plastyfire/refitting_results/fitting/n100/seed19091997/L5TTPC_L5TTPC/simulations/190392-207670/10Hz_10ms/simulation_bde200e82982.pkl, submitting batch job
2025-09-09 17:10:36,269 - plastyfire.evaluator - INFO - Submitted job 49452950
2025-09-09 17:10:36,270 - plastyfire.evaluator - INFO - No existing PKL file found for mrk97_07: /home/dhuruva/projects/ctb-emuller/dhuruva/plastyfire/refitting_results/fitting/n100/seed19091997/L5TTPC_L5TTPC/simulations/183796-186882/10Hz_10ms/simulation_bde200e82982.pkl, submitting batch job
2025-09-09 17:10:36,271 - plastyfire.evaluator - INFO - Submitted job 49452951
2025-09-09 17:10:36,271 - plastyfire.evaluator - INFO - No existing PKL file found for mrk97_07: /home/dhuruva/projects/ctb-emuller/dhuruva/plastyfire/refitting_results/fitting/n100/seed19091997/L5TTPC_L5TTPC/simulations/208904-200676/10Hz_10ms/simulation_20333abf369f.pkl, submitting batch job
2025-09-09 17:10:36,273 - plastyfire.evaluator - INFO - Submitted job 49452952
2025-09-09 17:10:36,273 - plastyfire.evaluator - INFO - No existing PKL file found for mrk97_07: /home/dhuruva/projects/ctb-emuller/dhuruva/plastyfire/refitting_results/fitting/n100/seed19091997/L5TTPC_L5TTPC/simulations/198242-189050/10Hz_10ms/simulation_25b4122db3c5.pkl, submitting batch job
2025-09-09 17:10:36,436 - plastyfire.evaluator - INFO - Submitted job 49452953
2025-09-09 17:10:36,436 - plastyfire.evaluator - INFO - No existing PKL file found for mrk97_07: /home/dhuruva/projects/ctb-emuller/dhuruva/plastyfire/refitting_results/fitting/n100/seed19091997/L5TTPC_L5TTPC/simulations/198242-189050/10Hz_10ms/simulation_bde200e82982.pkl, submitting batch job
2025-09-09 17:10:36,444 - plastyfire.evaluator - INFO - Submitted job 49452954
2025-09-09 17:10:36,444 - plastyfire.evaluator - INFO - No existing PKL file found for mrk97_07: /home/dhuruva/projects/ctb-emuller/dhuruva/plastyfire/refitting_results/fitting/n100/seed19091997/L5TTPC_L5TTPC/simulations/193481-196243/10Hz_10ms/simulation_20333abf369f.pkl, submitting batch job
2025-09-09 17:10:37,061 - plastyfire.evaluator - INFO - Submitted job 49452955
2025-09-09 17:10:37,062 - plastyfire.evaluator - INFO - No existing PKL file found for mrk97_07: /home/dhuruva/projects/ctb-emuller/dhuruva/plastyfire/refitting_results/fitting/n100/seed19091997/L5TTPC_L5TTPC/simulations/205300-191467/10Hz_10ms/simulation_25b4122db3c5.pkl, submitting batch job
2025-09-09 17:10:37,065 - plastyfire.evaluator - INFO - Submitted job 49452956
2025-09-09 17:10:37,066 - plastyfire.evaluator - INFO - No existing PKL file found for mrk97_07: /home/dhuruva/projects/ctb-emuller/dhuruva/plastyfire/refitting_results/fitting/n100/seed19091997/L5TTPC_L5TTPC/simulations/205300-191467/10Hz_10ms/simulation_bde200e82982.pkl, submitting batch job
2025-09-09 17:10:37,068 - plastyfire.evaluator - INFO - Submitted job 49452957
2025-09-09 17:10:37,068 - plastyfire.evaluator - INFO - No existing PKL file found for mrk97_07: /home/dhuruva/projects/ctb-emuller/dhuruva/plastyfire/refitting_results/fitting/n100/seed19091997/L5TTPC_L5TTPC/simulations/189143-193722/10Hz_10ms/simulation_20333abf369f.pkl, submitting batch job
2025-09-09 17:10:37,299 - plastyfire.evaluator - INFO - Submitted job 49452958
2025-09-09 17:10:37,299 - plastyfire.evaluator - INFO - No existing PKL file found for mrk97_07: /home/dhuruva/projects/ctb-emuller/dhuruva/plastyfire/refitting_results/fitting/n100/seed19091997/L5TTPC_L5TTPC/simulations/180815-206160/10Hz_10ms/simulation_bde200e82982.pkl, submitting batch job
2025-09-09 17:10:37,301 - plastyfire.evaluator - INFO - Submitted job 49452959
2025-09-09 17:10:37,301 - plastyfire.evaluator - INFO - No existing PKL file found for mrk97_07: /home/dhuruva/projects/ctb-emuller/dhuruva/plastyfire/refitting_results/fitting/n100/seed19091997/L5TTPC_L5TTPC/simulations/201521-209101/10Hz_10ms/simulation_20333abf369f.pkl, submitting batch job
2025-09-09 17:10:37,303 - plastyfire.evaluator - INFO - Submitted job 49452960
2025-09-09 17:10:37,303 - plastyfire.evaluator - INFO - No existing PKL file found for mrk97_07: /home/dhuruva/projects/ctb-emuller/dhuruva/plastyfire/refitting_results/fitting/n100/seed19091997/L5TTPC_L5TTPC/simulations/180815-206160/10Hz_10ms/simulation_25b4122db3c5.pkl, submitting batch job
2025-09-09 17:10:37,480 - plastyfire.evaluator - INFO - Submitted job 49452961
2025-09-09 17:10:37,480 - plastyfire.evaluator - INFO - No existing PKL file found for mrk97_07: /home/dhuruva/projects/ctb-emuller/dhuruva/plastyfire/refitting_results/fitting/n100/seed19091997/L5TTPC_L5TTPC/simulations/203710-206592/10Hz_10ms/simulation_bde200e82982.pkl, submitting batch job
2025-09-09 17:10:37,481 - plastyfire.evaluator - INFO - Submitted job 49452962
2025-09-09 17:10:37,481 - plastyfire.evaluator - INFO - No existing PKL file found for mrk97_07: /home/dhuruva/projects/ctb-emuller/dhuruva/plastyfire/refitting_results/fitting/n100/seed19091997/L5TTPC_L5TTPC/simulations/183423-197906/10Hz_10ms/simulation_20333abf369f.pkl, submitting batch job
2025-09-09 17:10:37,483 - plastyfire.evaluator - INFO - Submitted job 49452963
2025-09-09 17:10:37,483 - plastyfire.evaluator - INFO - No existing PKL file found for mrk97_07: /home/dhuruva/projects/ctb-emuller/dhuruva/plastyfire/refitting_results/fitting/n100/seed19091997/L5TTPC_L5TTPC/simulations/203710-206592/10Hz_10ms/simulation_25b4122db3c5.pkl, submitting batch job
2025-09-09 17:10:37,660 - plastyfire.evaluator - INFO - Submitted job 49452964
2025-09-09 17:10:37,661 - plastyfire.evaluator - INFO - No existing PKL file found for mrk97_07: /home/dhuruva/projects/ctb-emuller/dhuruva/plastyfire/refitting_results/fitting/n100/seed19091997/L5TTPC_L5TTPC/simulations/180236-203656/10Hz_10ms/simulation_bde200e82982.pkl, submitting batch job
2025-09-09 17:10:37,662 - plastyfire.evaluator - INFO - Submitted job 49452965
2025-09-09 17:10:37,662 - plastyfire.evaluator - INFO - No existing PKL file found for mrk97_07: /home/dhuruva/projects/ctb-emuller/dhuruva/plastyfire/refitting_results/fitting/n100/seed19091997/L5TTPC_L5TTPC/simulations/180236-203656/10Hz_10ms/simulation_25b4122db3c5.pkl, submitting batch job
2025-09-09 17:10:37,664 - plastyfire.evaluator - INFO - Submitted job 49452966
2025-09-09 17:10:37,664 - plastyfire.evaluator - INFO - No existing PKL file found for mrk97_07: /home/dhuruva/projects/ctb-emuller/dhuruva/plastyfire/refitting_results/fitting/n100/seed19091997/L5TTPC_L5TTPC/simulations/181002-188173/10Hz_10ms/simulation_20333abf369f.pkl, submitting batch job
2025-09-09 17:10:37,837 - plastyfire.evaluator - INFO - Submitted job 49452967
2025-09-09 17:10:37,838 - plastyfire.evaluator - INFO - No existing PKL file found for mrk97_07: /home/dhuruva/projects/ctb-emuller/dhuruva/plastyfire/refitting_results/fitting/n100/seed19091997/L5TTPC_L5TTPC/simulations/208904-200676/10Hz_10ms/simulation_25b4122db3c5.pkl, submitting batch job
2025-09-09 17:10:37,839 - plastyfire.evaluator - INFO - Submitted job 49452968
2025-09-09 17:10:37,839 - plastyfire.evaluator - INFO - No existing PKL file found for mrk97_07: /home/dhuruva/projects/ctb-emuller/dhuruva/plastyfire/refitting_results/fitting/n100/seed19091997/L5TTPC_L5TTPC/simulations/184015-184061/10Hz_10ms/simulation_20333abf369f.pkl, submitting batch job
2025-09-09 17:10:37,841 - plastyfire.evaluator - INFO - Submitted job 49452969
2025-09-09 17:10:37,841 - plastyfire.evaluator - INFO - No existing PKL file found for mrk97_07: /home/dhuruva/projects/ctb-emuller/dhuruva/plastyfire/refitting_results/fitting/n100/seed19091997/L5TTPC_L5TTPC/simulations/208904-200676/10Hz_10ms/simulation_bde200e82982.pkl, submitting batch job
2025-09-09 17:10:38,021 - plastyfire.evaluator - INFO - Submitted job 49452970
2025-09-09 17:10:38,022 - plastyfire.evaluator - INFO - No existing PKL file found for mrk97_07: /home/dhuruva/projects/ctb-emuller/dhuruva/plastyfire/refitting_results/fitting/n100/seed19091997/L5TTPC_L5TTPC/simulations/193481-196243/10Hz_10ms/simulation_25b4122db3c5.pkl, submitting batch job
2025-09-09 17:10:38,023 - plastyfire.evaluator - INFO - Submitted job 49452971
2025-09-09 17:10:38,023 - plastyfire.evaluator - INFO - No existing PKL file found for mrk97_07: /home/dhuruva/projects/ctb-emuller/dhuruva/plastyfire/refitting_results/fitting/n100/seed19091997/L5TTPC_L5TTPC/simulations/193481-196243/10Hz_10ms/simulation_bde200e82982.pkl, submitting batch job
2025-09-09 17:10:38,025 - plastyfire.evaluator - INFO - Submitted job 49452972
2025-09-09 17:10:38,025 - plastyfire.evaluator - INFO - No existing PKL file found for mrk97_07: /home/dhuruva/projects/ctb-emuller/dhuruva/plastyfire/refitting_results/fitting/n100/seed19091997/L5TTPC_L5TTPC/simulations/194532-187415/10Hz_10ms/simulation_20333abf369f.pkl, submitting batch job
2025-09-09 17:10:38,216 - plastyfire.evaluator - INFO - Submitted job 49452973
2025-09-09 17:10:38,216 - plastyfire.evaluator - INFO - No existing PKL file found for mrk97_07: /home/dhuruva/projects/ctb-emuller/dhuruva/plastyfire/refitting_results/fitting/n100/seed19091997/L5TTPC_L5TTPC/simulations/189143-193722/10Hz_10ms/simulation_bde200e82982.pkl, submitting batch job
2025-09-09 17:10:38,217 - plastyfire.evaluator - INFO - Submitted job 49452974
2025-09-09 17:10:38,217 - plastyfire.evaluator - INFO - No existing PKL file found for mrk97_07: /home/dhuruva/projects/ctb-emuller/dhuruva/plastyfire/refitting_results/fitting/n100/seed19091997/L5TTPC_L5TTPC/simulations/189143-193722/10Hz_10ms/simulation_25b4122db3c5.pkl, submitting batch job
2025-09-09 17:10:38,219 - plastyfire.evaluator - INFO - Submitted job 49452975
2025-09-09 17:10:38,219 - plastyfire.evaluator - INFO - No existing PKL file found for mrk97_07: /home/dhuruva/projects/ctb-emuller/dhuruva/plastyfire/refitting_results/fitting/n100/seed19091997/L5TTPC_L5TTPC/simulations/180164-197248/10Hz_10ms/simulation_20333abf369f.pkl, submitting batch job
2025-09-09 17:10:38,390 - plastyfire.evaluator - INFO - Submitted job 49452976
2025-09-09 17:10:38,391 - plastyfire.evaluator - INFO - No existing PKL file found for mrk97_07: /home/dhuruva/projects/ctb-emuller/dhuruva/plastyfire/refitting_results/fitting/n100/seed19091997/L5TTPC_L5TTPC/simulations/201521-209101/10Hz_10ms/simulation_25b4122db3c5.pkl, submitting batch job
2025-09-09 17:10:38,393 - plastyfire.evaluator - INFO - Submitted job 49452977
2025-09-09 17:10:38,393 - plastyfire.evaluator - INFO - No existing PKL file found for mrk97_07: /home/dhuruva/projects/ctb-emuller/dhuruva/plastyfire/refitting_results/fitting/n100/seed19091997/L5TTPC_L5TTPC/simulations/201521-209101/10Hz_10ms/simulation_bde200e82982.pkl, submitting batch job
2025-09-09 17:10:38,395 - plastyfire.evaluator - INFO - Submitted job 49452978
2025-09-09 17:10:38,395 - plastyfire.evaluator - INFO - No existing PKL file found for mrk97_07: /home/dhuruva/projects/ctb-emuller/dhuruva/plastyfire/refitting_results/fitting/n100/seed19091997/L5TTPC_L5TTPC/simulations/181023-208822/10Hz_10ms/simulation_20333abf369f.pkl, submitting batch job
2025-09-09 17:10:38,570 - plastyfire.evaluator - INFO - Submitted job 49452979
2025-09-09 17:10:38,570 - plastyfire.evaluator - INFO - No existing PKL file found for mrk97_07: /home/dhuruva/projects/ctb-emuller/dhuruva/plastyfire/refitting_results/fitting/n100/seed19091997/L5TTPC_L5TTPC/simulations/183423-197906/10Hz_10ms/simulation_25b4122db3c5.pkl, submitting batch job
2025-09-09 17:10:38,572 - plastyfire.evaluator - INFO - Submitted job 49452980
2025-09-09 17:10:38,572 - plastyfire.evaluator - INFO - No existing PKL file found for mrk97_07: /home/dhuruva/projects/ctb-emuller/dhuruva/plastyfire/refitting_results/fitting/n100/seed19091997/L5TTPC_L5TTPC/simulations/198910-188914/10Hz_10ms/simulation_20333abf369f.pkl, submitting batch job
2025-09-09 17:10:38,573 - plastyfire.evaluator - INFO - Submitted job 49452981
2025-09-09 17:10:38,574 - plastyfire.evaluator - INFO - No existing PKL file found for mrk97_07: /home/dhuruva/projects/ctb-emuller/dhuruva/plastyfire/refitting_results/fitting/n100/seed19091997/L5TTPC_L5TTPC/simulations/183423-197906/10Hz_10ms/simulation_bde200e82982.pkl, submitting batch job
2025-09-09 17:10:38,781 - plastyfire.evaluator - INFO - Submitted job 49452982
2025-09-09 17:10:38,782 - plastyfire.evaluator - INFO - No existing PKL file found for mrk97_07: /home/dhuruva/projects/ctb-emuller/dhuruva/plastyfire/refitting_results/fitting/n100/seed19091997/L5TTPC_L5TTPC/simulations/181002-188173/10Hz_10ms/simulation_25b4122db3c5.pkl, submitting batch job
2025-09-09 17:10:38,783 - plastyfire.evaluator - INFO - Submitted job 49452983
2025-09-09 17:10:38,783 - plastyfire.evaluator - INFO - No existing PKL file found for mrk97_07: /home/dhuruva/projects/ctb-emuller/dhuruva/plastyfire/refitting_results/fitting/n100/seed19091997/L5TTPC_L5TTPC/simulations/181002-188173/10Hz_10ms/simulation_bde200e82982.pkl, submitting batch job
2025-09-09 17:10:38,785 - plastyfire.evaluator - INFO - Submitted job 49452984
2025-09-09 17:10:38,785 - plastyfire.evaluator - INFO - No existing PKL file found for mrk97_07: /home/dhuruva/projects/ctb-emuller/dhuruva/plastyfire/refitting_results/fitting/n100/seed19091997/L5TTPC_L5TTPC/simulations/189500-185042/10Hz_10ms/simulation_20333abf369f.pkl, submitting batch job
2025-09-09 17:10:38,966 - plastyfire.evaluator - INFO - Submitted job 49452985
2025-09-09 17:10:38,966 - plastyfire.evaluator - INFO - No existing PKL file found for mrk97_07: /home/dhuruva/projects/ctb-emuller/dhuruva/plastyfire/refitting_results/fitting/n100/seed19091997/L5TTPC_L5TTPC/simulations/184015-184061/10Hz_10ms/simulation_25b4122db3c5.pkl, submitting batch job
2025-09-09 17:10:38,968 - plastyfire.evaluator - INFO - Submitted job 49452986
2025-09-09 17:10:38,968 - plastyfire.evaluator - INFO - No existing PKL file found for mrk97_07: /home/dhuruva/projects/ctb-emuller/dhuruva/plastyfire/refitting_results/fitting/n100/seed19091997/L5TTPC_L5TTPC/simulations/184033-189853/10Hz_10ms/simulation_20333abf369f.pkl, submitting batch job
2025-09-09 17:10:38,969 - plastyfire.evaluator - INFO - Submitted job 49452987
2025-09-09 17:10:38,970 - plastyfire.evaluator - INFO - No existing PKL file found for mrk97_07: /home/dhuruva/projects/ctb-emuller/dhuruva/plastyfire/refitting_results/fitting/n100/seed19091997/L5TTPC_L5TTPC/simulations/184015-184061/10Hz_10ms/simulation_bde200e82982.pkl, submitting batch job
2025-09-09 17:10:39,184 - plastyfire.evaluator - INFO - Submitted job 49452988
2025-09-09 17:10:39,185 - plastyfire.evaluator - INFO - No existing PKL file found for mrk97_07: /home/dhuruva/projects/ctb-emuller/dhuruva/plastyfire/refitting_results/fitting/n100/seed19091997/L5TTPC_L5TTPC/simulations/194532-187415/10Hz_10ms/simulation_25b4122db3c5.pkl, submitting batch job
2025-09-09 17:10:39,187 - plastyfire.evaluator - INFO - Submitted job 49452989
2025-09-09 17:10:39,187 - plastyfire.evaluator - INFO - No existing PKL file found for mrk97_07: /home/dhuruva/projects/ctb-emuller/dhuruva/plastyfire/refitting_results/fitting/n100/seed19091997/L5TTPC_L5TTPC/simulations/182354-185997/10Hz_10ms/simulation_20333abf369f.pkl, submitting batch job
2025-09-09 17:10:39,189 - plastyfire.evaluator - INFO - Submitted job 49452990
2025-09-09 17:10:39,189 - plastyfire.evaluator - INFO - No existing PKL file found for mrk97_07: /home/dhuruva/projects/ctb-emuller/dhuruva/plastyfire/refitting_results/fitting/n100/seed19091997/L5TTPC_L5TTPC/simulations/194532-187415/10Hz_10ms/simulation_bde200e82982.pkl, submitting batch job
2025-09-09 17:10:39,391 - plastyfire.evaluator - INFO - Submitted job 49452991
2025-09-09 17:10:39,391 - plastyfire.evaluator - INFO - No existing PKL file found for mrk97_07: /home/dhuruva/projects/ctb-emuller/dhuruva/plastyfire/refitting_results/fitting/n100/seed19091997/L5TTPC_L5TTPC/simulations/180164-197248/10Hz_10ms/simulation_bde200e82982.pkl, submitting batch job
2025-09-09 17:10:39,392 - plastyfire.evaluator - INFO - Submitted job 49452992
2025-09-09 17:10:39,393 - plastyfire.evaluator - INFO - No existing PKL file found for mrk97_07: /home/dhuruva/projects/ctb-emuller/dhuruva/plastyfire/refitting_results/fitting/n100/seed19091997/L5TTPC_L5TTPC/simulations/180164-197248/10Hz_10ms/simulation_25b4122db3c5.pkl, submitting batch job
2025-09-09 17:10:39,394 - plastyfire.evaluator - INFO - Submitted job 49452993
2025-09-09 17:10:39,395 - plastyfire.evaluator - INFO - No existing PKL file found for mrk97_07: /home/dhuruva/projects/ctb-emuller/dhuruva/plastyfire/refitting_results/fitting/n100/seed19091997/L5TTPC_L5TTPC/simulations/203171-197644/10Hz_10ms/simulation_20333abf369f.pkl, submitting batch job
2025-09-09 17:10:39,566 - plastyfire.evaluator - INFO - Submitted job 49452994
2025-09-09 17:10:39,567 - plastyfire.evaluator - INFO - No existing PKL file found for mrk97_07: /home/dhuruva/projects/ctb-emuller/dhuruva/plastyfire/refitting_results/fitting/n100/seed19091997/L5TTPC_L5TTPC/simulations/184090-195582/10Hz_10ms/simulation_20333abf369f.pkl, submitting batch job
2025-09-09 17:10:40,162 - plastyfire.evaluator - INFO - Submitted job 49452995
2025-09-09 17:10:40,162 - plastyfire.evaluator - INFO - No existing PKL file found for mrk97_07: /home/dhuruva/projects/ctb-emuller/dhuruva/plastyfire/refitting_results/fitting/n100/seed19091997/L5TTPC_L5TTPC/simulations/181023-208822/10Hz_10ms/simulation_bde200e82982.pkl, submitting batch job
2025-09-09 17:10:40,164 - plastyfire.evaluator - INFO - Submitted job 49452996
2025-09-09 17:10:40,164 - plastyfire.evaluator - INFO - No existing PKL file found for mrk97_07: /home/dhuruva/projects/ctb-emuller/dhuruva/plastyfire/refitting_results/fitting/n100/seed19091997/L5TTPC_L5TTPC/simulations/182072-199843/10Hz_10ms/simulation_20333abf369f.pkl, submitting batch job
2025-09-09 17:10:40,166 - plastyfire.evaluator - INFO - Submitted job 49452997
2025-09-09 17:10:40,167 - plastyfire.evaluator - INFO - No existing PKL file found for mrk97_07: /home/dhuruva/projects/ctb-emuller/dhuruva/plastyfire/refitting_results/fitting/n100/seed19091997/L5TTPC_L5TTPC/simulations/181023-208822/10Hz_10ms/simulation_25b4122db3c5.pkl, submitting batch job
2025-09-09 17:10:40,347 - plastyfire.evaluator - INFO - Submitted job 49452998
2025-09-09 17:10:40,347 - plastyfire.evaluator - INFO - No existing PKL file found for mrk97_07: /home/dhuruva/projects/ctb-emuller/dhuruva/plastyfire/refitting_results/fitting/n100/seed19091997/L5TTPC_L5TTPC/simulations/198910-188914/10Hz_10ms/simulation_bde200e82982.pkl, submitting batch job
2025-09-09 17:10:40,348 - plastyfire.evaluator - INFO - Submitted job 49452999
2025-09-09 17:10:40,348 - plastyfire.evaluator - INFO - No existing PKL file found for mrk97_07: /home/dhuruva/projects/ctb-emuller/dhuruva/plastyfire/refitting_results/fitting/n100/seed19091997/L5TTPC_L5TTPC/simulations/198910-188914/10Hz_10ms/simulation_25b4122db3c5.pkl, submitting batch job
2025-09-09 17:10:40,350 - plastyfire.evaluator - INFO - Submitted job 49453000
2025-09-09 17:10:40,350 - plastyfire.evaluator - INFO - No existing PKL file found for mrk97_07: /home/dhuruva/projects/ctb-emuller/dhuruva/plastyfire/refitting_results/fitting/n100/seed19091997/L5TTPC_L5TTPC/simulations/201281-199420/10Hz_10ms/simulation_20333abf369f.pkl, submitting batch job
2025-09-09 17:10:40,511 - plastyfire.evaluator - INFO - Submitted job 49453001
2025-09-09 17:10:40,511 - plastyfire.evaluator - INFO - No existing PKL file found for mrk97_07: /home/dhuruva/projects/ctb-emuller/dhuruva/plastyfire/refitting_results/fitting/n100/seed19091997/L5TTPC_L5TTPC/simulations/189500-185042/10Hz_10ms/simulation_25b4122db3c5.pkl, submitting batch job
2025-09-09 17:10:40,513 - plastyfire.evaluator - INFO - Submitted job 49453002
2025-09-09 17:10:40,513 - plastyfire.evaluator - INFO - No existing PKL file found for mrk97_07: /home/dhuruva/projects/ctb-emuller/dhuruva/plastyfire/refitting_results/fitting/n100/seed19091997/L5TTPC_L5TTPC/simulations/209709-184968/10Hz_10ms/simulation_20333abf369f.pkl, submitting batch job
2025-09-09 17:10:40,518 - plastyfire.evaluator - INFO - Submitted job 49453003
2025-09-09 17:10:40,519 - plastyfire.evaluator - INFO - No existing PKL file found for mrk97_07: /home/dhuruva/projects/ctb-emuller/dhuruva/plastyfire/refitting_results/fitting/n100/seed19091997/L5TTPC_L5TTPC/simulations/189500-185042/10Hz_10ms/simulation_bde200e82982.pkl, submitting batch job
2025-09-09 17:10:40,688 - plastyfire.evaluator - INFO - Submitted job 49453004
2025-09-09 17:10:40,688 - plastyfire.evaluator - INFO - No existing PKL file found for mrk97_07: /home/dhuruva/projects/ctb-emuller/dhuruva/plastyfire/refitting_results/fitting/n100/seed19091997/L5TTPC_L5TTPC/simulations/184033-189853/10Hz_10ms/simulation_25b4122db3c5.pkl, submitting batch job
2025-09-09 17:10:40,690 - plastyfire.evaluator - INFO - Submitted job 49453005
2025-09-09 17:10:40,690 - plastyfire.evaluator - INFO - No existing PKL file found for mrk97_07: /home/dhuruva/projects/ctb-emuller/dhuruva/plastyfire/refitting_results/fitting/n100/seed19091997/L5TTPC_L5TTPC/simulations/186810-208210/10Hz_10ms/simulation_20333abf369f.pkl, submitting batch job
2025-09-09 17:10:40,692 - plastyfire.evaluator - INFO - Submitted job 49453006
2025-09-09 17:10:40,692 - plastyfire.evaluator - INFO - No existing PKL file found for mrk97_07: /home/dhuruva/projects/ctb-emuller/dhuruva/plastyfire/refitting_results/fitting/n100/seed19091997/L5TTPC_L5TTPC/simulations/184033-189853/10Hz_10ms/simulation_bde200e82982.pkl, submitting batch job
2025-09-09 17:10:40,851 - plastyfire.evaluator - INFO - Submitted job 49453007
2025-09-09 17:10:40,851 - plastyfire.evaluator - INFO - No existing PKL file found for mrk97_07: /home/dhuruva/projects/ctb-emuller/dhuruva/plastyfire/refitting_results/fitting/n100/seed19091997/L5TTPC_L5TTPC/simulations/182354-185997/10Hz_10ms/simulation_bde200e82982.pkl, submitting batch job
2025-09-09 17:10:40,853 - plastyfire.evaluator - INFO - Submitted job 49453008
2025-09-09 17:10:40,853 - plastyfire.evaluator - INFO - No existing PKL file found for mrk97_07: /home/dhuruva/projects/ctb-emuller/dhuruva/plastyfire/refitting_results/fitting/n100/seed19091997/L5TTPC_L5TTPC/simulations/199365-195486/10Hz_10ms/simulation_20333abf369f.pkl, submitting batch job
2025-09-09 17:10:40,855 - plastyfire.evaluator - INFO - Submitted job 49453009
2025-09-09 17:10:40,855 - plastyfire.evaluator - INFO - No existing PKL file found for mrk97_07: /home/dhuruva/projects/ctb-emuller/dhuruva/plastyfire/refitting_results/fitting/n100/seed19091997/L5TTPC_L5TTPC/simulations/182354-185997/10Hz_10ms/simulation_25b4122db3c5.pkl, submitting batch job
2025-09-09 17:10:41,022 - plastyfire.evaluator - INFO - Submitted job 49453010
2025-09-09 17:10:41,022 - plastyfire.evaluator - INFO - No existing PKL file found for mrk97_07: /home/dhuruva/projects/ctb-emuller/dhuruva/plastyfire/refitting_results/fitting/n100/seed19091997/L5TTPC_L5TTPC/simulations/185785-189513/10Hz_10ms/simulation_20333abf369f.pkl, submitting batch job
2025-09-09 17:10:41,023 - plastyfire.evaluator - INFO - Submitted job 49453011
2025-09-09 17:10:41,024 - plastyfire.evaluator - INFO - No existing PKL file found for mrk97_07: /home/dhuruva/projects/ctb-emuller/dhuruva/plastyfire/refitting_results/fitting/n100/seed19091997/L5TTPC_L5TTPC/simulations/203171-197644/10Hz_10ms/simulation_25b4122db3c5.pkl, submitting batch job
2025-09-09 17:10:41,027 - plastyfire.evaluator - INFO - Submitted job 49453012
2025-09-09 17:10:41,027 - plastyfire.evaluator - INFO - No existing PKL file found for mrk97_07: /home/dhuruva/projects/ctb-emuller/dhuruva/plastyfire/refitting_results/fitting/n100/seed19091997/L5TTPC_L5TTPC/simulations/203171-197644/10Hz_10ms/simulation_bde200e82982.pkl, submitting batch job
2025-09-09 17:10:41,200 - plastyfire.evaluator - INFO - Submitted job 49453013
2025-09-09 17:10:41,200 - plastyfire.evaluator - INFO - No existing PKL file found for mrk97_07: /home/dhuruva/projects/ctb-emuller/dhuruva/plastyfire/refitting_results/fitting/n100/seed19091997/L5TTPC_L5TTPC/simulations/184090-195582/10Hz_10ms/simulation_25b4122db3c5.pkl, submitting batch job
2025-09-09 17:10:41,202 - plastyfire.evaluator - INFO - Submitted job 49453014
2025-09-09 17:10:41,202 - plastyfire.evaluator - INFO - No existing PKL file found for mrk97_07: /home/dhuruva/projects/ctb-emuller/dhuruva/plastyfire/refitting_results/fitting/n100/seed19091997/L5TTPC_L5TTPC/simulations/203300-206195/10Hz_10ms/simulation_20333abf369f.pkl, submitting batch job
2025-09-09 17:10:41,204 - plastyfire.evaluator - INFO - Submitted job 49453015
2025-09-09 17:10:41,204 - plastyfire.evaluator - INFO - No existing PKL file found for mrk97_07: /home/dhuruva/projects/ctb-emuller/dhuruva/plastyfire/refitting_results/fitting/n100/seed19091997/L5TTPC_L5TTPC/simulations/184090-195582/10Hz_10ms/simulation_bde200e82982.pkl, submitting batch job
2025-09-09 17:10:41,376 - plastyfire.evaluator - INFO - Submitted job 49453016
2025-09-09 17:10:41,377 - plastyfire.evaluator - INFO - No existing PKL file found for mrk97_07: /home/dhuruva/projects/ctb-emuller/dhuruva/plastyfire/refitting_results/fitting/n100/seed19091997/L5TTPC_L5TTPC/simulations/182072-199843/10Hz_10ms/simulation_bde200e82982.pkl, submitting batch job
2025-09-09 17:10:41,378 - plastyfire.evaluator - INFO - Submitted job 49453017
2025-09-09 17:10:41,378 - plastyfire.evaluator - INFO - No existing PKL file found for mrk97_07: /home/dhuruva/projects/ctb-emuller/dhuruva/plastyfire/refitting_results/fitting/n100/seed19091997/L5TTPC_L5TTPC/simulations/205643-189193/10Hz_10ms/simulation_20333abf369f.pkl, submitting batch job
2025-09-09 17:10:41,380 - plastyfire.evaluator - INFO - Submitted job 49453018
2025-09-09 17:10:41,380 - plastyfire.evaluator - INFO - No existing PKL file found for mrk97_07: /home/dhuruva/projects/ctb-emuller/dhuruva/plastyfire/refitting_results/fitting/n100/seed19091997/L5TTPC_L5TTPC/simulations/182072-199843/10Hz_10ms/simulation_25b4122db3c5.pkl, submitting batch job
2025-09-09 17:10:41,537 - plastyfire.evaluator - INFO - Submitted job 49453019
2025-09-09 17:10:41,537 - plastyfire.evaluator - INFO - No existing PKL file found for mrk97_07: /home/dhuruva/projects/ctb-emuller/dhuruva/plastyfire/refitting_results/fitting/n100/seed19091997/L5TTPC_L5TTPC/simulations/201281-199420/10Hz_10ms/simulation_bde200e82982.pkl, submitting batch job
2025-09-09 17:10:41,538 - plastyfire.evaluator - INFO - Submitted job 49453020
2025-09-09 17:10:41,539 - plastyfire.evaluator - INFO - No existing PKL file found for mrk97_07: /home/dhuruva/projects/ctb-emuller/dhuruva/plastyfire/refitting_results/fitting/n100/seed19091997/L5TTPC_L5TTPC/simulations/191917-186517/10Hz_10ms/simulation_20333abf369f.pkl, submitting batch job
2025-09-09 17:10:41,540 - plastyfire.evaluator - INFO - Submitted job 49453021
2025-09-09 17:10:41,541 - plastyfire.evaluator - INFO - No existing PKL file found for mrk97_07: /home/dhuruva/projects/ctb-emuller/dhuruva/plastyfire/refitting_results/fitting/n100/seed19091997/L5TTPC_L5TTPC/simulations/201281-199420/10Hz_10ms/simulation_25b4122db3c5.pkl, submitting batch job
2025-09-09 17:10:41,709 - plastyfire.evaluator - INFO - Submitted job 49453022
2025-09-09 17:10:41,710 - plastyfire.evaluator - INFO - No existing PKL file found for mrk97_07: /home/dhuruva/projects/ctb-emuller/dhuruva/plastyfire/refitting_results/fitting/n100/seed19091997/L5TTPC_L5TTPC/simulations/205559-199162/10Hz_10ms/simulation_20333abf369f.pkl, submitting batch job
2025-09-09 17:10:41,711 - plastyfire.evaluator - INFO - Submitted job 49453023
2025-09-09 17:10:41,711 - plastyfire.evaluator - INFO - No existing PKL file found for mrk97_07: /home/dhuruva/projects/ctb-emuller/dhuruva/plastyfire/refitting_results/fitting/n100/seed19091997/L5TTPC_L5TTPC/simulations/209709-184968/10Hz_10ms/simulation_bde200e82982.pkl, submitting batch job
2025-09-09 17:10:41,713 - plastyfire.evaluator - INFO - Submitted job 49453024
2025-09-09 17:10:41,713 - plastyfire.evaluator - INFO - No existing PKL file found for mrk97_07: /home/dhuruva/projects/ctb-emuller/dhuruva/plastyfire/refitting_results/fitting/n100/seed19091997/L5TTPC_L5TTPC/simulations/209709-184968/10Hz_10ms/simulation_25b4122db3c5.pkl, submitting batch job
2025-09-09 17:10:41,885 - plastyfire.evaluator - INFO - Submitted job 49453025
2025-09-09 17:10:41,886 - plastyfire.evaluator - INFO - No existing PKL file found for mrk97_07: /home/dhuruva/projects/ctb-emuller/dhuruva/plastyfire/refitting_results/fitting/n100/seed19091997/L5TTPC_L5TTPC/simulations/186810-208210/10Hz_10ms/simulation_bde200e82982.pkl, submitting batch job
2025-09-09 17:10:41,887 - plastyfire.evaluator - INFO - Submitted job 49453026
2025-09-09 17:10:41,887 - plastyfire.evaluator - INFO - No existing PKL file found for mrk97_07: /home/dhuruva/projects/ctb-emuller/dhuruva/plastyfire/refitting_results/fitting/n100/seed19091997/L5TTPC_L5TTPC/simulations/189415-192019/10Hz_10ms/simulation_20333abf369f.pkl, submitting batch job
2025-09-09 17:10:41,889 - plastyfire.evaluator - INFO - Submitted job 49453027
2025-09-09 17:10:41,889 - plastyfire.evaluator - INFO - No existing PKL file found for mrk97_07: /home/dhuruva/projects/ctb-emuller/dhuruva/plastyfire/refitting_results/fitting/n100/seed19091997/L5TTPC_L5TTPC/simulations/186810-208210/10Hz_10ms/simulation_25b4122db3c5.pkl, submitting batch job
2025-09-09 17:10:42,044 - plastyfire.evaluator - INFO - Submitted job 49453028
2025-09-09 17:10:42,044 - plastyfire.evaluator - INFO - No existing PKL file found for mrk97_07: /home/dhuruva/projects/ctb-emuller/dhuruva/plastyfire/refitting_results/fitting/n100/seed19091997/L5TTPC_L5TTPC/simulations/199365-195486/10Hz_10ms/simulation_bde200e82982.pkl, submitting batch job
2025-09-09 17:10:42,046 - plastyfire.evaluator - INFO - Submitted job 49453029
2025-09-09 17:10:42,046 - plastyfire.evaluator - INFO - No existing PKL file found for mrk97_07: /home/dhuruva/projects/ctb-emuller/dhuruva/plastyfire/refitting_results/fitting/n100/seed19091997/L5TTPC_L5TTPC/simulations/192816-200992/10Hz_10ms/simulation_20333abf369f.pkl, submitting batch job
2025-09-09 17:10:42,048 - plastyfire.evaluator - INFO - Submitted job 49453030
2025-09-09 17:10:42,048 - plastyfire.evaluator - INFO - No existing PKL file found for mrk97_07: /home/dhuruva/projects/ctb-emuller/dhuruva/plastyfire/refitting_results/fitting/n100/seed19091997/L5TTPC_L5TTPC/simulations/199365-195486/10Hz_10ms/simulation_25b4122db3c5.pkl, submitting batch job
2025-09-09 17:10:42,224 - plastyfire.evaluator - INFO - Submitted job 49453031
2025-09-09 17:10:42,224 - plastyfire.evaluator - INFO - No existing PKL file found for mrk97_07: /home/dhuruva/projects/ctb-emuller/dhuruva/plastyfire/refitting_results/fitting/n100/seed19091997/L5TTPC_L5TTPC/simulations/185785-189513/10Hz_10ms/simulation_25b4122db3c5.pkl, submitting batch job
2025-09-09 17:10:42,226 - plastyfire.evaluator - INFO - Submitted job 49453032
2025-09-09 17:10:42,226 - plastyfire.evaluator - INFO - No existing PKL file found for mrk97_07: /home/dhuruva/projects/ctb-emuller/dhuruva/plastyfire/refitting_results/fitting/n100/seed19091997/L5TTPC_L5TTPC/simulations/191341-181892/10Hz_10ms/simulation_20333abf369f.pkl, submitting batch job
2025-09-09 17:10:42,228 - plastyfire.evaluator - INFO - Submitted job 49453033
2025-09-09 17:10:42,228 - plastyfire.evaluator - INFO - No existing PKL file found for mrk97_07: /home/dhuruva/projects/ctb-emuller/dhuruva/plastyfire/refitting_results/fitting/n100/seed19091997/L5TTPC_L5TTPC/simulations/185785-189513/10Hz_10ms/simulation_bde200e82982.pkl, submitting batch job
2025-09-09 17:10:42,407 - plastyfire.evaluator - INFO - Submitted job 49453034
2025-09-09 17:10:42,408 - plastyfire.evaluator - INFO - No existing PKL file found for mrk97_07: /home/dhuruva/projects/ctb-emuller/dhuruva/plastyfire/refitting_results/fitting/n100/seed19091997/L5TTPC_L5TTPC/simulations/203300-206195/10Hz_10ms/simulation_25b4122db3c5.pkl, submitting batch job
2025-09-09 17:10:42,409 - plastyfire.evaluator - INFO - Submitted job 49453035
2025-09-09 17:10:42,409 - plastyfire.evaluator - INFO - No existing PKL file found for mrk97_07: /home/dhuruva/projects/ctb-emuller/dhuruva/plastyfire/refitting_results/fitting/n100/seed19091997/L5TTPC_L5TTPC/simulations/206930-184305/10Hz_10ms/simulation_20333abf369f.pkl, submitting batch job
2025-09-09 17:10:42,411 - plastyfire.evaluator - INFO - Submitted job 49453036
2025-09-09 17:10:42,411 - plastyfire.evaluator - INFO - No existing PKL file found for mrk97_07: /home/dhuruva/projects/ctb-emuller/dhuruva/plastyfire/refitting_results/fitting/n100/seed19091997/L5TTPC_L5TTPC/simulations/203300-206195/10Hz_10ms/simulation_bde200e82982.pkl, submitting batch job
2025-09-09 17:10:42,584 - plastyfire.evaluator - INFO - Submitted job 49453037
2025-09-09 17:10:42,584 - plastyfire.evaluator - INFO - No existing PKL file found for mrk97_07: /home/dhuruva/projects/ctb-emuller/dhuruva/plastyfire/refitting_results/fitting/n100/seed19091997/L5TTPC_L5TTPC/simulations/205643-189193/10Hz_10ms/simulation_bde200e82982.pkl, submitting batch job
2025-09-09 17:10:42,585 - plastyfire.evaluator - INFO - Submitted job 49453038
2025-09-09 17:10:42,586 - plastyfire.evaluator - INFO - No existing PKL file found for mrk97_07: /home/dhuruva/projects/ctb-emuller/dhuruva/plastyfire/refitting_results/fitting/n100/seed19091997/L5TTPC_L5TTPC/simulations/205643-189193/10Hz_10ms/simulation_25b4122db3c5.pkl, submitting batch job
2025-09-09 17:10:42,588 - plastyfire.evaluator - INFO - Submitted job 49453039
2025-09-09 17:10:42,588 - plastyfire.evaluator - INFO - No existing PKL file found for mrk97_07: /home/dhuruva/projects/ctb-emuller/dhuruva/plastyfire/refitting_results/fitting/n100/seed19091997/L5TTPC_L5TTPC/simulations/199879-192945/10Hz_10ms/simulation_20333abf369f.pkl, submitting batch job
2025-09-09 17:10:42,750 - plastyfire.evaluator - INFO - Submitted job 49453040
2025-09-09 17:10:42,751 - plastyfire.evaluator - INFO - No existing PKL file found for mrk97_07: /home/dhuruva/projects/ctb-emuller/dhuruva/plastyfire/refitting_results/fitting/n100/seed19091997/L5TTPC_L5TTPC/simulations/193467-199529/10Hz_10ms/simulation_20333abf369f.pkl, submitting batch job
2025-09-09 17:10:43,336 - plastyfire.evaluator - INFO - Submitted job 49453041
2025-09-09 17:10:43,336 - plastyfire.evaluator - INFO - No existing PKL file found for mrk97_07: /home/dhuruva/projects/ctb-emuller/dhuruva/plastyfire/refitting_results/fitting/n100/seed19091997/L5TTPC_L5TTPC/simulations/191917-186517/10Hz_10ms/simulation_25b4122db3c5.pkl, submitting batch job
2025-09-09 17:10:43,340 - plastyfire.evaluator - INFO - Submitted job 49453042
2025-09-09 17:10:43,340 - plastyfire.evaluator - INFO - No existing PKL file found for mrk97_07: /home/dhuruva/projects/ctb-emuller/dhuruva/plastyfire/refitting_results/fitting/n100/seed19091997/L5TTPC_L5TTPC/simulations/190073-201891/10Hz_10ms/simulation_20333abf369f.pkl, submitting batch job
2025-09-09 17:10:43,342 - plastyfire.evaluator - INFO - Submitted job 49453043
2025-09-09 17:10:43,343 - plastyfire.evaluator - INFO - No existing PKL file found for mrk97_07: /home/dhuruva/projects/ctb-emuller/dhuruva/plastyfire/refitting_results/fitting/n100/seed19091997/L5TTPC_L5TTPC/simulations/191917-186517/10Hz_10ms/simulation_bde200e82982.pkl, submitting batch job
2025-09-09 17:10:43,525 - plastyfire.evaluator - INFO - Submitted job 49453044
2025-09-09 17:10:43,525 - plastyfire.evaluator - INFO - No existing PKL file found for mrk97_07: /home/dhuruva/projects/ctb-emuller/dhuruva/plastyfire/refitting_results/fitting/n100/seed19091997/L5TTPC_L5TTPC/simulations/205559-199162/10Hz_10ms/simulation_bde200e82982.pkl, submitting batch job
2025-09-09 17:10:43,527 - plastyfire.evaluator - INFO - Submitted job 49453045
2025-09-09 17:10:43,527 - plastyfire.evaluator - INFO - No existing PKL file found for mrk97_07: /home/dhuruva/projects/ctb-emuller/dhuruva/plastyfire/refitting_results/fitting/n100/seed19091997/L5TTPC_L5TTPC/simulations/205559-199162/10Hz_10ms/simulation_25b4122db3c5.pkl, submitting batch job
2025-09-09 17:10:43,529 - plastyfire.evaluator - INFO - Submitted job 49453046
2025-09-09 17:10:43,529 - plastyfire.evaluator - INFO - No existing PKL file found for mrk97_07: /home/dhuruva/projects/ctb-emuller/dhuruva/plastyfire/refitting_results/fitting/n100/seed19091997/L5TTPC_L5TTPC/simulations/209495-189342/10Hz_10ms/simulation_20333abf369f.pkl, submitting batch job
2025-09-09 17:10:43,692 - plastyfire.evaluator - INFO - Submitted job 49453047
2025-09-09 17:10:43,692 - plastyfire.evaluator - INFO - No existing PKL file found for mrk97_07: /home/dhuruva/projects/ctb-emuller/dhuruva/plastyfire/refitting_results/fitting/n100/seed19091997/L5TTPC_L5TTPC/simulations/189415-192019/10Hz_10ms/simulation_bde200e82982.pkl, submitting batch job
2025-09-09 17:10:43,694 - plastyfire.evaluator - INFO - Submitted job 49453048
2025-09-09 17:10:43,694 - plastyfire.evaluator - INFO - No existing PKL file found for mrk97_07: /home/dhuruva/projects/ctb-emuller/dhuruva/plastyfire/refitting_results/fitting/n100/seed19091997/L5TTPC_L5TTPC/simulations/189415-192019/10Hz_10ms/simulation_25b4122db3c5.pkl, submitting batch job
2025-09-09 17:10:43,696 - plastyfire.evaluator - INFO - Submitted job 49453049
2025-09-09 17:10:43,696 - plastyfire.evaluator - INFO - No existing PKL file found for mrk97_07: /home/dhuruva/projects/ctb-emuller/dhuruva/plastyfire/refitting_results/fitting/n100/seed19091997/L5TTPC_L5TTPC/simulations/194969-207559/10Hz_10ms/simulation_20333abf369f.pkl, submitting batch job
2025-09-09 17:10:43,857 - plastyfire.evaluator - INFO - Submitted job 49453050
2025-09-09 17:10:43,858 - plastyfire.evaluator - INFO - No existing PKL file found for mrk97_07: /home/dhuruva/projects/ctb-emuller/dhuruva/plastyfire/refitting_results/fitting/n100/seed19091997/L5TTPC_L5TTPC/simulations/192816-200992/10Hz_10ms/simulation_25b4122db3c5.pkl, submitting batch job
2025-09-09 17:10:43,859 - plastyfire.evaluator - INFO - Submitted job 49453051
2025-09-09 17:10:43,860 - plastyfire.evaluator - INFO - No existing PKL file found for mrk97_07: /home/dhuruva/projects/ctb-emuller/dhuruva/plastyfire/refitting_results/fitting/n100/seed19091997/L5TTPC_L5TTPC/simulations/190353-181954/10Hz_10ms/simulation_20333abf369f.pkl, submitting batch job
2025-09-09 17:10:43,861 - plastyfire.evaluator - INFO - Submitted job 49453052
2025-09-09 17:10:43,862 - plastyfire.evaluator - INFO - No existing PKL file found for mrk97_07: /home/dhuruva/projects/ctb-emuller/dhuruva/plastyfire/refitting_results/fitting/n100/seed19091997/L5TTPC_L5TTPC/simulations/192816-200992/10Hz_10ms/simulation_bde200e82982.pkl, submitting batch job
2025-09-09 17:10:44,175 - plastyfire.evaluator - INFO - Submitted job 49453053
2025-09-09 17:10:44,176 - plastyfire.evaluator - INFO - No existing PKL file found for mrk97_07: /home/dhuruva/projects/ctb-emuller/dhuruva/plastyfire/refitting_results/fitting/n100/seed19091997/L5TTPC_L5TTPC/simulations/185875-206473/10Hz_10ms/simulation_20333abf369f.pkl, submitting batch job
2025-09-09 17:10:44,177 - plastyfire.evaluator - INFO - Submitted job 49453054
2025-09-09 17:10:44,177 - plastyfire.evaluator - INFO - No existing PKL file found for mrk97_07: /home/dhuruva/projects/ctb-emuller/dhuruva/plastyfire/refitting_results/fitting/n100/seed19091997/L5TTPC_L5TTPC/simulations/191341-181892/10Hz_10ms/simulation_25b4122db3c5.pkl, submitting batch job
2025-09-09 17:10:44,179 - plastyfire.evaluator - INFO - Submitted job 49453055
2025-09-09 17:10:44,179 - plastyfire.evaluator - INFO - No existing PKL file found for mrk97_07: /home/dhuruva/projects/ctb-emuller/dhuruva/plastyfire/refitting_results/fitting/n100/seed19091997/L5TTPC_L5TTPC/simulations/191341-181892/10Hz_10ms/simulation_bde200e82982.pkl, submitting batch job
2025-09-09 17:10:44,380 - plastyfire.evaluator - INFO - Submitted job 49453056
2025-09-09 17:10:44,380 - plastyfire.evaluator - INFO - No existing PKL file found for mrk97_07: /home/dhuruva/projects/ctb-emuller/dhuruva/plastyfire/refitting_results/fitting/n100/seed19091997/L5TTPC_L5TTPC/simulations/206930-184305/10Hz_10ms/simulation_25b4122db3c5.pkl, submitting batch job
2025-09-09 17:10:44,381 - plastyfire.evaluator - INFO - Submitted job 49453057
2025-09-09 17:10:44,382 - plastyfire.evaluator - INFO - No existing PKL file found for mrk97_07: /home/dhuruva/projects/ctb-emuller/dhuruva/plastyfire/refitting_results/fitting/n100/seed19091997/L5TTPC_L5TTPC/simulations/196748-180959/10Hz_10ms/simulation_20333abf369f.pkl, submitting batch job
2025-09-09 17:10:44,383 - plastyfire.evaluator - INFO - Submitted job 49453058
2025-09-09 17:10:44,384 - plastyfire.evaluator - INFO - No existing PKL file found for mrk97_07: /home/dhuruva/projects/ctb-emuller/dhuruva/plastyfire/refitting_results/fitting/n100/seed19091997/L5TTPC_L5TTPC/simulations/206930-184305/10Hz_10ms/simulation_bde200e82982.pkl, submitting batch job
2025-09-09 17:10:44,545 - plastyfire.evaluator - INFO - Submitted job 49453059
2025-09-09 17:10:44,545 - plastyfire.evaluator - INFO - No existing PKL file found for mrk97_07: /home/dhuruva/projects/ctb-emuller/dhuruva/plastyfire/refitting_results/fitting/n100/seed19091997/L5TTPC_L5TTPC/simulations/199879-192945/10Hz_10ms/simulation_bde200e82982.pkl, submitting batch job
2025-09-09 17:10:44,546 - plastyfire.evaluator - INFO - Submitted job 49453060
2025-09-09 17:10:44,547 - plastyfire.evaluator - INFO - No existing PKL file found for mrk97_07: /home/dhuruva/projects/ctb-emuller/dhuruva/plastyfire/refitting_results/fitting/n100/seed19091997/L5TTPC_L5TTPC/simulations/199879-192945/10Hz_10ms/simulation_25b4122db3c5.pkl, submitting batch job
2025-09-09 17:10:44,548 - plastyfire.evaluator - INFO - Submitted job 49453061
2025-09-09 17:10:44,549 - plastyfire.evaluator - INFO - No existing PKL file found for mrk97_07: /home/dhuruva/projects/ctb-emuller/dhuruva/plastyfire/refitting_results/fitting/n100/seed19091997/L5TTPC_L5TTPC/simulations/204883-200512/10Hz_10ms/simulation_20333abf369f.pkl, submitting batch job
2025-09-09 17:10:44,708 - plastyfire.evaluator - INFO - Submitted job 49453062
2025-09-09 17:10:44,708 - plastyfire.evaluator - INFO - No existing PKL file found for mrk97_07: /home/dhuruva/projects/ctb-emuller/dhuruva/plastyfire/refitting_results/fitting/n100/seed19091997/L5TTPC_L5TTPC/simulations/193467-199529/10Hz_10ms/simulation_bde200e82982.pkl, submitting batch job
2025-09-09 17:10:44,709 - plastyfire.evaluator - INFO - Submitted job 49453063
2025-09-09 17:10:44,710 - plastyfire.evaluator - INFO - No existing PKL file found for mrk97_07: /home/dhuruva/projects/ctb-emuller/dhuruva/plastyfire/refitting_results/fitting/n100/seed19091997/L5TTPC_L5TTPC/simulations/189027-190257/10Hz_10ms/simulation_20333abf369f.pkl, submitting batch job
2025-09-09 17:10:44,711 - plastyfire.evaluator - INFO - Submitted job 49453064
2025-09-09 17:10:44,711 - plastyfire.evaluator - INFO - No existing PKL file found for mrk97_07: /home/dhuruva/projects/ctb-emuller/dhuruva/plastyfire/refitting_results/fitting/n100/seed19091997/L5TTPC_L5TTPC/simulations/193467-199529/10Hz_10ms/simulation_25b4122db3c5.pkl, submitting batch job
2025-09-09 17:10:44,871 - plastyfire.evaluator - INFO - Submitted job 49453065
2025-09-09 17:10:44,871 - plastyfire.evaluator - INFO - No existing PKL file found for mrk97_07: /home/dhuruva/projects/ctb-emuller/dhuruva/plastyfire/refitting_results/fitting/n100/seed19091997/L5TTPC_L5TTPC/simulations/195214-208946/10Hz_10ms/simulation_20333abf369f.pkl, submitting batch job
2025-09-09 17:10:44,872 - plastyfire.evaluator - INFO - Submitted job 49453066
2025-09-09 17:10:44,873 - plastyfire.evaluator - INFO - No existing PKL file found for mrk97_07: /home/dhuruva/projects/ctb-emuller/dhuruva/plastyfire/refitting_results/fitting/n100/seed19091997/L5TTPC_L5TTPC/simulations/190073-201891/10Hz_10ms/simulation_25b4122db3c5.pkl, submitting batch job
2025-09-09 17:10:44,874 - plastyfire.evaluator - INFO - Submitted job 49453067
2025-09-09 17:10:44,874 - plastyfire.evaluator - INFO - No existing PKL file found for mrk97_07: /home/dhuruva/projects/ctb-emuller/dhuruva/plastyfire/refitting_results/fitting/n100/seed19091997/L5TTPC_L5TTPC/simulations/190073-201891/10Hz_10ms/simulation_bde200e82982.pkl, submitting batch job
2025-09-09 17:10:45,033 - plastyfire.evaluator - INFO - Submitted job 49453068
2025-09-09 17:10:45,034 - plastyfire.evaluator - INFO - No existing PKL file found for mrk97_07: /home/dhuruva/projects/ctb-emuller/dhuruva/plastyfire/refitting_results/fitting/n100/seed19091997/L5TTPC_L5TTPC/simulations/209495-189342/10Hz_10ms/simulation_25b4122db3c5.pkl, submitting batch job
2025-09-09 17:10:45,035 - plastyfire.evaluator - INFO - Submitted job 49453069
2025-09-09 17:10:45,035 - plastyfire.evaluator - INFO - No existing PKL file found for mrk97_07: /home/dhuruva/projects/ctb-emuller/dhuruva/plastyfire/refitting_results/fitting/n100/seed19091997/L5TTPC_L5TTPC/simulations/182581-208651/10Hz_10ms/simulation_20333abf369f.pkl, submitting batch job
2025-09-09 17:10:45,037 - plastyfire.evaluator - INFO - Submitted job 49453070
2025-09-09 17:10:45,038 - plastyfire.evaluator - INFO - No existing PKL file found for mrk97_07: /home/dhuruva/projects/ctb-emuller/dhuruva/plastyfire/refitting_results/fitting/n100/seed19091997/L5TTPC_L5TTPC/simulations/209495-189342/10Hz_10ms/simulation_bde200e82982.pkl, submitting batch job
2025-09-09 17:10:45,222 - plastyfire.evaluator - INFO - Submitted job 49453071
2025-09-09 17:10:45,222 - plastyfire.evaluator - INFO - No existing PKL file found for mrk97_07: /home/dhuruva/projects/ctb-emuller/dhuruva/plastyfire/refitting_results/fitting/n100/seed19091997/L5TTPC_L5TTPC/simulations/194969-207559/10Hz_10ms/simulation_bde200e82982.pkl, submitting batch job
2025-09-09 17:10:45,224 - plastyfire.evaluator - INFO - Submitted job 49453072
2025-09-09 17:10:45,224 - plastyfire.evaluator - INFO - No existing PKL file found for mrk97_07: /home/dhuruva/projects/ctb-emuller/dhuruva/plastyfire/refitting_results/fitting/n100/seed19091997/L5TTPC_L5TTPC/simulations/194969-207559/10Hz_10ms/simulation_25b4122db3c5.pkl, submitting batch job
2025-09-09 17:10:45,226 - plastyfire.evaluator - INFO - Submitted job 49453073
2025-09-09 17:10:45,226 - plastyfire.evaluator - INFO - No existing PKL file found for mrk97_07: /home/dhuruva/projects/ctb-emuller/dhuruva/plastyfire/refitting_results/fitting/n100/seed19091997/L5TTPC_L5TTPC/simulations/204194-205064/10Hz_10ms/simulation_20333abf369f.pkl, submitting batch job
2025-09-09 17:10:45,396 - plastyfire.evaluator - INFO - Submitted job 49453074
2025-09-09 17:10:45,396 - plastyfire.evaluator - INFO - No existing PKL file found for mrk97_07: /home/dhuruva/projects/ctb-emuller/dhuruva/plastyfire/refitting_results/fitting/n100/seed19091997/L5TTPC_L5TTPC/simulations/190353-181954/10Hz_10ms/simulation_25b4122db3c5.pkl, submitting batch job
2025-09-09 17:10:45,398 - plastyfire.evaluator - INFO - Submitted job 49453075
2025-09-09 17:10:45,398 - plastyfire.evaluator - INFO - No existing PKL file found for mrk97_07: /home/dhuruva/projects/ctb-emuller/dhuruva/plastyfire/refitting_results/fitting/n100/seed19091997/L5TTPC_L5TTPC/simulations/180834-205125/10Hz_10ms/simulation_20333abf369f.pkl, submitting batch job
2025-09-09 17:10:45,400 - plastyfire.evaluator - INFO - Submitted job 49453076
2025-09-09 17:10:45,400 - plastyfire.evaluator - INFO - No existing PKL file found for mrk97_07: /home/dhuruva/projects/ctb-emuller/dhuruva/plastyfire/refitting_results/fitting/n100/seed19091997/L5TTPC_L5TTPC/simulations/190353-181954/10Hz_10ms/simulation_bde200e82982.pkl, submitting batch job
2025-09-09 17:10:45,566 - plastyfire.evaluator - INFO - Submitted job 49453077
2025-09-09 17:10:45,566 - plastyfire.evaluator - INFO - No existing PKL file found for mrk97_07: /home/dhuruva/projects/ctb-emuller/dhuruva/plastyfire/refitting_results/fitting/n100/seed19091997/L5TTPC_L5TTPC/simulations/185875-206473/10Hz_10ms/simulation_bde200e82982.pkl, submitting batch job
2025-09-09 17:10:45,568 - plastyfire.evaluator - INFO - Submitted job 49453078
2025-09-09 17:10:45,568 - plastyfire.evaluator - INFO - No existing PKL file found for mrk97_07: /home/dhuruva/projects/ctb-emuller/dhuruva/plastyfire/refitting_results/fitting/n100/seed19091997/L5TTPC_L5TTPC/simulations/182967-198780/10Hz_10ms/simulation_20333abf369f.pkl, submitting batch job
2025-09-09 17:10:45,569 - plastyfire.evaluator - INFO - Submitted job 49453079
2025-09-09 17:10:45,570 - plastyfire.evaluator - INFO - No existing PKL file found for mrk97_07: /home/dhuruva/projects/ctb-emuller/dhuruva/plastyfire/refitting_results/fitting/n100/seed19091997/L5TTPC_L5TTPC/simulations/185875-206473/10Hz_10ms/simulation_25b4122db3c5.pkl, submitting batch job
2025-09-09 17:10:45,734 - plastyfire.evaluator - INFO - Submitted job 49453080
2025-09-09 17:10:45,735 - plastyfire.evaluator - INFO - No existing PKL file found for mrk97_07: /home/dhuruva/projects/ctb-emuller/dhuruva/plastyfire/refitting_results/fitting/n100/seed19091997/L5TTPC_L5TTPC/simulations/196748-180959/10Hz_10ms/simulation_bde200e82982.pkl, submitting batch job
2025-09-09 17:10:45,736 - plastyfire.evaluator - INFO - Submitted job 49453081
2025-09-09 17:10:45,736 - plastyfire.evaluator - INFO - No existing PKL file found for mrk97_07: /home/dhuruva/projects/ctb-emuller/dhuruva/plastyfire/refitting_results/fitting/n100/seed19091997/L5TTPC_L5TTPC/simulations/196748-180959/10Hz_10ms/simulation_25b4122db3c5.pkl, submitting batch job
2025-09-09 17:10:45,738 - plastyfire.evaluator - INFO - Submitted job 49453082
2025-09-09 17:10:45,738 - plastyfire.evaluator - INFO - No existing PKL file found for mrk97_07: /home/dhuruva/projects/ctb-emuller/dhuruva/plastyfire/refitting_results/fitting/n100/seed19091997/L5TTPC_L5TTPC/simulations/180723-207048/10Hz_10ms/simulation_20333abf369f.pkl, submitting batch job
2025-09-09 17:10:45,919 - plastyfire.evaluator - INFO - Submitted job 49453083
2025-09-09 17:10:45,920 - plastyfire.evaluator - INFO - No existing PKL file found for mrk97_07: /home/dhuruva/projects/ctb-emuller/dhuruva/plastyfire/refitting_results/fitting/n100/seed19091997/L5TTPC_L5TTPC/simulations/204883-200512/10Hz_10ms/simulation_25b4122db3c5.pkl, submitting batch job
2025-09-09 17:10:46,334 - plastyfire.evaluator - INFO - Submitted job 49453084
2025-09-09 17:10:46,334 - plastyfire.evaluator - INFO - No existing PKL file found for mrk97_07: /home/dhuruva/projects/ctb-emuller/dhuruva/plastyfire/refitting_results/fitting/n100/seed19091997/L5TTPC_L5TTPC/simulations/202571-195398/10Hz_10ms/simulation_20333abf369f.pkl, submitting batch job
2025-09-09 17:10:46,348 - plastyfire.evaluator - INFO - Submitted job 49453085
2025-09-09 17:10:46,349 - plastyfire.evaluator - INFO - No existing PKL file found for mrk97_07: /home/dhuruva/projects/ctb-emuller/dhuruva/plastyfire/refitting_results/fitting/n100/seed19091997/L5TTPC_L5TTPC/simulations/189027-190257/10Hz_10ms/simulation_25b4122db3c5.pkl, submitting batch job
2025-09-09 17:10:46,350 - plastyfire.evaluator - INFO - Submitted job 49453086
2025-09-09 17:10:46,351 - plastyfire.evaluator - INFO - No existing PKL file found for mrk97_07: /home/dhuruva/projects/ctb-emuller/dhuruva/plastyfire/refitting_results/fitting/n100/seed19091997/L5TTPC_L5TTPC/simulations/204883-200512/10Hz_10ms/simulation_bde200e82982.pkl, submitting batch job
2025-09-09 17:10:46,529 - plastyfire.evaluator - INFO - Submitted job 49453087
2025-09-09 17:10:46,530 - plastyfire.evaluator - INFO - No existing PKL file found for mrk97_07: /home/dhuruva/projects/ctb-emuller/dhuruva/plastyfire/refitting_results/fitting/n100/seed19091997/L5TTPC_L5TTPC/simulations/195214-208946/10Hz_10ms/simulation_25b4122db3c5.pkl, submitting batch job
2025-09-09 17:10:46,531 - plastyfire.evaluator - INFO - Submitted job 49453088
2025-09-09 17:10:46,531 - plastyfire.evaluator - INFO - No existing PKL file found for mrk97_07: /home/dhuruva/projects/ctb-emuller/dhuruva/plastyfire/refitting_results/fitting/n100/seed19091997/L5TTPC_L5TTPC/simulations/189027-190257/10Hz_10ms/simulation_bde200e82982.pkl, submitting batch job
2025-09-09 17:10:46,533 - plastyfire.evaluator - INFO - Submitted job 49453089
2025-09-09 17:10:46,533 - plastyfire.evaluator - INFO - No existing PKL file found for mrk97_07: /home/dhuruva/projects/ctb-emuller/dhuruva/plastyfire/refitting_results/fitting/n100/seed19091997/L5TTPC_L5TTPC/simulations/181588-206273/10Hz_10ms/simulation_20333abf369f.pkl, submitting batch job
2025-09-09 17:10:46,700 - plastyfire.evaluator - INFO - Submitted job 49453090
2025-09-09 17:10:46,700 - plastyfire.evaluator - INFO - No existing PKL file found for mrk97_07: /home/dhuruva/projects/ctb-emuller/dhuruva/plastyfire/refitting_results/fitting/n100/seed19091997/L5TTPC_L5TTPC/simulations/180329-189548/10Hz_10ms/simulation_20333abf369f.pkl, submitting batch job
2025-09-09 17:10:46,702 - plastyfire.evaluator - INFO - Submitted job 49453091
2025-09-09 17:10:46,702 - plastyfire.evaluator - INFO - No existing PKL file found for mrk97_07: /home/dhuruva/projects/ctb-emuller/dhuruva/plastyfire/refitting_results/fitting/n100/seed19091997/L5TTPC_L5TTPC/simulations/195214-208946/10Hz_10ms/simulation_bde200e82982.pkl, submitting batch job
2025-09-09 17:10:46,704 - plastyfire.evaluator - INFO - Submitted job 49453092
2025-09-09 17:10:46,704 - plastyfire.evaluator - INFO - No existing PKL file found for mrk97_07: /home/dhuruva/projects/ctb-emuller/dhuruva/plastyfire/refitting_results/fitting/n100/seed19091997/L5TTPC_L5TTPC/simulations/182581-208651/10Hz_10ms/simulation_25b4122db3c5.pkl, submitting batch job
2025-09-09 17:10:46,933 - plastyfire.evaluator - INFO - Submitted job 49453093
2025-09-09 17:10:46,934 - plastyfire.evaluator - INFO - No existing PKL file found for mrk97_07: /home/dhuruva/projects/ctb-emuller/dhuruva/plastyfire/refitting_results/fitting/n100/seed19091997/L5TTPC_L5TTPC/simulations/182581-208651/10Hz_10ms/simulation_bde200e82982.pkl, submitting batch job
2025-09-09 17:10:46,935 - plastyfire.evaluator - INFO - Submitted job 49453094
2025-09-09 17:10:46,936 - plastyfire.evaluator - INFO - No existing PKL file found for mrk97_07: /home/dhuruva/projects/ctb-emuller/dhuruva/plastyfire/refitting_results/fitting/n100/seed19091997/L5TTPC_L5TTPC/simulations/205327-192314/10Hz_10ms/simulation_20333abf369f.pkl, submitting batch job
2025-09-09 17:10:46,937 - plastyfire.evaluator - INFO - Submitted job 49453095
2025-09-09 17:10:46,937 - plastyfire.evaluator - INFO - No existing PKL file found for mrk97_07: /home/dhuruva/projects/ctb-emuller/dhuruva/plastyfire/refitting_results/fitting/n100/seed19091997/L5TTPC_L5TTPC/simulations/204194-205064/10Hz_10ms/simulation_25b4122db3c5.pkl, submitting batch job
2025-09-09 17:10:47,114 - plastyfire.evaluator - INFO - Submitted job 49453097
2025-09-09 17:10:47,114 - plastyfire.evaluator - INFO - No existing PKL file found for mrk97_07: /home/dhuruva/projects/ctb-emuller/dhuruva/plastyfire/refitting_results/fitting/n100/seed19091997/L5TTPC_L5TTPC/simulations/204194-205064/10Hz_10ms/simulation_bde200e82982.pkl, submitting batch job
2025-09-09 17:10:47,117 - plastyfire.evaluator - INFO - Submitted job 49453098
2025-09-09 17:10:47,117 - plastyfire.evaluator - INFO - No existing PKL file found for mrk97_07: /home/dhuruva/projects/ctb-emuller/dhuruva/plastyfire/refitting_results/fitting/n100/seed19091997/L5TTPC_L5TTPC/simulations/180834-205125/10Hz_10ms/simulation_25b4122db3c5.pkl, submitting batch job
2025-09-09 17:10:47,119 - plastyfire.evaluator - INFO - Submitted job 49453099
2025-09-09 17:10:47,120 - plastyfire.evaluator - INFO - No existing PKL file found for mrk97_07: /home/dhuruva/projects/ctb-emuller/dhuruva/plastyfire/refitting_results/fitting/n100/seed19091997/L5TTPC_L5TTPC/simulations/180687-187024/10Hz_10ms/simulation_20333abf369f.pkl, submitting batch job
2025-09-09 17:10:47,385 - plastyfire.evaluator - INFO - Submitted job 49453100
2025-09-09 17:10:47,385 - plastyfire.evaluator - INFO - No existing PKL file found for mrk97_07: /home/dhuruva/projects/ctb-emuller/dhuruva/plastyfire/refitting_results/fitting/n100/seed19091997/L5TTPC_L5TTPC/simulations/182967-198780/10Hz_10ms/simulation_25b4122db3c5.pkl, submitting batch job
2025-09-09 17:10:47,386 - plastyfire.evaluator - INFO - Submitted job 49453101
2025-09-09 17:10:47,387 - plastyfire.evaluator - INFO - No existing PKL file found for mrk97_07: /home/dhuruva/projects/ctb-emuller/dhuruva/plastyfire/refitting_results/fitting/n100/seed19091997/L5TTPC_L5TTPC/simulations/208976-188476/10Hz_10ms/simulation_20333abf369f.pkl, submitting batch job
2025-09-09 17:10:47,389 - plastyfire.evaluator - INFO - Submitted job 49453102
2025-09-09 17:10:47,389 - plastyfire.evaluator - INFO - No existing PKL file found for mrk97_07: /home/dhuruva/projects/ctb-emuller/dhuruva/plastyfire/refitting_results/fitting/n100/seed19091997/L5TTPC_L5TTPC/simulations/180834-205125/10Hz_10ms/simulation_bde200e82982.pkl, submitting batch job
2025-09-09 17:10:47,603 - plastyfire.evaluator - INFO - Submitted job 49453104
2025-09-09 17:10:47,604 - plastyfire.evaluator - INFO - No existing PKL file found for mrk97_07: /home/dhuruva/projects/ctb-emuller/dhuruva/plastyfire/refitting_results/fitting/n100/seed19091997/L5TTPC_L5TTPC/simulations/207475-192618/10Hz_10ms/simulation_20333abf369f.pkl, submitting batch job
2025-09-09 17:10:47,608 - plastyfire.evaluator - INFO - Submitted job 49453106
2025-09-09 17:10:47,608 - plastyfire.evaluator - INFO - No existing PKL file found for mrk97_07: /home/dhuruva/projects/ctb-emuller/dhuruva/plastyfire/refitting_results/fitting/n100/seed19091997/L5TTPC_L5TTPC/simulations/180723-207048/10Hz_10ms/simulation_25b4122db3c5.pkl, submitting batch job
2025-09-09 17:10:47,610 - plastyfire.evaluator - INFO - Submitted job 49453107
2025-09-09 17:10:47,610 - plastyfire.evaluator - INFO - No existing PKL file found for mrk97_07: /home/dhuruva/projects/ctb-emuller/dhuruva/plastyfire/refitting_results/fitting/n100/seed19091997/L5TTPC_L5TTPC/simulations/182967-198780/10Hz_10ms/simulation_bde200e82982.pkl, submitting batch job
2025-09-09 17:10:47,819 - plastyfire.evaluator - INFO - Submitted job 49453108
2025-09-09 17:10:47,820 - plastyfire.evaluator - INFO - No existing PKL file found for mrk97_07: /home/dhuruva/projects/ctb-emuller/dhuruva/plastyfire/refitting_results/fitting/n100/seed19091997/L5TTPC_L5TTPC/simulations/208093-203811/10Hz_10ms/simulation_20333abf369f.pkl, submitting batch job
2025-09-09 17:10:47,821 - plastyfire.evaluator - INFO - Submitted job 49453109
2025-09-09 17:10:47,821 - plastyfire.evaluator - INFO - No existing PKL file found for mrk97_07: /home/dhuruva/projects/ctb-emuller/dhuruva/plastyfire/refitting_results/fitting/n100/seed19091997/L5TTPC_L5TTPC/simulations/180723-207048/10Hz_10ms/simulation_bde200e82982.pkl, submitting batch job
2025-09-09 17:10:47,823 - plastyfire.evaluator - INFO - Submitted job 49453110
2025-09-09 17:10:47,823 - plastyfire.evaluator - INFO - No existing PKL file found for mrk97_07: /home/dhuruva/projects/ctb-emuller/dhuruva/plastyfire/refitting_results/fitting/n100/seed19091997/L5TTPC_L5TTPC/simulations/202571-195398/10Hz_10ms/simulation_25b4122db3c5.pkl, submitting batch job
2025-09-09 17:10:47,985 - plastyfire.evaluator - INFO - Submitted job 49453112
2025-09-09 17:10:47,986 - plastyfire.evaluator - INFO - No existing PKL file found for mrk97_07: /home/dhuruva/projects/ctb-emuller/dhuruva/plastyfire/refitting_results/fitting/n100/seed19091997/L5TTPC_L5TTPC/simulations/196654-200262/10Hz_10ms/simulation_20333abf369f.pkl, submitting batch job
2025-09-09 17:10:47,991 - plastyfire.evaluator - INFO - Submitted job 49453113
2025-09-09 17:10:47,991 - plastyfire.evaluator - INFO - No existing PKL file found for mrk97_07: /home/dhuruva/projects/ctb-emuller/dhuruva/plastyfire/refitting_results/fitting/n100/seed19091997/L5TTPC_L5TTPC/simulations/202571-195398/10Hz_10ms/simulation_bde200e82982.pkl, submitting batch job
2025-09-09 17:10:47,992 - plastyfire.evaluator - INFO - Submitted job 49453114
2025-09-09 17:10:47,993 - plastyfire.evaluator - INFO - No existing PKL file found for mrk97_07: /home/dhuruva/projects/ctb-emuller/dhuruva/plastyfire/refitting_results/fitting/n100/seed19091997/L5TTPC_L5TTPC/simulations/181588-206273/10Hz_10ms/simulation_25b4122db3c5.pkl, submitting batch job
2025-09-09 17:10:48,152 - plastyfire.evaluator - INFO - Submitted job 49453115
2025-09-09 17:10:48,152 - plastyfire.evaluator - INFO - No existing PKL file found for mrk97_07: /home/dhuruva/projects/ctb-emuller/dhuruva/plastyfire/refitting_results/fitting/n100/seed19091997/L5TTPC_L5TTPC/simulations/203919-187736/10Hz_10ms/simulation_20333abf369f.pkl, submitting batch job
2025-09-09 17:10:48,153 - plastyfire.evaluator - INFO - Submitted job 49453116
2025-09-09 17:10:48,154 - plastyfire.evaluator - INFO - No existing PKL file found for mrk97_07: /home/dhuruva/projects/ctb-emuller/dhuruva/plastyfire/refitting_results/fitting/n100/seed19091997/L5TTPC_L5TTPC/simulations/180329-189548/10Hz_10ms/simulation_25b4122db3c5.pkl, submitting batch job
2025-09-09 17:10:48,155 - plastyfire.evaluator - INFO - Submitted job 49453117
2025-09-09 17:10:48,155 - plastyfire.evaluator - INFO - No existing PKL file found for mrk97_07: /home/dhuruva/projects/ctb-emuller/dhuruva/plastyfire/refitting_results/fitting/n100/seed19091997/L5TTPC_L5TTPC/simulations/181588-206273/10Hz_10ms/simulation_bde200e82982.pkl, submitting batch job
2025-09-09 17:10:48,350 - plastyfire.evaluator - INFO - Submitted job 49453118
2025-09-09 17:10:48,351 - plastyfire.evaluator - INFO - No existing PKL file found for mrk97_07: /home/dhuruva/projects/ctb-emuller/dhuruva/plastyfire/refitting_results/fitting/n100/seed19091997/L5TTPC_L5TTPC/simulations/207836-184831/10Hz_10ms/simulation_20333abf369f.pkl, submitting batch job
2025-09-09 17:10:48,352 - plastyfire.evaluator - INFO - Submitted job 49453119
2025-09-09 17:10:48,352 - plastyfire.evaluator - INFO - No existing PKL file found for mrk97_07: /home/dhuruva/projects/ctb-emuller/dhuruva/plastyfire/refitting_results/fitting/n100/seed19091997/L5TTPC_L5TTPC/simulations/205327-192314/10Hz_10ms/simulation_25b4122db3c5.pkl, submitting batch job
2025-09-09 17:10:48,354 - plastyfire.evaluator - INFO - Submitted job 49453120
2025-09-09 17:10:48,354 - plastyfire.evaluator - INFO - No existing PKL file found for mrk97_07: /home/dhuruva/projects/ctb-emuller/dhuruva/plastyfire/refitting_results/fitting/n100/seed19091997/L5TTPC_L5TTPC/simulations/180329-189548/10Hz_10ms/simulation_bde200e82982.pkl, submitting batch job
2025-09-09 17:10:48,610 - plastyfire.evaluator - INFO - Submitted job 49453121
2025-09-09 17:10:48,611 - plastyfire.evaluator - INFO - No existing PKL file found for mrk97_07: /home/dhuruva/projects/ctb-emuller/dhuruva/plastyfire/refitting_results/fitting/n100/seed19091997/L5TTPC_L5TTPC/simulations/184709-196154/10Hz_10ms/simulation_20333abf369f.pkl, submitting batch job
2025-09-09 17:10:48,612 - plastyfire.evaluator - INFO - Submitted job 49453122
2025-09-09 17:10:48,612 - plastyfire.evaluator - INFO - No existing PKL file found for mrk97_07: /home/dhuruva/projects/ctb-emuller/dhuruva/plastyfire/refitting_results/fitting/n100/seed19091997/L5TTPC_L5TTPC/simulations/205327-192314/10Hz_10ms/simulation_bde200e82982.pkl, submitting batch job
2025-09-09 17:10:48,614 - plastyfire.evaluator - INFO - Submitted job 49453123
2025-09-09 17:10:48,614 - plastyfire.evaluator - INFO - No existing PKL file found for mrk97_07: /home/dhuruva/projects/ctb-emuller/dhuruva/plastyfire/refitting_results/fitting/n100/seed19091997/L5TTPC_L5TTPC/simulations/180687-187024/10Hz_10ms/simulation_25b4122db3c5.pkl, submitting batch job
2025-09-09 17:10:48,776 - plastyfire.evaluator - INFO - Submitted job 49453126
2025-09-09 17:10:48,777 - plastyfire.evaluator - INFO - No existing PKL file found for mrk97_07: /home/dhuruva/projects/ctb-emuller/dhuruva/plastyfire/refitting_results/fitting/n100/seed19091997/L5TTPC_L5TTPC/simulations/180687-187024/10Hz_10ms/simulation_bde200e82982.pkl, submitting batch job
2025-09-09 17:10:48,779 - plastyfire.evaluator - INFO - Submitted job 49453127
2025-09-09 17:10:48,779 - plastyfire.evaluator - INFO - No existing PKL file found for mrk97_07: /home/dhuruva/projects/ctb-emuller/dhuruva/plastyfire/refitting_results/fitting/n100/seed19091997/L5TTPC_L5TTPC/simulations/186356-189091/10Hz_10ms/simulation_20333abf369f.pkl, submitting batch job
2025-09-09 17:10:48,781 - plastyfire.evaluator - INFO - Submitted job 49453128
2025-09-09 17:10:48,781 - plastyfire.evaluator - INFO - No existing PKL file found for mrk97_07: /home/dhuruva/projects/ctb-emuller/dhuruva/plastyfire/refitting_results/fitting/n100/seed19091997/L5TTPC_L5TTPC/simulations/208976-188476/10Hz_10ms/simulation_25b4122db3c5.pkl, submitting batch job
2025-09-09 17:10:48,945 - plastyfire.evaluator - INFO - Submitted job 49453129
2025-09-09 17:10:48,945 - plastyfire.evaluator - INFO - No existing PKL file found for mrk97_07: /home/dhuruva/projects/ctb-emuller/dhuruva/plastyfire/refitting_results/fitting/n100/seed19091997/L5TTPC_L5TTPC/simulations/186198-204134/10Hz_10ms/simulation_20333abf369f.pkl, submitting batch job
2025-09-09 17:10:49,178 - plastyfire.evaluator - INFO - Submitted job 49453130
2025-09-09 17:10:49,179 - plastyfire.evaluator - INFO - No existing PKL file found for mrk97_07: /home/dhuruva/projects/ctb-emuller/dhuruva/plastyfire/refitting_results/fitting/n100/seed19091997/L5TTPC_L5TTPC/simulations/207475-192618/10Hz_10ms/simulation_25b4122db3c5.pkl, submitting batch job
2025-09-09 17:10:49,180 - plastyfire.evaluator - INFO - Submitted job 49453131
2025-09-09 17:10:49,180 - plastyfire.evaluator - INFO - No existing PKL file found for mrk97_07: /home/dhuruva/projects/ctb-emuller/dhuruva/plastyfire/refitting_results/fitting/n100/seed19091997/L5TTPC_L5TTPC/simulations/208976-188476/10Hz_10ms/simulation_bde200e82982.pkl, submitting batch job
2025-09-09 17:10:49,182 - plastyfire.evaluator - INFO - Submitted job 49453132
2025-09-09 17:10:49,182 - plastyfire.evaluator - INFO - No existing PKL file found for mrk97_07: /home/dhuruva/projects/ctb-emuller/dhuruva/plastyfire/refitting_results/fitting/n100/seed19091997/L5TTPC_L5TTPC/simulations/208966-196199/10Hz_10ms/simulation_20333abf369f.pkl, submitting batch job
2025-09-09 17:10:49,825 - plastyfire.evaluator - INFO - Submitted job 49453135
2025-09-09 17:10:49,825 - plastyfire.evaluator - INFO - No existing PKL file found for mrk97_07: /home/dhuruva/projects/ctb-emuller/dhuruva/plastyfire/refitting_results/fitting/n100/seed19091997/L5TTPC_L5TTPC/simulations/204120-188861/10Hz_10ms/simulation_20333abf369f.pkl, submitting batch job
2025-09-09 17:10:49,832 - plastyfire.evaluator - INFO - Submitted job 49453137
2025-09-09 17:10:49,833 - plastyfire.evaluator - INFO - No existing PKL file found for mrk97_07: /home/dhuruva/projects/ctb-emuller/dhuruva/plastyfire/refitting_results/fitting/n100/seed19091997/L5TTPC_L5TTPC/simulations/208093-203811/10Hz_10ms/simulation_25b4122db3c5.pkl, submitting batch job
2025-09-09 17:10:49,835 - plastyfire.evaluator - INFO - Submitted job 49453138
2025-09-09 17:10:49,835 - plastyfire.evaluator - INFO - No existing PKL file found for mrk97_07: /home/dhuruva/projects/ctb-emuller/dhuruva/plastyfire/refitting_results/fitting/n100/seed19091997/L5TTPC_L5TTPC/simulations/207475-192618/10Hz_10ms/simulation_bde200e82982.pkl, submitting batch job
2025-09-09 17:10:49,995 - plastyfire.evaluator - INFO - Submitted job 49453139
2025-09-09 17:10:49,996 - plastyfire.evaluator - INFO - No existing PKL file found for mrk97_07: /home/dhuruva/projects/ctb-emuller/dhuruva/plastyfire/refitting_results/fitting/n100/seed19091997/L5TTPC_L5TTPC/simulations/196654-200262/10Hz_10ms/simulation_25b4122db3c5.pkl, submitting batch job
2025-09-09 17:10:49,998 - plastyfire.evaluator - INFO - Submitted job 49453140
2025-09-09 17:10:49,998 - plastyfire.evaluator - INFO - No existing PKL file found for mrk97_07: /home/dhuruva/projects/ctb-emuller/dhuruva/plastyfire/refitting_results/fitting/n100/seed19091997/L5TTPC_L5TTPC/simulations/210209-180231/10Hz_10ms/simulation_20333abf369f.pkl, submitting batch job
2025-09-09 17:10:49,999 - plastyfire.evaluator - INFO - Submitted job 49453141
2025-09-09 17:10:49,999 - plastyfire.evaluator - INFO - No existing PKL file found for mrk97_07: /home/dhuruva/projects/ctb-emuller/dhuruva/plastyfire/refitting_results/fitting/n100/seed19091997/L5TTPC_L5TTPC/simulations/208093-203811/10Hz_10ms/simulation_bde200e82982.pkl, submitting batch job
2025-09-09 17:10:50,159 - plastyfire.evaluator - INFO - Submitted job 49453142
2025-09-09 17:10:50,160 - plastyfire.evaluator - INFO - No existing PKL file found for mrk97_07: /home/dhuruva/projects/ctb-emuller/dhuruva/plastyfire/refitting_results/fitting/n100/seed19091997/L5TTPC_L5TTPC/simulations/196654-200262/10Hz_10ms/simulation_bde200e82982.pkl, submitting batch job
2025-09-09 17:10:50,161 - plastyfire.evaluator - INFO - Submitted job 49453143
2025-09-09 17:10:50,162 - plastyfire.evaluator - INFO - No existing PKL file found for mrk97_07: /home/dhuruva/projects/ctb-emuller/dhuruva/plastyfire/refitting_results/fitting/n100/seed19091997/L5TTPC_L5TTPC/simulations/181295-210119/10Hz_10ms/simulation_20333abf369f.pkl, submitting batch job
2025-09-09 17:10:50,163 - plastyfire.evaluator - INFO - Submitted job 49453144
2025-09-09 17:10:50,163 - plastyfire.evaluator - INFO - No existing PKL file found for mrk97_07: /home/dhuruva/projects/ctb-emuller/dhuruva/plastyfire/refitting_results/fitting/n100/seed19091997/L5TTPC_L5TTPC/simulations/203919-187736/10Hz_10ms/simulation_25b4122db3c5.pkl, submitting batch job
2025-09-09 17:10:50,287 - plastyfire.evaluator - INFO - Submitted job 49453145
2025-09-09 17:10:50,287 - plastyfire.evaluator - INFO - No existing PKL file found for mrk97_07: /home/dhuruva/projects/ctb-emuller/dhuruva/plastyfire/refitting_results/fitting/n100/seed19091997/L5TTPC_L5TTPC/simulations/203919-187736/10Hz_10ms/simulation_bde200e82982.pkl, submitting batch job
2025-09-09 17:10:50,289 - plastyfire.evaluator - INFO - Submitted job 49453146
2025-09-09 17:10:50,289 - plastyfire.evaluator - INFO - No existing PKL file found for mrk97_07: /home/dhuruva/projects/ctb-emuller/dhuruva/plastyfire/refitting_results/fitting/n100/seed19091997/L5TTPC_L5TTPC/simulations/186407-182154/10Hz_10ms/simulation_20333abf369f.pkl, submitting batch job
2025-09-09 17:10:50,399 - plastyfire.evaluator - INFO - Submitted job 49453147
2025-09-09 17:10:50,400 - plastyfire.evaluator - INFO - No existing PKL file found for mrk97_07: /home/dhuruva/projects/ctb-emuller/dhuruva/plastyfire/refitting_results/fitting/n100/seed19091997/L5TTPC_L5TTPC/simulations/207836-184831/10Hz_10ms/simulation_bde200e82982.pkl, submitting batch job
2025-09-09 17:10:50,401 - plastyfire.evaluator - INFO - Submitted job 49453148
2025-09-09 17:10:50,401 - plastyfire.evaluator - INFO - No existing PKL file found for mrk97_07: /home/dhuruva/projects/ctb-emuller/dhuruva/plastyfire/refitting_results/fitting/n100/seed19091997/L5TTPC_L5TTPC/simulations/199932-195364/10Hz_10ms/simulation_20333abf369f.pkl, submitting batch job
2025-09-09 17:10:50,513 - plastyfire.evaluator - INFO - Submitted job 49453149
2025-09-09 17:10:50,513 - plastyfire.evaluator - INFO - No existing PKL file found for mrk97_07: /home/dhuruva/projects/ctb-emuller/dhuruva/plastyfire/refitting_results/fitting/n100/seed19091997/L5TTPC_L5TTPC/simulations/184709-196154/10Hz_10ms/simulation_bde200e82982.pkl, submitting batch job
2025-09-09 17:10:50,515 - plastyfire.evaluator - INFO - Submitted job 49453150
2025-09-09 17:10:50,515 - plastyfire.evaluator - INFO - No existing PKL file found for mrk97_07: /home/dhuruva/projects/ctb-emuller/dhuruva/plastyfire/refitting_results/fitting/n100/seed19091997/L5TTPC_L5TTPC/simulations/188013-194919/10Hz_10ms/simulation_20333abf369f.pkl, submitting batch job
2025-09-09 17:10:50,629 - plastyfire.evaluator - INFO - Submitted job 49453151
2025-09-09 17:10:50,629 - plastyfire.evaluator - INFO - No existing PKL file found for mrk97_07: /home/dhuruva/projects/ctb-emuller/dhuruva/plastyfire/refitting_results/fitting/n100/seed19091997/L5TTPC_L5TTPC/simulations/186356-189091/10Hz_10ms/simulation_bde200e82982.pkl, submitting batch job
2025-09-09 17:10:50,630 - plastyfire.evaluator - INFO - Submitted job 49453152
2025-09-09 17:10:50,631 - plastyfire.evaluator - INFO - No existing PKL file found for mrk97_07: /home/dhuruva/projects/ctb-emuller/dhuruva/plastyfire/refitting_results/fitting/n100/seed19091997/L5TTPC_L5TTPC/simulations/185337-193957/10Hz_10ms/simulation_20333abf369f.pkl, submitting batch job
2025-09-09 17:10:50,746 - plastyfire.evaluator - INFO - Submitted job 49453153
2025-09-09 17:10:50,747 - plastyfire.evaluator - INFO - No existing PKL file found for mrk97_07: /home/dhuruva/projects/ctb-emuller/dhuruva/plastyfire/refitting_results/fitting/n100/seed19091997/L5TTPC_L5TTPC/simulations/200462-204393/10Hz_10ms/simulation_20333abf369f.pkl, submitting batch job
2025-09-09 17:10:50,748 - plastyfire.evaluator - INFO - Submitted job 49453154
2025-09-09 17:10:50,748 - plastyfire.evaluator - INFO - No existing PKL file found for mrk97_07: /home/dhuruva/projects/ctb-emuller/dhuruva/plastyfire/refitting_results/fitting/n100/seed19091997/L5TTPC_L5TTPC/simulations/186198-204134/10Hz_10ms/simulation_bde200e82982.pkl, submitting batch job
2025-09-09 17:10:50,862 - plastyfire.evaluator - INFO - Submitted job 49453155
2025-09-09 17:10:50,863 - plastyfire.evaluator - INFO - No existing PKL file found for mrk97_07: /home/dhuruva/projects/ctb-emuller/dhuruva/plastyfire/refitting_results/fitting/n100/seed19091997/L5TTPC_L5TTPC/simulations/208966-196199/10Hz_10ms/simulation_bde200e82982.pkl, submitting batch job
2025-09-09 17:10:50,864 - plastyfire.evaluator - INFO - Submitted job 49453156
2025-09-09 17:10:50,864 - plastyfire.evaluator - INFO - No existing PKL file found for mrk97_07: /home/dhuruva/projects/ctb-emuller/dhuruva/plastyfire/refitting_results/fitting/n100/seed19091997/L5TTPC_L5TTPC/simulations/198864-197551/10Hz_10ms/simulation_20333abf369f.pkl, submitting batch job
2025-09-09 17:10:50,978 - plastyfire.evaluator - INFO - Submitted job 49453157
2025-09-09 17:10:50,979 - plastyfire.evaluator - INFO - No existing PKL file found for mrk97_07: /home/dhuruva/projects/ctb-emuller/dhuruva/plastyfire/refitting_results/fitting/n100/seed19091997/L5TTPC_L5TTPC/simulations/204120-188861/10Hz_10ms/simulation_bde200e82982.pkl, submitting batch job
2025-09-09 17:10:50,980 - plastyfire.evaluator - INFO - Submitted job 49453158
2025-09-09 17:10:50,980 - plastyfire.evaluator - INFO - No existing PKL file found for mrk97_07: /home/dhuruva/projects/ctb-emuller/dhuruva/plastyfire/refitting_results/fitting/n100/seed19091997/L5TTPC_L5TTPC/simulations/201258-187071/10Hz_10ms/simulation_20333abf369f.pkl, submitting batch job
2025-09-09 17:10:51,096 - plastyfire.evaluator - INFO - Submitted job 49453159
2025-09-09 17:10:51,097 - plastyfire.evaluator - INFO - No existing PKL file found for mrk97_07: /home/dhuruva/projects/ctb-emuller/dhuruva/plastyfire/refitting_results/fitting/n100/seed19091997/L5TTPC_L5TTPC/simulations/189265-184120/10Hz_10ms/simulation_20333abf369f.pkl, submitting batch job
2025-09-09 17:10:51,098 - plastyfire.evaluator - INFO - Submitted job 49453160
2025-09-09 17:10:51,099 - plastyfire.evaluator - INFO - No existing PKL file found for mrk97_07: /home/dhuruva/projects/ctb-emuller/dhuruva/plastyfire/refitting_results/fitting/n100/seed19091997/L5TTPC_L5TTPC/simulations/210209-180231/10Hz_10ms/simulation_bde200e82982.pkl, submitting batch job
2025-09-09 17:10:51,252 - plastyfire.evaluator - INFO - Submitted job 49453161
2025-09-09 17:10:51,252 - plastyfire.evaluator - INFO - No existing PKL file found for mrk97_07: /home/dhuruva/projects/ctb-emuller/dhuruva/plastyfire/refitting_results/fitting/n100/seed19091997/L5TTPC_L5TTPC/simulations/181295-210119/10Hz_10ms/simulation_bde200e82982.pkl, submitting batch job
2025-09-09 17:10:51,254 - plastyfire.evaluator - INFO - Submitted job 49453162
2025-09-09 17:10:51,254 - plastyfire.evaluator - INFO - No existing PKL file found for mrk97_07: /home/dhuruva/projects/ctb-emuller/dhuruva/plastyfire/refitting_results/fitting/n100/seed19091997/L5TTPC_L5TTPC/simulations/186117-200624/10Hz_10ms/simulation_20333abf369f.pkl, submitting batch job
2025-09-09 17:10:51,367 - plastyfire.evaluator - INFO - Submitted job 49453163
2025-09-09 17:10:51,368 - plastyfire.evaluator - INFO - No existing PKL file found for mrk97_07: /home/dhuruva/projects/ctb-emuller/dhuruva/plastyfire/refitting_results/fitting/n100/seed19091997/L5TTPC_L5TTPC/simulations/186407-182154/10Hz_10ms/simulation_bde200e82982.pkl, submitting batch job
2025-09-09 17:10:51,369 - plastyfire.evaluator - INFO - Submitted job 49453164
2025-09-09 17:10:51,369 - plastyfire.evaluator - INFO - No existing PKL file found for mrk97_07: /home/dhuruva/projects/ctb-emuller/dhuruva/plastyfire/refitting_results/fitting/n100/seed19091997/L5TTPC_L5TTPC/simulations/199521-190468/10Hz_10ms/simulation_20333abf369f.pkl, submitting batch job
2025-09-09 17:10:51,485 - plastyfire.evaluator - INFO - Submitted job 49453165
2025-09-09 17:10:51,485 - plastyfire.evaluator - INFO - No existing PKL file found for mrk97_08: /home/dhuruva/projects/ctb-emuller/dhuruva/plastyfire/refitting_results/fitting/n100/seed19091997/L5TTPC_L5TTPC/simulations/202328-190143/10Hz_-10ms/simulation_20333abf369f.pkl, submitting batch job
2025-09-09 17:10:51,486 - plastyfire.evaluator - INFO - Submitted job 49453166
2025-09-09 17:10:51,487 - plastyfire.evaluator - INFO - No existing PKL file found for mrk97_07: /home/dhuruva/projects/ctb-emuller/dhuruva/plastyfire/refitting_results/fitting/n100/seed19091997/L5TTPC_L5TTPC/simulations/199932-195364/10Hz_10ms/simulation_bde200e82982.pkl, submitting batch job
2025-09-09 17:10:51,613 - plastyfire.evaluator - INFO - Submitted job 49453167
2025-09-09 17:10:51,613 - plastyfire.evaluator - INFO - No existing PKL file found for mrk97_08: /home/dhuruva/projects/ctb-emuller/dhuruva/plastyfire/refitting_results/fitting/n100/seed19091997/L5TTPC_L5TTPC/simulations/200586-209048/10Hz_-10ms/simulation_20333abf369f.pkl, submitting batch job
2025-09-09 17:10:51,615 - plastyfire.evaluator - INFO - Submitted job 49453168
2025-09-09 17:10:51,615 - plastyfire.evaluator - INFO - No existing PKL file found for mrk97_07: /home/dhuruva/projects/ctb-emuller/dhuruva/plastyfire/refitting_results/fitting/n100/seed19091997/L5TTPC_L5TTPC/simulations/188013-194919/10Hz_10ms/simulation_bde200e82982.pkl, submitting batch job
2025-09-09 17:10:51,799 - plastyfire.evaluator - INFO - Submitted job 49453169
2025-09-09 17:10:51,800 - plastyfire.evaluator - INFO - No existing PKL file found for mrk97_08: /home/dhuruva/projects/ctb-emuller/dhuruva/plastyfire/refitting_results/fitting/n100/seed19091997/L5TTPC_L5TTPC/simulations/190525-205438/10Hz_-10ms/simulation_20333abf369f.pkl, submitting batch job
2025-09-09 17:10:51,802 - plastyfire.evaluator - INFO - Submitted job 49453170
2025-09-09 17:10:51,802 - plastyfire.evaluator - INFO - No existing PKL file found for mrk97_07: /home/dhuruva/projects/ctb-emuller/dhuruva/plastyfire/refitting_results/fitting/n100/seed19091997/L5TTPC_L5TTPC/simulations/207836-184831/10Hz_10ms/simulation_25b4122db3c5.pkl, submitting batch job
2025-09-09 17:10:51,804 - plastyfire.evaluator - INFO - Submitted job 49453171
2025-09-09 17:10:51,805 - plastyfire.evaluator - INFO - No existing PKL file found for mrk97_07: /home/dhuruva/projects/ctb-emuller/dhuruva/plastyfire/refitting_results/fitting/n100/seed19091997/L5TTPC_L5TTPC/simulations/185337-193957/10Hz_10ms/simulation_bde200e82982.pkl, submitting batch job
2025-09-09 17:10:51,965 - plastyfire.evaluator - INFO - Submitted job 49453172
2025-09-09 17:10:51,965 - plastyfire.evaluator - INFO - No existing PKL file found for mrk97_08: /home/dhuruva/projects/ctb-emuller/dhuruva/plastyfire/refitting_results/fitting/n100/seed19091997/L5TTPC_L5TTPC/simulations/193709-181631/10Hz_-10ms/simulation_20333abf369f.pkl, submitting batch job
2025-09-09 17:10:51,967 - plastyfire.evaluator - INFO - Submitted job 49453173
2025-09-09 17:10:51,968 - plastyfire.evaluator - INFO - No existing PKL file found for mrk97_07: /home/dhuruva/projects/ctb-emuller/dhuruva/plastyfire/refitting_results/fitting/n100/seed19091997/L5TTPC_L5TTPC/simulations/184709-196154/10Hz_10ms/simulation_25b4122db3c5.pkl, submitting batch job
2025-09-09 17:10:51,969 - plastyfire.evaluator - INFO - Submitted job 49453174
2025-09-09 17:10:51,969 - plastyfire.evaluator - INFO - No existing PKL file found for mrk97_07: /home/dhuruva/projects/ctb-emuller/dhuruva/plastyfire/refitting_results/fitting/n100/seed19091997/L5TTPC_L5TTPC/simulations/200462-204393/10Hz_10ms/simulation_bde200e82982.pkl, submitting batch job
2025-09-09 17:10:52,131 - plastyfire.evaluator - INFO - Submitted job 49453175
2025-09-09 17:10:52,131 - plastyfire.evaluator - INFO - No existing PKL file found for mrk97_07: /home/dhuruva/projects/ctb-emuller/dhuruva/plastyfire/refitting_results/fitting/n100/seed19091997/L5TTPC_L5TTPC/simulations/198864-197551/10Hz_10ms/simulation_bde200e82982.pkl, submitting batch job
2025-09-09 17:10:52,132 - plastyfire.evaluator - INFO - Submitted job 49453176
2025-09-09 17:10:52,133 - plastyfire.evaluator - INFO - No existing PKL file found for mrk97_07: /home/dhuruva/projects/ctb-emuller/dhuruva/plastyfire/refitting_results/fitting/n100/seed19091997/L5TTPC_L5TTPC/simulations/186356-189091/10Hz_10ms/simulation_25b4122db3c5.pkl, submitting batch job
2025-09-09 17:10:52,134 - plastyfire.evaluator - INFO - Submitted job 49453177
2025-09-09 17:10:52,134 - plastyfire.evaluator - INFO - No existing PKL file found for mrk97_08: /home/dhuruva/projects/ctb-emuller/dhuruva/plastyfire/refitting_results/fitting/n100/seed19091997/L5TTPC_L5TTPC/simulations/199599-194835/10Hz_-10ms/simulation_20333abf369f.pkl, submitting batch job
2025-09-09 17:10:52,308 - plastyfire.evaluator - INFO - Submitted job 49453178
2025-09-09 17:10:52,308 - plastyfire.evaluator - INFO - No existing PKL file found for mrk97_07: /home/dhuruva/projects/ctb-emuller/dhuruva/plastyfire/refitting_results/fitting/n100/seed19091997/L5TTPC_L5TTPC/simulations/201258-187071/10Hz_10ms/simulation_bde200e82982.pkl, submitting batch job
2025-09-09 17:10:52,737 - plastyfire.evaluator - INFO - Submitted job 49453179
2025-09-09 17:10:52,738 - plastyfire.evaluator - INFO - No existing PKL file found for mrk97_07: /home/dhuruva/projects/ctb-emuller/dhuruva/plastyfire/refitting_results/fitting/n100/seed19091997/L5TTPC_L5TTPC/simulations/186198-204134/10Hz_10ms/simulation_25b4122db3c5.pkl, submitting batch job
2025-09-09 17:10:52,739 - plastyfire.evaluator - INFO - Submitted job 49453180
2025-09-09 17:10:52,740 - plastyfire.evaluator - INFO - No existing PKL file found for mrk97_07: /home/dhuruva/projects/ctb-emuller/dhuruva/plastyfire/refitting_results/fitting/n100/seed19091997/L5TTPC_L5TTPC/simulations/189265-184120/10Hz_10ms/simulation_bde200e82982.pkl, submitting batch job
2025-09-09 17:10:52,742 - plastyfire.evaluator - INFO - Submitted job 49453181
2025-09-09 17:10:52,742 - plastyfire.evaluator - INFO - No existing PKL file found for mrk97_08: /home/dhuruva/projects/ctb-emuller/dhuruva/plastyfire/refitting_results/fitting/n100/seed19091997/L5TTPC_L5TTPC/simulations/190541-188497/10Hz_-10ms/simulation_20333abf369f.pkl, submitting batch job
2025-09-09 17:10:52,902 - plastyfire.evaluator - INFO - Submitted job 49453182
2025-09-09 17:10:52,903 - plastyfire.evaluator - INFO - No existing PKL file found for mrk97_07: /home/dhuruva/projects/ctb-emuller/dhuruva/plastyfire/refitting_results/fitting/n100/seed19091997/L5TTPC_L5TTPC/simulations/186117-200624/10Hz_10ms/simulation_bde200e82982.pkl, submitting batch job
2025-09-09 17:10:52,904 - plastyfire.evaluator - INFO - Submitted job 49453183
2025-09-09 17:10:52,905 - plastyfire.evaluator - INFO - No existing PKL file found for mrk97_08: /home/dhuruva/projects/ctb-emuller/dhuruva/plastyfire/refitting_results/fitting/n100/seed19091997/L5TTPC_L5TTPC/simulations/196430-183658/10Hz_-10ms/simulation_20333abf369f.pkl, submitting batch job
2025-09-09 17:10:52,906 - plastyfire.evaluator - INFO - Submitted job 49453184
2025-09-09 17:10:52,907 - plastyfire.evaluator - INFO - No existing PKL file found for mrk97_07: /home/dhuruva/projects/ctb-emuller/dhuruva/plastyfire/refitting_results/fitting/n100/seed19091997/L5TTPC_L5TTPC/simulations/208966-196199/10Hz_10ms/simulation_25b4122db3c5.pkl, submitting batch job
2025-09-09 17:10:53,064 - plastyfire.evaluator - INFO - Submitted job 49453185
2025-09-09 17:10:53,065 - plastyfire.evaluator - INFO - No existing PKL file found for mrk97_07: /home/dhuruva/projects/ctb-emuller/dhuruva/plastyfire/refitting_results/fitting/n100/seed19091997/L5TTPC_L5TTPC/simulations/199521-190468/10Hz_10ms/simulation_bde200e82982.pkl, submitting batch job
2025-09-09 17:10:53,066 - plastyfire.evaluator - INFO - Submitted job 49453186
2025-09-09 17:10:53,066 - plastyfire.evaluator - INFO - No existing PKL file found for mrk97_08: /home/dhuruva/projects/ctb-emuller/dhuruva/plastyfire/refitting_results/fitting/n100/seed19091997/L5TTPC_L5TTPC/simulations/194277-200870/10Hz_-10ms/simulation_20333abf369f.pkl, submitting batch job
2025-09-09 17:10:53,068 - plastyfire.evaluator - INFO - Submitted job 49453187
2025-09-09 17:10:53,068 - plastyfire.evaluator - INFO - No existing PKL file found for mrk97_07: /home/dhuruva/projects/ctb-emuller/dhuruva/plastyfire/refitting_results/fitting/n100/seed19091997/L5TTPC_L5TTPC/simulations/204120-188861/10Hz_10ms/simulation_25b4122db3c5.pkl, submitting batch job
2025-09-09 17:10:53,240 - plastyfire.evaluator - INFO - Submitted job 49453188
2025-09-09 17:10:53,240 - plastyfire.evaluator - INFO - No existing PKL file found for mrk97_08: /home/dhuruva/projects/ctb-emuller/dhuruva/plastyfire/refitting_results/fitting/n100/seed19091997/L5TTPC_L5TTPC/simulations/202328-190143/10Hz_-10ms/simulation_bde200e82982.pkl, submitting batch job
2025-09-09 17:10:53,242 - plastyfire.evaluator - INFO - Submitted job 49453189
2025-09-09 17:10:53,242 - plastyfire.evaluator - INFO - No existing PKL file found for mrk97_08: /home/dhuruva/projects/ctb-emuller/dhuruva/plastyfire/refitting_results/fitting/n100/seed19091997/L5TTPC_L5TTPC/simulations/203964-196350/10Hz_-10ms/simulation_20333abf369f.pkl, submitting batch job
2025-09-09 17:10:53,243 - plastyfire.evaluator - INFO - Submitted job 49453190
2025-09-09 17:10:53,244 - plastyfire.evaluator - INFO - No existing PKL file found for mrk97_07: /home/dhuruva/projects/ctb-emuller/dhuruva/plastyfire/refitting_results/fitting/n100/seed19091997/L5TTPC_L5TTPC/simulations/210209-180231/10Hz_10ms/simulation_25b4122db3c5.pkl, submitting batch job
2025-09-09 17:10:53,404 - plastyfire.evaluator - INFO - Submitted job 49453191
2025-09-09 17:10:53,404 - plastyfire.evaluator - INFO - No existing PKL file found for mrk97_08: /home/dhuruva/projects/ctb-emuller/dhuruva/plastyfire/refitting_results/fitting/n100/seed19091997/L5TTPC_L5TTPC/simulations/200586-209048/10Hz_-10ms/simulation_bde200e82982.pkl, submitting batch job
2025-09-09 17:10:53,405 - plastyfire.evaluator - INFO - Submitted job 49453192
2025-09-09 17:10:53,405 - plastyfire.evaluator - INFO - No existing PKL file found for mrk97_08: /home/dhuruva/projects/ctb-emuller/dhuruva/plastyfire/refitting_results/fitting/n100/seed19091997/L5TTPC_L5TTPC/simulations/196562-186098/10Hz_-10ms/simulation_20333abf369f.pkl, submitting batch job
2025-09-09 17:10:53,407 - plastyfire.evaluator - INFO - Submitted job 49453193
2025-09-09 17:10:53,407 - plastyfire.evaluator - INFO - No existing PKL file found for mrk97_07: /home/dhuruva/projects/ctb-emuller/dhuruva/plastyfire/refitting_results/fitting/n100/seed19091997/L5TTPC_L5TTPC/simulations/181295-210119/10Hz_10ms/simulation_25b4122db3c5.pkl, submitting batch job
2025-09-09 17:10:53,573 - plastyfire.evaluator - INFO - Submitted job 49453194
2025-09-09 17:10:53,573 - plastyfire.evaluator - INFO - No existing PKL file found for mrk97_08: /home/dhuruva/projects/ctb-emuller/dhuruva/plastyfire/refitting_results/fitting/n100/seed19091997/L5TTPC_L5TTPC/simulations/206314-189443/10Hz_-10ms/simulation_20333abf369f.pkl, submitting batch job
2025-09-09 17:10:53,576 - plastyfire.evaluator - INFO - Submitted job 49453195
2025-09-09 17:10:53,576 - plastyfire.evaluator - INFO - No existing PKL file found for mrk97_07: /home/dhuruva/projects/ctb-emuller/dhuruva/plastyfire/refitting_results/fitting/n100/seed19091997/L5TTPC_L5TTPC/simulations/186407-182154/10Hz_10ms/simulation_25b4122db3c5.pkl, submitting batch job
2025-09-09 17:10:53,578 - plastyfire.evaluator - INFO - Submitted job 49453196
2025-09-09 17:10:53,578 - plastyfire.evaluator - INFO - No existing PKL file found for mrk97_08: /home/dhuruva/projects/ctb-emuller/dhuruva/plastyfire/refitting_results/fitting/n100/seed19091997/L5TTPC_L5TTPC/simulations/190525-205438/10Hz_-10ms/simulation_bde200e82982.pkl, submitting batch job
2025-09-09 17:10:53,762 - plastyfire.evaluator - INFO - Submitted job 49453197
2025-09-09 17:10:53,762 - plastyfire.evaluator - INFO - No existing PKL file found for mrk97_08: /home/dhuruva/projects/ctb-emuller/dhuruva/plastyfire/refitting_results/fitting/n100/seed19091997/L5TTPC_L5TTPC/simulations/197652-203951/10Hz_-10ms/simulation_20333abf369f.pkl, submitting batch job
2025-09-09 17:10:53,764 - plastyfire.evaluator - INFO - Submitted job 49453198
2025-09-09 17:10:53,764 - plastyfire.evaluator - INFO - No existing PKL file found for mrk97_07: /home/dhuruva/projects/ctb-emuller/dhuruva/plastyfire/refitting_results/fitting/n100/seed19091997/L5TTPC_L5TTPC/simulations/199932-195364/10Hz_10ms/simulation_25b4122db3c5.pkl, submitting batch job
2025-09-09 17:10:53,766 - plastyfire.evaluator - INFO - Submitted job 49453199
2025-09-09 17:10:53,766 - plastyfire.evaluator - INFO - No existing PKL file found for mrk97_08: /home/dhuruva/projects/ctb-emuller/dhuruva/plastyfire/refitting_results/fitting/n100/seed19091997/L5TTPC_L5TTPC/simulations/193709-181631/10Hz_-10ms/simulation_bde200e82982.pkl, submitting batch job
2025-09-09 17:10:53,925 - plastyfire.evaluator - INFO - Submitted job 49453200
2025-09-09 17:10:53,925 - plastyfire.evaluator - INFO - No existing PKL file found for mrk97_08: /home/dhuruva/projects/ctb-emuller/dhuruva/plastyfire/refitting_results/fitting/n100/seed19091997/L5TTPC_L5TTPC/simulations/187212-192870/10Hz_-10ms/simulation_20333abf369f.pkl, submitting batch job
2025-09-09 17:10:53,931 - plastyfire.evaluator - INFO - Submitted job 49453201
2025-09-09 17:10:53,931 - plastyfire.evaluator - INFO - No existing PKL file found for mrk97_07: /home/dhuruva/projects/ctb-emuller/dhuruva/plastyfire/refitting_results/fitting/n100/seed19091997/L5TTPC_L5TTPC/simulations/188013-194919/10Hz_10ms/simulation_25b4122db3c5.pkl, submitting batch job
2025-09-09 17:10:53,932 - plastyfire.evaluator - INFO - Submitted job 49453202
2025-09-09 17:10:53,933 - plastyfire.evaluator - INFO - No existing PKL file found for mrk97_08: /home/dhuruva/projects/ctb-emuller/dhuruva/plastyfire/refitting_results/fitting/n100/seed19091997/L5TTPC_L5TTPC/simulations/199599-194835/10Hz_-10ms/simulation_bde200e82982.pkl, submitting batch job
2025-09-09 17:10:54,178 - plastyfire.evaluator - INFO - Submitted job 49453203
2025-09-09 17:10:54,178 - plastyfire.evaluator - INFO - No existing PKL file found for mrk97_08: /home/dhuruva/projects/ctb-emuller/dhuruva/plastyfire/refitting_results/fitting/n100/seed19091997/L5TTPC_L5TTPC/simulations/187417-207485/10Hz_-10ms/simulation_20333abf369f.pkl, submitting batch job
2025-09-09 17:10:54,180 - plastyfire.evaluator - INFO - Submitted job 49453204
2025-09-09 17:10:54,180 - plastyfire.evaluator - INFO - No existing PKL file found for mrk97_07: /home/dhuruva/projects/ctb-emuller/dhuruva/plastyfire/refitting_results/fitting/n100/seed19091997/L5TTPC_L5TTPC/simulations/185337-193957/10Hz_10ms/simulation_25b4122db3c5.pkl, submitting batch job
2025-09-09 17:10:54,182 - plastyfire.evaluator - INFO - Submitted job 49453205
2025-09-09 17:10:54,182 - plastyfire.evaluator - INFO - No existing PKL file found for mrk97_08: /home/dhuruva/projects/ctb-emuller/dhuruva/plastyfire/refitting_results/fitting/n100/seed19091997/L5TTPC_L5TTPC/simulations/190541-188497/10Hz_-10ms/simulation_bde200e82982.pkl, submitting batch job
2025-09-09 17:10:54,408 - plastyfire.evaluator - INFO - Submitted job 49453206
2025-09-09 17:10:54,408 - plastyfire.evaluator - INFO - No existing PKL file found for mrk97_07: /home/dhuruva/projects/ctb-emuller/dhuruva/plastyfire/refitting_results/fitting/n100/seed19091997/L5TTPC_L5TTPC/simulations/200462-204393/10Hz_10ms/simulation_25b4122db3c5.pkl, submitting batch job
2025-09-09 17:10:54,410 - plastyfire.evaluator - INFO - Submitted job 49453207
2025-09-09 17:10:54,410 - plastyfire.evaluator - INFO - No existing PKL file found for mrk97_08: /home/dhuruva/projects/ctb-emuller/dhuruva/plastyfire/refitting_results/fitting/n100/seed19091997/L5TTPC_L5TTPC/simulations/182369-181607/10Hz_-10ms/simulation_20333abf369f.pkl, submitting batch job
2025-09-09 17:10:54,412 - plastyfire.evaluator - INFO - Submitted job 49453208
2025-09-09 17:10:54,412 - plastyfire.evaluator - INFO - No existing PKL file found for mrk97_08: /home/dhuruva/projects/ctb-emuller/dhuruva/plastyfire/refitting_results/fitting/n100/seed19091997/L5TTPC_L5TTPC/simulations/196430-183658/10Hz_-10ms/simulation_bde200e82982.pkl, submitting batch job
2025-09-09 17:10:54,575 - plastyfire.evaluator - INFO - Submitted job 49453209
2025-09-09 17:10:54,575 - plastyfire.evaluator - INFO - No existing PKL file found for mrk97_07: /home/dhuruva/projects/ctb-emuller/dhuruva/plastyfire/refitting_results/fitting/n100/seed19091997/L5TTPC_L5TTPC/simulations/198864-197551/10Hz_10ms/simulation_25b4122db3c5.pkl, submitting batch job
2025-09-09 17:10:54,577 - plastyfire.evaluator - INFO - Submitted job 49453210
2025-09-09 17:10:54,577 - plastyfire.evaluator - INFO - No existing PKL file found for mrk97_08: /home/dhuruva/projects/ctb-emuller/dhuruva/plastyfire/refitting_results/fitting/n100/seed19091997/L5TTPC_L5TTPC/simulations/194277-200870/10Hz_-10ms/simulation_bde200e82982.pkl, submitting batch job
2025-09-09 17:10:54,579 - plastyfire.evaluator - INFO - Submitted job 49453211
2025-09-09 17:10:54,579 - plastyfire.evaluator - INFO - No existing PKL file found for mrk97_08: /home/dhuruva/projects/ctb-emuller/dhuruva/plastyfire/refitting_results/fitting/n100/seed19091997/L5TTPC_L5TTPC/simulations/200132-185914/10Hz_-10ms/simulation_20333abf369f.pkl, submitting batch job
2025-09-09 17:10:54,739 - plastyfire.evaluator - INFO - Submitted job 49453212
2025-09-09 17:10:54,739 - plastyfire.evaluator - INFO - No existing PKL file found for mrk97_08: /home/dhuruva/projects/ctb-emuller/dhuruva/plastyfire/refitting_results/fitting/n100/seed19091997/L5TTPC_L5TTPC/simulations/196734-181209/10Hz_-10ms/simulation_20333abf369f.pkl, submitting batch job
2025-09-09 17:10:54,741 - plastyfire.evaluator - INFO - Submitted job 49453213
2025-09-09 17:10:54,741 - plastyfire.evaluator - INFO - No existing PKL file found for mrk97_08: /home/dhuruva/projects/ctb-emuller/dhuruva/plastyfire/refitting_results/fitting/n100/seed19091997/L5TTPC_L5TTPC/simulations/203964-196350/10Hz_-10ms/simulation_bde200e82982.pkl, submitting batch job
2025-09-09 17:10:54,744 - plastyfire.evaluator - INFO - Submitted job 49453214
2025-09-09 17:10:54,744 - plastyfire.evaluator - INFO - No existing PKL file found for mrk97_07: /home/dhuruva/projects/ctb-emuller/dhuruva/plastyfire/refitting_results/fitting/n100/seed19091997/L5TTPC_L5TTPC/simulations/201258-187071/10Hz_10ms/simulation_25b4122db3c5.pkl, submitting batch job
2025-09-09 17:10:54,919 - plastyfire.evaluator - INFO - Submitted job 49453215
2025-09-09 17:10:54,919 - plastyfire.evaluator - INFO - No existing PKL file found for mrk97_08: /home/dhuruva/projects/ctb-emuller/dhuruva/plastyfire/refitting_results/fitting/n100/seed19091997/L5TTPC_L5TTPC/simulations/196562-186098/10Hz_-10ms/simulation_bde200e82982.pkl, submitting batch job
2025-09-09 17:10:54,920 - plastyfire.evaluator - INFO - Submitted job 49453216
2025-09-09 17:10:54,921 - plastyfire.evaluator - INFO - No existing PKL file found for mrk97_08: /home/dhuruva/projects/ctb-emuller/dhuruva/plastyfire/refitting_results/fitting/n100/seed19091997/L5TTPC_L5TTPC/simulations/207423-186224/10Hz_-10ms/simulation_20333abf369f.pkl, submitting batch job
2025-09-09 17:10:54,922 - plastyfire.evaluator - INFO - Submitted job 49453217
2025-09-09 17:10:54,923 - plastyfire.evaluator - INFO - No existing PKL file found for mrk97_07: /home/dhuruva/projects/ctb-emuller/dhuruva/plastyfire/refitting_results/fitting/n100/seed19091997/L5TTPC_L5TTPC/simulations/189265-184120/10Hz_10ms/simulation_25b4122db3c5.pkl, submitting batch job
2025-09-09 17:10:55,080 - plastyfire.evaluator - INFO - Submitted job 49453218
2025-09-09 17:10:55,081 - plastyfire.evaluator - INFO - No existing PKL file found for mrk97_08: /home/dhuruva/projects/ctb-emuller/dhuruva/plastyfire/refitting_results/fitting/n100/seed19091997/L5TTPC_L5TTPC/simulations/206314-189443/10Hz_-10ms/simulation_bde200e82982.pkl, submitting batch job
2025-09-09 17:10:55,082 - plastyfire.evaluator - INFO - Submitted job 49453219
2025-09-09 17:10:55,082 - plastyfire.evaluator - INFO - No existing PKL file found for mrk97_08: /home/dhuruva/projects/ctb-emuller/dhuruva/plastyfire/refitting_results/fitting/n100/seed19091997/L5TTPC_L5TTPC/simulations/203038-207594/10Hz_-10ms/simulation_20333abf369f.pkl, submitting batch job
2025-09-09 17:10:55,084 - plastyfire.evaluator - INFO - Submitted job 49453220
2025-09-09 17:10:55,084 - plastyfire.evaluator - INFO - No existing PKL file found for mrk97_07: /home/dhuruva/projects/ctb-emuller/dhuruva/plastyfire/refitting_results/fitting/n100/seed19091997/L5TTPC_L5TTPC/simulations/186117-200624/10Hz_10ms/simulation_25b4122db3c5.pkl, submitting batch job
2025-09-09 17:10:55,258 - plastyfire.evaluator - INFO - Submitted job 49453221
2025-09-09 17:10:55,258 - plastyfire.evaluator - INFO - No existing PKL file found for mrk97_08: /home/dhuruva/projects/ctb-emuller/dhuruva/plastyfire/refitting_results/fitting/n100/seed19091997/L5TTPC_L5TTPC/simulations/190392-207670/10Hz_-10ms/simulation_20333abf369f.pkl, submitting batch job
2025-09-09 17:10:55,260 - plastyfire.evaluator - INFO - Submitted job 49453222
2025-09-09 17:10:55,260 - plastyfire.evaluator - INFO - No existing PKL file found for mrk97_08: /home/dhuruva/projects/ctb-emuller/dhuruva/plastyfire/refitting_results/fitting/n100/seed19091997/L5TTPC_L5TTPC/simulations/197652-203951/10Hz_-10ms/simulation_bde200e82982.pkl, submitting batch job
2025-09-09 17:10:55,262 - plastyfire.evaluator - INFO - Submitted job 49453223
2025-09-09 17:10:55,262 - plastyfire.evaluator - INFO - No existing PKL file found for mrk97_07: /home/dhuruva/projects/ctb-emuller/dhuruva/plastyfire/refitting_results/fitting/n100/seed19091997/L5TTPC_L5TTPC/simulations/199521-190468/10Hz_10ms/simulation_25b4122db3c5.pkl, submitting batch job
2025-09-09 17:10:55,424 - plastyfire.evaluator - INFO - Submitted job 49453224
2025-09-09 17:10:55,424 - plastyfire.evaluator - INFO - No existing PKL file found for mrk97_08: /home/dhuruva/projects/ctb-emuller/dhuruva/plastyfire/refitting_results/fitting/n100/seed19091997/L5TTPC_L5TTPC/simulations/202328-190143/10Hz_-10ms/simulation_25b4122db3c5.pkl, submitting batch job
2025-09-09 17:10:55,428 - plastyfire.evaluator - INFO - Submitted job 49453225
2025-09-09 17:10:55,429 - plastyfire.evaluator - INFO - No existing PKL file found for mrk97_08: /home/dhuruva/projects/ctb-emuller/dhuruva/plastyfire/refitting_results/fitting/n100/seed19091997/L5TTPC_L5TTPC/simulations/183796-186882/10Hz_-10ms/simulation_20333abf369f.pkl, submitting batch job
2025-09-09 17:10:55,905 - plastyfire.evaluator - INFO - Submitted job 49453226
2025-09-09 17:10:55,905 - plastyfire.evaluator - INFO - No existing PKL file found for mrk97_08: /home/dhuruva/projects/ctb-emuller/dhuruva/plastyfire/refitting_results/fitting/n100/seed19091997/L5TTPC_L5TTPC/simulations/187212-192870/10Hz_-10ms/simulation_bde200e82982.pkl, submitting batch job
2025-09-09 17:10:55,907 - plastyfire.evaluator - INFO - Submitted job 49453227
2025-09-09 17:10:55,908 - plastyfire.evaluator - INFO - No existing PKL file found for mrk97_08: /home/dhuruva/projects/ctb-emuller/dhuruva/plastyfire/refitting_results/fitting/n100/seed19091997/L5TTPC_L5TTPC/simulations/198242-189050/10Hz_-10ms/simulation_20333abf369f.pkl, submitting batch job
2025-09-09 17:10:55,909 - plastyfire.evaluator - INFO - Submitted job 49453228
2025-09-09 17:10:55,909 - plastyfire.evaluator - INFO - No existing PKL file found for mrk97_08: /home/dhuruva/projects/ctb-emuller/dhuruva/plastyfire/refitting_results/fitting/n100/seed19091997/L5TTPC_L5TTPC/simulations/200586-209048/10Hz_-10ms/simulation_25b4122db3c5.pkl, submitting batch job
2025-09-09 17:10:56,085 - plastyfire.evaluator - INFO - Submitted job 49453229
2025-09-09 17:10:56,085 - plastyfire.evaluator - INFO - No existing PKL file found for mrk97_08: /home/dhuruva/projects/ctb-emuller/dhuruva/plastyfire/refitting_results/fitting/n100/seed19091997/L5TTPC_L5TTPC/simulations/187417-207485/10Hz_-10ms/simulation_bde200e82982.pkl, submitting batch job
2025-09-09 17:10:56,086 - plastyfire.evaluator - INFO - Submitted job 49453230
2025-09-09 17:10:56,087 - plastyfire.evaluator - INFO - No existing PKL file found for mrk97_08: /home/dhuruva/projects/ctb-emuller/dhuruva/plastyfire/refitting_results/fitting/n100/seed19091997/L5TTPC_L5TTPC/simulations/190525-205438/10Hz_-10ms/simulation_25b4122db3c5.pkl, submitting batch job
2025-09-09 17:10:56,088 - plastyfire.evaluator - INFO - Submitted job 49453231
2025-09-09 17:10:56,089 - plastyfire.evaluator - INFO - No existing PKL file found for mrk97_08: /home/dhuruva/projects/ctb-emuller/dhuruva/plastyfire/refitting_results/fitting/n100/seed19091997/L5TTPC_L5TTPC/simulations/205300-191467/10Hz_-10ms/simulation_20333abf369f.pkl, submitting batch job
2025-09-09 17:10:56,278 - plastyfire.evaluator - INFO - Submitted job 49453232
2025-09-09 17:10:56,278 - plastyfire.evaluator - INFO - No existing PKL file found for mrk97_08: /home/dhuruva/projects/ctb-emuller/dhuruva/plastyfire/refitting_results/fitting/n100/seed19091997/L5TTPC_L5TTPC/simulations/193709-181631/10Hz_-10ms/simulation_25b4122db3c5.pkl, submitting batch job
2025-09-09 17:10:56,280 - plastyfire.evaluator - INFO - Submitted job 49453233
2025-09-09 17:10:56,280 - plastyfire.evaluator - INFO - No existing PKL file found for mrk97_08: /home/dhuruva/projects/ctb-emuller/dhuruva/plastyfire/refitting_results/fitting/n100/seed19091997/L5TTPC_L5TTPC/simulations/182369-181607/10Hz_-10ms/simulation_bde200e82982.pkl, submitting batch job
2025-09-09 17:10:56,281 - plastyfire.evaluator - INFO - Submitted job 49453234
2025-09-09 17:10:56,282 - plastyfire.evaluator - INFO - No existing PKL file found for mrk97_08: /home/dhuruva/projects/ctb-emuller/dhuruva/plastyfire/refitting_results/fitting/n100/seed19091997/L5TTPC_L5TTPC/simulations/180815-206160/10Hz_-10ms/simulation_20333abf369f.pkl, submitting batch job
2025-09-09 17:10:56,440 - plastyfire.evaluator - INFO - Submitted job 49453235
2025-09-09 17:10:56,440 - plastyfire.evaluator - INFO - No existing PKL file found for mrk97_08: /home/dhuruva/projects/ctb-emuller/dhuruva/plastyfire/refitting_results/fitting/n100/seed19091997/L5TTPC_L5TTPC/simulations/199599-194835/10Hz_-10ms/simulation_25b4122db3c5.pkl, submitting batch job
2025-09-09 17:10:56,441 - plastyfire.evaluator - INFO - Submitted job 49453236
2025-09-09 17:10:56,442 - plastyfire.evaluator - INFO - No existing PKL file found for mrk97_08: /home/dhuruva/projects/ctb-emuller/dhuruva/plastyfire/refitting_results/fitting/n100/seed19091997/L5TTPC_L5TTPC/simulations/200132-185914/10Hz_-10ms/simulation_bde200e82982.pkl, submitting batch job
2025-09-09 17:10:56,443 - plastyfire.evaluator - INFO - Submitted job 49453237
2025-09-09 17:10:56,444 - plastyfire.evaluator - INFO - No existing PKL file found for mrk97_08: /home/dhuruva/projects/ctb-emuller/dhuruva/plastyfire/refitting_results/fitting/n100/seed19091997/L5TTPC_L5TTPC/simulations/203710-206592/10Hz_-10ms/simulation_20333abf369f.pkl, submitting batch job
2025-09-09 17:10:56,600 - plastyfire.evaluator - INFO - Submitted job 49453238
2025-09-09 17:10:56,600 - plastyfire.evaluator - INFO - No existing PKL file found for mrk97_08: /home/dhuruva/projects/ctb-emuller/dhuruva/plastyfire/refitting_results/fitting/n100/seed19091997/L5TTPC_L5TTPC/simulations/190541-188497/10Hz_-10ms/simulation_25b4122db3c5.pkl, submitting batch job
2025-09-09 17:10:56,602 - plastyfire.evaluator - INFO - Submitted job 49453239
2025-09-09 17:10:56,602 - plastyfire.evaluator - INFO - No existing PKL file found for mrk97_08: /home/dhuruva/projects/ctb-emuller/dhuruva/plastyfire/refitting_results/fitting/n100/seed19091997/L5TTPC_L5TTPC/simulations/180236-203656/10Hz_-10ms/simulation_20333abf369f.pkl, submitting batch job
2025-09-09 17:10:56,604 - plastyfire.evaluator - INFO - Submitted job 49453240
2025-09-09 17:10:56,604 - plastyfire.evaluator - INFO - No existing PKL file found for mrk97_08: /home/dhuruva/projects/ctb-emuller/dhuruva/plastyfire/refitting_results/fitting/n100/seed19091997/L5TTPC_L5TTPC/simulations/196734-181209/10Hz_-10ms/simulation_bde200e82982.pkl, submitting batch job
2025-09-09 17:10:56,767 - plastyfire.evaluator - INFO - Submitted job 49453241
2025-09-09 17:10:56,767 - plastyfire.evaluator - INFO - No existing PKL file found for mrk97_08: /home/dhuruva/projects/ctb-emuller/dhuruva/plastyfire/refitting_results/fitting/n100/seed19091997/L5TTPC_L5TTPC/simulations/196430-183658/10Hz_-10ms/simulation_25b4122db3c5.pkl, submitting batch job
2025-09-09 17:10:56,769 - plastyfire.evaluator - INFO - Submitted job 49453242
2025-09-09 17:10:56,769 - plastyfire.evaluator - INFO - No existing PKL file found for mrk97_08: /home/dhuruva/projects/ctb-emuller/dhuruva/plastyfire/refitting_results/fitting/n100/seed19091997/L5TTPC_L5TTPC/simulations/208904-200676/10Hz_-10ms/simulation_20333abf369f.pkl, submitting batch job
2025-09-09 17:10:56,771 - plastyfire.evaluator - INFO - Submitted job 49453243
2025-09-09 17:10:56,771 - plastyfire.evaluator - INFO - No existing PKL file found for mrk97_08: /home/dhuruva/projects/ctb-emuller/dhuruva/plastyfire/refitting_results/fitting/n100/seed19091997/L5TTPC_L5TTPC/simulations/207423-186224/10Hz_-10ms/simulation_bde200e82982.pkl, submitting batch job
2025-09-09 17:10:56,932 - plastyfire.evaluator - INFO - Submitted job 49453244
2025-09-09 17:10:56,932 - plastyfire.evaluator - INFO - No existing PKL file found for mrk97_08: /home/dhuruva/projects/ctb-emuller/dhuruva/plastyfire/refitting_results/fitting/n100/seed19091997/L5TTPC_L5TTPC/simulations/194277-200870/10Hz_-10ms/simulation_25b4122db3c5.pkl, submitting batch job
2025-09-09 17:10:56,934 - plastyfire.evaluator - INFO - Submitted job 49453245
2025-09-09 17:10:56,934 - plastyfire.evaluator - INFO - No existing PKL file found for mrk97_08: /home/dhuruva/projects/ctb-emuller/dhuruva/plastyfire/refitting_results/fitting/n100/seed19091997/L5TTPC_L5TTPC/simulations/203038-207594/10Hz_-10ms/simulation_bde200e82982.pkl, submitting batch job
2025-09-09 17:10:56,936 - plastyfire.evaluator - INFO - Submitted job 49453246
2025-09-09 17:10:56,936 - plastyfire.evaluator - INFO - No existing PKL file found for mrk97_08: /home/dhuruva/projects/ctb-emuller/dhuruva/plastyfire/refitting_results/fitting/n100/seed19091997/L5TTPC_L5TTPC/simulations/193481-196243/10Hz_-10ms/simulation_20333abf369f.pkl, submitting batch job
2025-09-09 17:10:57,107 - plastyfire.evaluator - INFO - Submitted job 49453247
2025-09-09 17:10:57,108 - plastyfire.evaluator - INFO - No existing PKL file found for mrk97_08: /home/dhuruva/projects/ctb-emuller/dhuruva/plastyfire/refitting_results/fitting/n100/seed19091997/L5TTPC_L5TTPC/simulations/203964-196350/10Hz_-10ms/simulation_25b4122db3c5.pkl, submitting batch job
2025-09-09 17:10:57,109 - plastyfire.evaluator - INFO - Submitted job 49453248
2025-09-09 17:10:57,110 - plastyfire.evaluator - INFO - No existing PKL file found for mrk97_08: /home/dhuruva/projects/ctb-emuller/dhuruva/plastyfire/refitting_results/fitting/n100/seed19091997/L5TTPC_L5TTPC/simulations/189143-193722/10Hz_-10ms/simulation_20333abf369f.pkl, submitting batch job
2025-09-09 17:10:57,111 - plastyfire.evaluator - INFO - Submitted job 49453249
2025-09-09 17:10:57,111 - plastyfire.evaluator - INFO - No existing PKL file found for mrk97_08: /home/dhuruva/projects/ctb-emuller/dhuruva/plastyfire/refitting_results/fitting/n100/seed19091997/L5TTPC_L5TTPC/simulations/190392-207670/10Hz_-10ms/simulation_bde200e82982.pkl, submitting batch job
2025-09-09 17:10:57,292 - plastyfire.evaluator - INFO - Submitted job 49453250
2025-09-09 17:10:57,293 - plastyfire.evaluator - INFO - No existing PKL file found for mrk97_08: /home/dhuruva/projects/ctb-emuller/dhuruva/plastyfire/refitting_results/fitting/n100/seed19091997/L5TTPC_L5TTPC/simulations/201521-209101/10Hz_-10ms/simulation_20333abf369f.pkl, submitting batch job
2025-09-09 17:10:57,295 - plastyfire.evaluator - INFO - Submitted job 49453251
2025-09-09 17:10:57,295 - plastyfire.evaluator - INFO - No existing PKL file found for mrk97_08: /home/dhuruva/projects/ctb-emuller/dhuruva/plastyfire/refitting_results/fitting/n100/seed19091997/L5TTPC_L5TTPC/simulations/183796-186882/10Hz_-10ms/simulation_bde200e82982.pkl, submitting batch job
2025-09-09 17:10:57,296 - plastyfire.evaluator - INFO - Submitted job 49453252
2025-09-09 17:10:57,296 - plastyfire.evaluator - INFO - No existing PKL file found for mrk97_08: /home/dhuruva/projects/ctb-emuller/dhuruva/plastyfire/refitting_results/fitting/n100/seed19091997/L5TTPC_L5TTPC/simulations/196562-186098/10Hz_-10ms/simulation_25b4122db3c5.pkl, submitting batch job
2025-09-09 17:10:57,475 - plastyfire.evaluator - INFO - Submitted job 49453253
2025-09-09 17:10:57,475 - plastyfire.evaluator - INFO - No existing PKL file found for mrk97_08: /home/dhuruva/projects/ctb-emuller/dhuruva/plastyfire/refitting_results/fitting/n100/seed19091997/L5TTPC_L5TTPC/simulations/198242-189050/10Hz_-10ms/simulation_bde200e82982.pkl, submitting batch job
2025-09-09 17:10:57,477 - plastyfire.evaluator - INFO - Submitted job 49453254
2025-09-09 17:10:57,477 - plastyfire.evaluator - INFO - No existing PKL file found for mrk97_08: /home/dhuruva/projects/ctb-emuller/dhuruva/plastyfire/refitting_results/fitting/n100/seed19091997/L5TTPC_L5TTPC/simulations/206314-189443/10Hz_-10ms/simulation_25b4122db3c5.pkl, submitting batch job
2025-09-09 17:10:57,478 - plastyfire.evaluator - INFO - Submitted job 49453255
2025-09-09 17:10:57,479 - plastyfire.evaluator - INFO - No existing PKL file found for mrk97_08: /home/dhuruva/projects/ctb-emuller/dhuruva/plastyfire/refitting_results/fitting/n100/seed19091997/L5TTPC_L5TTPC/simulations/183423-197906/10Hz_-10ms/simulation_20333abf369f.pkl, submitting batch job
2025-09-09 17:10:57,644 - plastyfire.evaluator - INFO - Submitted job 49453256
2025-09-09 17:10:57,644 - plastyfire.evaluator - INFO - No existing PKL file found for mrk97_08: /home/dhuruva/projects/ctb-emuller/dhuruva/plastyfire/refitting_results/fitting/n100/seed19091997/L5TTPC_L5TTPC/simulations/197652-203951/10Hz_-10ms/simulation_25b4122db3c5.pkl, submitting batch job
2025-09-09 17:10:57,646 - plastyfire.evaluator - INFO - Submitted job 49453257
2025-09-09 17:10:57,646 - plastyfire.evaluator - INFO - No existing PKL file found for mrk97_08: /home/dhuruva/projects/ctb-emuller/dhuruva/plastyfire/refitting_results/fitting/n100/seed19091997/L5TTPC_L5TTPC/simulations/181002-188173/10Hz_-10ms/simulation_20333abf369f.pkl, submitting batch job
2025-09-09 17:10:57,648 - plastyfire.evaluator - INFO - Submitted job 49453258
2025-09-09 17:10:57,648 - plastyfire.evaluator - INFO - No existing PKL file found for mrk97_08: /home/dhuruva/projects/ctb-emuller/dhuruva/plastyfire/refitting_results/fitting/n100/seed19091997/L5TTPC_L5TTPC/simulations/205300-191467/10Hz_-10ms/simulation_bde200e82982.pkl, submitting batch job
2025-09-09 17:10:57,804 - plastyfire.evaluator - INFO - Submitted job 49453259
2025-09-09 17:10:57,804 - plastyfire.evaluator - INFO - No existing PKL file found for mrk97_08: /home/dhuruva/projects/ctb-emuller/dhuruva/plastyfire/refitting_results/fitting/n100/seed19091997/L5TTPC_L5TTPC/simulations/187212-192870/10Hz_-10ms/simulation_25b4122db3c5.pkl, submitting batch job
2025-09-09 17:10:57,806 - plastyfire.evaluator - INFO - Submitted job 49453260
2025-09-09 17:10:57,806 - plastyfire.evaluator - INFO - No existing PKL file found for mrk97_08: /home/dhuruva/projects/ctb-emuller/dhuruva/plastyfire/refitting_results/fitting/n100/seed19091997/L5TTPC_L5TTPC/simulations/184015-184061/10Hz_-10ms/simulation_20333abf369f.pkl, submitting batch job
2025-09-09 17:10:57,808 - plastyfire.evaluator - INFO - Submitted job 49453261
2025-09-09 17:10:57,808 - plastyfire.evaluator - INFO - No existing PKL file found for mrk97_08: /home/dhuruva/projects/ctb-emuller/dhuruva/plastyfire/refitting_results/fitting/n100/seed19091997/L5TTPC_L5TTPC/simulations/180815-206160/10Hz_-10ms/simulation_bde200e82982.pkl, submitting batch job
2025-09-09 17:10:57,984 - plastyfire.evaluator - INFO - Submitted job 49453262
2025-09-09 17:10:57,984 - plastyfire.evaluator - INFO - No existing PKL file found for mrk97_08: /home/dhuruva/projects/ctb-emuller/dhuruva/plastyfire/refitting_results/fitting/n100/seed19091997/L5TTPC_L5TTPC/simulations/187417-207485/10Hz_-10ms/simulation_25b4122db3c5.pkl, submitting batch job
2025-09-09 17:10:57,986 - plastyfire.evaluator - INFO - Submitted job 49453263
2025-09-09 17:10:57,986 - plastyfire.evaluator - INFO - No existing PKL file found for mrk97_08: /home/dhuruva/projects/ctb-emuller/dhuruva/plastyfire/refitting_results/fitting/n100/seed19091997/L5TTPC_L5TTPC/simulations/203710-206592/10Hz_-10ms/simulation_bde200e82982.pkl, submitting batch job
2025-09-09 17:10:57,988 - plastyfire.evaluator - INFO - Submitted job 49453264
2025-09-09 17:10:57,988 - plastyfire.evaluator - INFO - No existing PKL file found for mrk97_08: /home/dhuruva/projects/ctb-emuller/dhuruva/plastyfire/refitting_results/fitting/n100/seed19091997/L5TTPC_L5TTPC/simulations/194532-187415/10Hz_-10ms/simulation_20333abf369f.pkl, submitting batch job
2025-09-09 17:10:58,146 - plastyfire.evaluator - INFO - Submitted job 49453265
2025-09-09 17:10:58,146 - plastyfire.evaluator - INFO - No existing PKL file found for mrk97_08: /home/dhuruva/projects/ctb-emuller/dhuruva/plastyfire/refitting_results/fitting/n100/seed19091997/L5TTPC_L5TTPC/simulations/180236-203656/10Hz_-10ms/simulation_bde200e82982.pkl, submitting batch job
2025-09-09 17:10:58,147 - plastyfire.evaluator - INFO - Submitted job 49453266
2025-09-09 17:10:58,148 - plastyfire.evaluator - INFO - No existing PKL file found for mrk97_08: /home/dhuruva/projects/ctb-emuller/dhuruva/plastyfire/refitting_results/fitting/n100/seed19091997/L5TTPC_L5TTPC/simulations/182369-181607/10Hz_-10ms/simulation_25b4122db3c5.pkl, submitting batch job
2025-09-09 17:10:58,149 - plastyfire.evaluator - INFO - Submitted job 49453267
2025-09-09 17:10:58,150 - plastyfire.evaluator - INFO - No existing PKL file found for mrk97_08: /home/dhuruva/projects/ctb-emuller/dhuruva/plastyfire/refitting_results/fitting/n100/seed19091997/L5TTPC_L5TTPC/simulations/180164-197248/10Hz_-10ms/simulation_20333abf369f.pkl, submitting batch job
2025-09-09 17:10:58,361 - plastyfire.evaluator - INFO - Submitted job 49453268
2025-09-09 17:10:58,362 - plastyfire.evaluator - INFO - No existing PKL file found for mrk97_08: /home/dhuruva/projects/ctb-emuller/dhuruva/plastyfire/refitting_results/fitting/n100/seed19091997/L5TTPC_L5TTPC/simulations/208904-200676/10Hz_-10ms/simulation_bde200e82982.pkl, submitting batch job
2025-09-09 17:10:58,363 - plastyfire.evaluator - INFO - Submitted job 49453269
2025-09-09 17:10:58,363 - plastyfire.evaluator - INFO - No existing PKL file found for mrk97_08: /home/dhuruva/projects/ctb-emuller/dhuruva/plastyfire/refitting_results/fitting/n100/seed19091997/L5TTPC_L5TTPC/simulations/181023-208822/10Hz_-10ms/simulation_20333abf369f.pkl, submitting batch job
2025-09-09 17:10:58,365 - plastyfire.evaluator - INFO - Submitted job 49453270
2025-09-09 17:10:58,366 - plastyfire.evaluator - INFO - No existing PKL file found for mrk97_08: /home/dhuruva/projects/ctb-emuller/dhuruva/plastyfire/refitting_results/fitting/n100/seed19091997/L5TTPC_L5TTPC/simulations/200132-185914/10Hz_-10ms/simulation_25b4122db3c5.pkl, submitting batch job
2025-09-09 17:10:58,589 - plastyfire.evaluator - INFO - Submitted job 49453271
2025-09-09 17:10:58,589 - plastyfire.evaluator - INFO - No existing PKL file found for mrk97_08: /home/dhuruva/projects/ctb-emuller/dhuruva/plastyfire/refitting_results/fitting/n100/seed19091997/L5TTPC_L5TTPC/simulations/198910-188914/10Hz_-10ms/simulation_20333abf369f.pkl, submitting batch job
2025-09-09 17:10:59,176 - plastyfire.evaluator - INFO - Submitted job 49453272
2025-09-09 17:10:59,176 - plastyfire.evaluator - INFO - No existing PKL file found for mrk97_08: /home/dhuruva/projects/ctb-emuller/dhuruva/plastyfire/refitting_results/fitting/n100/seed19091997/L5TTPC_L5TTPC/simulations/193481-196243/10Hz_-10ms/simulation_bde200e82982.pkl, submitting batch job
2025-09-09 17:10:59,180 - plastyfire.evaluator - INFO - Submitted job 49453273
2025-09-09 17:10:59,180 - plastyfire.evaluator - INFO - No existing PKL file found for mrk97_08: /home/dhuruva/projects/ctb-emuller/dhuruva/plastyfire/refitting_results/fitting/n100/seed19091997/L5TTPC_L5TTPC/simulations/196734-181209/10Hz_-10ms/simulation_25b4122db3c5.pkl, submitting batch job
2025-09-09 17:10:59,184 - plastyfire.evaluator - INFO - Submitted job 49453275
2025-09-09 17:10:59,185 - plastyfire.evaluator - INFO - No existing PKL file found for mrk97_08: /home/dhuruva/projects/ctb-emuller/dhuruva/plastyfire/refitting_results/fitting/n100/seed19091997/L5TTPC_L5TTPC/simulations/189500-185042/10Hz_-10ms/simulation_20333abf369f.pkl, submitting batch job
2025-09-09 17:10:59,420 - plastyfire.evaluator - INFO - Submitted job 49453277
2025-09-09 17:10:59,420 - plastyfire.evaluator - INFO - No existing PKL file found for mrk97_08: /home/dhuruva/projects/ctb-emuller/dhuruva/plastyfire/refitting_results/fitting/n100/seed19091997/L5TTPC_L5TTPC/simulations/207423-186224/10Hz_-10ms/simulation_25b4122db3c5.pkl, submitting batch job
2025-09-09 17:10:59,425 - plastyfire.evaluator - INFO - Submitted job 49453279
2025-09-09 17:10:59,425 - plastyfire.evaluator - INFO - No existing PKL file found for mrk97_08: /home/dhuruva/projects/ctb-emuller/dhuruva/plastyfire/refitting_results/fitting/n100/seed19091997/L5TTPC_L5TTPC/simulations/189143-193722/10Hz_-10ms/simulation_bde200e82982.pkl, submitting batch job
2025-09-09 17:10:59,426 - plastyfire.evaluator - INFO - Submitted job 49453280
2025-09-09 17:10:59,427 - plastyfire.evaluator - INFO - No existing PKL file found for mrk97_08: /home/dhuruva/projects/ctb-emuller/dhuruva/plastyfire/refitting_results/fitting/n100/seed19091997/L5TTPC_L5TTPC/simulations/184033-189853/10Hz_-10ms/simulation_20333abf369f.pkl, submitting batch job
2025-09-09 17:10:59,543 - plastyfire.evaluator - INFO - Submitted job 49453281
2025-09-09 17:10:59,544 - plastyfire.evaluator - INFO - No existing PKL file found for mrk97_08: /home/dhuruva/projects/ctb-emuller/dhuruva/plastyfire/refitting_results/fitting/n100/seed19091997/L5TTPC_L5TTPC/simulations/182354-185997/10Hz_-10ms/simulation_20333abf369f.pkl, submitting batch job
2025-09-09 17:10:59,545 - plastyfire.evaluator - INFO - Submitted job 49453282
2025-09-09 17:10:59,546 - plastyfire.evaluator - INFO - No existing PKL file found for mrk97_08: /home/dhuruva/projects/ctb-emuller/dhuruva/plastyfire/refitting_results/fitting/n100/seed19091997/L5TTPC_L5TTPC/simulations/203038-207594/10Hz_-10ms/simulation_25b4122db3c5.pkl, submitting batch job
2025-09-09 17:10:59,755 - plastyfire.evaluator - INFO - Submitted job 49453283
2025-09-09 17:10:59,756 - plastyfire.evaluator - INFO - No existing PKL file found for mrk97_08: /home/dhuruva/projects/ctb-emuller/dhuruva/plastyfire/refitting_results/fitting/n100/seed19091997/L5TTPC_L5TTPC/simulations/190392-207670/10Hz_-10ms/simulation_25b4122db3c5.pkl, submitting batch job
2025-09-09 17:10:59,759 - plastyfire.evaluator - INFO - Submitted job 49453285
2025-09-09 17:10:59,760 - plastyfire.evaluator - INFO - No existing PKL file found for mrk97_08: /home/dhuruva/projects/ctb-emuller/dhuruva/plastyfire/refitting_results/fitting/n100/seed19091997/L5TTPC_L5TTPC/simulations/201521-209101/10Hz_-10ms/simulation_bde200e82982.pkl, submitting batch job
2025-09-09 17:10:59,761 - plastyfire.evaluator - INFO - Submitted job 49453286
2025-09-09 17:10:59,761 - plastyfire.evaluator - INFO - No existing PKL file found for mrk97_08: /home/dhuruva/projects/ctb-emuller/dhuruva/plastyfire/refitting_results/fitting/n100/seed19091997/L5TTPC_L5TTPC/simulations/203171-197644/10Hz_-10ms/simulation_20333abf369f.pkl, submitting batch job
2025-09-09 17:10:59,942 - plastyfire.evaluator - INFO - Submitted job 49453287
2025-09-09 17:10:59,943 - plastyfire.evaluator - INFO - No existing PKL file found for mrk97_08: /home/dhuruva/projects/ctb-emuller/dhuruva/plastyfire/refitting_results/fitting/n100/seed19091997/L5TTPC_L5TTPC/simulations/183423-197906/10Hz_-10ms/simulation_bde200e82982.pkl, submitting batch job
2025-09-09 17:10:59,945 - plastyfire.evaluator - INFO - Submitted job 49453288
2025-09-09 17:10:59,945 - plastyfire.evaluator - INFO - No existing PKL file found for mrk97_08: /home/dhuruva/projects/ctb-emuller/dhuruva/plastyfire/refitting_results/fitting/n100/seed19091997/L5TTPC_L5TTPC/simulations/184090-195582/10Hz_-10ms/simulation_20333abf369f.pkl, submitting batch job
2025-09-09 17:10:59,947 - plastyfire.evaluator - INFO - Submitted job 49453289
2025-09-09 17:10:59,947 - plastyfire.evaluator - INFO - No existing PKL file found for mrk97_08: /home/dhuruva/projects/ctb-emuller/dhuruva/plastyfire/refitting_results/fitting/n100/seed19091997/L5TTPC_L5TTPC/simulations/183796-186882/10Hz_-10ms/simulation_25b4122db3c5.pkl, submitting batch job
2025-09-09 17:11:00,117 - plastyfire.evaluator - INFO - Submitted job 49453290
2025-09-09 17:11:00,118 - plastyfire.evaluator - INFO - No existing PKL file found for mrk97_08: /home/dhuruva/projects/ctb-emuller/dhuruva/plastyfire/refitting_results/fitting/n100/seed19091997/L5TTPC_L5TTPC/simulations/182072-199843/10Hz_-10ms/simulation_20333abf369f.pkl, submitting batch job
2025-09-09 17:11:00,119 - plastyfire.evaluator - INFO - Submitted job 49453291
2025-09-09 17:11:00,119 - plastyfire.evaluator - INFO - No existing PKL file found for mrk97_08: /home/dhuruva/projects/ctb-emuller/dhuruva/plastyfire/refitting_results/fitting/n100/seed19091997/L5TTPC_L5TTPC/simulations/198242-189050/10Hz_-10ms/simulation_25b4122db3c5.pkl, submitting batch job
2025-09-09 17:11:00,121 - plastyfire.evaluator - INFO - Submitted job 49453292
2025-09-09 17:11:00,121 - plastyfire.evaluator - INFO - No existing PKL file found for mrk97_08: /home/dhuruva/projects/ctb-emuller/dhuruva/plastyfire/refitting_results/fitting/n100/seed19091997/L5TTPC_L5TTPC/simulations/181002-188173/10Hz_-10ms/simulation_bde200e82982.pkl, submitting batch job
2025-09-09 17:11:00,290 - plastyfire.evaluator - INFO - Submitted job 49453293
2025-09-09 17:11:00,291 - plastyfire.evaluator - INFO - No existing PKL file found for mrk97_08: /home/dhuruva/projects/ctb-emuller/dhuruva/plastyfire/refitting_results/fitting/n100/seed19091997/L5TTPC_L5TTPC/simulations/201281-199420/10Hz_-10ms/simulation_20333abf369f.pkl, submitting batch job
2025-09-09 17:11:00,292 - plastyfire.evaluator - INFO - Submitted job 49453294
2025-09-09 17:11:00,292 - plastyfire.evaluator - INFO - No existing PKL file found for mrk97_08: /home/dhuruva/projects/ctb-emuller/dhuruva/plastyfire/refitting_results/fitting/n100/seed19091997/L5TTPC_L5TTPC/simulations/205300-191467/10Hz_-10ms/simulation_25b4122db3c5.pkl, submitting batch job
2025-09-09 17:11:00,294 - plastyfire.evaluator - INFO - Submitted job 49453295
2025-09-09 17:11:00,294 - plastyfire.evaluator - INFO - No existing PKL file found for mrk97_08: /home/dhuruva/projects/ctb-emuller/dhuruva/plastyfire/refitting_results/fitting/n100/seed19091997/L5TTPC_L5TTPC/simulations/184015-184061/10Hz_-10ms/simulation_bde200e82982.pkl, submitting batch job
2025-09-09 17:11:00,452 - plastyfire.evaluator - INFO - Submitted job 49453296
2025-09-09 17:11:00,453 - plastyfire.evaluator - INFO - No existing PKL file found for mrk97_08: /home/dhuruva/projects/ctb-emuller/dhuruva/plastyfire/refitting_results/fitting/n100/seed19091997/L5TTPC_L5TTPC/simulations/209709-184968/10Hz_-10ms/simulation_20333abf369f.pkl, submitting batch job
